{
  "batch_size": 75,
  "beta_1": 0.6017394338392406,
  "beta_2": 0.16997028508820133,
  "block_size": 133,
  "dropout": 0.10707950903674067,
  "epsilon": 7.503889132866668e-07,
  "lr": 0.00033950665308403927,
  "n_embd": 27,
  "n_head": 4,
  "n_layer": 3,
  "seed": 46736697,
  "weight_decay": 1.9649167496338086e-06
}