{
  "batch_size": 76.08271077875413,
  "beta_1": 0.9537625065959637,
  "beta_2": 0.32585485505491407,
  "block_size": 298.99746176952294,
  "dropout": 0.48608651810490155,
  "epsilon": 0.0003914319820576779,
  "lr": 0.03916860965166019,
  "n_embd": 38.96986209453233,
  "n_head": 4.12549890932754,
  "n_layer": 6.959929499370432,
  "seed": 311888070.76332986,
  "weight_decay": 0.0009127516118993052
}