{
  "batch_size": 89.77810375212339,
  "beta_1": 0.719048680168749,
  "beta_2": 0.993787145292562,
  "block_size": 316.83471298537637,
  "dropout": 0.4277509096071158,
  "epsilon": 0.0009529773148503447,
  "lr": 0.06037120298112646,
  "n_embd": 46.555547498431594,
  "n_head": 6.272559761922974,
  "n_layer": 1.0494726699721546,
  "seed": 1675891310.8856344,
  "weight_decay": 0.0017365538850208527
}