{
  "batch_size": 86,
  "beta_1": 0.6390778643164646,
  "beta_2": 0.7184317318100912,
  "block_size": 302,
  "dropout": 0.4840149367739339,
  "epsilon": 6.186424475e-07,
  "lr": 0.0018042360551357,
  "n_embd": 42,
  "n_head": 5,
  "n_layer": 5,
  "seed": 1285564311.1671364,
  "weight_decay": 9.84165098649e-05
}