{
  "batch_size": 78,
  "beta_1": 0.6551310404077436,
  "beta_2": 0.49368212141846246,
  "block_size": 360,
  "dropout": 0.11848900824239557,
  "epsilon": 1.0575639929318754e-08,
  "lr": 0.0003643620234643275,
  "n_embd": 22,
  "n_head": 3,
  "n_layer": 3,
  "seed": 1953498158,
  "weight_decay": 4.028909042471462e-05
}