{
  "batch_size": 43,
  "beta_1": 0.8547053605787216,
  "beta_2": 0.4036057098817615,
  "block_size": 127,
  "dropout": 0.03508552213611177,
  "epsilon": 1.810802317249019e-07,
  "lr": 0.0002770421232666578,
  "n_embd": 9,
  "n_head": 2,
  "n_layer": 2,
  "seed": 217289573,
  "weight_decay": 0.0019421955588511456
}