{
  "batch_size": 78,
  "beta_1": 0.8574799142647539,
  "beta_2": 0.897548958411176,
  "block_size": 112,
  "dropout": 0.3311895721270928,
  "epsilon": 0.0001517857130341,
  "lr": 0.0001960078269982,
  "n_embd": 25,
  "n_head": 4,
  "n_layer": 4,
  "seed": 315324898.22792387,
  "weight_decay": 1.0192318896e-06
}