{
  "batch_size": 89,
  "beta_1": 0.5532908622820669,
  "beta_2": 0.7259888321287026,
  "block_size": 348,
  "dropout": 0.3000812703080975,
  "epsilon": 8.8148932e-09,
  "lr": 0.0022589382982732,
  "n_embd": 49,
  "n_head": 6,
  "n_layer": 6,
  "seed": 1090192329.343602,
  "weight_decay": 8.3384505616e-06
}