{
  "batch_size": 61.0799254428155,
  "beta_1": 0.5533886635434033,
  "beta_2": 0.7305725810763427,
  "block_size": 142.53145195365857,
  "dropout": 0.17831149249004802,
  "epsilon": 0.00010697331940777827,
  "lr": 0.09560484270659798,
  "n_embd": 2.107886953118695,
  "n_head": 4.577244032246171,
  "n_layer": 5.202656109660587,
  "seed": 1004677320.2925752,
  "weight_decay": 0.004578898793167225
}