{
  "batch_size": 19,
  "beta_1": 0.5013699460833729,
  "beta_2": 0.7552653377065544,
  "block_size": 365,
  "dropout": 0.2310761425455563,
  "epsilon": 2.7895583403602943e-09,
  "lr": 0.00015823435254826116,
  "n_embd": 41,
  "n_head": 2,
  "n_layer": 3,
  "seed": 1635653636,
  "weight_decay": 0.0020563189283420076
}