{
  "batch_size": 63,
  "beta_1": 0.12297993044907128,
  "beta_2": 0.35674479334213194,
  "block_size": 367,
  "dropout": 0.3393411201139884,
  "epsilon": 0.0004644486394379634,
  "lr": 0.0036805651094622147,
  "n_embd": 36,
  "n_head": 5,
  "n_layer": 3,
  "seed": 680510024,
  "weight_decay": 0.000149410284781453
}