{
  "batch_size": 55,
  "beta_1": 0.6231457685577649,
  "beta_2": 0.6218388898002681,
  "block_size": 142,
  "dropout": 0.30677635504579126,
  "epsilon": 2.4373967417071736e-09,
  "lr": 1.5083114580281193e-05,
  "n_embd": 2,
  "n_head": 5,
  "n_layer": 6,
  "seed": 1342309787,
  "weight_decay": 2.5454863637483326e-06
}