{
  "batch_size": 89,
  "beta_1": 0.5655345618613186,
  "beta_2": 0.6983307202587452,
  "block_size": 126,
  "dropout": 0.37359862197279,
  "epsilon": 2.2894205959452396e-09,
  "lr": 0.002840198706026433,
  "n_embd": 40,
  "n_head": 3,
  "n_layer": 1,
  "seed": 607528205,
  "weight_decay": 0.0014377999625747606
}