{
  "batch_size": 33.90847726201159,
  "beta_1": 0.5416798168259628,
  "beta_2": 0.6636696630114924,
  "block_size": 348.7567794600813,
  "dropout": 0.3470728527205802,
  "epsilon": 0.000571516113445841,
  "lr": 0.05073100852421642,
  "n_embd": 45.3291852440019,
  "n_head": 2.37274504423102,
  "n_layer": 2.8307843173465623,
  "seed": 624488983.2956226,
  "weight_decay": 0.0016504013141413006
}