{
  "batch_size": 43.8808443079474,
  "beta_1": 0.22523269060755044,
  "beta_2": 0.28502760141965416,
  "block_size": 171.52146620584665,
  "dropout": 0.1180143481208575,
  "epsilon": 0.0005207968187157445,
  "lr": 0.04595447155250979,
  "n_embd": 0.49145833731996696,
  "n_head": 1.8535611068646318,
  "n_layer": 6.564499552692103,
  "seed": 567776607.0626038,
  "weight_decay": 0.0012101963870904666
}