{
  "batch_size": 76,
  "beta_1": 0.8541223736726277,
  "beta_2": 0.8422183367531396,
  "block_size": 359,
  "dropout": 0.39126420994538924,
  "epsilon": 3.7888257759237517e-06,
  "lr": 1.0249719118888956e-06,
  "n_embd": 15,
  "n_head": 1,
  "n_layer": 1,
  "seed": 605174510,
  "weight_decay": 1.832457324617401e-05
}