{
  "batch_size": 86.74347292412376,
  "beta_1": 0.5633890580285723,
  "beta_2": 0.7311641143452917,
  "block_size": 73.41625040617053,
  "dropout": 0.14492490393309945,
  "epsilon": 0.000591898438662847,
  "lr": 0.011888857785014405,
  "n_embd": 25.675231881525143,
  "n_head": 4.501869672427466,
  "n_layer": 3.9841271693615674,
  "seed": 1043833070.4387728,
  "weight_decay": 0.0002550273158036757
}