{
  "batch_size": 85.78243814519789,
  "beta_1": 0.6484956260605231,
  "beta_2": 0.7640430286305598,
  "block_size": 269.63413642925116,
  "dropout": 0.3717079703919993,
  "epsilon": 0.0008693815481613917,
  "lr": 0.008779012247466444,
  "n_embd": 47.385918750676645,
  "n_head": 6.829333499666165,
  "n_layer": 3.5868304012538097,
  "seed": 1044020172.4424782,
  "weight_decay": 0.006297935598644444
}