{
  "batch_size": 48.83367746977833,
  "beta_1": 0.9572302424472454,
  "beta_2": 0.40538905876777154,
  "block_size": 141.74324565131985,
  "dropout": 0.1898907982081183,
  "epsilon": 0.0004404253656391929,
  "lr": 0.013736126746386388,
  "n_embd": 6.371975021623327,
  "n_head": 2.3837437300161524,
  "n_layer": 3.8234202648508155,
  "seed": 1681729408.3139143,
  "weight_decay": 0.004271876087942215
}