{
  "batch_size": 48,
  "beta_1": 0.890125259080774,
  "beta_2": 0.9741685018903202,
  "block_size": 357,
  "dropout": 0.46687095333135975,
  "epsilon": 0.00013555458096730933,
  "lr": 0.08644055423882821,
  "n_embd": 3,
  "n_head": 4,
  "n_layer": 5,
  "seed": 111006686,
  "weight_decay": 9.088562787238862e-07
}