{
  "batch_size": 67.80546487740884,
  "beta_1": 0.6540730798660859,
  "beta_2": 0.6412860198408717,
  "block_size": 122.00821466668911,
  "dropout": 0.48648532916176823,
  "epsilon": 0.00041794878898507564,
  "lr": 0.01313475570935645,
  "n_embd": 38.337979777515734,
  "n_head": 3.264351241723127,
  "n_layer": 4.671464627636718,
  "seed": 1574789198.1153522,
  "weight_decay": 0.005870850690687293
}