{
  "batch_size": 35,
  "beta_1": 0.24781415672191986,
  "beta_2": 0.5178713846365621,
  "block_size": 228,
  "dropout": 0.36465337400356723,
  "epsilon": 7.555738694957775e-07,
  "lr": 5.856888220296893e-06,
  "n_embd": 22,
  "n_head": 2,
  "n_layer": 1,
  "seed": 2088197542,
  "weight_decay": 1.3594787202856908e-08
}