{
  "batch_size": 72,
  "beta_1": 0.2005499266582307,
  "beta_2": 0.4898013989859594,
  "block_size": 299,
  "dropout": 0.2705821573750924,
  "epsilon": 2.94856e-10,
  "lr": 0.0008797034268887,
  "n_embd": 6,
  "n_head": 5,
  "n_layer": 5,
  "seed": 1422835253.224603,
  "weight_decay": 0.0005867289810554
}