{
  "batch_size": 59.355433673984834,
  "beta_1": 0.762259528673161,
  "beta_2": 0.7202085837444164,
  "block_size": 254.82854432493102,
  "dropout": 0.17181272534372521,
  "epsilon": 0.0008294712324193596,
  "lr": 0.038554771691399814,
  "n_embd": 44.16139138591438,
  "n_head": 6.077852602199834,
  "n_layer": 2.1979499100285858,
  "seed": 1608979346.2551005,
  "weight_decay": 0.0010803391433899892
}