{
  "batch_size": 87,
  "beta_1": 0.121753376412,
  "beta_2": 0.924328626047102,
  "block_size": 118,
  "dropout": 0.1011752092218064,
  "epsilon": 4.32240446461e-05,
  "lr": 6.1108243713e-06,
  "n_embd": 17,
  "n_head": 4,
  "n_layer": 3,
  "seed": 1902844532.8649845,
  "weight_decay": 0.0004605552465249
}