{
  "batch_size": 72,
  "beta_1": 0.1491193745119531,
  "beta_2": 0.1297013338171628,
  "block_size": 235,
  "dropout": 0.1594940743421646,
  "epsilon": 0.000133042066662,
  "lr": 0.0011035478522037,
  "n_embd": 49,
  "n_head": 5,
  "n_layer": 4,
  "seed": 2056499130.8572333,
  "weight_decay": 0.0028977634957353
}