{
  "batch_size": 38,
  "beta_1": 0.9123729958723565,
  "beta_2": 0.5013751416418547,
  "block_size": 229,
  "dropout": 0.37250428423386484,
  "epsilon": 5.767902254317234e-07,
  "lr": 0.0019622670285119144,
  "n_embd": 46,
  "n_head": 5,
  "n_layer": 1,
  "seed": 1493731855,
  "weight_decay": 4.034351203429335e-06
}