{
  "batch_size": 50.383080870581594,
  "beta_1": 0.17014988304566064,
  "beta_2": 0.9762406017279147,
  "block_size": 233.3437036308813,
  "dropout": 0.2837507171959789,
  "epsilon": 0.0007123605373354281,
  "lr": 0.04958372991080342,
  "n_embd": 34.87428359822568,
  "n_head": 3.8634969083616486,
  "n_layer": 6.132346635832701,
  "seed": 1168151064.258604,
  "weight_decay": 0.006854761190680081
}