{
  "batch_size": 55,
  "beta_1": 0.527818270997189,
  "beta_2": 0.2244695580432663,
  "block_size": 247,
  "dropout": 0.4743875130916665,
  "epsilon": 3.53875883e-08,
  "lr": 2.0962250386e-05,
  "n_embd": 32,
  "n_head": 2,
  "n_layer": 1,
  "seed": 1085025269.7875311,
  "weight_decay": 7.1237317446e-06
}