{
  "batch_size": 66.2366034841165,
  "beta_1": 0.6078556343560937,
  "beta_2": 0.3888012311553981,
  "block_size": 187.96666036577818,
  "dropout": 0.16884667208022158,
  "epsilon": 0.0009154552239907778,
  "lr": 0.044032565946591606,
  "n_embd": 24.083825217290922,
  "n_head": 3.2859298625250886,
  "n_layer": 4.906640582773182,
  "seed": 133834700.34048632,
  "weight_decay": 0.005824988921871537
}