{
  "batch_size": 29,
  "beta_1": 0.7762365867514701,
  "beta_2": 0.9576640590459968,
  "block_size": 138,
  "dropout": 0.335223220917446,
  "epsilon": 5.251398e-09,
  "lr": 0.0044694929390204,
  "n_embd": 44,
  "n_head": 3,
  "n_layer": 5,
  "seed": 205175504.1521025,
  "weight_decay": 1.31470418e-08
}