{
  "batch_size": 21.598617883746186,
  "beta_1": 0.49678104750063734,
  "beta_2": 0.8338915908176522,
  "block_size": 168.79195800626826,
  "dropout": 0.46668100587665184,
  "epsilon": 0.000900457471767322,
  "lr": 0.032967220686457174,
  "n_embd": 19.53175497750364,
  "n_head": 2.613112026329575,
  "n_layer": 4.683851288646299,
  "seed": 1886146738.161432,
  "weight_decay": 0.0035133011873407435
}