{
  "batch_size": 41.42583545771018,
  "beta_1": 0.8615434705789492,
  "beta_2": 0.21452141851290907,
  "block_size": 325.04849182825643,
  "dropout": 0.42068765705700606,
  "epsilon": 0.0002315007516530674,
  "lr": 0.06408431765017743,
  "n_embd": 1.354587008385571,
  "n_head": 3.8317990401892006,
  "n_layer": 1.342504368582646,
  "seed": 443938429.2518596,
  "weight_decay": 0.0031523443999046546
}