{
  "batch_size": 19.346461995185905,
  "beta_1": 0.5346157214795162,
  "beta_2": 0.7846039737806109,
  "block_size": 129.78005482074386,
  "dropout": 0.23348559836199476,
  "epsilon": 0.000926708427270302,
  "lr": 0.0036610942773230427,
  "n_embd": 36.51244482095733,
  "n_head": 3.588497352239604,
  "n_layer": 5.958161528890404,
  "seed": 63692370.96530219,
  "weight_decay": 0.0002723141325538164
}