{
  "batch_size": 35.4929850819857,
  "beta_1": 0.121631588027458,
  "beta_2": 0.3311354176307162,
  "block_size": 383.1627381964225,
  "dropout": 0.4791970710229482,
  "epsilon": 2.9214144481396907e-05,
  "lr": 0.043136559653193234,
  "n_embd": 39.57272332497859,
  "n_head": 2.723348005244774,
  "n_layer": 3.5713635904437093,
  "seed": 385347211.98456997,
  "weight_decay": 0.0072058670531370715
}