{
  "batch_size": 83,
  "beta_1": 0.245494145597445,
  "beta_2": 0.8155058187426414,
  "block_size": 315,
  "dropout": 0.2620105709476524,
  "epsilon": 0.0006173074741973,
  "lr": 0.0008048653929268,
  "n_embd": 10,
  "n_head": 5,
  "n_layer": 4,
  "seed": 799474635.4474764,
  "weight_decay": 9.47322943e-08
}