{
  "batch_size": 46.99744499807158,
  "beta_1": 0.14928332546283007,
  "beta_2": 0.5742547218927289,
  "block_size": 301.6661329792323,
  "dropout": 0.46549587230736467,
  "epsilon": 0.00017098172353269912,
  "lr": 0.00029891147635660315,
  "n_embd": 6.356018457446312,
  "n_head": 3.652090634284724,
  "n_layer": 4.654706714767187,
  "seed": 1501576449.8795536,
  "weight_decay": 0.0014243483510430848
}