{
  "batch_size": 17.462477988100886,
  "beta_1": 0.9685287303862024,
  "beta_2": 0.6357426572731154,
  "block_size": 255.0280299709219,
  "dropout": 0.2593911510529582,
  "epsilon": 0.0001688267010513117,
  "lr": 0.08419448746116331,
  "n_embd": 45.89407042302956,
  "n_head": 1.676806879743639,
  "n_layer": 1.7835691228923283,
  "seed": 842853709.3253914,
  "weight_decay": 0.0020696489984569967
}