{
  "batch_size": 18,
  "beta_1": 0.3477382815744697,
  "beta_2": 0.7607483904374449,
  "block_size": 157,
  "dropout": 0.24964397917147807,
  "epsilon": 1.0649909725944196e-08,
  "lr": 6.585224292582044e-06,
  "n_embd": 43,
  "n_head": 3,
  "n_layer": 1,
  "seed": 1483005846,
  "weight_decay": 1.351972175276852e-07
}