{
  "batch_size": 54.788575627112124,
  "beta_1": 0.43329487149985524,
  "beta_2": 0.8152357706714709,
  "block_size": 226.31577834052572,
  "dropout": 0.18428402881768796,
  "epsilon": 0.0008725032321672949,
  "lr": 0.021300019065889447,
  "n_embd": 38.78938451987741,
  "n_head": 5.601123438686896,
  "n_layer": 1.7836093775250492,
  "seed": 1802207044.9665527,
  "weight_decay": 0.0031617880768882245
}