{
  "batch_size": 90,
  "beta_1": 0.6197746797480607,
  "beta_2": 0.5699285804544343,
  "block_size": 176,
  "dropout": 0.1605959822063172,
  "epsilon": 3.348645004e-07,
  "lr": 0.0010661673630898,
  "n_embd": 19,
  "n_head": 3,
  "n_layer": 2,
  "seed": 111175060.52937369,
  "weight_decay": 9.76616443072e-05
}