{
  "batch_size": 90,
  "beta_1": 0.8573543665078122,
  "beta_2": 0.7738941503786693,
  "block_size": 212,
  "dropout": 0.1694874693845533,
  "epsilon": 1.8006822176e-06,
  "lr": 0.0007452573337234,
  "n_embd": 34,
  "n_head": 5,
  "n_layer": 2,
  "seed": 2076464739.226349,
  "weight_decay": 3.980350851e-06
}