{
  "batch_size": 46,
  "beta_1": 0.6455357627276277,
  "beta_2": 0.5814009699546918,
  "block_size": 288,
  "dropout": 0.4062375426394893,
  "epsilon": 7.074357003853439e-08,
  "lr": 3.401771188568669e-05,
  "n_embd": 42,
  "n_head": 1,
  "n_layer": 3,
  "seed": 1581376168,
  "weight_decay": 2.1142019385471815e-08
}