{
  "batch_size": 18.980572416691135,
  "beta_1": 0.6319265196355243,
  "beta_2": 0.49930915870241466,
  "block_size": 181.2142413290489,
  "dropout": 0.16798286012337432,
  "epsilon": 0.0003278987302898809,
  "lr": 0.0031840885629357855,
  "n_embd": 13.880392435810267,
  "n_head": 1.0598662114666626,
  "n_layer": 5.832050394210188,
  "seed": 2070674458.0996535,
  "weight_decay": 0.0005206155327259212
}