{
  "batch_size": 22.107155785450907,
  "beta_1": 0.9143102784847764,
  "beta_2": 0.571108591744551,
  "block_size": 127.68408316151317,
  "dropout": 0.11251618139036618,
  "epsilon": 0.00047150189304861876,
  "lr": 0.01973172837924475,
  "n_embd": 16.061811533624695,
  "n_head": 6.751438255952269,
  "n_layer": 4.083575379683569,
  "seed": 107277650.80914457,
  "weight_decay": 0.009486514243057147
}