{
  "batch_size": 69,
  "beta_1": 0.44244518193964755,
  "beta_2": 0.7893702524486808,
  "block_size": 98,
  "dropout": 0.11239537957474162,
  "epsilon": 6.125312521064737e-10,
  "lr": 0.00016861540352746494,
  "n_embd": 26,
  "n_head": 4,
  "n_layer": 1,
  "seed": 1963669163,
  "weight_decay": 2.1396695795579698e-07
}