{
  "batch_size": 28.512923284432162,
  "beta_1": 0.8090021445089043,
  "beta_2": 0.6474919641361839,
  "block_size": 150.27747129360836,
  "dropout": 0.38685691369269426,
  "epsilon": 2.2138443504745072e-05,
  "lr": 0.03949457492985038,
  "n_embd": 9.776781758002217,
  "n_head": 4.164869610543132,
  "n_layer": 1.8894309923985388,
  "seed": 1741524060.114816,
  "weight_decay": 0.009584511262780064
}