{
  "batch_size": 23,
  "beta_1": 0.2301691266964592,
  "beta_2": 0.6614782218401475,
  "block_size": 317,
  "dropout": 0.27648857155116474,
  "epsilon": 3.1268440527683643e-06,
  "lr": 0.008956769851547593,
  "n_embd": 28,
  "n_head": 3,
  "n_layer": 4,
  "seed": 1239511750,
  "weight_decay": 0.00015454964929028717
}