{
  "batch_size": 65.52281882784335,
  "beta_1": 0.5694190591161232,
  "beta_2": 0.8139895179785833,
  "block_size": 361.3606768748238,
  "dropout": 0.2516851499107038,
  "epsilon": 4.009574301931843e-05,
  "lr": 0.09096322694557707,
  "n_embd": 28.553196059423954,
  "n_head": 3.5714549394438704,
  "n_layer": 6.186549921160851,
  "seed": 624743638.5395216,
  "weight_decay": 0.0009043394521051468
}