{
  "batch_size": 48.85223091144453,
  "beta_1": 0.12857664539607544,
  "beta_2": 0.34895330665933105,
  "block_size": 90.47530573987213,
  "dropout": 0.16492937115775558,
  "epsilon": 0.0009509853395255073,
  "lr": 0.08378554944244442,
  "n_embd": 28.786757942609256,
  "n_head": 1.4379572292016447,
  "n_layer": 1.619675316427558,
  "seed": 687002454.857644,
  "weight_decay": 0.0005547834756894214
}