{
  "batch_size": 35.07756841981453,
  "beta_1": 0.5402361058998624,
  "beta_2": 0.27284384014621627,
  "block_size": 89.25854486130521,
  "dropout": 0.24456855929826468,
  "epsilon": 0.0003561048315337799,
  "lr": 0.07161913551557955,
  "n_embd": 35.22260185966495,
  "n_head": 3.0808423382607213,
  "n_layer": 4.683109593697857,
  "seed": 305541451.3268514,
  "weight_decay": 0.0080190425785218
}