{
  "batch_size": 75.14355100266539,
  "beta_1": 0.5607111237142421,
  "beta_2": 0.7285612115252451,
  "block_size": 122.06030974847832,
  "dropout": 0.244582007034904,
  "epsilon": 0.00032435749729787947,
  "lr": 0.08677108218799492,
  "n_embd": 2.1623360564819682,
  "n_head": 2.38294028829032,
  "n_layer": 4.969153976022163,
  "seed": 1136521717.8633375,
  "weight_decay": 0.00962689042636952
}