{
  "batch_size": 57,
  "beta_1": 0.26336051178905123,
  "beta_2": 0.9910978661280915,
  "block_size": 352,
  "dropout": 0.2787887523492625,
  "epsilon": 6.451550911814171e-07,
  "lr": 4.803717597988811e-06,
  "n_embd": 34,
  "n_head": 2,
  "n_layer": 2,
  "seed": 2095208997,
  "weight_decay": 0.00022694872976016818
}