{
  "batch_size": 83.49655548032874,
  "beta_1": 0.5895196960672702,
  "beta_2": 0.40747512149264964,
  "block_size": 209.55062843892927,
  "dropout": 0.38656684260466023,
  "epsilon": 0.0007087578960332142,
  "lr": 0.09395947503934321,
  "n_embd": 24.703178949216184,
  "n_head": 3.3772320576898123,
  "n_layer": 6.697825473321405,
  "seed": 1288343872.3659844,
  "weight_decay": 0.0009167484856926562
}