{
  "batch_size": 95.47293165463248,
  "beta_1": 0.6841810504421707,
  "beta_2": 0.4795913763455638,
  "block_size": 184.1899026307912,
  "dropout": 0.43279686572173615,
  "epsilon": 0.0008720536194008438,
  "lr": 0.06668548951014504,
  "n_embd": 11.215465335590912,
  "n_head": 4.233081228647423,
  "n_layer": 6.957200015431108,
  "seed": 312238069.028002,
  "weight_decay": 0.0047029500505969945
}