{
  "batch_size": 69.83983154720553,
  "beta_1": 0.6485632940164584,
  "beta_2": 0.3233050768342203,
  "block_size": 181.27969061781454,
  "dropout": 0.37610638150248266,
  "epsilon": 0.0001736642032644856,
  "lr": 0.09515857933654913,
  "n_embd": 7.987451250266085,
  "n_head": 3.8607711060706777,
  "n_layer": 3.85289730183045,
  "seed": 1670110121.7811575,
  "weight_decay": 0.003584729617417151
}