{
  "batch_size": 96.6246555252046,
  "beta_1": 0.6301897076531868,
  "beta_2": 0.24471693375476586,
  "block_size": 119.20720007185221,
  "dropout": 0.34474973279596394,
  "epsilon": 0.0005617243103064031,
  "lr": 0.09652640866324147,
  "n_embd": 31.404883371922452,
  "n_head": 4.276521502619929,
  "n_layer": 2.7565161841867614,
  "seed": 527231476.5314646,
  "weight_decay": 0.008369316471065471
}