{
  "batch_size": 42,
  "beta_1": 0.5094489215746799,
  "beta_2": 0.8035701382837436,
  "block_size": 204,
  "dropout": 0.3034461683273345,
  "epsilon": 3.41626297711e-05,
  "lr": 0.0016289443212778,
  "n_embd": 38,
  "n_head": 6,
  "n_layer": 6,
  "seed": 1172187474.5632746,
  "weight_decay": 0.0013602378905239
}