{
  "batch_size": 90.81067368364256,
  "beta_1": 0.4177538589593236,
  "beta_2": 0.8929596771675771,
  "block_size": 233.31187172798982,
  "dropout": 0.11380900472691523,
  "epsilon": 0.00011876214964228451,
  "lr": 0.03847654992142642,
  "n_embd": 48.07891099508203,
  "n_head": 1.2173388579778783,
  "n_layer": 1.4107967743740581,
  "seed": 416044788.7365738,
  "weight_decay": 0.007937510371275361
}