{
  "batch_size": 81,
  "beta_1": 0.9834127328885373,
  "beta_2": 0.129371527700573,
  "block_size": 142,
  "dropout": 0.2563300488702986,
  "epsilon": 2.89967502e-08,
  "lr": 0.0025825584173747,
  "n_embd": 1,
  "n_head": 5,
  "n_layer": 3,
  "seed": 843326790.1484575,
  "weight_decay": 0.0015695345200869
}