{
  "batch_size": 26.7779097881138,
  "beta_1": 0.8304116890512923,
  "beta_2": 0.8638156868764203,
  "block_size": 324.20058369571353,
  "dropout": 0.44447742930175393,
  "epsilon": 0.00014058401691204023,
  "lr": 0.07354633475716141,
  "n_embd": 0.26687629351854897,
  "n_head": 1.7081884153087235,
  "n_layer": 4.936764610058928,
  "seed": 840838231.7925551,
  "weight_decay": 0.006865618371463751
}