{
  "batch_size": 67,
  "beta_1": 0.9209283883264494,
  "beta_2": 0.5272128659049035,
  "block_size": 113,
  "dropout": 0.14551382840019034,
  "epsilon": 7.138960780720707e-09,
  "lr": 0.00022803267884310616,
  "n_embd": 28,
  "n_head": 3,
  "n_layer": 3,
  "seed": 293653163,
  "weight_decay": 0.00397291793034381
}