{
  "batch_size": 83,
  "beta_1": 0.12239369466676257,
  "beta_2": 0.4605706448579262,
  "block_size": 64,
  "dropout": 0.13292826993700535,
  "epsilon": 1.2131660330717675e-05,
  "lr": 1.5646084052293895e-05,
  "n_embd": 53,
  "n_head": 5,
  "n_layer": 3,
  "seed": 146913043,
  "weight_decay": 4.54573774493188e-07
}