{
  "batch_size": 48.84948442796487,
  "beta_1": 0.5321715355107557,
  "beta_2": 0.14851279964345207,
  "block_size": 256.3864004541766,
  "dropout": 0.23011604488362042,
  "epsilon": 0.000980365006441366,
  "lr": 0.09758660342842922,
  "n_embd": 14.395646529462544,
  "n_head": 4.063335887165575,
  "n_layer": 2.1056767605568147,
  "seed": 1004715606.7848232,
  "weight_decay": 0.008876437097604993
}