{
  "batch_size": 35.4029124906653,
  "beta_1": 0.9768802971690762,
  "beta_2": 0.196687201305299,
  "block_size": 284.7004964226986,
  "dropout": 0.3526405498053773,
  "epsilon": 0.00041514009771708484,
  "lr": 0.08147339672136772,
  "n_embd": 33.01736925478948,
  "n_head": 2.7719166882073885,
  "n_layer": 2.783508175193222,
  "seed": 137899095.5639548,
  "weight_decay": 0.0055825547717115575
}