{
  "batch_size": 73.30442180278283,
  "beta_1": 0.30462946956493964,
  "beta_2": 0.4399426022174352,
  "block_size": 230.37660114024058,
  "dropout": 0.3606652045255637,
  "epsilon": 0.0003265035187272371,
  "lr": 0.08389578446140304,
  "n_embd": 22.466408430572276,
  "n_head": 4.521212811457016,
  "n_layer": 5.609429878267257,
  "seed": 877639973.7301518,
  "weight_decay": 0.008443139922719684
}