{
  "batch_size": 79,
  "beta_1": 0.8347607146731433,
  "beta_2": 0.7415382069819182,
  "block_size": 328,
  "dropout": 0.2761577142856263,
  "epsilon": 4.803826e-10,
  "lr": 2.3610077401e-06,
  "n_embd": 45,
  "n_head": 4,
  "n_layer": 4,
  "seed": 155018393.69040436,
  "weight_decay": 9.61204229616e-05
}