{
  "batch_size": 38.1395118623975,
  "beta_1": 0.910426380676427,
  "beta_2": 0.42063052644648746,
  "block_size": 177.29685253454073,
  "dropout": 0.23324631950232147,
  "epsilon": 0.0009751551640230714,
  "lr": 0.08923761187831845,
  "n_embd": 36.93485286681474,
  "n_head": 2.8311002286399822,
  "n_layer": 2.8423862269384923,
  "seed": 2124793498.9287002,
  "weight_decay": 0.00643230246435031
}