{
  "batch_size": 88,
  "beta_1": 0.1712777921582109,
  "beta_2": 0.2335736712460014,
  "block_size": 267,
  "dropout": 0.2359889206120402,
  "epsilon": 3.18803862e-08,
  "lr": 0.0006981931944852,
  "n_embd": 24,
  "n_head": 2,
  "n_layer": 5,
  "seed": 751247368.1060097,
  "weight_decay": 0.0009232767348004
}