{
  "batch_size": 25,
  "beta_1": 0.2394024752313412,
  "beta_2": 0.2313739543494006,
  "block_size": 375,
  "dropout": 0.1859667216725714,
  "epsilon": 0.0002839126094218,
  "lr": 0.0129689045198145,
  "n_embd": 2,
  "n_head": 5,
  "n_layer": 1,
  "seed": 901284415.3275471,
  "weight_decay": 1.45014636e-08
}