{
  "batch_size": 18.90109017292636,
  "beta_1": 0.9876228599984469,
  "beta_2": 0.737431870599882,
  "block_size": 366.14486571858396,
  "dropout": 0.21056713704391306,
  "epsilon": 0.0005589719613198813,
  "lr": 0.07104686986779048,
  "n_embd": 24.058206831517804,
  "n_head": 6.49137494493309,
  "n_layer": 6.927623963096959,
  "seed": 328457210.02269673,
  "weight_decay": 0.0033789004030161454
}