{
  "batch_size": 67,
  "beta_1": 0.7419047858157638,
  "beta_2": 0.2682396935097171,
  "block_size": 317,
  "dropout": 0.245125715898921,
  "epsilon": 1.53655428e-08,
  "lr": 4.91581831658e-05,
  "n_embd": 8,
  "n_head": 2,
  "n_layer": 4,
  "seed": 2088003419.5061526,
  "weight_decay": 1.3739446109e-06
}