{
  "batch_size": 71.10656830723694,
  "beta_1": 0.534074582576221,
  "beta_2": 0.4241542745047924,
  "block_size": 290.45740928941217,
  "dropout": 0.2304150666751765,
  "epsilon": 7.664010860099976e-05,
  "lr": 0.02630226940139227,
  "n_embd": 32.20354723164963,
  "n_head": 3.297646298894767,
  "n_layer": 2.163874132474124,
  "seed": 206583495.32985488,
  "weight_decay": 0.004705241472507377
}