{
  "batch_size": 23.721627391022345,
  "beta_1": 0.5695563672043067,
  "beta_2": 0.10748263808995037,
  "block_size": 233.20913341301213,
  "dropout": 0.400729875540781,
  "epsilon": 0.00020368628213926945,
  "lr": 0.06676171108699115,
  "n_embd": 28.043717110163385,
  "n_head": 6.5617291904583235,
  "n_layer": 5.421665989938641,
  "seed": 781659757.7825079,
  "weight_decay": 0.0037510189053409967
}