{
  "batch_size": 93.25247510988355,
  "beta_1": 0.6595412666391547,
  "beta_2": 0.9633226447075517,
  "block_size": 321.7815227145369,
  "dropout": 0.20947890771602296,
  "epsilon": 0.0007605058555616353,
  "lr": 0.04782673702202041,
  "n_embd": 2.1330400048379596,
  "n_head": 4.992630466313042,
  "n_layer": 5.290834298227093,
  "seed": 1071985823.7673103,
  "weight_decay": 0.0005826046650508896
}