{
  "batch_size": 96,
  "beta_1": 0.8668895809874564,
  "beta_2": 0.4322675862921135,
  "block_size": 288,
  "dropout": 0.4028196217319918,
  "epsilon": 1.1313271e-09,
  "lr": 8.41661266353e-05,
  "n_embd": 43,
  "n_head": 4,
  "n_layer": 2,
  "seed": 1478309907.3117878,
  "weight_decay": 1.537818004e-07
}