{
  "batch_size": 67,
  "beta_1": 0.5819094816315018,
  "beta_2": 0.9624943503219898,
  "block_size": 108,
  "dropout": 0.3596485231123421,
  "epsilon": 1.601440598e-06,
  "lr": 8.2780268509e-06,
  "n_embd": 23,
  "n_head": 1,
  "n_layer": 3,
  "seed": 462334548.33571,
  "weight_decay": 1.07117479e-08
}