{
  "batch_size": 62,
  "beta_1": 0.5867295559109456,
  "beta_2": 0.9601316603644808,
  "block_size": 166,
  "dropout": 0.39415296001308664,
  "epsilon": 0.0008649374908097022,
  "lr": 2.7137816669098844e-06,
  "n_embd": 49,
  "n_head": 3,
  "n_layer": 5,
  "seed": 894523134,
  "weight_decay": 0.0004930607528319944
}