{
  "batch_size": 47.66861899749833,
  "beta_1": 0.3366820184230665,
  "beta_2": 0.8570134382633279,
  "block_size": 140.07105271427105,
  "dropout": 0.490934523796001,
  "epsilon": 0.0003168789921461644,
  "lr": 0.006621033951387129,
  "n_embd": 51.539226067172244,
  "n_head": 3.1335720701260446,
  "n_layer": 2.786066130213912,
  "seed": 702356161.5239614,
  "weight_decay": 0.008818810202936879
}