{
  "batch_size": 41.53348926407111,
  "beta_1": 0.3793535088195442,
  "beta_2": 0.21343935220727114,
  "block_size": 143.6359311298778,
  "dropout": 0.28121223716114907,
  "epsilon": 0.0008368977133212811,
  "lr": 0.08883845770110844,
  "n_embd": 37.358114169202246,
  "n_head": 3.1182915425232776,
  "n_layer": 5.195273259726829,
  "seed": 1881278720.6434019,
  "weight_decay": 0.007390622059315587
}