{
  "batch_size": 81.28044153143881,
  "beta_1": 0.3560053160972577,
  "beta_2": 0.3409214273244585,
  "block_size": 250.41942644530033,
  "dropout": 0.3675416195206531,
  "epsilon": 0.00045797999178174485,
  "lr": 0.04921741130190557,
  "n_embd": 52.497616707969314,
  "n_head": 5.795028504514501,
  "n_layer": 5.376948296375464,
  "seed": 1186351656.9958127,
  "weight_decay": 0.0070535194114719445
}