{
  "batch_size": 85,
  "beta_1": 0.1531835461181176,
  "beta_2": 0.8599551596656133,
  "block_size": 151,
  "dropout": 0.2247873354093105,
  "epsilon": 0.0002668917778799,
  "lr": 0.0006341809034706,
  "n_embd": 17,
  "n_head": 2,
  "n_layer": 2,
  "seed": 959374407.7103541,
  "weight_decay": 0.0032803933607564
}