{
  "batch_size": 79,
  "beta_1": 0.4454025788465792,
  "beta_2": 0.5940807556138604,
  "block_size": 353,
  "dropout": 0.29836319572006814,
  "epsilon": 4.390559076873016e-05,
  "lr": 7.484991036221659e-05,
  "n_embd": 36,
  "n_head": 5,
  "n_layer": 5,
  "seed": 2025844408,
  "weight_decay": 2.0632101845912546e-08
}