{
  "batch_size": 37.399120120334416,
  "beta_1": 0.7588092344495379,
  "beta_2": 0.23619317844786966,
  "block_size": 293.8911929037881,
  "dropout": 0.35616525717355096,
  "epsilon": 0.0008132018111159579,
  "lr": 0.006143257935022771,
  "n_embd": 18.842138432186584,
  "n_head": 2.2214183090298487,
  "n_layer": 3.0416432491624876,
  "seed": 1538164733.8559399,
  "weight_decay": 0.006620524251718051
}