{
  "batch_size": 54,
  "beta_1": 0.31888092882485247,
  "beta_2": 0.7572957617819717,
  "block_size": 144,
  "dropout": 0.15525781495722663,
  "epsilon": 1.5237519184463193e-05,
  "lr": 0.00019694754582757674,
  "n_embd": 16,
  "n_head": 5,
  "n_layer": 3,
  "seed": 126843379,
  "weight_decay": 4.4079987885580944e-07
}