{
  "batch_size": 29,
  "beta_1": 0.5040058485078794,
  "beta_2": 0.6540623568240331,
  "block_size": 73,
  "dropout": 0.4588500757068333,
  "epsilon": 7.5500754692e-06,
  "lr": 0.0052639803354326,
  "n_embd": 18,
  "n_head": 4,
  "n_layer": 5,
  "seed": 1528464413.0350678,
  "weight_decay": 1.314478082e-07
}