{
  "batch_size": 30.239386463395164,
  "beta_1": 0.6404763866254722,
  "beta_2": 0.4534941302641925,
  "block_size": 163.6145420250304,
  "dropout": 0.41619177400391416,
  "epsilon": 0.000696333375501592,
  "lr": 0.04639108819908752,
  "n_embd": 14.899005145584466,
  "n_head": 4.5760231270317195,
  "n_layer": 1.18759336619027,
  "seed": 1562752794.0056324,
  "weight_decay": 0.002364565907436339
}