{
  "batch_size": 42,
  "beta_1": 0.9525209870095668,
  "beta_2": 0.6371091172766573,
  "block_size": 181,
  "dropout": 0.169154443144426,
  "epsilon": 1.633094e-10,
  "lr": 0.0366735897600372,
  "n_embd": 33,
  "n_head": 5,
  "n_layer": 4,
  "seed": 1261997563.2850623,
  "weight_decay": 0.0002148470964462
}