{
  "batch_size": 70,
  "beta_1": 0.8612601269060753,
  "beta_2": 0.36381153077370687,
  "block_size": 313,
  "dropout": 0.26124469437129605,
  "epsilon": 3.2300211967194625e-08,
  "lr": 9.80371869638305e-06,
  "n_embd": 23,
  "n_head": 4,
  "n_layer": 3,
  "seed": 227401774,
  "weight_decay": 7.95155636328187e-06
}