{
  "batch_size": 38.52360905661038,
  "beta_1": 0.360230336188896,
  "beta_2": 0.2723649133156548,
  "block_size": 342.0240816587783,
  "dropout": 0.42022624485147475,
  "epsilon": 0.0008031711079882959,
  "lr": 0.01858197990419411,
  "n_embd": 44.867094583524626,
  "n_head": 5.564379249684934,
  "n_layer": 3.751372417710898,
  "seed": 877525222.1812538,
  "weight_decay": 0.008700657616655082
}