{
  "batch_size": 19.1326199316348,
  "beta_1": 0.9009707892154722,
  "beta_2": 0.4142879524386933,
  "block_size": 167.04533147350375,
  "dropout": 0.31505590355673707,
  "epsilon": 0.0009015154625259501,
  "lr": 0.0131838156318902,
  "n_embd": 51.11091655104785,
  "n_head": 3.4004541902665,
  "n_layer": 4.711724063938021,
  "seed": 1611634605.926834,
  "weight_decay": 0.0032600598570729777
}