{
  "batch_size": 34.880289338020546,
  "beta_1": 0.6306086193721979,
  "beta_2": 0.7547286707619151,
  "block_size": 343.3859385879029,
  "dropout": 0.2218119853066002,
  "epsilon": 0.0007538489552353945,
  "lr": 0.017548700812226474,
  "n_embd": 21.527054606676728,
  "n_head": 1.7268613971691407,
  "n_layer": 3.9011174012263914,
  "seed": 1250609942.265333,
  "weight_decay": 0.006365645906739187
}