{
  "batch_size": 27,
  "beta_1": 0.1497833509374981,
  "beta_2": 0.6016421789618732,
  "block_size": 157,
  "dropout": 0.3012751489535932,
  "epsilon": 3.1911258444910895e-09,
  "lr": 0.0002694873893951177,
  "n_embd": 50,
  "n_head": 2,
  "n_layer": 2,
  "seed": 204893971,
  "weight_decay": 6.805164068526487e-08
}