{
  "batch_size": 22,
  "beta_1": 0.8683105676354468,
  "beta_2": 0.8341610819565254,
  "block_size": 309,
  "dropout": 0.09714971791635407,
  "epsilon": 8.167324645451272e-11,
  "lr": 1.9731365478989755e-05,
  "n_embd": 44,
  "n_head": 4,
  "n_layer": 6,
  "seed": 248298091,
  "weight_decay": 9.416280561804206e-06
}