{
  "batch_size": 47,
  "beta_1": 0.585923387731251,
  "beta_2": 0.5127466748884809,
  "block_size": 173,
  "dropout": 0.1767334165353846,
  "epsilon": 1.49729451e-08,
  "lr": 0.0021818020295654,
  "n_embd": 25,
  "n_head": 2,
  "n_layer": 3,
  "seed": 908454298.7702222,
  "weight_decay": 5.36807462e-08
}