{
  "batch_size": 90.90773588685273,
  "beta_1": 0.4078841632281619,
  "beta_2": 0.7986697479285815,
  "block_size": 118.18039793898166,
  "dropout": 0.21128591592912174,
  "epsilon": 0.00048706433256998115,
  "lr": 0.0502290938529002,
  "n_embd": 17.84161261095974,
  "n_head": 1.3761973525047544,
  "n_layer": 2.3795006679826827,
  "seed": 602986467.1162455,
  "weight_decay": 0.009903085336378879
}