{
  "batch_size": 24,
  "beta_1": 0.9859727099683828,
  "beta_2": 0.6983925563895671,
  "block_size": 247,
  "dropout": 0.16871566625554973,
  "epsilon": 3.2234746531833927e-07,
  "lr": 0.001101660981470599,
  "n_embd": 41,
  "n_head": 6,
  "n_layer": 2,
  "seed": 8691287,
  "weight_decay": 3.165559432775462e-08
}