{
  "batch_size": 48.382294763741776,
  "beta_1": 0.7469015772452264,
  "beta_2": 0.6903006218357669,
  "block_size": 111.55019495677078,
  "dropout": 0.2628351851395066,
  "epsilon": 0.0008320114112875083,
  "lr": 0.06221694584441738,
  "n_embd": 0.05502414795148902,
  "n_head": 3.1305302086039015,
  "n_layer": 6.1388619675975225,
  "seed": 513646871.7018639,
  "weight_decay": 0.001797024585689861
}