{
  "batch_size": 28,
  "beta_1": 0.91889264572682,
  "beta_2": 0.4787022021238201,
  "block_size": 345,
  "dropout": 0.1204765279432814,
  "epsilon": 8.86128385131e-05,
  "lr": 4.93274942609e-05,
  "n_embd": 48,
  "n_head": 5,
  "n_layer": 1,
  "seed": 1833754392.5533419,
  "weight_decay": 1.85646013158e-05
}