{
  "batch_size": 63.46251713344944,
  "beta_1": 0.34016339969530757,
  "beta_2": 0.389246771972396,
  "block_size": 189.2898074562744,
  "dropout": 0.16911743052899453,
  "epsilon": 0.0009567491023468514,
  "lr": 0.08004238405353091,
  "n_embd": 4.833752327972813,
  "n_head": 4.308344334822512,
  "n_layer": 5.458924968022203,
  "seed": 1755829797.245683,
  "weight_decay": 0.009977252483561178
}