{
  "batch_size": 93.900871046809,
  "beta_1": 0.47814991114678973,
  "beta_2": 0.6678619865030554,
  "block_size": 90.83919787542676,
  "dropout": 0.38226420556795226,
  "epsilon": 0.0005522284757176767,
  "lr": 0.0796562992097059,
  "n_embd": 12.91744123959168,
  "n_head": 6.424084245733095,
  "n_layer": 3.0834875340212466,
  "seed": 615367490.1596788,
  "weight_decay": 0.0009251990847882818
}