{
  "batch_size": 63.0670071733632,
  "beta_1": 0.3924326627962932,
  "beta_2": 0.8951266873447188,
  "block_size": 130.9453724213253,
  "dropout": 0.2819831036610462,
  "epsilon": 0.0008741230984490401,
  "lr": 0.09326890018075087,
  "n_embd": 26.491110519899742,
  "n_head": 2.986972225439199,
  "n_layer": 3.7814913419812677,
  "seed": 1237843984.7208135,
  "weight_decay": 0.0076157443980335035
}