{
  "batch_size": 54.34705672547592,
  "beta_1": 0.5498173079574621,
  "beta_2": 0.3285417188952461,
  "block_size": 326.41950764191233,
  "dropout": 0.10498238274321069,
  "epsilon": 0.0005031963206329439,
  "lr": 0.06221096030994186,
  "n_embd": 15.973160001866262,
  "n_head": 6.157168923529195,
  "n_layer": 4.493426248829419,
  "seed": 416004087.7475066,
  "weight_decay": 0.004401526885186173
}