{
  "batch_size": 45,
  "beta_1": 0.7012561871266617,
  "beta_2": 0.6507494399926448,
  "block_size": 349,
  "dropout": 0.4263778385397403,
  "epsilon": 6.483579e-10,
  "lr": 0.0001497264165067,
  "n_embd": 51,
  "n_head": 6,
  "n_layer": 3,
  "seed": 1109791387.2746282,
  "weight_decay": 0.0005943942793848
}