{
  "batch_size": 64.0077944610638,
  "beta_1": 0.4675809855561245,
  "beta_2": 0.16963662592443352,
  "block_size": 333.83092846497306,
  "dropout": 0.36774071470822456,
  "epsilon": 0.0004528638147024122,
  "lr": 0.0858605220867177,
  "n_embd": 29.74259540982374,
  "n_head": 1.4964080265752973,
  "n_layer": 3.6258491697792232,
  "seed": 2038332430.3188305,
  "weight_decay": 0.0023171954593018446
}