{
  "batch_size": 28,
  "beta_1": 0.5771504709135339,
  "beta_2": 0.5804135990843006,
  "block_size": 240,
  "dropout": 0.173109282668598,
  "epsilon": 2.7861025024e-06,
  "lr": 0.0014593214004026,
  "n_embd": 24,
  "n_head": 3,
  "n_layer": 2,
  "seed": 1414998818.685845,
  "weight_decay": 0.0012303297183253
}