{
  "batch_size": 63,
  "beta_1": 0.33802747819000856,
  "beta_2": 0.5461480978668348,
  "block_size": 245,
  "dropout": 0.21947348021625734,
  "epsilon": 3.3633881667522927e-09,
  "lr": 0.003795022142114372,
  "n_embd": 53,
  "n_head": 3,
  "n_layer": 4,
  "seed": 1410512718,
  "weight_decay": 5.328958026722221e-06
}