{
  "batch_size": 80.75526671076437,
  "beta_1": 0.6498499341712455,
  "beta_2": 0.35363658652796526,
  "block_size": 137.88450991020542,
  "dropout": 0.3761539473950296,
  "epsilon": 0.0002464487874739579,
  "lr": 0.012745557852409412,
  "n_embd": 2.5021644846753777,
  "n_head": 6.651679236004781,
  "n_layer": 2.5335298036366423,
  "seed": 1342614303.9649663,
  "weight_decay": 0.0021223179790682205
}