{
  "batch_size": 30.212144338715042,
  "beta_1": 0.34202505863893007,
  "beta_2": 0.16543987749477396,
  "block_size": 200.94319103685334,
  "dropout": 0.1915721989635483,
  "epsilon": 0.0008506243428389901,
  "lr": 0.04844865685975885,
  "n_embd": 11.477034488028156,
  "n_head": 4.366448003732393,
  "n_layer": 4.877398083196603,
  "seed": 315032582.41825247,
  "weight_decay": 0.0009366178325838337
}