{
  "batch_size": 19.044227180313243,
  "beta_1": 0.42526006812279316,
  "beta_2": 0.730535217241195,
  "block_size": 181.9813508232893,
  "dropout": 0.45122070276260884,
  "epsilon": 0.0009926228986990445,
  "lr": 0.06572026477786048,
  "n_embd": 28.071881144759306,
  "n_head": 1.8775864982400239,
  "n_layer": 6.974318799097416,
  "seed": 655854082.9100335,
  "weight_decay": 0.0013946125392932654
}