{
  "batch_size": 16,
  "beta_1": 0.2161235957059439,
  "beta_2": 0.6918062728689026,
  "block_size": 298,
  "dropout": 0.3732580512452332,
  "epsilon": 1.7475621e-09,
  "lr": 0.0420206846560529,
  "n_embd": 50,
  "n_head": 2,
  "n_layer": 2,
  "seed": 505638977.0065279,
  "weight_decay": 1.238705e-08
}