{
  "batch_size": 39,
  "beta_1": 0.2857843367216654,
  "beta_2": 0.33821693800950614,
  "block_size": 201,
  "dropout": 0.4123582115799117,
  "epsilon": 0.00017380215811671037,
  "lr": 0.0015998622857201874,
  "n_embd": 38,
  "n_head": 6,
  "n_layer": 6,
  "seed": 713108275,
  "weight_decay": 5.8736588168200235e-05
}