{
  "batch_size": 96.42373075792663,
  "beta_1": 0.37730009656754404,
  "beta_2": 0.5879431627275158,
  "block_size": 183.2416513461358,
  "dropout": 0.2027807164566951,
  "epsilon": 0.0002711611198081622,
  "lr": 0.05898611865721881,
  "n_embd": 15.047536157770535,
  "n_head": 6.011101806448608,
  "n_layer": 4.444793475116187,
  "seed": 1043965192.8815049,
  "weight_decay": 5.443078856727357e-05
}