{
  "batch_size": 90,
  "beta_1": 0.6331549226591427,
  "beta_2": 0.8775545092765908,
  "block_size": 122,
  "dropout": 0.22188643289683674,
  "epsilon": 2.7961644878236857e-09,
  "lr": 0.001994907723416009,
  "n_embd": 28,
  "n_head": 3,
  "n_layer": 6,
  "seed": 531639872,
  "weight_decay": 4.0150388173492346e-05
}