{
  "batch_size": 30,
  "beta_1": 0.9557366373181241,
  "beta_2": 0.8542621873170928,
  "block_size": 140,
  "dropout": 0.21792818891759988,
  "epsilon": 0.00016278453565486808,
  "lr": 0.009405530311420083,
  "n_embd": 42,
  "n_head": 6,
  "n_layer": 4,
  "seed": 1731131406,
  "weight_decay": 1.9086534789448537e-07
}