{
  "batch_size": 57.55234288297474,
  "beta_1": 0.6224712596628859,
  "beta_2": 0.13225903675735157,
  "block_size": 187.70343778047067,
  "dropout": 0.22703063143085558,
  "epsilon": 0.000305792946760096,
  "lr": 0.024024541251485797,
  "n_embd": 42.00210106840579,
  "n_head": 5.743477663407755,
  "n_layer": 5.456690793120636,
  "seed": 1531834562.6813257,
  "weight_decay": 0.0003378539265935921
}