{
  "batch_size": 96,
  "beta_1": 0.8997648847633986,
  "beta_2": 0.6653848407937517,
  "block_size": 365,
  "dropout": 0.47110167722473395,
  "epsilon": 2.0602996306888213e-06,
  "lr": 3.7492708826702343e-05,
  "n_embd": 34,
  "n_head": 3,
  "n_layer": 1,
  "seed": 207641288,
  "weight_decay": 4.600715739354217e-08
}