{
  "batch_size": 91,
  "beta_1": 0.19707792390696044,
  "beta_2": 0.4680739333110123,
  "block_size": 177,
  "dropout": 0.3457541686927321,
  "epsilon": 1.8036504833224273e-10,
  "lr": 0.04660305655393355,
  "n_embd": 24,
  "n_head": 3,
  "n_layer": 1,
  "seed": 1268412865,
  "weight_decay": 0.0009404948555452107
}