{
  "batch_size": 72.81311192463488,
  "beta_1": 0.7318981326344245,
  "beta_2": 0.31946252599918956,
  "block_size": 226.43282270148308,
  "dropout": 0.22042314075717778,
  "epsilon": 2.4452309023902095e-05,
  "lr": 0.08734425001429669,
  "n_embd": 28.42940388626217,
  "n_head": 2.026932173705414,
  "n_layer": 3.750289790749488,
  "seed": 972869766.1999799,
  "weight_decay": 0.0037608593513868303
}