{
  "batch_size": 78,
  "beta_1": 0.2716976742289036,
  "beta_2": 0.1870318353908146,
  "block_size": 174,
  "dropout": 0.4006094982310244,
  "epsilon": 1.86496008222e-05,
  "lr": 0.042979284992416,
  "n_embd": 20,
  "n_head": 6,
  "n_layer": 4,
  "seed": 1063085460.6921353,
  "weight_decay": 0.0001054006799513
}