{
  "batch_size": 30.742734875941743,
  "beta_1": 0.9751791877622992,
  "beta_2": 0.981549222111683,
  "block_size": 275.5251051734458,
  "dropout": 0.3489158229097238,
  "epsilon": 0.0004932266336643607,
  "lr": 0.03609078319525905,
  "n_embd": 18.171738599837486,
  "n_head": 5.169466988285027,
  "n_layer": 3.393400593459721,
  "seed": 2084953447.4307346,
  "weight_decay": 0.0032292917250171275
}