{
  "batch_size": 17,
  "beta_1": 0.6402546048336489,
  "beta_2": 0.8250428762099709,
  "block_size": 382,
  "dropout": 0.1618605557747977,
  "epsilon": 2.387494e-10,
  "lr": 0.0110137755078467,
  "n_embd": 20,
  "n_head": 5,
  "n_layer": 2,
  "seed": 602468955.4779673,
  "weight_decay": 1.203998111e-07
}