{
  "batch_size": 44.74552950843903,
  "beta_1": 0.8913336811745058,
  "beta_2": 0.23027484023427272,
  "block_size": 354.52212282273496,
  "dropout": 0.44682080940801816,
  "epsilon": 0.00047176306310859457,
  "lr": 0.05955102758900978,
  "n_embd": 16.664470301337794,
  "n_head": 6.90900675155647,
  "n_layer": 6.40200510534169,
  "seed": 1856516232.3893032,
  "weight_decay": 0.009581585182437723
}