{
  "batch_size": 40,
  "beta_1": 0.8724797180628365,
  "beta_2": 0.1237538408274752,
  "block_size": 107,
  "dropout": 0.3910252103104077,
  "epsilon": 2.80830378625e-05,
  "lr": 0.0008473775038222,
  "n_embd": 15,
  "n_head": 6,
  "n_layer": 5,
  "seed": 2131599165.2132921,
  "weight_decay": 0.0002018158675152
}