{
  "batch_size": 64.34252034459999,
  "beta_1": 0.5803287561677046,
  "beta_2": 0.7040536912081793,
  "block_size": 315.5144475160638,
  "dropout": 0.4446339517039912,
  "epsilon": 0.0003942986351281101,
  "lr": 0.0009171678205351273,
  "n_embd": 33.163369923051505,
  "n_head": 3.8559801030832173,
  "n_layer": 3.9416208051126986,
  "seed": 2124720077.8065321,
  "weight_decay": 0.0020234371720619956
}