{
  "batch_size": 28.963909407982015,
  "beta_1": 0.9058620407991183,
  "beta_2": 0.5859034900822324,
  "block_size": 287.5801381778159,
  "dropout": 0.13721665529943128,
  "epsilon": 0.0005124974234796397,
  "lr": 0.09334997422523195,
  "n_embd": 5.538087732545749,
  "n_head": 4.453273418705095,
  "n_layer": 5.187669486896628,
  "seed": 1573969376.6261017,
  "weight_decay": 0.00951996191132766
}