{
  "batch_size": 54.354773212948096,
  "beta_1": 0.3383838427549286,
  "beta_2": 0.16563055113178776,
  "block_size": 154.12996192710352,
  "dropout": 0.1810051674504637,
  "epsilon": 0.00017420138324254997,
  "lr": 0.06344049790145258,
  "n_embd": 47.49732727100127,
  "n_head": 6.626554988793495,
  "n_layer": 6.590252342315292,
  "seed": 1574893294.8931491,
  "weight_decay": 0.009430761284415978
}