{
  "batch_size": 71,
  "beta_1": 0.9455282351334914,
  "beta_2": 0.8539281575200592,
  "block_size": 198,
  "dropout": 0.44868232614207615,
  "epsilon": 2.0382420773913795e-05,
  "lr": 0.006647131275560932,
  "n_embd": 49,
  "n_head": 1,
  "n_layer": 2,
  "seed": 1020951855,
  "weight_decay": 0.00018104963628626992
}