{
  "batch_size": 72.37431838488247,
  "beta_1": 0.9858524686253334,
  "beta_2": 0.8336961947318687,
  "block_size": 214.4536510808865,
  "dropout": 0.1690958959754673,
  "epsilon": 0.0008356410604028785,
  "lr": 0.04976815118097655,
  "n_embd": 35.85943971461112,
  "n_head": 6.029200359409932,
  "n_layer": 6.77369502306325,
  "seed": 1639323678.1962483,
  "weight_decay": 0.001139073868841239
}