{
  "batch_size": 54.07424961534057,
  "beta_1": 0.6921156685632579,
  "beta_2": 0.24190224034407176,
  "block_size": 373.69826540052344,
  "dropout": 0.48843064162518446,
  "epsilon": 0.000244512805641243,
  "lr": 0.013442761856134158,
  "n_embd": 40.85841939597887,
  "n_head": 6.814814811659522,
  "n_layer": 6.825736171888213,
  "seed": 1963035288.5506532,
  "weight_decay": 0.006571144066136537
}