{
  "batch_size": 45,
  "beta_1": 0.5399607285146069,
  "beta_2": 0.7717523886042357,
  "block_size": 131,
  "dropout": 0.3204786744756028,
  "epsilon": 6.9754259028969334e-09,
  "lr": 1.074456333032683e-06,
  "n_embd": 32,
  "n_head": 3,
  "n_layer": 1,
  "seed": 2027555222,
  "weight_decay": 1.1619306507001283e-07
}