{
  "batch_size": 56.29662647019371,
  "beta_1": 0.1893026167513694,
  "beta_2": 0.2598061268995244,
  "block_size": 187.56606118254786,
  "dropout": 0.25490972312122695,
  "epsilon": 0.0008750101001946728,
  "lr": 0.024030315983329942,
  "n_embd": 8.141726612259694,
  "n_head": 5.957591754868148,
  "n_layer": 3.888023884841111,
  "seed": 1748431669.7952828,
  "weight_decay": 0.0011596575156610292
}