{
  "batch_size": 48.80380979177009,
  "beta_1": 0.24377480444420793,
  "beta_2": 0.8738913115762221,
  "block_size": 90.19382285634893,
  "dropout": 0.2575581237978064,
  "epsilon": 0.0009733880970658349,
  "lr": 0.0804678799097186,
  "n_embd": 17.451941585232248,
  "n_head": 3.8373572219970185,
  "n_layer": 6.525090745237837,
  "seed": 920300745.7490517,
  "weight_decay": 0.0019719231176120867
}