{
  "batch_size": 64.20065138999733,
  "beta_1": 0.23783353397031334,
  "beta_2": 0.7676121297485168,
  "block_size": 265.20317265624976,
  "dropout": 0.44537370224555406,
  "epsilon": 0.0008672135123304312,
  "lr": 0.036492465198940185,
  "n_embd": 20.77135869777918,
  "n_head": 4.622652904750833,
  "n_layer": 3.1361624587849977,
  "seed": 532764197.8645735,
  "weight_decay": 0.0010300512811923577
}