{
  "batch_size": 27,
  "beta_1": 0.11615456544645883,
  "beta_2": 0.4354589608315874,
  "block_size": 152,
  "dropout": 0.35477967537871014,
  "epsilon": 6.330928678426257e-10,
  "lr": 3.881647049639443e-05,
  "n_embd": 34,
  "n_head": 5,
  "n_layer": 6,
  "seed": 999858172,
  "weight_decay": 0.0023820125768493107
}