{
  "batch_size": 45,
  "beta_1": 0.959868848894973,
  "beta_2": 0.5141822038373864,
  "block_size": 151,
  "dropout": 0.4131188208262318,
  "epsilon": 4.244274e-10,
  "lr": 0.0008027514595713,
  "n_embd": 40,
  "n_head": 5,
  "n_layer": 5,
  "seed": 1614840666.424551,
  "weight_decay": 4.13701277139e-05
}