{
  "batch_size": 42,
  "beta_1": 0.8045883555708672,
  "beta_2": 0.3891841749935806,
  "block_size": 209,
  "dropout": 0.4097974618612586,
  "epsilon": 3.1198293e-09,
  "lr": 0.0008086621982792,
  "n_embd": 38,
  "n_head": 3,
  "n_layer": 3,
  "seed": 756152183.2308534,
  "weight_decay": 8.52553517238e-05
}