{
  "batch_size": 62,
  "beta_1": 0.47545621115006753,
  "beta_2": 0.9252154091498516,
  "block_size": 189,
  "dropout": 0.3003893622874636,
  "epsilon": 3.232548026827785e-07,
  "lr": 4.30477555689714e-06,
  "n_embd": 48,
  "n_head": 1,
  "n_layer": 6,
  "seed": 917506359,
  "weight_decay": 0.001720355888602547
}