{
  "batch_size": 21.027501708462605,
  "beta_1": 0.323887547873863,
  "beta_2": 0.8251848670040954,
  "block_size": 79.42935243203115,
  "dropout": 0.17746038020008364,
  "epsilon": 0.0002843461324550082,
  "lr": 0.05000248885659715,
  "n_embd": 8.937490258639999,
  "n_head": 4.2647149304260115,
  "n_layer": 2.711571021052732,
  "seed": 1218251838.4893413,
  "weight_decay": 0.0003664300222352463
}