{
  "batch_size": 65.52266522513784,
  "beta_1": 0.8949791560727738,
  "beta_2": 0.7824122155051135,
  "block_size": 123.57994882296997,
  "dropout": 0.2264092369331078,
  "epsilon": 0.0009531872681893457,
  "lr": 0.012814720680964084,
  "n_embd": 51.10875005013855,
  "n_head": 2.9733689394633362,
  "n_layer": 4.137504223975091,
  "seed": 992146554.9146228,
  "weight_decay": 0.005564765353675436
}