{
  "batch_size": 44.934092096387985,
  "beta_1": 0.7107867836496806,
  "beta_2": 0.9389006415300569,
  "block_size": 168.6043956637481,
  "dropout": 0.38160594326502595,
  "epsilon": 0.0001739709803856762,
  "lr": 0.09536335393473633,
  "n_embd": 36.861014765153904,
  "n_head": 5.144825926166999,
  "n_layer": 1.7424547198080451,
  "seed": 1374878502.8421893,
  "weight_decay": 0.0042305076329232335
}