{
  "batch_size": 44.43735922510264,
  "beta_1": 0.6713198992633146,
  "beta_2": 0.807669240115054,
  "block_size": 338.22101874396617,
  "dropout": 0.11778783297430216,
  "epsilon": 0.00016329787120728705,
  "lr": 0.0076442099982393244,
  "n_embd": 10.561266984925403,
  "n_head": 5.6898622990753625,
  "n_layer": 3.366511345166535,
  "seed": 899596650.581613,
  "weight_decay": 0.009902115580445169
}