{
  "batch_size": 50,
  "beta_1": 0.8209958926176933,
  "beta_2": 0.5074589140698075,
  "block_size": 214,
  "dropout": 0.1320393730151467,
  "epsilon": 3.0110031692e-06,
  "lr": 2.91626915863e-05,
  "n_embd": 43,
  "n_head": 6,
  "n_layer": 3,
  "seed": 2089629891.8583786,
  "weight_decay": 0.0007268335836224
}