{
  "batch_size": 22,
  "beta_1": 0.3326283510521961,
  "beta_2": 0.7999117352886126,
  "block_size": 138,
  "dropout": 0.41586511628908174,
  "epsilon": 6.0291269442291875e-06,
  "lr": 0.00804708218712454,
  "n_embd": 51,
  "n_head": 6,
  "n_layer": 2,
  "seed": 363382843,
  "weight_decay": 0.0015591127460857486
}