{
  "batch_size": 34,
  "beta_1": 0.2678163277086078,
  "beta_2": 0.3878338483477056,
  "block_size": 318,
  "dropout": 0.16363111034531547,
  "epsilon": 2.767313207682482e-05,
  "lr": 0.0002344318177279692,
  "n_embd": 46,
  "n_head": 3,
  "n_layer": 5,
  "seed": 1563737381,
  "weight_decay": 0.0001821017122321047
}