{
  "batch_size": 38.273758529841544,
  "beta_1": 0.950290756643681,
  "beta_2": 0.4217180775025643,
  "block_size": 199.83924776472176,
  "dropout": 0.3849122152925487,
  "epsilon": 0.00015505513900385508,
  "lr": 0.005382228272448871,
  "n_embd": 43.74746998241618,
  "n_head": 2.1664221579563767,
  "n_layer": 1.821274758148377,
  "seed": 1486721007.7937593,
  "weight_decay": 0.008521103914120448
}