{
  "batch_size": 60.59989945876453,
  "beta_1": 0.9334857026004384,
  "beta_2": 0.20543772093779522,
  "block_size": 347.10234281178504,
  "dropout": 0.2809156052605094,
  "epsilon": 0.0005099757041558811,
  "lr": 0.03723974114505615,
  "n_embd": 11.651846468621734,
  "n_head": 6.795954803411232,
  "n_layer": 6.143509132331416,
  "seed": 1429497075.131739,
  "weight_decay": 0.0028413916452880855
}