{
  "batch_size": 62,
  "beta_1": 0.6036946839781046,
  "beta_2": 0.787963603445438,
  "block_size": 184,
  "dropout": 0.4918362146413995,
  "epsilon": 9.89102614e-07,
  "lr": 3.62341419138e-05,
  "n_embd": 3,
  "n_head": 4,
  "n_layer": 6,
  "seed": 1856521850.0038376,
  "weight_decay": 8.49365829876e-05
}