{
  "batch_size": 94,
  "beta_1": 0.16530142013278343,
  "beta_2": 0.18878435112109274,
  "block_size": 365,
  "dropout": 0.14323912902640235,
  "epsilon": 4.409813173978912e-10,
  "lr": 0.0032502571073107864,
  "n_embd": 25,
  "n_head": 2,
  "n_layer": 4,
  "seed": 1288644307,
  "weight_decay": 0.00012015231186334327
}