{
  "batch_size": 73.81318409528627,
  "beta_1": 0.3137405695341072,
  "beta_2": 0.27152671024266845,
  "block_size": 241.06812723850393,
  "dropout": 0.30401490075035675,
  "epsilon": 0.0007006770328795333,
  "lr": 0.02557332973744054,
  "n_embd": 18.694962358712218,
  "n_head": 2.466546532376497,
  "n_layer": 2.0307339451741964,
  "seed": 1374827934.401757,
  "weight_decay": 0.004475286290988249
}