{
  "batch_size": 19,
  "beta_1": 0.4750607099752837,
  "beta_2": 0.4451918458105969,
  "block_size": 184,
  "dropout": 0.4052753398102276,
  "epsilon": 5.203036e-10,
  "lr": 0.0011114966856321,
  "n_embd": 15,
  "n_head": 5,
  "n_layer": 3,
  "seed": 1796224696.3977582,
  "weight_decay": 0.0002610888886608
}