{
  "batch_size": 26,
  "beta_1": 0.5412973329934034,
  "beta_2": 0.7673743311091459,
  "block_size": 201,
  "dropout": 0.3377507653313545,
  "epsilon": 1.36643798396e-05,
  "lr": 0.0003213148970176,
  "n_embd": 23,
  "n_head": 2,
  "n_layer": 2,
  "seed": 1297834953.782236,
  "weight_decay": 5.1073387419e-05
}