{
  "batch_size": 84.17462696983911,
  "beta_1": 0.7197547146338688,
  "beta_2": 0.6467042347123434,
  "block_size": 270.8948685581746,
  "dropout": 0.20138111682796792,
  "epsilon": 0.0005708061086073711,
  "lr": 0.034766339520390946,
  "n_embd": 11.979193747571223,
  "n_head": 5.621988387806137,
  "n_layer": 3.0096935625002352,
  "seed": 1860463757.8077006,
  "weight_decay": 0.008466763392543321
}