{
  "batch_size": 50,
  "beta_1": 0.9166537542114082,
  "beta_2": 0.8261108467891681,
  "block_size": 202,
  "dropout": 0.1592080924252932,
  "epsilon": 2.498247007615702e-06,
  "lr": 0.05310389760758988,
  "n_embd": 44,
  "n_head": 5,
  "n_layer": 6,
  "seed": 1020832325,
  "weight_decay": 6.006674713567304e-08
}