{
  "batch_size": 69,
  "beta_1": 0.32641979120324127,
  "beta_2": 0.5822356175820971,
  "block_size": 243,
  "dropout": 0.33601357953760874,
  "epsilon": 1.9299147772839632e-10,
  "lr": 0.0040707363608436225,
  "n_embd": 28,
  "n_head": 2,
  "n_layer": 4,
  "seed": 135056869,
  "weight_decay": 0.0002955937460027597
}