{
  "batch_size": 77,
  "beta_1": 0.7563506642467174,
  "beta_2": 0.4896389286438428,
  "block_size": 335,
  "dropout": 0.271941734395213,
  "epsilon": 2.57250659e-08,
  "lr": 1.73481439234e-05,
  "n_embd": 35,
  "n_head": 5,
  "n_layer": 5,
  "seed": 1728554201.4646027,
  "weight_decay": 6.15250780089e-05
}