{
  "batch_size": 71,
  "beta_1": 0.3836793625791469,
  "beta_2": 0.327648545585274,
  "block_size": 313,
  "dropout": 0.40267155200233473,
  "epsilon": 0.00014106975898973888,
  "lr": 0.0005918895712800816,
  "n_embd": 11,
  "n_head": 6,
  "n_layer": 3,
  "seed": 1023421797,
  "weight_decay": 0.00042704986811760665
}