{
  "batch_size": 62,
  "beta_1": 0.7338952386644849,
  "beta_2": 0.4025784239496133,
  "block_size": 245,
  "dropout": 0.2314768205146238,
  "epsilon": 3.488384706018891e-05,
  "lr": 1.0128021617266492e-06,
  "n_embd": 53,
  "n_head": 3,
  "n_layer": 4,
  "seed": 1410512718,
  "weight_decay": 2.6644790133611105e-06
}