{
  "batch_size": 86,
  "beta_1": 0.8427192710047334,
  "beta_2": 0.993096537556769,
  "block_size": 89,
  "dropout": 0.1838517489626646,
  "epsilon": 6.125349e-09,
  "lr": 0.0012972034965833,
  "n_embd": 2,
  "n_head": 3,
  "n_layer": 2,
  "seed": 319715777.6698271,
  "weight_decay": 5.327312175e-07
}