{
  "batch_size": 68,
  "beta_1": 0.4834192260141179,
  "beta_2": 0.4527580379729138,
  "block_size": 168,
  "dropout": 0.1943832705398064,
  "epsilon": 8.6291072312e-05,
  "lr": 0.0013440971730017,
  "n_embd": 3,
  "n_head": 3,
  "n_layer": 2,
  "seed": 1245814119.4062784,
  "weight_decay": 0.0050664709696542
}