{
  "batch_size": 82.05365780438368,
  "beta_1": 0.1886378096736735,
  "beta_2": 0.46888444377000194,
  "block_size": 239.62458697450705,
  "dropout": 0.1170349419160842,
  "epsilon": 0.00023749956636735876,
  "lr": 0.05578438720999101,
  "n_embd": 8.560235806689587,
  "n_head": 1.9405873293341083,
  "n_layer": 3.1965893185144614,
  "seed": 185151119.37893742,
  "weight_decay": 0.0002566061991573323
}