{
  "batch_size": 60,
  "beta_1": 0.20179518306504546,
  "beta_2": 0.9426965218151676,
  "block_size": 354,
  "dropout": 0.45995321794496224,
  "epsilon": 2.0604210360951976e-07,
  "lr": 0.004759445127643886,
  "n_embd": 31,
  "n_head": 6,
  "n_layer": 1,
  "seed": 617241247,
  "weight_decay": 3.5403584778911575e-06
}