{
  "batch_size": 94.22383274130108,
  "beta_1": 0.8402740591544221,
  "beta_2": 0.7493650184185028,
  "block_size": 308.2306548845976,
  "dropout": 0.15153967305495916,
  "epsilon": 0.0007980432502973021,
  "lr": 0.0052298157841117535,
  "n_embd": 8.680353530625789,
  "n_head": 4.072793374738845,
  "n_layer": 5.614043120787635,
  "seed": 1728405473.3904445,
  "weight_decay": 0.008398618404083725
}