{
  "batch_size": 78.37572465217707,
  "beta_1": 0.6923340951640395,
  "beta_2": 0.462228254940689,
  "block_size": 138.5485672462628,
  "dropout": 0.21233425649066617,
  "epsilon": 0.0007892656446478831,
  "lr": 0.0033341680651655147,
  "n_embd": 17.71621914391958,
  "n_head": 4.876124411649548,
  "n_layer": 4.1840012827675235,
  "seed": 753388995.6869824,
  "weight_decay": 0.00015823432832860697
}