{
  "batch_size": 41.139635112014524,
  "beta_1": 0.5064142674646662,
  "beta_2": 0.9300827117130441,
  "block_size": 78.93637650192687,
  "dropout": 0.4539222676636797,
  "epsilon": 0.0002052969933701931,
  "lr": 0.09248076312242401,
  "n_embd": 20.99395698013076,
  "n_head": 1.3670512448005099,
  "n_layer": 1.1720591268931,
  "seed": 1243333518.3053546,
  "weight_decay": 0.007519015577565039
}