{
  "batch_size": 57.85789486843809,
  "beta_1": 0.23703588483711874,
  "beta_2": 0.5202144415520529,
  "block_size": 93.13064084249397,
  "dropout": 0.362875153181056,
  "epsilon": 0.0003451680173993969,
  "lr": 0.07112908769983557,
  "n_embd": 22.831545377000047,
  "n_head": 5.2309993296062345,
  "n_layer": 4.782036932130817,
  "seed": 1139658731.1392655,
  "weight_decay": 0.007613583348268821
}