{
  "batch_size": 88,
  "beta_1": 0.9478810621872272,
  "beta_2": 0.5797801118980211,
  "block_size": 68,
  "dropout": 0.2696562719275364,
  "epsilon": 0.0004304830216408,
  "lr": 0.0037669662127349,
  "n_embd": 43,
  "n_head": 4,
  "n_layer": 2,
  "seed": 2014232548.890837,
  "weight_decay": 0.0067988044083542
}