{
  "batch_size": 44,
  "beta_1": 0.21456863833037823,
  "beta_2": 0.8855064760656931,
  "block_size": 127,
  "dropout": 0.28068417708889415,
  "epsilon": 1.1285218183400174e-09,
  "lr": 0.0022163369861332625,
  "n_embd": 9,
  "n_head": 2,
  "n_layer": 2,
  "seed": 217289573,
  "weight_decay": 0.00016897064860882044
}