{
  "batch_size": 47,
  "beta_1": 0.7204387937154426,
  "beta_2": 0.8662017406821715,
  "block_size": 216,
  "dropout": 0.4459188569057678,
  "epsilon": 3.1994372e-09,
  "lr": 0.0002145633128402,
  "n_embd": 22,
  "n_head": 6,
  "n_layer": 4,
  "seed": 1279967879.8110754,
  "weight_decay": 7.29299071e-08
}