{
  "batch_size": 93.16611941770991,
  "beta_1": 0.5559711098109218,
  "beta_2": 0.9351382201649803,
  "block_size": 72.86435600029361,
  "dropout": 0.22020900475905353,
  "epsilon": 0.0007581062798198529,
  "lr": 0.05433197678233395,
  "n_embd": 22.189599363391004,
  "n_head": 1.1085065828076994,
  "n_layer": 4.974446774941363,
  "seed": 1258764169.2823904,
  "weight_decay": 0.004014548190610538
}