{
  "batch_size": 36,
  "beta_1": 0.703222682570346,
  "beta_2": 0.7817016160855964,
  "block_size": 362,
  "dropout": 0.36423542792843333,
  "epsilon": 4.242379080307527e-08,
  "lr": 1.5747760967181937e-05,
  "n_embd": 40,
  "n_head": 3,
  "n_layer": 5,
  "seed": 911720238,
  "weight_decay": 8.44015383015052e-06
}