{
  "batch_size": 56.06732985769063,
  "beta_1": 0.12438688715442912,
  "beta_2": 0.10146291585434666,
  "block_size": 272.79300489563695,
  "dropout": 0.25286695178200724,
  "epsilon": 5.220627877855603e-05,
  "lr": 0.03576441960187536,
  "n_embd": 36.32982981418908,
  "n_head": 3.923767932506197,
  "n_layer": 4.618973956592928,
  "seed": 1886275577.237789,
  "weight_decay": 0.004249346994367676
}