{
  "batch_size": 43,
  "beta_1": 0.4486503374455634,
  "beta_2": 0.1239064045368871,
  "block_size": 88,
  "dropout": 0.2524853942415558,
  "epsilon": 1.320775e-09,
  "lr": 0.0005074416760442,
  "n_embd": 36,
  "n_head": 4,
  "n_layer": 2,
  "seed": 1622319429.367139,
  "weight_decay": 0.006560318861339
}