{
  "batch_size": 47.55477540573932,
  "beta_1": 0.86176031424076,
  "beta_2": 0.464165214791041,
  "block_size": 343.59064060749614,
  "dropout": 0.3348527524452023,
  "epsilon": 0.0007754278318375947,
  "lr": 0.06103418683663665,
  "n_embd": 25.206830224885497,
  "n_head": 5.203838840441322,
  "n_layer": 2.6993271255223497,
  "seed": 73944209.17017262,
  "weight_decay": 0.00023027820097922425
}