{
  "batch_size": 80,
  "beta_1": 0.8873537630798026,
  "beta_2": 0.46191318106327284,
  "block_size": 254,
  "dropout": 0.15791948154023433,
  "epsilon": 1.163382037234091e-08,
  "lr": 0.0028262792056445362,
  "n_embd": 36,
  "n_head": 4,
  "n_layer": 6,
  "seed": 245523773,
  "weight_decay": 0.0004457460255695964
}