{
  "batch_size": 34,
  "beta_1": 0.5863528411345319,
  "beta_2": 0.9580391900781834,
  "block_size": 162,
  "dropout": 0.1751174950070516,
  "epsilon": 4.8259735e-09,
  "lr": 0.0003796235671124,
  "n_embd": 7,
  "n_head": 4,
  "n_layer": 2,
  "seed": 808673246.1177261,
  "weight_decay": 0.0001513229904265
}