{
  "batch_size": 41.66181668531196,
  "beta_1": 0.5779972523253927,
  "beta_2": 0.8060382797192566,
  "block_size": 220.30392525573993,
  "dropout": 0.19228687255496835,
  "epsilon": 7.577217658522933e-05,
  "lr": 0.010540825271538169,
  "n_embd": 26.16076901916024,
  "n_head": 5.486426503546978,
  "n_layer": 1.5788803767186574,
  "seed": 1698439227.5737045,
  "weight_decay": 0.006355983120053656
}