{
  "batch_size": 36.17907565981416,
  "beta_1": 0.7994242525238208,
  "beta_2": 0.4568547454631139,
  "block_size": 181.16945649622573,
  "dropout": 0.158017250738804,
  "epsilon": 0.0003562678284584313,
  "lr": 0.06766267527895921,
  "n_embd": 34.866894943843825,
  "n_head": 3.6894583477482232,
  "n_layer": 2.273723354499948,
  "seed": 1886254427.8865533,
  "weight_decay": 0.003360697456246054
}