{
  "batch_size": 32.097912967918305,
  "beta_1": 0.4729954847856058,
  "beta_2": 0.8357151170550019,
  "block_size": 130.66395645500157,
  "dropout": 0.2859595398805033,
  "epsilon": 0.0005852808251394114,
  "lr": 0.040338525680091025,
  "n_embd": 16.861026446733565,
  "n_head": 1.9083478875482354,
  "n_layer": 5.586387812995646,
  "seed": 147035792.62680358,
  "weight_decay": 0.007397703019471078
}