{
  "batch_size": 40,
  "beta_1": 0.58670628557377,
  "beta_2": 0.4763450985572206,
  "block_size": 259,
  "dropout": 0.43012481955885606,
  "epsilon": 1.631921616280808e-07,
  "lr": 0.010259166716882118,
  "n_embd": 37,
  "n_head": 3,
  "n_layer": 1,
  "seed": 1853177151,
  "weight_decay": 0.006130642087174336
}