{
  "batch_size": 44,
  "beta_1": 0.5496449865239131,
  "beta_2": 0.9294280281471353,
  "block_size": 301,
  "dropout": 0.14104358940407113,
  "epsilon": 1.0112665681617452e-10,
  "lr": 1.0153728542584643e-05,
  "n_embd": 52,
  "n_head": 6,
  "n_layer": 5,
  "seed": 1728035143,
  "weight_decay": 0.0007648009124462726
}