{
  "batch_size": 61,
  "beta_1": 0.8047030603061246,
  "beta_2": 0.7088137384266743,
  "block_size": 156,
  "dropout": 0.4673331812139463,
  "epsilon": 3.480897619315813e-08,
  "lr": 1.2170721382320276e-06,
  "n_embd": 34,
  "n_head": 2,
  "n_layer": 4,
  "seed": 1406462661,
  "weight_decay": 0.000266702335872651
}