{
  "batch_size": 59.868084965539026,
  "beta_1": 0.7972655262587942,
  "beta_2": 0.6817160470801509,
  "block_size": 262.8758077378618,
  "dropout": 0.13701503972157858,
  "epsilon": 9.085421067789006e-05,
  "lr": 0.08504596675801293,
  "n_embd": 27.400755364092937,
  "n_head": 5.891155976544695,
  "n_layer": 3.229287041392554,
  "seed": 459170616.25658166,
  "weight_decay": 0.006723618093800363
}