{
  "batch_size": 35,
  "beta_1": 0.4329609264347844,
  "beta_2": 0.6318607920722199,
  "block_size": 194,
  "dropout": 0.2185739950433866,
  "epsilon": 7.55746341e-08,
  "lr": 1.2486750339e-06,
  "n_embd": 53,
  "n_head": 3,
  "n_layer": 4,
  "seed": 749103993.7771584,
  "weight_decay": 5.2785368507e-06
}