{
  "batch_size": 35.37673562729724,
  "beta_1": 0.7231752806765511,
  "beta_2": 0.6319698731417344,
  "block_size": 372.6533014105411,
  "dropout": 0.48072219137834504,
  "epsilon": 7.272842805423081e-05,
  "lr": 0.03383797441607086,
  "n_embd": 24.242922232166606,
  "n_head": 6.5488377500735275,
  "n_layer": 2.2628389742431203,
  "seed": 31765733.35879029,
  "weight_decay": 0.00882649923048081
}