{
  "batch_size": 95,
  "beta_1": 0.9491838435488034,
  "beta_2": 0.8202135058686066,
  "block_size": 263,
  "dropout": 0.4523847056614173,
  "epsilon": 1.30042301e-08,
  "lr": 0.0043263235583299,
  "n_embd": 9,
  "n_head": 2,
  "n_layer": 1,
  "seed": 426890588.01997334,
  "weight_decay": 4.86597466e-08
}