{
  "batch_size": 48.277936625649346,
  "beta_1": 0.5102200422083434,
  "beta_2": 0.8819375473573459,
  "block_size": 160.73257451647805,
  "dropout": 0.28620796654546715,
  "epsilon": 0.0006810678706103428,
  "lr": 0.04237196651968689,
  "n_embd": 22.655374353259017,
  "n_head": 2.535654451486229,
  "n_layer": 4.2719555636295805,
  "seed": 1583093044.9733999,
  "weight_decay": 0.002166757734211912
}