{
  "batch_size": 60.621788962135604,
  "beta_1": 0.19855652645223482,
  "beta_2": 0.8426017503229665,
  "block_size": 161.3332484992057,
  "dropout": 0.19183622752695662,
  "epsilon": 0.0002403086953533735,
  "lr": 0.09429124448129221,
  "n_embd": 15.972640879201169,
  "n_head": 5.280322287299201,
  "n_layer": 3.4578118709096524,
  "seed": 1421751854.788482,
  "weight_decay": 0.007038113177817818
}