{
  "batch_size": 53,
  "beta_1": 0.1098189680837408,
  "beta_2": 0.368201038715516,
  "block_size": 66,
  "dropout": 0.2073532522566134,
  "epsilon": 2.7536e-10,
  "lr": 5.74551823256e-05,
  "n_embd": 32,
  "n_head": 3,
  "n_layer": 6,
  "seed": 948601215.7548764,
  "weight_decay": 0.0015709787946912
}