{
  "batch_size": 36.15544581396077,
  "beta_1": 0.2404819695514884,
  "beta_2": 0.5190486056361198,
  "block_size": 232.87842852055337,
  "dropout": 0.1311672063514808,
  "epsilon": 1.529746789284914e-05,
  "lr": 0.06695638418808111,
  "n_embd": 47.84341930574145,
  "n_head": 5.1218069045698975,
  "n_layer": 1.484253762751997,
  "seed": 847095087.7757612,
  "weight_decay": 0.00021954984406490243
}