{
  "batch_size": 58,
  "beta_1": 0.4187920006805928,
  "beta_2": 0.9682145948376628,
  "block_size": 229,
  "dropout": 0.2552284656654436,
  "epsilon": 3.97950499e-07,
  "lr": 0.0057794108031248,
  "n_embd": 33,
  "n_head": 5,
  "n_layer": 2,
  "seed": 1286075530.371775,
  "weight_decay": 0.0087147035196458
}