{
  "batch_size": 42.02280542188873,
  "beta_1": 0.13319860568291497,
  "beta_2": 0.510807514484308,
  "block_size": 249.66314506613583,
  "dropout": 0.4782699155279865,
  "epsilon": 0.00039067088957042066,
  "lr": 0.03754764094506547,
  "n_embd": 7.323260447970295,
  "n_head": 3.8382759343319837,
  "n_layer": 5.314567492571378,
  "seed": 1798531119.7590148,
  "weight_decay": 0.008641493808429336
}