{
  "batch_size": 20,
  "beta_1": 0.8906486421267448,
  "beta_2": 0.7943408556450895,
  "block_size": 96,
  "dropout": 0.1488815272362263,
  "epsilon": 0.000103535922878,
  "lr": 0.057014381083968,
  "n_embd": 42,
  "n_head": 2,
  "n_layer": 3,
  "seed": 423314902.752084,
  "weight_decay": 1.097369202e-07
}