{
  "batch_size": 85.91499889190361,
  "beta_1": 0.9303479791386454,
  "beta_2": 0.4967706986440069,
  "block_size": 205.32620336477137,
  "dropout": 0.3091263065730905,
  "epsilon": 0.0006372701408124196,
  "lr": 0.03166756545033365,
  "n_embd": 32.87287674070347,
  "n_head": 2.47829210041224,
  "n_layer": 2.6026813774012965,
  "seed": 1480023931.8749664,
  "weight_decay": 0.007267813097927072
}