{
  "batch_size": 93,
  "beta_1": 0.6638648634272387,
  "beta_2": 0.9169765526106914,
  "block_size": 141,
  "dropout": 0.3504715254246864,
  "epsilon": 2.0283443619413057e-05,
  "lr": 0.000731339820037428,
  "n_embd": 42,
  "n_head": 6,
  "n_layer": 3,
  "seed": 409148799,
  "weight_decay": 7.514956782875398e-05
}