{
  "batch_size": 31,
  "beta_1": 0.907491643461456,
  "beta_2": 0.13057908456533798,
  "block_size": 193,
  "dropout": 0.37317732377956564,
  "epsilon": 8.809183166322195e-07,
  "lr": 0.06426891709337136,
  "n_embd": 44,
  "n_head": 4,
  "n_layer": 2,
  "seed": 1682046141,
  "weight_decay": 2.690386076638338e-07
}