{
  "batch_size": 79,
  "beta_1": 0.8364225346553523,
  "beta_2": 0.2947203700662511,
  "block_size": 324,
  "dropout": 0.1518669491970449,
  "epsilon": 2.6674120965970654e-10,
  "lr": 4.705651496033357e-06,
  "n_embd": 34,
  "n_head": 4,
  "n_layer": 6,
  "seed": 445015460,
  "weight_decay": 0.002367374985668452
}