{
  "batch_size": 79.1806807575509,
  "beta_1": 0.5650726748327961,
  "beta_2": 0.7526152456917873,
  "block_size": 73.26029975077105,
  "dropout": 0.43138380221948613,
  "epsilon": 9.603285848379914e-05,
  "lr": 0.08007393561173407,
  "n_embd": 21.8299810990145,
  "n_head": 6.476456505629411,
  "n_layer": 1.9589059337040196,
  "seed": 1707045308.5902944,
  "weight_decay": 0.0074077056688730955
}