{
  "batch_size": 21.256777062891288,
  "beta_1": 0.4298232144549857,
  "beta_2": 0.38900846881616025,
  "block_size": 360.29472874482445,
  "dropout": 0.4026820340041004,
  "epsilon": 0.00015814490129543554,
  "lr": 0.04379032243485628,
  "n_embd": 30.017750527566854,
  "n_head": 1.643115538273128,
  "n_layer": 2.8867724514117556,
  "seed": 1407191873.258174,
  "weight_decay": 0.0028481435723023856
}