{
  "batch_size": 60.4662963201534,
  "beta_1": 0.4831452616287363,
  "beta_2": 0.4058237469372963,
  "block_size": 281.87274926551254,
  "dropout": 0.32685163871743017,
  "epsilon": 0.0009581169858201438,
  "lr": 0.06910476287982234,
  "n_embd": 30.71526418000704,
  "n_head": 2.1621544331625886,
  "n_layer": 6.287396355309741,
  "seed": 1374824269.0058694,
  "weight_decay": 0.0030833877073130796
}