{
  "batch_size": 90.52007213257039,
  "beta_1": 0.5467973117825459,
  "beta_2": 0.24600115490847232,
  "block_size": 161.14823398625938,
  "dropout": 0.23907826315461037,
  "epsilon": 0.0002038293829930285,
  "lr": 0.03809489083224801,
  "n_embd": 41.23361082019078,
  "n_head": 6.770453376886971,
  "n_layer": 2.3908483351982803,
  "seed": 1381368423.1737978,
  "weight_decay": 0.009268188344367942
}