{
  "batch_size": 96,
  "beta_1": 0.7723190932136514,
  "beta_2": 0.7736851152363109,
  "block_size": 147,
  "dropout": 0.40641313287856107,
  "epsilon": 2.2016571877442238e-10,
  "lr": 0.003469392538466078,
  "n_embd": 47,
  "n_head": 2,
  "n_layer": 6,
  "seed": 54708945,
  "weight_decay": 0.00016875265568811116
}