{
  "batch_size": 59.70855755283347,
  "beta_1": 0.828070161865125,
  "beta_2": 0.41948190210642766,
  "block_size": 82.86551290167351,
  "dropout": 0.15857228877512677,
  "epsilon": 0.0009339545441149658,
  "lr": 0.024712104397201524,
  "n_embd": 51.47294483040278,
  "n_head": 2.505459441920345,
  "n_layer": 3.137907435699161,
  "seed": 1531841764.7152596,
  "weight_decay": 0.009644242011537792
}