{
  "batch_size": 58,
  "beta_1": 0.3870254125235802,
  "beta_2": 0.6561641930166726,
  "block_size": 223,
  "dropout": 0.3751958979648206,
  "epsilon": 1.50522781e-08,
  "lr": 0.0010017091634234,
  "n_embd": 34,
  "n_head": 6,
  "n_layer": 3,
  "seed": 1795871307.1620505,
  "weight_decay": 9.36915382e-08
}