{
  "batch_size": 69,
  "beta_1": 0.7324225386659848,
  "beta_2": 0.966588163805831,
  "block_size": 272,
  "dropout": 0.21992508889935283,
  "epsilon": 3.246238838939157e-09,
  "lr": 0.0003827808006769179,
  "n_embd": 0,
  "n_head": 2,
  "n_layer": 3,
  "seed": 1179758095,
  "weight_decay": 7.953186435288585e-08
}