{
  "batch_size": 21.83704487829652,
  "beta_1": 0.6272951447284172,
  "beta_2": 0.7721466997281267,
  "block_size": 95.532812876678,
  "dropout": 0.4125348660657485,
  "epsilon": 0.0006276641322706427,
  "lr": 0.04239156372958808,
  "n_embd": 49.846256125807436,
  "n_head": 1.790873642562453,
  "n_layer": 4.9978246056544,
  "seed": 1139634414.3996596,
  "weight_decay": 0.006147237316511236
}