{
  "batch_size": 70.63772277755285,
  "beta_1": 0.527944535471678,
  "beta_2": 0.19304987453622166,
  "block_size": 141.2597835389671,
  "dropout": 0.45565997846452055,
  "epsilon": 0.0007516170555336962,
  "lr": 0.026842789034005204,
  "n_embd": 18.2004428239489,
  "n_head": 1.2054157707873918,
  "n_layer": 4.432324835649758,
  "seed": 1756494045.6596353,
  "weight_decay": 0.003363956774100836
}