{
  "batch_size": 58,
  "beta_1": 0.9496839694330486,
  "beta_2": 0.8686848614116214,
  "block_size": 73,
  "dropout": 0.259966153701411,
  "epsilon": 4.6759500764e-06,
  "lr": 2.9115273537e-06,
  "n_embd": 33,
  "n_head": 6,
  "n_layer": 3,
  "seed": 366418623.6020395,
  "weight_decay": 3.35259227603e-05
}