{
  "batch_size": 61,
  "beta_1": 0.9193180531876906,
  "beta_2": 0.26947569283729245,
  "block_size": 189,
  "dropout": 0.3318683395242086,
  "epsilon": 8.694479302570595e-08,
  "lr": 0.00026230772902313123,
  "n_embd": 45,
  "n_head": 6,
  "n_layer": 5,
  "seed": 1321235268,
  "weight_decay": 0.0003601190979034495
}