{
  "batch_size": 61.73267251877917,
  "beta_1": 0.8440278900726872,
  "beta_2": 0.34339924606133976,
  "block_size": 149.6053127896932,
  "dropout": 0.47043522551008454,
  "epsilon": 0.0005199633092645992,
  "lr": 0.020018030476358344,
  "n_embd": 29.506407057485475,
  "n_head": 4.762642940067019,
  "n_layer": 5.900882559823423,
  "seed": 1139693834.176539,
  "weight_decay": 0.005621284175773604
}