{
  "batch_size": 80,
  "beta_1": 0.1841850754734903,
  "beta_2": 0.4050619443184788,
  "block_size": 234,
  "dropout": 0.1737196106076796,
  "epsilon": 1.05286482631e-05,
  "lr": 0.0152618956663518,
  "n_embd": 38,
  "n_head": 5,
  "n_layer": 5,
  "seed": 198055460.52347848,
  "weight_decay": 5.59282690439e-05
}