{
  "batch_size": 70,
  "beta_1": 0.1988625639192304,
  "beta_2": 0.9340157332170618,
  "block_size": 356,
  "dropout": 0.4546123953006407,
  "epsilon": 4.60862728e-07,
  "lr": 0.000989045288648,
  "n_embd": 48,
  "n_head": 5,
  "n_layer": 4,
  "seed": 832471878.2710499,
  "weight_decay": 0.0008702552729156
}