{
  "batch_size": 81,
  "beta_1": 0.7274356106980548,
  "beta_2": 0.3382720452134722,
  "block_size": 176,
  "dropout": 0.2851158827658852,
  "epsilon": 1.4989078968131122e-05,
  "lr": 1.5539580514825424e-05,
  "n_embd": 26,
  "n_head": 4,
  "n_layer": 6,
  "seed": 2017900204,
  "weight_decay": 2.409461177033071e-05
}