{
  "batch_size": 92,
  "beta_1": 0.1743501440869513,
  "beta_2": 0.5910239886083819,
  "block_size": 272,
  "dropout": 0.1874463829925104,
  "epsilon": 1.75835e-10,
  "lr": 0.0008604215445541,
  "n_embd": 41,
  "n_head": 4,
  "n_layer": 2,
  "seed": 1694447461.671613,
  "weight_decay": 8.90538181e-08
}