{
  "batch_size": 51.29243192210867,
  "beta_1": 0.49165666367883376,
  "beta_2": 0.3277706857239896,
  "block_size": 149.85358559061234,
  "dropout": 0.4400552213502089,
  "epsilon": 0.0008647161040339217,
  "lr": 0.06803196420441895,
  "n_embd": 29.549295642997155,
  "n_head": 4.463855918852213,
  "n_layer": 1.8549629123951492,
  "seed": 1681791531.1967049,
  "weight_decay": 0.005687169986475624
}