{
  "batch_size": 39,
  "beta_1": 0.38543674323132615,
  "beta_2": 0.6508825011224193,
  "block_size": 90,
  "dropout": 0.4354102690409355,
  "epsilon": 2.6434039423880414e-09,
  "lr": 0.003256013331899407,
  "n_embd": 41,
  "n_head": 1,
  "n_layer": 1,
  "seed": 981861497,
  "weight_decay": 0.0021330548798058255
}