{
  "batch_size": 66,
  "beta_1": 0.1939342818053311,
  "beta_2": 0.1088045737239796,
  "block_size": 313,
  "dropout": 0.3076990795440065,
  "epsilon": 6.692619785e-07,
  "lr": 0.0003449715921453,
  "n_embd": 48,
  "n_head": 4,
  "n_layer": 5,
  "seed": 746084895.5024327,
  "weight_decay": 0.0001718656811488
}