{
  "batch_size": 58,
  "beta_1": 0.8235150933041502,
  "beta_2": 0.7478049701937922,
  "block_size": 247,
  "dropout": 0.2530734993833246,
  "epsilon": 3.0444525600002156e-05,
  "lr": 0.0016524914722058984,
  "n_embd": 41,
  "n_head": 6,
  "n_layer": 2,
  "seed": 8691287,
  "weight_decay": 2.4783425688039106e-07
}