{
  "batch_size": 47,
  "beta_1": 0.47288451076999516,
  "beta_2": 0.5998236164484294,
  "block_size": 284,
  "dropout": 0.17290164969930288,
  "epsilon": 1.478297564310539e-06,
  "lr": 5.281852024777533e-05,
  "n_embd": 49,
  "n_head": 3,
  "n_layer": 5,
  "seed": 1109959222,
  "weight_decay": 0.00754327504488629
}