{
  "batch_size": 60,
  "beta_1": 0.9517044826773894,
  "beta_2": 0.5581360643472103,
  "block_size": 204,
  "dropout": 0.2842270353664098,
  "epsilon": 2.2114888652982882e-06,
  "lr": 2.673267797633492e-05,
  "n_embd": 20,
  "n_head": 5,
  "n_layer": 1,
  "seed": 1105923968,
  "weight_decay": 2.155419231570197e-08
}