{
  "batch_size": 89,
  "beta_1": 0.1551839923586525,
  "beta_2": 0.7174431811687296,
  "block_size": 153,
  "dropout": 0.2053014625011579,
  "epsilon": 2.810467e-10,
  "lr": 0.0105927860229436,
  "n_embd": 23,
  "n_head": 1,
  "n_layer": 4,
  "seed": 1696299615.5183775,
  "weight_decay": 2.1475247e-08
}