{
  "batch_size": 71,
  "beta_1": 0.42196158758777047,
  "beta_2": 0.5271463405791509,
  "block_size": 163,
  "dropout": 0.18546248045473424,
  "epsilon": 1.8863508795833235e-08,
  "lr": 9.56783643209433e-05,
  "n_embd": 24,
  "n_head": 1,
  "n_layer": 2,
  "seed": 730969690,
  "weight_decay": 0.00011998286165465787
}