{
  "batch_size": 91,
  "beta_1": 0.6252599908880708,
  "beta_2": 0.1347268253763026,
  "block_size": 243,
  "dropout": 0.3573362596805902,
  "epsilon": 1.166302e-10,
  "lr": 0.0036952885585216,
  "n_embd": 19,
  "n_head": 1,
  "n_layer": 2,
  "seed": 335683311.5619185,
  "weight_decay": 5.08771129e-08
}