{
  "batch_size": 52,
  "beta_1": 0.1122252405184253,
  "beta_2": 0.3006218188417908,
  "block_size": 108,
  "dropout": 0.3664566884548711,
  "epsilon": 1.306264e-10,
  "lr": 0.0205673250634432,
  "n_embd": 34,
  "n_head": 3,
  "n_layer": 2,
  "seed": 2009277710.8321955,
  "weight_decay": 5.271722712e-07
}