{
  "batch_size": 47.91345496161691,
  "beta_1": 0.6483828926772147,
  "beta_2": 0.6510890897680238,
  "block_size": 139.70206676519092,
  "dropout": 0.2518420093607663,
  "epsilon": 0.00019116066186342754,
  "lr": 0.02847998031922719,
  "n_embd": 29.169868669117967,
  "n_head": 6.4174205558745,
  "n_layer": 3.281842079447065,
  "seed": 97382136.9427687,
  "weight_decay": 0.0031644838218578826
}