{
  "batch_size": 28.616736133310198,
  "beta_1": 0.91914995400806,
  "beta_2": 0.5439591175818096,
  "block_size": 106.15405019724014,
  "dropout": 0.24601186720903004,
  "epsilon": 0.0006351403406002438,
  "lr": 0.0671554394842982,
  "n_embd": 46.65507480598757,
  "n_head": 2.5119028816136506,
  "n_layer": 3.498389019639569,
  "seed": 305568657.8355554,
  "weight_decay": 0.00650942647942812
}