{
  "batch_size": 65.80578636362529,
  "beta_1": 0.7831529552033156,
  "beta_2": 0.3385584425936984,
  "block_size": 358.26687574938353,
  "dropout": 0.4132303863175395,
  "epsilon": 0.00032246777313520446,
  "lr": 0.028291959839557963,
  "n_embd": 39.41854237897757,
  "n_head": 6.203670998984139,
  "n_layer": 1.3772728351217625,
  "seed": 624731318.7969762,
  "weight_decay": 0.000567022829433312
}