{
  "batch_size": 93,
  "beta_1": 0.3278897334459274,
  "beta_2": 0.8993039673485717,
  "block_size": 189,
  "dropout": 0.1247104144326209,
  "epsilon": 5.82151266175e-05,
  "lr": 0.0007718682803196,
  "n_embd": 39,
  "n_head": 6,
  "n_layer": 3,
  "seed": 995180544.440106,
  "weight_decay": 0.0075539018163097
}