{
  "batch_size": 52.11041721746235,
  "beta_1": 0.5722617947933238,
  "beta_2": 0.609229608029371,
  "block_size": 206.62357171411773,
  "dropout": 0.26832259347778553,
  "epsilon": 0.0008096889018263011,
  "lr": 0.03587805245081107,
  "n_embd": 32.07272892369528,
  "n_head": 4.408085342767694,
  "n_layer": 1.1908842321409103,
  "seed": 1078060825.3053262,
  "weight_decay": 0.00025078413769536264
}