{
  "batch_size": 84.54096937316326,
  "beta_1": 0.2508328210291656,
  "beta_2": 0.17701256704914797,
  "block_size": 193.5122206252694,
  "dropout": 0.27935005428524395,
  "epsilon": 0.0006262969467214256,
  "lr": 0.030216095115789394,
  "n_embd": 33.02888592266272,
  "n_head": 3.234118283558891,
  "n_layer": 1.29564913856122,
  "seed": 1748137575.8686237,
  "weight_decay": 0.006388234488850142
}