{
  "batch_size": 19,
  "beta_1": 0.8683859926293174,
  "beta_2": 0.7057014983484168,
  "block_size": 146,
  "dropout": 0.19758095612951276,
  "epsilon": 1.5222133010751204e-07,
  "lr": 0.058923833517284724,
  "n_embd": 10,
  "n_head": 3,
  "n_layer": 1,
  "seed": 1352459277,
  "weight_decay": 3.3170724114132457e-06
}