{
  "batch_size": 66.82314609391193,
  "beta_1": 0.23319334042300488,
  "beta_2": 0.850421751154818,
  "block_size": 290.31755200858254,
  "dropout": 0.402426903605429,
  "epsilon": 0.0004994032673489446,
  "lr": 0.01283112471649798,
  "n_embd": 23.531270183361645,
  "n_head": 4.951729116299146,
  "n_layer": 4.477803488052767,
  "seed": 564873253.2097337,
  "weight_decay": 0.006718068163530831
}