{
  "batch_size": 30,
  "beta_1": 0.9181307152044345,
  "beta_2": 0.4836662399572732,
  "block_size": 89,
  "dropout": 0.3107628223608818,
  "epsilon": 5.375278446434313e-08,
  "lr": 0.012203834220985046,
  "n_embd": 9,
  "n_head": 6,
  "n_layer": 1,
  "seed": 34348625,
  "weight_decay": 4.093515441275827e-07
}