{
  "batch_size": 69,
  "beta_1": 0.2282344089481416,
  "beta_2": 0.4682153237765762,
  "block_size": 327,
  "dropout": 0.3876801369194579,
  "epsilon": 4.23819255035e-05,
  "lr": 0.0006048325043726,
  "n_embd": 29,
  "n_head": 4,
  "n_layer": 4,
  "seed": 1681965990.839619,
  "weight_decay": 7.32247303e-08
}