{
  "batch_size": 78.79886910540027,
  "beta_1": 0.9364163164515727,
  "beta_2": 0.9233903898062382,
  "block_size": 322.4343989982339,
  "dropout": 0.2449464233691296,
  "epsilon": 0.00034879357389539943,
  "lr": 0.072230964924117,
  "n_embd": 2.5373665152570393,
  "n_head": 1.4338334544898164,
  "n_layer": 2.937179794835099,
  "seed": 1167073644.3747988,
  "weight_decay": 0.0002983590946184719
}