{
  "batch_size": 87.79616240582284,
  "beta_1": 0.18953844916233537,
  "beta_2": 0.6735360541977177,
  "block_size": 348.9500341167672,
  "dropout": 0.45570745684083513,
  "epsilon": 0.00035490505957080535,
  "lr": 0.006034575080634189,
  "n_embd": 24.58651281705546,
  "n_head": 3.831673664452518,
  "n_layer": 5.557075976619288,
  "seed": 478516520.4032177,
  "weight_decay": 0.0055034600523401955
}