{
  "batch_size": 66.18329880344162,
  "beta_1": 0.12071393952622551,
  "beta_2": 0.5947033234884315,
  "block_size": 256.20501625855536,
  "dropout": 0.19766688677640928,
  "epsilon": 0.0005034424632218532,
  "lr": 0.0807838819581093,
  "n_embd": 5.538303244978985,
  "n_head": 5.544444807235722,
  "n_layer": 4.244821275534534,
  "seed": 2125644588.2247941,
  "weight_decay": 0.00011527341198644299
}