{
  "batch_size": 88,
  "beta_1": 0.5765780722584573,
  "beta_2": 0.4577019775592125,
  "block_size": 307,
  "dropout": 0.3634256963860873,
  "epsilon": 0.00040707585945050015,
  "lr": 0.0007075186780567873,
  "n_embd": 34,
  "n_head": 6,
  "n_layer": 6,
  "seed": 1837652676,
  "weight_decay": 0.0006919312420858565
}