{
  "batch_size": 81,
  "beta_1": 0.2926244293505868,
  "beta_2": 0.6942618595028416,
  "block_size": 121,
  "dropout": 0.1201144612095353,
  "epsilon": 3.40697506321e-05,
  "lr": 0.0039979115418845,
  "n_embd": 1,
  "n_head": 3,
  "n_layer": 4,
  "seed": 58933299.57352222,
  "weight_decay": 0.0010077413510025
}