{
  "batch_size": 59,
  "beta_1": 0.636652297678415,
  "beta_2": 0.42742820637254164,
  "block_size": 315,
  "dropout": 0.46186247260006064,
  "epsilon": 2.204422415822562e-07,
  "lr": 0.0006958131838436483,
  "n_embd": 32,
  "n_head": 3,
  "n_layer": 5,
  "seed": 1632746217,
  "weight_decay": 2.5835783957339394e-06
}