{
  "batch_size": 73.6212309888179,
  "beta_1": 0.12067596769300312,
  "beta_2": 0.7274844180167817,
  "block_size": 282.09021988846644,
  "dropout": 0.3844041594055827,
  "epsilon": 0.0006311958510972491,
  "lr": 0.060125337920781556,
  "n_embd": 29.772453352063028,
  "n_head": 4.94613430628738,
  "n_layer": 5.4107685660691045,
  "seed": 1860338969.1781032,
  "weight_decay": 0.009507252495620335
}