{
  "batch_size": 93,
  "beta_1": 0.6208008184702786,
  "beta_2": 0.5918880280921542,
  "block_size": 351,
  "dropout": 0.3357230783049342,
  "epsilon": 3.38611246683e-05,
  "lr": 0.0037186088936615,
  "n_embd": 46,
  "n_head": 6,
  "n_layer": 6,
  "seed": 1125224459.658173,
  "weight_decay": 2.57342710677e-05
}