{
  "batch_size": 79,
  "beta_1": 0.2791528439923274,
  "beta_2": 0.2003488098216035,
  "block_size": 217,
  "dropout": 0.1340233995059198,
  "epsilon": 3.1729377e-09,
  "lr": 0.0008215749849608,
  "n_embd": 48,
  "n_head": 6,
  "n_layer": 4,
  "seed": 2031492784.4458008,
  "weight_decay": 0.0002487482250091
}