{
  "batch_size": 36,
  "beta_1": 0.6080863753246718,
  "beta_2": 0.9779631876902478,
  "block_size": 201,
  "dropout": 0.43648494159562534,
  "epsilon": 4.7432330341767355e-08,
  "lr": 4.715874208269379e-07,
  "n_embd": 38,
  "n_head": 6,
  "n_layer": 6,
  "seed": 713108275,
  "weight_decay": 8.016783976965863e-07
}