{
  "batch_size": 83.52998317769429,
  "beta_1": 0.21039746141606314,
  "beta_2": 0.12760975619751763,
  "block_size": 374.196515334849,
  "dropout": 0.11281147969994332,
  "epsilon": 0.00036800874716127026,
  "lr": 0.008508411018424146,
  "n_embd": 15.36223717883061,
  "n_head": 6.477510006097845,
  "n_layer": 4.928183202524163,
  "seed": 1527388353.0131493,
  "weight_decay": 0.0014263620740644824
}