{
  "batch_size": 64,
  "beta_1": 0.4358260081558242,
  "beta_2": 0.7287245376998741,
  "block_size": 267,
  "dropout": 0.3553400874329343,
  "epsilon": 8.944000022689627e-10,
  "lr": 0.006900345050550334,
  "n_embd": 19,
  "n_head": 4,
  "n_layer": 2,
  "seed": 585408567,
  "weight_decay": 2.424164503940071e-05
}