{
  "batch_size": 23,
  "beta_1": 0.7901782823682322,
  "beta_2": 0.6932280578784373,
  "block_size": 111,
  "dropout": 0.2077824664930387,
  "epsilon": 1.0036766258180006e-10,
  "lr": 0.0004344305806334339,
  "n_embd": 26,
  "n_head": 6,
  "n_layer": 6,
  "seed": 986969351,
  "weight_decay": 7.061031973364657e-05
}