{
  "batch_size": 72.52585144011397,
  "beta_1": 0.5065799166668977,
  "beta_2": 0.19915068705556166,
  "block_size": 198.60259637648744,
  "dropout": 0.20409920448266494,
  "epsilon": 0.0009336934665279422,
  "lr": 0.060718194971759946,
  "n_embd": 1.3334281442582216,
  "n_head": 5.830083221077358,
  "n_layer": 4.804324054031996,
  "seed": 612904413.8126624,
  "weight_decay": 0.003978414646911266
}