{
  "batch_size": 30,
  "beta_1": 0.8986126263947605,
  "beta_2": 0.7008283279366891,
  "block_size": 130,
  "dropout": 0.46012124938982113,
  "epsilon": 0.0004174832074997976,
  "lr": 0.019031712056844896,
  "n_embd": 24,
  "n_head": 5,
  "n_layer": 1,
  "seed": 1264585270,
  "weight_decay": 3.5091905764471715e-06
}