{
  "batch_size": 29,
  "beta_1": 0.3653998044936061,
  "beta_2": 0.5532822215772498,
  "block_size": 88,
  "dropout": 0.21424835956707727,
  "epsilon": 1.2488587157638382e-07,
  "lr": 3.1924628045583697e-06,
  "n_embd": 37,
  "n_head": 6,
  "n_layer": 3,
  "seed": 1350891827,
  "weight_decay": 4.3100715706510335e-08
}