{
  "batch_size": 90,
  "beta_1": 0.2270337105530681,
  "beta_2": 0.256008546645072,
  "block_size": 131,
  "dropout": 0.4707337344834566,
  "epsilon": 4.4225478259e-06,
  "lr": 0.0005242932304944,
  "n_embd": 2,
  "n_head": 2,
  "n_layer": 1,
  "seed": 104207003.36292796,
  "weight_decay": 5.191562815e-07
}