{
  "batch_size": 42,
  "beta_1": 0.28898438904002954,
  "beta_2": 0.6733985926309768,
  "block_size": 198,
  "dropout": 0.15300380684561543,
  "epsilon": 0.0005677210163313424,
  "lr": 6.664690098341125e-06,
  "n_embd": 53,
  "n_head": 6,
  "n_layer": 6,
  "seed": 1961907932,
  "weight_decay": 5.398084248353499e-05
}