{
  "batch_size": 84.94024684007664,
  "beta_1": 0.5564678728007637,
  "beta_2": 0.8225202978146319,
  "block_size": 96.03104907680071,
  "dropout": 0.4077527075462871,
  "epsilon": 0.0004239007428827691,
  "lr": 0.09309432256652042,
  "n_embd": 36.55987451134498,
  "n_head": 5.091738119005514,
  "n_layer": 5.143869438379574,
  "seed": 137898805.9720436,
  "weight_decay": 0.0012892905189377274
}