{
  "batch_size": 28.5750746846536,
  "beta_1": 0.14881469742403636,
  "beta_2": 0.9453164566173721,
  "block_size": 287.0258192298287,
  "dropout": 0.10543427576025213,
  "epsilon": 0.000432980041066807,
  "lr": 0.048307571756914386,
  "n_embd": 43.3400825292398,
  "n_head": 6.9789642707273964,
  "n_layer": 6.810099937585355,
  "seed": 1859750439.1270993,
  "weight_decay": 0.00562572922699026
}