{
  "batch_size": 71.69267154885783,
  "beta_1": 0.2873620050172666,
  "beta_2": 0.796425844249195,
  "block_size": 305.7364320960621,
  "dropout": 0.3961046744133103,
  "epsilon": 0.00010364828254462797,
  "lr": 0.07236293716035021,
  "n_embd": 13.840754491411687,
  "n_head": 4.071278615321769,
  "n_layer": 3.3547377509992264,
  "seed": 719488521.7451274,
  "weight_decay": 0.0002635773428400711
}