{
  "batch_size": 94,
  "beta_1": 0.9510492247071974,
  "beta_2": 0.9290797983238108,
  "block_size": 325,
  "dropout": 0.4949877911875163,
  "epsilon": 0.0001796787499316,
  "lr": 8.26672099403e-05,
  "n_embd": 36,
  "n_head": 1,
  "n_layer": 5,
  "seed": 644655929.1371174,
  "weight_decay": 9.43819155e-08
}