{
  "batch_size": 72,
  "beta_1": 0.14120398116706184,
  "beta_2": 0.9187860722099356,
  "block_size": 270,
  "dropout": 0.2847680187358841,
  "epsilon": 6.351493908729115e-08,
  "lr": 0.00020834049049684908,
  "n_embd": 6,
  "n_head": 1,
  "n_layer": 2,
  "seed": 743189389,
  "weight_decay": 0.00522840373780994
}