{
  "batch_size": 64,
  "beta_1": 0.9495039372238719,
  "beta_2": 0.262229451607017,
  "block_size": 153,
  "dropout": 0.35875280193775005,
  "epsilon": 0.00013695074433347845,
  "lr": 1.0370731201123465e-06,
  "n_embd": 30,
  "n_head": 3,
  "n_layer": 3,
  "seed": 1406889044,
  "weight_decay": 1.0373788057138584e-05
}