{
  "batch_size": 35,
  "beta_1": 0.9143381730082886,
  "beta_2": 0.4657330862257923,
  "block_size": 133,
  "dropout": 0.418822282922801,
  "epsilon": 3.4515572e-09,
  "lr": 0.000972848250122,
  "n_embd": 16,
  "n_head": 2,
  "n_layer": 4,
  "seed": 662132805.4566698,
  "weight_decay": 1.002465672e-07
}