{
  "batch_size": 80.38963489778916,
  "beta_1": 0.13074788244565183,
  "beta_2": 0.9681499624340248,
  "block_size": 113.43565175999743,
  "dropout": 0.41557689444156143,
  "epsilon": 0.0007610832771200354,
  "lr": 0.028817285481674598,
  "n_embd": 48.08080693850249,
  "n_head": 5.9747628091347815,
  "n_layer": 6.29985353575969,
  "seed": 624675165.6497775,
  "weight_decay": 0.0003107122133278533
}