{
  "batch_size": 74.12545571179209,
  "beta_1": 0.9185932462770731,
  "beta_2": 0.9578632166211927,
  "block_size": 280.7485131378056,
  "dropout": 0.11253881788640285,
  "epsilon": 0.0008759542442869373,
  "lr": 0.09661996294572825,
  "n_embd": 47.54365025805944,
  "n_head": 4.826568009533973,
  "n_layer": 6.359203916850545,
  "seed": 312274689.3674072,
  "weight_decay": 0.00805934537595675
}