{
  "batch_size": 89.21589924599277,
  "beta_1": 0.11703187775684713,
  "beta_2": 0.3272267514760229,
  "block_size": 335.0528348098154,
  "dropout": 0.24887256230956828,
  "epsilon": 0.0003174066016463978,
  "lr": 0.009594179897024413,
  "n_embd": 37.68309937169839,
  "n_head": 3.0304987551469726,
  "n_layer": 1.949902074732845,
  "seed": 2127236485.7802455,
  "weight_decay": 0.004773084522002327
}