{
  "batch_size": 80,
  "beta_1": 0.37083168009903467,
  "beta_2": 0.48697497071950113,
  "block_size": 233,
  "dropout": 0.3416964613838896,
  "epsilon": 3.8668553466081155e-09,
  "lr": 0.00014040524524056914,
  "n_embd": 52,
  "n_head": 5,
  "n_layer": 5,
  "seed": 952441689,
  "weight_decay": 0.005990678388319779
}