{
  "batch_size": 55.8322004995643,
  "beta_1": 0.9477009114254876,
  "beta_2": 0.9388000834239119,
  "block_size": 259.6327606223312,
  "dropout": 0.47977896797791186,
  "epsilon": 0.00039798187490884204,
  "lr": 0.0012631181701680313,
  "n_embd": 40.085814461849004,
  "n_head": 5.269184253948303,
  "n_layer": 4.268503124045457,
  "seed": 1847636944.6242073,
  "weight_decay": 0.0008043505184396244
}