{
  "batch_size": 16,
  "beta_1": 0.4952695490669096,
  "beta_2": 0.3196822429225364,
  "block_size": 91,
  "dropout": 0.2203504612869713,
  "epsilon": 1.63060453322e-05,
  "lr": 0.005992247634031,
  "n_embd": 18,
  "n_head": 2,
  "n_layer": 3,
  "seed": 500116336.3092608,
  "weight_decay": 0.0004831391297109
}