{
  "batch_size": 58.49191171723397,
  "beta_1": 0.7720418106207539,
  "beta_2": 0.6152912881047858,
  "block_size": 196.17944256302923,
  "dropout": 0.43594329833039847,
  "epsilon": 0.0007460974539498508,
  "lr": 0.036722667407671696,
  "n_embd": 53.520783122240715,
  "n_head": 1.5775404635108576,
  "n_layer": 3.427059322791585,
  "seed": 72513037.9355824,
  "weight_decay": 0.008922024246828078
}