{
  "batch_size": 65.4694231491942,
  "beta_1": 0.8775569970229065,
  "beta_2": 0.6811429512684211,
  "block_size": 177.36282650283573,
  "dropout": 0.2417931845065963,
  "epsilon": 0.00034289291903599804,
  "lr": 0.0280218608826252,
  "n_embd": 48.90299912447534,
  "n_head": 6.9160770889639895,
  "n_layer": 3.312417540127343,
  "seed": 1139701624.802059,
  "weight_decay": 0.005636660262679082
}