{
  "batch_size": 54.24046018093609,
  "beta_1": 0.9338637281263913,
  "beta_2": 0.921855871157437,
  "block_size": 194.67889941875268,
  "dropout": 0.3192297285054818,
  "epsilon": 0.0007841825593496591,
  "lr": 0.021904860295936267,
  "n_embd": 1.7105435966425602,
  "n_head": 4.6600016649176546,
  "n_layer": 2.804796077696317,
  "seed": 1083751792.353861,
  "weight_decay": 0.005631388501395042
}