{
  "batch_size": 25,
  "beta_1": 0.6033240864298938,
  "beta_2": 0.40051724595853033,
  "block_size": 333,
  "dropout": 0.4088131717566107,
  "epsilon": 5.2660638276430435e-05,
  "lr": 1.6276719993321194e-05,
  "n_embd": 28,
  "n_head": 3,
  "n_layer": 3,
  "seed": 1837255892,
  "weight_decay": 2.456434164944084e-06
}