{
  "batch_size": 85.74132284563885,
  "beta_1": 0.63806147348472,
  "beta_2": 0.6130693198681821,
  "block_size": 228.4375553676761,
  "dropout": 0.23992175103995028,
  "epsilon": 0.00032667560877891477,
  "lr": 0.013829736701050479,
  "n_embd": 41.13218698205988,
  "n_head": 5.699533577566701,
  "n_layer": 5.301175260653299,
  "seed": 955521930.0479,
  "weight_decay": 0.006582012773932605
}