{
  "batch_size": 32,
  "beta_1": 0.7517998491321697,
  "beta_2": 0.20300202024465697,
  "block_size": 75,
  "dropout": 0.2092979905328789,
  "epsilon": 3.101173919742001e-08,
  "lr": 0.005717176662070083,
  "n_embd": 10,
  "n_head": 5,
  "n_layer": 4,
  "seed": 280222259,
  "weight_decay": 9.99379300040059e-06
}