{
  "batch_size": 34.45864249623632,
  "beta_1": 0.1798473290525628,
  "beta_2": 0.32267123717101487,
  "block_size": 144.91947146259582,
  "dropout": 0.3613857382928858,
  "epsilon": 0.0001948003915065536,
  "lr": 0.03857366219368154,
  "n_embd": 36.63096981330471,
  "n_head": 5.306322738050433,
  "n_layer": 5.158368343708809,
  "seed": 416078841.39931417,
  "weight_decay": 0.00482897965229759
}