{
  "batch_size": 93,
  "beta_1": 0.3390121236755658,
  "beta_2": 0.6996500524053652,
  "block_size": 161,
  "dropout": 0.3857836118773678,
  "epsilon": 9.30331573352e-05,
  "lr": 0.0006241085806477,
  "n_embd": 30,
  "n_head": 2,
  "n_layer": 2,
  "seed": 897893186.6224551,
  "weight_decay": 0.0001218199284804
}