{
  "batch_size": 31,
  "beta_1": 0.9682433427678863,
  "beta_2": 0.988131214139249,
  "block_size": 137,
  "dropout": 0.44655289627203276,
  "epsilon": 0.0005727208932736377,
  "lr": 1.178546420701653e-05,
  "n_embd": 30,
  "n_head": 4,
  "n_layer": 2,
  "seed": 813241938,
  "weight_decay": 5.202880083287335e-07
}