{
  "batch_size": 36,
  "beta_1": 0.807544282978438,
  "beta_2": 0.6757939264092329,
  "block_size": 95,
  "dropout": 0.2607879389197404,
  "epsilon": 1.4961056413e-06,
  "lr": 0.0494657237320154,
  "n_embd": 30,
  "n_head": 4,
  "n_layer": 2,
  "seed": 1183481390.7629106,
  "weight_decay": 4.448031778e-07
}