{
  "batch_size": 21,
  "beta_1": 0.7434572116450058,
  "beta_2": 0.651619561750338,
  "block_size": 67,
  "dropout": 0.134535423304272,
  "epsilon": 1.1749410938e-06,
  "lr": 0.0043376555457429,
  "n_embd": 2,
  "n_head": 6,
  "n_layer": 6,
  "seed": 2049923182.0569103,
  "weight_decay": 4.4037903834e-06
}