{
  "batch_size": 42.75145034821608,
  "beta_1": 0.946517904008585,
  "beta_2": 0.8968915686726553,
  "block_size": 200.38698690675062,
  "dropout": 0.2957189600825797,
  "epsilon": 0.00045118731115525497,
  "lr": 0.060174070899621526,
  "n_embd": 14.164273582213132,
  "n_head": 5.6079688525001545,
  "n_layer": 3.749387441970656,
  "seed": 1043909398.456725,
  "weight_decay": 0.009892631511435048
}