{
  "batch_size": 83,
  "beta_1": 0.6453645738270405,
  "beta_2": 0.5656559891130059,
  "block_size": 221,
  "dropout": 0.15849806566415717,
  "epsilon": 7.933105343256012e-07,
  "lr": 1.7276090822116387e-06,
  "n_embd": 14,
  "n_head": 5,
  "n_layer": 2,
  "seed": 1344757013,
  "weight_decay": 1.7103885009940615e-06
}