{
  "batch_size": 92.12496812894456,
  "beta_1": 0.7560605591773758,
  "beta_2": 0.936780417374495,
  "block_size": 128.9401868827067,
  "dropout": 0.22400167554497444,
  "epsilon": 0.0006038785684626328,
  "lr": 0.05248025843948817,
  "n_embd": 46.68173960210423,
  "n_head": 3.474266814155954,
  "n_layer": 3.523003178483755,
  "seed": 1860446455.3054106,
  "weight_decay": 0.0019965329515416056
}