{
  "batch_size": 74.94452232790121,
  "beta_1": 0.4502910661922096,
  "beta_2": 0.5731176005296643,
  "block_size": 268.4355660436949,
  "dropout": 0.16371116588160056,
  "epsilon": 0.0007821687693287726,
  "lr": 0.09105726270888966,
  "n_embd": 49.83033828991212,
  "n_head": 5.42527672698197,
  "n_layer": 5.56925436418035,
  "seed": 1753503534.5605283,
  "weight_decay": 0.001285469613613473
}