{
  "batch_size": 60.40812428972055,
  "beta_1": 0.5048212512645913,
  "beta_2": 0.12645311009636398,
  "block_size": 174.6464355225183,
  "dropout": 0.18263092560587665,
  "epsilon": 0.000590215992225932,
  "lr": 0.05116263480521204,
  "n_embd": 16.87397532840376,
  "n_head": 3.2871902160930184,
  "n_layer": 2.350541760470065,
  "seed": 877826693.2958187,
  "weight_decay": 0.009614824080409543
}