{
  "batch_size": 32,
  "beta_1": 0.13249013361390044,
  "beta_2": 0.7144076123236619,
  "block_size": 377,
  "dropout": 0.1359763102846129,
  "epsilon": 1.6368029817840024e-05,
  "lr": 1.522894450434341e-05,
  "n_embd": 53,
  "n_head": 6,
  "n_layer": 4,
  "seed": 1564746636,
  "weight_decay": 0.007704385338428292
}