{
  "batch_size": 43.32574906859513,
  "beta_1": 0.6108340602241675,
  "beta_2": 0.4732815488203377,
  "block_size": 198.15422688545698,
  "dropout": 0.26565159257108595,
  "epsilon": 0.0007469805628320767,
  "lr": 0.09753842837316064,
  "n_embd": 48.34056015470352,
  "n_head": 2.527375262271958,
  "n_layer": 3.119276891629725,
  "seed": 1820789598.7152681,
  "weight_decay": 0.007258537493266226
}