{
  "batch_size": 88.53648766079073,
  "beta_1": 0.2647579376262291,
  "beta_2": 0.15250975752747564,
  "block_size": 336.9135212796792,
  "dropout": 0.42184793785879326,
  "epsilon": 0.0003531805924067391,
  "lr": 0.04002457062046863,
  "n_embd": 5.212949552143615,
  "n_head": 1.6632173472928207,
  "n_layer": 4.626608425045321,
  "seed": 1419672310.786076,
  "weight_decay": 0.00429128357626171
}