{
  "batch_size": 52,
  "beta_1": 0.6217756618258539,
  "beta_2": 0.4748919416883601,
  "block_size": 171,
  "dropout": 0.357935366070047,
  "epsilon": 1.11134817881e-05,
  "lr": 0.0008373989375082,
  "n_embd": 43,
  "n_head": 5,
  "n_layer": 5,
  "seed": 252918306.2163472,
  "weight_decay": 8.98789826671e-05
}