{
  "batch_size": 47,
  "beta_1": 0.2337124300210978,
  "beta_2": 0.632149443220679,
  "block_size": 377,
  "dropout": 0.2504159387281215,
  "epsilon": 2.358349693614182e-06,
  "lr": 2.0648242436893677e-05,
  "n_embd": 4,
  "n_head": 3,
  "n_layer": 5,
  "seed": 1729020928,
  "weight_decay": 1.5506199948704963e-05
}