{
  "batch_size": 17.354090297066087,
  "beta_1": 0.35809374324799514,
  "beta_2": 0.8721569825039468,
  "block_size": 217.35714554671526,
  "dropout": 0.40365493832627297,
  "epsilon": 0.0004046539077755244,
  "lr": 0.06986692294066132,
  "n_embd": 8.888834745872671,
  "n_head": 6.26718864158374,
  "n_layer": 4.00304274653204,
  "seed": 1175265151.5866213,
  "weight_decay": 0.005015188926572944
}