{
  "batch_size": 50,
  "beta_1": 0.4209833417005584,
  "beta_2": 0.7944770605788265,
  "block_size": 93,
  "dropout": 0.1486773050678894,
  "epsilon": 0.0005006443396188685,
  "lr": 3.2461978479366828e-06,
  "n_embd": 18,
  "n_head": 1,
  "n_layer": 4,
  "seed": 894323819,
  "weight_decay": 2.402704097183483e-06
}