{
  "batch_size": 94,
  "beta_1": 0.9837724748000918,
  "beta_2": 0.7901365915314389,
  "block_size": 248,
  "dropout": 0.23778190895714368,
  "epsilon": 2.1547205046027014e-06,
  "lr": 0.0001067178388353083,
  "n_embd": 31,
  "n_head": 4,
  "n_layer": 2,
  "seed": 927885186,
  "weight_decay": 6.005340966255727e-07
}