{
  "batch_size": 45,
  "beta_1": 0.15291373965700558,
  "beta_2": 0.6744207758626802,
  "block_size": 362,
  "dropout": 0.18852159873784083,
  "epsilon": 7.09594320665517e-06,
  "lr": 0.00015146456819419485,
  "n_embd": 39,
  "n_head": 2,
  "n_layer": 3,
  "seed": 814430717,
  "weight_decay": 0.003197001117869835
}