{
  "batch_size": 25.313356741966388,
  "beta_1": 0.6821156571876852,
  "beta_2": 0.8680968273828307,
  "block_size": 215.44917626105018,
  "dropout": 0.3649336464561276,
  "epsilon": 0.0006351826093601345,
  "lr": 0.009784863423895044,
  "n_embd": 38.93514703539603,
  "n_head": 4.704720193343074,
  "n_layer": 6.048037095599947,
  "seed": 1856380127.335273,
  "weight_decay": 0.009400531274157988
}