{
  "batch_size": 25,
  "beta_1": 0.8830861198121643,
  "beta_2": 0.6878268422351824,
  "block_size": 168,
  "dropout": 0.16698891248107497,
  "epsilon": 3.802999098780448e-08,
  "lr": 0.00025146947927071604,
  "n_embd": 9,
  "n_head": 2,
  "n_layer": 1,
  "seed": 1679469026,
  "weight_decay": 0.0014068644016872283
}