{
  "batch_size": 52.233881531923785,
  "beta_1": 0.6705909148135398,
  "beta_2": 0.9836663304262757,
  "block_size": 184.94783793157205,
  "dropout": 0.2643112924557782,
  "epsilon": 0.00030123695345964893,
  "lr": 0.06637616274968226,
  "n_embd": 33.273779007692724,
  "n_head": 6.406728496660288,
  "n_layer": 5.70268450100774,
  "seed": 1502974521.7912648,
  "weight_decay": 0.008208744566835983
}