{
  "batch_size": 81.87711800859186,
  "beta_1": 0.42862008163615606,
  "beta_2": 0.8412921165128533,
  "block_size": 196.67674103340264,
  "dropout": 0.2934570064654525,
  "epsilon": 0.0004100175620966389,
  "lr": 0.09755722060036937,
  "n_embd": 20.736845666999276,
  "n_head": 1.2719085662963168,
  "n_layer": 1.290887312051099,
  "seed": 603914186.6096139,
  "weight_decay": 0.007132653392329788
}