{
  "batch_size": 27,
  "beta_1": 0.6220728581955702,
  "beta_2": 0.8763295154583459,
  "block_size": 129,
  "dropout": 0.2470004201873468,
  "epsilon": 1.2851117e-09,
  "lr": 0.0004603146528345,
  "n_embd": 27,
  "n_head": 5,
  "n_layer": 6,
  "seed": 271346682.4606621,
  "weight_decay": 0.0025938207614923
}