{
  "batch_size": 39,
  "beta_1": 0.5559178389001135,
  "beta_2": 0.497359596098193,
  "block_size": 265,
  "dropout": 0.3185227804129492,
  "epsilon": 8.223791581331402e-09,
  "lr": 3.2342209868920637e-06,
  "n_embd": 34,
  "n_head": 5,
  "n_layer": 6,
  "seed": 189974379,
  "weight_decay": 3.232478842250965e-07
}