{
  "batch_size": 66,
  "beta_1": 0.6937654840474777,
  "beta_2": 0.504538049458822,
  "block_size": 242,
  "dropout": 0.3463346886753593,
  "epsilon": 0.00010775130544341463,
  "lr": 0.040156947513944774,
  "n_embd": 35,
  "n_head": 2,
  "n_layer": 6,
  "seed": 507046368,
  "weight_decay": 2.147379669015276e-06
}