{
  "batch_size": 75,
  "beta_1": 0.360601985473429,
  "beta_2": 0.8964374430314243,
  "block_size": 226,
  "dropout": 0.4936952217236741,
  "epsilon": 1.117744e-10,
  "lr": 0.0012780974250928,
  "n_embd": 36,
  "n_head": 1,
  "n_layer": 5,
  "seed": 2074982322.3261986,
  "weight_decay": 2.51249858e-08
}