{
  "batch_size": 63,
  "beta_1": 0.4011166499174227,
  "beta_2": 0.5825061104947308,
  "block_size": 137,
  "dropout": 0.1663606804182457,
  "epsilon": 7.1398701758e-05,
  "lr": 0.0007959313716909,
  "n_embd": 29,
  "n_head": 6,
  "n_layer": 5,
  "seed": 1546729051.351857,
  "weight_decay": 0.000297134335269
}