{
  "batch_size": 37.473724951071084,
  "beta_1": 0.8328014379405208,
  "beta_2": 0.24140448042333246,
  "block_size": 104.59902215221545,
  "dropout": 0.1558257454503314,
  "epsilon": 0.0005817480944325533,
  "lr": 0.04813334994347333,
  "n_embd": 24.961237761529667,
  "n_head": 3.2049527285486494,
  "n_layer": 6.27516669184515,
  "seed": 2054150856.1221309,
  "weight_decay": 0.004520620323624649
}