{
  "batch_size": 48,
  "beta_1": 0.6700009869838824,
  "beta_2": 0.9490853820785607,
  "block_size": 182,
  "dropout": 0.100017683952861,
  "epsilon": 2.62143e-10,
  "lr": 0.0020349454187688,
  "n_embd": 39,
  "n_head": 4,
  "n_layer": 2,
  "seed": 1619198841.0929008,
  "weight_decay": 2.77435484e-08
}