{
  "batch_size": 70,
  "beta_1": 0.220943490387945,
  "beta_2": 0.9712660347194254,
  "block_size": 383,
  "dropout": 0.2882060328536804,
  "epsilon": 2.21615594e-08,
  "lr": 0.0001153446974372,
  "n_embd": 44,
  "n_head": 5,
  "n_layer": 6,
  "seed": 458288758.2269215,
  "weight_decay": 1.287512437e-07
}