{
  "batch_size": 21.69987692964223,
  "beta_1": 0.7024213575214523,
  "beta_2": 0.7336842821040912,
  "block_size": 98.84147543381759,
  "dropout": 0.39725623857814296,
  "epsilon": 0.0003770803105515468,
  "lr": 0.03378821307840362,
  "n_embd": 47.24854828787506,
  "n_head": 2.946956114295128,
  "n_layer": 6.942330594860097,
  "seed": 505488623.54926574,
  "weight_decay": 0.0048739042117938855
}