{
  "batch_size": 56.91805428848386,
  "beta_1": 0.861452235888227,
  "beta_2": 0.1839855687145326,
  "block_size": 370.72469738382483,
  "dropout": 0.4427471841533325,
  "epsilon": 0.0008740533249801601,
  "lr": 0.0047136357907357615,
  "n_embd": 42.03866881418461,
  "n_head": 2.49248795003637,
  "n_layer": 5.722513301299752,
  "seed": 1681701070.9482496,
  "weight_decay": 0.006273844287258796
}