{
  "batch_size": 71,
  "beta_1": 0.7066337040527848,
  "beta_2": 0.9602714697086207,
  "block_size": 205,
  "dropout": 0.1579409225141078,
  "epsilon": 2.6120404566e-06,
  "lr": 0.0127575674471987,
  "n_embd": 8,
  "n_head": 2,
  "n_layer": 5,
  "seed": 1780353974.3044047,
  "weight_decay": 7.42750264e-08
}