{
  "batch_size": 49.3737753640438,
  "beta_1": 0.5314939428719684,
  "beta_2": 0.3482960753753712,
  "block_size": 340.71967470690487,
  "dropout": 0.2607002162855908,
  "epsilon": 0.0005984141118695938,
  "lr": 0.054343059846469796,
  "n_embd": 49.31272205159236,
  "n_head": 6.791578984107255,
  "n_layer": 1.5116305082377859,
  "seed": 2127319261.300411,
  "weight_decay": 0.006440764285021075
}