{
  "batch_size": 84.82970616270784,
  "beta_1": 0.732539687010705,
  "beta_2": 0.3534310043421459,
  "block_size": 115.1362539088725,
  "dropout": 0.12392738054418016,
  "epsilon": 0.0007024723409343312,
  "lr": 0.03276096405840982,
  "n_embd": 0.8475545223929769,
  "n_head": 4.432093976437237,
  "n_layer": 5.556094073674054,
  "seed": 10622102.78003781,
  "weight_decay": 0.008743677101102286
}