{
  "batch_size": 53.74828432085269,
  "beta_1": 0.1643958824224978,
  "beta_2": 0.3327378083466808,
  "block_size": 227.16704713710257,
  "dropout": 0.32008975530140404,
  "epsilon": 0.00045008378340065,
  "lr": 0.0621038058455878,
  "n_embd": 45.82797606285784,
  "n_head": 6.849048377552571,
  "n_layer": 4.00177433135363,
  "seed": 882797691.0397568,
  "weight_decay": 0.008953123552379465
}