{
  "batch_size": 48.24677073408008,
  "beta_1": 0.41040967548573426,
  "beta_2": 0.6994617142248887,
  "block_size": 333.55064301815054,
  "dropout": 0.15805994749577246,
  "epsilon": 0.0002628219500855901,
  "lr": 0.07775622646475126,
  "n_embd": 6.476358544594889,
  "n_head": 1.1380920757248072,
  "n_layer": 2.741769102571312,
  "seed": 1051268223.4327598,
  "weight_decay": 0.007837293720677515
}