{
  "batch_size": 59,
  "beta_1": 0.2791986825006362,
  "beta_2": 0.7716576437088123,
  "block_size": 272,
  "dropout": 0.1183973657122198,
  "epsilon": 2.56692e-10,
  "lr": 0.0013516237073024,
  "n_embd": 45,
  "n_head": 5,
  "n_layer": 2,
  "seed": 336219248.5130812,
  "weight_decay": 3.55617424667e-05
}