{
  "batch_size": 64.02429010434997,
  "beta_1": 0.5329489171405011,
  "beta_2": 0.9064278749443585,
  "block_size": 110.59556874059592,
  "dropout": 0.2515161279369481,
  "epsilon": 0.0008392589728515919,
  "lr": 0.0982339840206731,
  "n_embd": 22.027823100455237,
  "n_head": 3.7356696776761127,
  "n_layer": 4.978044200698015,
  "seed": 1609086070.4934475,
  "weight_decay": 0.0014756933373489755
}