{
  "batch_size": 35.66803167499914,
  "beta_1": 0.30526569309107454,
  "beta_2": 0.19131657057512844,
  "block_size": 217.51231251751489,
  "dropout": 0.4965199201831919,
  "epsilon": 0.0008126246230181666,
  "lr": 0.07911788009784367,
  "n_embd": 5.015751507393445,
  "n_head": 3.1867303143717094,
  "n_layer": 3.456724900647951,
  "seed": 1149408918.8077137,
  "weight_decay": 0.001104832220865586
}