{
  "batch_size": 71.20095906581747,
  "beta_1": 0.862874206584324,
  "beta_2": 0.6920319372310598,
  "block_size": 237.06594220257116,
  "dropout": 0.29692988011744426,
  "epsilon": 0.0006220967159239026,
  "lr": 0.025852816676111365,
  "n_embd": 14.691272498645008,
  "n_head": 3.4617285821939214,
  "n_layer": 5.543942859845442,
  "seed": 1638543925.2307565,
  "weight_decay": 0.00483274796754984
}