{
  "batch_size": 33,
  "beta_1": 0.1399419319754104,
  "beta_2": 0.2767811279732745,
  "block_size": 162,
  "dropout": 0.1096052483302349,
  "epsilon": 1.0066224e-09,
  "lr": 0.0007749172141698,
  "n_embd": 26,
  "n_head": 3,
  "n_layer": 3,
  "seed": 2047125687.0040705,
  "weight_decay": 2.835148964e-07
}