{
  "batch_size": 94.85613745373134,
  "beta_1": 0.8121001145113544,
  "beta_2": 0.9735756337279033,
  "block_size": 270.03014281342877,
  "dropout": 0.305764994473253,
  "epsilon": 0.0001999146037492838,
  "lr": 0.023005321262088676,
  "n_embd": 22.55418276097142,
  "n_head": 5.74442220698329,
  "n_layer": 5.712669432339241,
  "seed": 1374813815.634428,
  "weight_decay": 0.007907316581849356
}