{
  "batch_size": 70,
  "beta_1": 0.37028406137001557,
  "beta_2": 0.8904033059620096,
  "block_size": 342,
  "dropout": 0.11978349943029194,
  "epsilon": 1.2125826694866403e-10,
  "lr": 0.00011638331924186298,
  "n_embd": 48,
  "n_head": 6,
  "n_layer": 1,
  "seed": 471082496,
  "weight_decay": 0.0003932965309200904
}