{
  "batch_size": 30.56851850965785,
  "beta_1": 0.3143169655714481,
  "beta_2": 0.9643787700900327,
  "block_size": 332.34731726652814,
  "dropout": 0.2537070210171153,
  "epsilon": 0.0006345869041293872,
  "lr": 0.021500512476518248,
  "n_embd": 45.21183680881891,
  "n_head": 1.3221346279483728,
  "n_layer": 1.2636019667841019,
  "seed": 1139674122.8318536,
  "weight_decay": 0.0022646720475224605
}