{
  "batch_size": 32.12869774811742,
  "beta_1": 0.9302314593223557,
  "beta_2": 0.5543407918011678,
  "block_size": 334.5039752365742,
  "dropout": 0.21514738358815777,
  "epsilon": 0.0005838360638735926,
  "lr": 0.05155031950476147,
  "n_embd": 29.901817476504156,
  "n_head": 5.588399827677206,
  "n_layer": 5.009063452103866,
  "seed": 269460459.1891067,
  "weight_decay": 0.0061777464627419225
}