{
  "batch_size": 71,
  "beta_1": 0.7791638775169697,
  "beta_2": 0.8893211043179375,
  "block_size": 310,
  "dropout": 0.3484823986151251,
  "epsilon": 1.029627688e-07,
  "lr": 0.0002870700402957,
  "n_embd": 42,
  "n_head": 5,
  "n_layer": 5,
  "seed": 348648712.40141594,
  "weight_decay": 1.90309121e-08
}