{
  "batch_size": 33,
  "beta_1": 0.5714009140966163,
  "beta_2": 0.8568924791823125,
  "block_size": 124,
  "dropout": 0.11733297225537856,
  "epsilon": 1.2712376828513821e-06,
  "lr": 0.0013565906675421326,
  "n_embd": 22,
  "n_head": 4,
  "n_layer": 3,
  "seed": 1551910945,
  "weight_decay": 3.74395172369763e-05
}