{
  "batch_size": 63.52236685589208,
  "beta_1": 0.9503034844854622,
  "beta_2": 0.5861828171507631,
  "block_size": 129.5670025149025,
  "dropout": 0.13960262521720052,
  "epsilon": 0.0005727877992158974,
  "lr": 0.038587001224794144,
  "n_embd": 7.351961238487625,
  "n_head": 4.381377093646906,
  "n_layer": 3.3787572894038505,
  "seed": 1860568878.2670562,
  "weight_decay": 0.007937904921957686
}