{
  "batch_size": 72.8508463041288,
  "beta_1": 0.1018470664426231,
  "beta_2": 0.1277903004104815,
  "block_size": 110.45057115118459,
  "dropout": 0.30613207653534125,
  "epsilon": 0.0008662111922241153,
  "lr": 0.09464604046749166,
  "n_embd": 24.033053095328384,
  "n_head": 5.554791783994241,
  "n_layer": 1.8895573019601306,
  "seed": 42609040.34106474,
  "weight_decay": 0.006262924936946764
}