{
  "batch_size": 31.25202801875088,
  "beta_1": 0.8833661004551931,
  "beta_2": 0.16501705802870237,
  "block_size": 177.45668805891435,
  "dropout": 0.22813247548050866,
  "epsilon": 0.0007264526137843085,
  "lr": 0.04048153542040462,
  "n_embd": 2.0963829159741554,
  "n_head": 5.086527662749442,
  "n_layer": 2.35075182913969,
  "seed": 1886384767.7896962,
  "weight_decay": 0.004571183721153243
}