{
  "batch_size": 96,
  "beta_1": 0.4046552487715217,
  "beta_2": 0.9597037373925804,
  "block_size": 308,
  "dropout": 0.2808578039289678,
  "epsilon": 8.827217e-08,
  "lr": 0.0018709585378707,
  "n_embd": 3,
  "n_head": 4,
  "n_layer": 4,
  "seed": 829265436.9374576,
  "weight_decay": 2.14054916e-08
}