{
  "batch_size": 74.68642396628552,
  "beta_1": 0.7868239889951247,
  "beta_2": 0.8157642732278044,
  "block_size": 382.06646845873496,
  "dropout": 0.440389129839867,
  "epsilon": 0.0008146245011701401,
  "lr": 0.06582570772089805,
  "n_embd": 52.681772982095104,
  "n_head": 1.7884391095579768,
  "n_layer": 1.1798978075438873,
  "seed": 308507981.66307,
  "weight_decay": 0.002662376466277074
}