{
  "batch_size": 74.62968910861713,
  "beta_1": 0.5400472147091021,
  "beta_2": 0.8481077286625587,
  "block_size": 150.56534738095513,
  "dropout": 0.13405339278536843,
  "epsilon": 0.000178758521496359,
  "lr": 0.052710147777533814,
  "n_embd": 50.64010412127145,
  "n_head": 1.3770815282239517,
  "n_layer": 2.58543753532038,
  "seed": 1054639576.7139094,
  "weight_decay": 0.00037413281510511557
}