{
  "batch_size": 40.27849820705271,
  "beta_1": 0.6474496383683984,
  "beta_2": 0.8124785950800156,
  "block_size": 211.19245874228312,
  "dropout": 0.3671053724935581,
  "epsilon": 0.0003581267453318055,
  "lr": 0.09578255961157617,
  "n_embd": 42.88525789745855,
  "n_head": 3.5908007107054636,
  "n_layer": 2.4627135334314123,
  "seed": 2116860259.6103165,
  "weight_decay": 0.0013895501168567244
}