{
  "batch_size": 39,
  "beta_1": 0.2605681760474423,
  "beta_2": 0.46023207813140343,
  "block_size": 372,
  "dropout": 0.2680822104926689,
  "epsilon": 9.297053449443524e-09,
  "lr": 0.003144005552589979,
  "n_embd": 4,
  "n_head": 5,
  "n_layer": 6,
  "seed": 1830770997,
  "weight_decay": 8.49547896043565e-06
}