{
  "batch_size": 52,
  "beta_1": 0.7090384555975032,
  "beta_2": 0.9429894455418716,
  "block_size": 163,
  "dropout": 0.1852017148629126,
  "epsilon": 1.773619972e-07,
  "lr": 0.0316327214177058,
  "n_embd": 35,
  "n_head": 6,
  "n_layer": 4,
  "seed": 1628649474.4911935,
  "weight_decay": 5.698453748e-06
}