{
  "batch_size": 95.24982702251238,
  "beta_1": 0.784847398010232,
  "beta_2": 0.95958950599225,
  "block_size": 179.51882412012046,
  "dropout": 0.2226843845933682,
  "epsilon": 0.00014647958855734826,
  "lr": 0.06620351731128966,
  "n_embd": 52.38770354338951,
  "n_head": 1.0534789301984464,
  "n_layer": 5.318429718253018,
  "seed": 271745343.0386399,
  "weight_decay": 0.0025272569464806494
}