{
  "batch_size": 56.40290545668219,
  "beta_1": 0.18599358280630826,
  "beta_2": 0.9939340653162025,
  "block_size": 298.0169407654415,
  "dropout": 0.1796249856801705,
  "epsilon": 2.1510595389485936e-05,
  "lr": 0.04948109442688336,
  "n_embd": 38.75792405888396,
  "n_head": 6.545464028869757,
  "n_layer": 4.366962418576565,
  "seed": 34030564.97969724,
  "weight_decay": 0.001842020464601081
}