{
  "batch_size": 50.541065691627324,
  "beta_1": 0.4844058532595562,
  "beta_2": 0.20853320881102738,
  "block_size": 177.6887076783932,
  "dropout": 0.11996023720853405,
  "epsilon": 0.0003990715155089622,
  "lr": 0.005324869156719611,
  "n_embd": 44.152870714911906,
  "n_head": 3.7775794941340877,
  "n_layer": 3.9362992958082508,
  "seed": 1639316327.9585226,
  "weight_decay": 0.0027887514148902796
}