{
  "batch_size": 67,
  "beta_1": 0.3329008857393722,
  "beta_2": 0.9601660611346265,
  "block_size": 180,
  "dropout": 0.1164825334266234,
  "epsilon": 4.57113e-09,
  "lr": 0.0062541866486188,
  "n_embd": 9,
  "n_head": 2,
  "n_layer": 4,
  "seed": 1482979832.817985,
  "weight_decay": 3.865815564e-07
}