{
  "batch_size": 19,
  "beta_1": 0.3910573269134336,
  "beta_2": 0.6947411805300989,
  "block_size": 225,
  "dropout": 0.2217319478745352,
  "epsilon": 0.0001032429350929,
  "lr": 0.0241417691576442,
  "n_embd": 6,
  "n_head": 3,
  "n_layer": 3,
  "seed": 110021658.6050105,
  "weight_decay": 1.6820144713e-06
}