{
  "batch_size": 93.65282829143362,
  "beta_1": 0.3606385018896241,
  "beta_2": 0.682901403908908,
  "block_size": 90.21444416679532,
  "dropout": 0.23299631069525362,
  "epsilon": 0.0006174933612615256,
  "lr": 0.0937715079908502,
  "n_embd": 44.13356536609352,
  "n_head": 2.4668739454053554,
  "n_layer": 4.408459636237424,
  "seed": 1639303874.1950037,
  "weight_decay": 0.007999436542875356
}