{
  "batch_size": 24,
  "beta_1": 0.3077541799256771,
  "beta_2": 0.4372546844561719,
  "block_size": 247,
  "dropout": 0.37117446576220947,
  "epsilon": 5.802254375730107e-07,
  "lr": 0.0006609965888823594,
  "n_embd": 41,
  "n_head": 6,
  "n_layer": 2,
  "seed": 8691287,
  "weight_decay": 6.964230752106016e-08
}