{
  "batch_size": 85.92352732082746,
  "beta_1": 0.8256490416525059,
  "beta_2": 0.46341103486802115,
  "block_size": 165.5381188270768,
  "dropout": 0.49475396458696663,
  "epsilon": 0.0009954796319468664,
  "lr": 0.017470333011829285,
  "n_embd": 0.4275194694683168,
  "n_head": 3.230140829731453,
  "n_layer": 6.07123554994407,
  "seed": 1429696636.4388907,
  "weight_decay": 0.0036435262291647447
}