{
  "batch_size": 71.22802615340096,
  "beta_1": 0.7778912936743319,
  "beta_2": 0.11573415701959175,
  "block_size": 380.00284401780306,
  "dropout": 0.4273349501330935,
  "epsilon": 0.000576710945672648,
  "lr": 0.07392721879111785,
  "n_embd": 50.71820801890661,
  "n_head": 2.0595921905215553,
  "n_layer": 4.312494255783158,
  "seed": 473376944.2159783,
  "weight_decay": 0.004482671518820947
}