{
  "batch_size": 62,
  "beta_1": 0.5683714507978644,
  "beta_2": 0.9609985981815745,
  "block_size": 146,
  "dropout": 0.22722636249801742,
  "epsilon": 9.305157583534133e-09,
  "lr": 0.015402172352423377,
  "n_embd": 27,
  "n_head": 4,
  "n_layer": 4,
  "seed": 1389555329,
  "weight_decay": 3.63289666410134e-05
}