{
  "batch_size": 68.48534921471048,
  "beta_1": 0.6271144798209184,
  "beta_2": 0.39835313486934165,
  "block_size": 269.92977140965604,
  "dropout": 0.22263430195590506,
  "epsilon": 0.00011297139895541632,
  "lr": 0.02388360527999016,
  "n_embd": 48.51041507432529,
  "n_head": 4.5762055893873015,
  "n_layer": 4.520651845378337,
  "seed": 1026262191.717151,
  "weight_decay": 0.004115433148578436
}