{
  "batch_size": 29,
  "beta_1": 0.5075274199975672,
  "beta_2": 0.1102711217605633,
  "block_size": 198,
  "dropout": 0.24074818083067684,
  "epsilon": 1.5450960954238348e-10,
  "lr": 0.0028125387531575804,
  "n_embd": 53,
  "n_head": 4,
  "n_layer": 2,
  "seed": 126911156,
  "weight_decay": 9.536406074422281e-08
}