{
  "batch_size": 42,
  "beta_1": 0.10203560545689919,
  "beta_2": 0.5350890992120374,
  "block_size": 247,
  "dropout": 0.39464739784859704,
  "epsilon": 9.708872482132863e-08,
  "lr": 0.010150145571000671,
  "n_embd": 35,
  "n_head": 6,
  "n_layer": 2,
  "seed": 1595681901,
  "weight_decay": 5.725124288543064e-07
}