{
  "batch_size": 25.764503068338435,
  "beta_1": 0.152924758815795,
  "beta_2": 0.40150110109438586,
  "block_size": 339.14279640558834,
  "dropout": 0.2307550566676435,
  "epsilon": 0.0006510344101735939,
  "lr": 0.041839860057973494,
  "n_embd": 37.43515194565298,
  "n_head": 3.409956240410188,
  "n_layer": 2.4732335575291224,
  "seed": 416053132.6730965,
  "weight_decay": 0.0004685222212635961
}