{
  "batch_size": 86,
  "beta_1": 0.1127175491005416,
  "beta_2": 0.2564284054974814,
  "block_size": 352,
  "dropout": 0.1202010780443535,
  "epsilon": 3.55982839703e-05,
  "lr": 0.0010158097212962,
  "n_embd": 33,
  "n_head": 1,
  "n_layer": 6,
  "seed": 2098497443.561781,
  "weight_decay": 4.24210774995e-05
}