{
  "batch_size": 73,
  "beta_1": 0.3153596030350488,
  "beta_2": 0.4593314618630406,
  "block_size": 76,
  "dropout": 0.1622059848519195,
  "epsilon": 1.56518769e-08,
  "lr": 0.0001987158601315,
  "n_embd": 48,
  "n_head": 2,
  "n_layer": 5,
  "seed": 1569710002.8146358,
  "weight_decay": 8.62659959e-08
}