{
  "batch_size": 65,
  "beta_1": 0.6824982641915827,
  "beta_2": 0.7068716815957012,
  "block_size": 375,
  "dropout": 0.1973387452757943,
  "epsilon": 1.09110193693e-05,
  "lr": 0.0004531199466594,
  "n_embd": 48,
  "n_head": 5,
  "n_layer": 4,
  "seed": 1951648477.4629464,
  "weight_decay": 0.0001856191670869
}