{
  "batch_size": 36.88766853592463,
  "beta_1": 0.39774592764736916,
  "beta_2": 0.5477020279847844,
  "block_size": 85.63879561875159,
  "dropout": 0.1070822574944093,
  "epsilon": 0.000581798335668574,
  "lr": 0.005389936011917436,
  "n_embd": 46.79037429773928,
  "n_head": 1.3841549601716137,
  "n_layer": 6.416050501333789,
  "seed": 547608952.092153,
  "weight_decay": 0.007576143060352918
}