{
  "batch_size": 47.2916585589262,
  "beta_1": 0.25742186598196304,
  "beta_2": 0.28903144891261356,
  "block_size": 288.0201910646837,
  "dropout": 0.1101713875945018,
  "epsilon": 0.0002059529587484537,
  "lr": 0.004145473572284118,
  "n_embd": 39.3674484129483,
  "n_head": 3.881349517956486,
  "n_layer": 2.8349141720223354,
  "seed": 2023526293.5005662,
  "weight_decay": 0.00032981557154046476
}