{
  "batch_size": 65.48063181558746,
  "beta_1": 0.6304853387076425,
  "beta_2": 0.644131382170213,
  "block_size": 316.47039397300875,
  "dropout": 0.26692307583971053,
  "epsilon": 0.0008925969082610964,
  "lr": 0.07024088289237085,
  "n_embd": 45.76994835274216,
  "n_head": 4.964406547141704,
  "n_layer": 6.9907904872601305,
  "seed": 1005941368.1908677,
  "weight_decay": 0.009714445970518787
}