{
  "batch_size": 83.46000238367895,
  "beta_1": 0.13510304322011457,
  "beta_2": 0.9839047988390464,
  "block_size": 138.289814597286,
  "dropout": 0.4581360706886556,
  "epsilon": 0.000522271341703969,
  "lr": 0.06275818562624251,
  "n_embd": 26.905479946083865,
  "n_head": 6.07700522498787,
  "n_layer": 3.7703154203200566,
  "seed": 1001057149.6592067,
  "weight_decay": 0.0059800887883758235
}