{
  "batch_size": 49.41915028806556,
  "beta_1": 0.49082753062663687,
  "beta_2": 0.3076065386558032,
  "block_size": 216.54730993300768,
  "dropout": 0.29612677426842704,
  "epsilon": 0.00022582784510601276,
  "lr": 0.08559573535762116,
  "n_embd": 0.40017927788257335,
  "n_head": 2.072883607580306,
  "n_layer": 4.668839596139282,
  "seed": 1563314943.8842866,
  "weight_decay": 0.009543332827702807
}