{
  "batch_size": 20,
  "beta_1": 0.18433031408926792,
  "beta_2": 0.12996207999095105,
  "block_size": 334,
  "dropout": 0.13566899939046426,
  "epsilon": 7.204769780763031e-08,
  "lr": 0.0005481375018251667,
  "n_embd": 46,
  "n_head": 2,
  "n_layer": 4,
  "seed": 948826412,
  "weight_decay": 3.0243575483884235e-07
}