{
  "batch_size": 65,
  "beta_1": 0.5340155124712044,
  "beta_2": 0.9163827712725815,
  "block_size": 175,
  "dropout": 0.21727586978159594,
  "epsilon": 1.3984523297112616e-05,
  "lr": 1.0353482242766916e-05,
  "n_embd": 32,
  "n_head": 5,
  "n_layer": 5,
  "seed": 688291291,
  "weight_decay": 5.11722141240767e-07
}