{
  "batch_size": 83,
  "beta_1": 0.3250470389392645,
  "beta_2": 0.8981174560933329,
  "block_size": 172,
  "dropout": 0.4161657581558559,
  "epsilon": 1.1659448475192705e-06,
  "lr": 0.0017087085205758396,
  "n_embd": 26,
  "n_head": 5,
  "n_layer": 6,
  "seed": 212070312,
  "weight_decay": 0.0007744023609204864
}