{
  "batch_size": 93,
  "beta_1": 0.7234469386607598,
  "beta_2": 0.19025551706987892,
  "block_size": 65,
  "dropout": 0.38424717795267166,
  "epsilon": 3.7572124763699994e-05,
  "lr": 1.7969336146351097e-05,
  "n_embd": 29,
  "n_head": 3,
  "n_layer": 6,
  "seed": 1054986987,
  "weight_decay": 2.0444193664891372e-07
}