{
  "batch_size": 32,
  "beta_1": 0.35734068111702155,
  "beta_2": 0.18953637746483354,
  "block_size": 198,
  "dropout": 0.18367983617334904,
  "epsilon": 6.413490487057566e-07,
  "lr": 0.04261558766651849,
  "n_embd": 3,
  "n_head": 3,
  "n_layer": 2,
  "seed": 377255649,
  "weight_decay": 3.0608665979539354e-07
}