{
  "batch_size": 29.083803373076357,
  "beta_1": 0.849507737042042,
  "beta_2": 0.4983524806365389,
  "block_size": 299.2682496723847,
  "dropout": 0.44218647281121937,
  "epsilon": 0.0007104241720364381,
  "lr": 0.0631358772616417,
  "n_embd": 50.255600372422144,
  "n_head": 5.988486653406367,
  "n_layer": 1.735719337971857,
  "seed": 1382002355.6271143,
  "weight_decay": 0.007040638831391476
}