{
  "batch_size": 52.96486569158861,
  "beta_1": 0.22163929144019537,
  "beta_2": 0.17578573401262554,
  "block_size": 189.06394217827022,
  "dropout": 0.20443897706996284,
  "epsilon": 0.0007573679809698043,
  "lr": 0.09385542452795777,
  "n_embd": 40.79955974313322,
  "n_head": 5.078501815234548,
  "n_layer": 6.050199903844536,
  "seed": 1899167426.416086,
  "weight_decay": 0.0024553168019259505
}