{
  "batch_size": 66.38061644321232,
  "beta_1": 0.676206672057294,
  "beta_2": 0.5801400884108544,
  "block_size": 285.56663412187106,
  "dropout": 0.34991939275925793,
  "epsilon": 0.00027372682371692883,
  "lr": 0.09051073417115711,
  "n_embd": 17.898657201729062,
  "n_head": 6.765117974780606,
  "n_layer": 1.0234987056468463,
  "seed": 1078058836.4992957,
  "weight_decay": 0.008040900837418477
}