{
  "batch_size": 86,
  "beta_1": 0.6330470912119451,
  "beta_2": 0.6329548982066665,
  "block_size": 307,
  "dropout": 0.29734829704316235,
  "epsilon": 0.00025406050262054936,
  "lr": 0.0005788789184100987,
  "n_embd": 34,
  "n_head": 6,
  "n_layer": 6,
  "seed": 1837652676,
  "weight_decay": 0.0005661255617066098
}