{
  "batch_size": 47.60786942403821,
  "beta_1": 0.38148497014659766,
  "beta_2": 0.10849438285472006,
  "block_size": 362.5553890985216,
  "dropout": 0.4619831780482345,
  "epsilon": 0.0005074082733026961,
  "lr": 0.06812516284976267,
  "n_embd": 39.09226690916393,
  "n_head": 4.7076315427960695,
  "n_layer": 5.460669806057721,
  "seed": 451774958.6543808,
  "weight_decay": 0.003364817837090674
}