{
  "batch_size": 68,
  "beta_1": 0.4517458643574115,
  "beta_2": 0.8521347371748474,
  "block_size": 281,
  "dropout": 0.1011326051667842,
  "epsilon": 3.84839736e-08,
  "lr": 0.0008639390801551,
  "n_embd": 48,
  "n_head": 2,
  "n_layer": 4,
  "seed": 1361682185.9058082,
  "weight_decay": 2.86154360065e-05
}