{
  "batch_size": 48.600251897119,
  "beta_1": 0.6093873948470302,
  "beta_2": 0.9132140598390123,
  "block_size": 312.6832457517727,
  "dropout": 0.4927368422181376,
  "epsilon": 0.0002624363608825812,
  "lr": 0.010434475809084453,
  "n_embd": 29.719132415205728,
  "n_head": 5.846597263847476,
  "n_layer": 5.560853079631081,
  "seed": 1645204130.9324758,
  "weight_decay": 0.0023916039585363306
}