{
  "batch_size": 49,
  "beta_1": 0.12332908036989484,
  "beta_2": 0.7584131071651254,
  "block_size": 270,
  "dropout": 0.4219742692492142,
  "epsilon": 1.904007784988861e-09,
  "lr": 1.7732557006968485e-05,
  "n_embd": 13,
  "n_head": 4,
  "n_layer": 5,
  "seed": 215579810,
  "weight_decay": 0.00012993597152009912
}