{
  "batch_size": 92.15916634771533,
  "beta_1": 0.9828068922168168,
  "beta_2": 0.37589005992285396,
  "block_size": 269.98775601086584,
  "dropout": 0.4049136305344684,
  "epsilon": 0.00013971807591939335,
  "lr": 0.028585808520867756,
  "n_embd": 16.17848896971182,
  "n_head": 4.664937190679462,
  "n_layer": 1.7585384015114265,
  "seed": 1847915600.3927546,
  "weight_decay": 0.006588150493543001
}