{
  "batch_size": 80,
  "beta_1": 0.29126690902521285,
  "beta_2": 0.726029784744791,
  "block_size": 315,
  "dropout": 0.1873293906222918,
  "epsilon": 3.057202508401065e-10,
  "lr": 0.07216549620340634,
  "n_embd": 15,
  "n_head": 2,
  "n_layer": 4,
  "seed": 1351225620,
  "weight_decay": 1.025574794092709e-08
}