{
  "batch_size": 69.05109970615476,
  "beta_1": 0.17550251548598872,
  "beta_2": 0.5396798732883608,
  "block_size": 121.94943510386153,
  "dropout": 0.37260846824681326,
  "epsilon": 0.0002720914695863521,
  "lr": 0.06919722937049368,
  "n_embd": 12.049679697602667,
  "n_head": 5.957624797170233,
  "n_layer": 4.572396619313341,
  "seed": 1812137697.0685394,
  "weight_decay": 0.00873056445689514
}