{
  "batch_size": 22.1205660416282,
  "beta_1": 0.22610092528261067,
  "beta_2": 0.48014876869576417,
  "block_size": 160.9277607074614,
  "dropout": 0.27092287201174714,
  "epsilon": 0.0007392771456213238,
  "lr": 0.07175950487286789,
  "n_embd": 44.74825067788123,
  "n_head": 3.8632730594496167,
  "n_layer": 5.6823120542819705,
  "seed": 459031658.865369,
  "weight_decay": 0.0020139186250853736
}