{
  "batch_size": 53.543583734454806,
  "beta_1": 0.67834751422161,
  "beta_2": 0.9706671243193545,
  "block_size": 208.80207814383817,
  "dropout": 0.48655611651212927,
  "epsilon": 0.0007218989634824583,
  "lr": 0.0757523875692926,
  "n_embd": 19.156992649866872,
  "n_head": 5.765472644194887,
  "n_layer": 4.608233292253236,
  "seed": 595578272.6088214,
  "weight_decay": 0.007092859807452679
}