{
  "batch_size": 27.586668775007556,
  "beta_1": 0.13262381011925284,
  "beta_2": 0.4089196386667814,
  "block_size": 345.6307142537772,
  "dropout": 0.3110018799144084,
  "epsilon": 0.00039945328726481857,
  "lr": 0.0021827398949254262,
  "n_embd": 35.27458606190223,
  "n_head": 1.7976635237659515,
  "n_layer": 1.171667654289205,
  "seed": 1971218323.4764323,
  "weight_decay": 0.004850985180146738
}