{
  "batch_size": 56,
  "beta_1": 0.9883139262944054,
  "beta_2": 0.8283377377272639,
  "block_size": 378,
  "dropout": 0.2193449761982022,
  "epsilon": 0.000246441022066,
  "lr": 0.0001402463952058,
  "n_embd": 34,
  "n_head": 3,
  "n_layer": 3,
  "seed": 509189217.56591105,
  "weight_decay": 3.771520102e-07
}