{
  "batch_size": 23,
  "beta_1": 0.5199682334804234,
  "beta_2": 0.9995750729303715,
  "block_size": 146,
  "dropout": 0.3452782907428711,
  "epsilon": 1.8654295118640506e-09,
  "lr": 0.0018978685733254982,
  "n_embd": 27,
  "n_head": 4,
  "n_layer": 4,
  "seed": 1389555329,
  "weight_decay": 1.6802813397215115e-05
}