{
  "batch_size": 22,
  "beta_1": 0.5649103847178333,
  "beta_2": 0.9501849510270102,
  "block_size": 272,
  "dropout": 0.3602163530855856,
  "epsilon": 4.959522e-10,
  "lr": 0.003287007757205,
  "n_embd": 23,
  "n_head": 4,
  "n_layer": 6,
  "seed": 1951042943.3337646,
  "weight_decay": 7.412958009e-07
}