{
  "batch_size": 52,
  "beta_1": 0.5015410247954531,
  "beta_2": 0.1812900157514309,
  "block_size": 330,
  "dropout": 0.11705215479204967,
  "epsilon": 3.0645020024624715e-05,
  "lr": 2.3927183959031063e-05,
  "n_embd": 41,
  "n_head": 5,
  "n_layer": 6,
  "seed": 841012874,
  "weight_decay": 6.777367206682962e-06
}