{
  "batch_size": 26,
  "beta_1": 0.46238778231572686,
  "beta_2": 0.8754176982971885,
  "block_size": 207,
  "dropout": 0.4243960930522608,
  "epsilon": 3.0010037400021367e-10,
  "lr": 0.0003443608637537576,
  "n_embd": 38,
  "n_head": 4,
  "n_layer": 4,
  "seed": 1517098975,
  "weight_decay": 0.006796914792082373
}