{
  "batch_size": 81.13957394216719,
  "beta_1": 0.2863316984680817,
  "beta_2": 0.3714194930780128,
  "block_size": 135.30704749069218,
  "dropout": 0.13641896652768742,
  "epsilon": 0.00019348603257509714,
  "lr": 0.048949895335664184,
  "n_embd": 40.64356611931035,
  "n_head": 5.667063955960199,
  "n_layer": 1.8077413739325672,
  "seed": 1732579750.2091491,
  "weight_decay": 0.007322656004032376
}