{
  "batch_size": 42.003634285029236,
  "beta_1": 0.4038757099343876,
  "beta_2": 0.4704950134560786,
  "block_size": 148.6044713188658,
  "dropout": 0.13864843567290205,
  "epsilon": 0.0005624401954947934,
  "lr": 0.011539844127108694,
  "n_embd": 18.373330068044933,
  "n_head": 1.2766390393484497,
  "n_layer": 1.3364258072073458,
  "seed": 443889499.9999321,
  "weight_decay": 0.00021120170327015107
}