{
  "batch_size": 93,
  "beta_1": 0.8437517781822114,
  "beta_2": 0.29517763564046,
  "block_size": 235,
  "dropout": 0.2915920669843285,
  "epsilon": 1.4637734127723444e-10,
  "lr": 6.220501307328249e-05,
  "n_embd": 45,
  "n_head": 4,
  "n_layer": 4,
  "seed": 604385762,
  "weight_decay": 4.4449519193005474e-07
}