{
  "batch_size": 23.432216851417948,
  "beta_1": 0.19383102033280625,
  "beta_2": 0.27341739988825153,
  "block_size": 101.17799218922883,
  "dropout": 0.42709784634352943,
  "epsilon": 0.00013025009276488965,
  "lr": 0.0032136741484849723,
  "n_embd": 1.8010482735608027,
  "n_head": 1.1075997968460574,
  "n_layer": 3.708787093696855,
  "seed": 1316320941.6099465,
  "weight_decay": 0.008356781402831276
}