{
  "batch_size": 68,
  "beta_1": 0.1733500201958932,
  "beta_2": 0.324010017253372,
  "block_size": 85,
  "dropout": 0.2390271314994926,
  "epsilon": 8.8135743e-09,
  "lr": 0.0158184890434468,
  "n_embd": 50,
  "n_head": 4,
  "n_layer": 4,
  "seed": 1231852930.6288657,
  "weight_decay": 0.0002124904286541
}