{
  "batch_size": 64,
  "beta_1": 0.8534162654984614,
  "beta_2": 0.6561586613736478,
  "block_size": 283,
  "dropout": 0.4487020923145193,
  "epsilon": 1.954824495953557e-10,
  "lr": 0.011946345789904994,
  "n_embd": 49,
  "n_head": 5,
  "n_layer": 1,
  "seed": 876935080,
  "weight_decay": 3.015327548327436e-08
}