{
  "batch_size": 26,
  "beta_1": 0.7490966923742741,
  "beta_2": 0.9667639812054561,
  "block_size": 283,
  "dropout": 0.20339919605130186,
  "epsilon": 1.88923541907792e-09,
  "lr": 3.2758573238711392e-06,
  "n_embd": 30,
  "n_head": 6,
  "n_layer": 1,
  "seed": 1801040940,
  "weight_decay": 5.693435628145381e-07
}