{
  "batch_size": 38.97215357765378,
  "beta_1": 0.5433980689832045,
  "beta_2": 0.7263899117907685,
  "block_size": 289.5983892309271,
  "dropout": 0.10308383103952533,
  "epsilon": 3.997937664449955e-05,
  "lr": 0.09217702050120752,
  "n_embd": 24.070149060662903,
  "n_head": 6.252443752525694,
  "n_layer": 6.254019784033462,
  "seed": 655825533.0381522,
  "weight_decay": 0.00024836860613133155
}