{
  "batch_size": 31.798536578357925,
  "beta_1": 0.20554519410872968,
  "beta_2": 0.11946531690942948,
  "block_size": 303.5107940849217,
  "dropout": 0.4221229356561933,
  "epsilon": 0.0006057720097717337,
  "lr": 0.03347509772387024,
  "n_embd": 24.84318971465817,
  "n_head": 2.5739304165690218,
  "n_layer": 4.711351863699013,
  "seed": 1861933719.0883448,
  "weight_decay": 0.0055890491975065975
}