{
  "batch_size": 44,
  "beta_1": 0.2601458921420438,
  "beta_2": 0.6963918781410886,
  "block_size": 141,
  "dropout": 0.380477656929872,
  "epsilon": 1.6226309482e-06,
  "lr": 0.0077069929820548,
  "n_embd": 45,
  "n_head": 4,
  "n_layer": 3,
  "seed": 1539023573.4533513,
  "weight_decay": 0.0002171500422743
}