{
  "batch_size": 58.41581932005051,
  "beta_1": 0.6232182550872727,
  "beta_2": 0.41885520906831,
  "block_size": 268.1050991894305,
  "dropout": 0.3125691965974251,
  "epsilon": 0.00043806996930567075,
  "lr": 0.09773906190620606,
  "n_embd": 2.8124203282964197,
  "n_head": 5.922564262730301,
  "n_layer": 3.7145577916358015,
  "seed": 955559854.7891028,
  "weight_decay": 0.003421273434890142
}