{
  "batch_size": 48,
  "beta_1": 0.22910156880886604,
  "beta_2": 0.5489923483011593,
  "block_size": 131,
  "dropout": 0.1743641373425625,
  "epsilon": 1.8264949249778514e-10,
  "lr": 5.092208455625386e-06,
  "n_embd": 14,
  "n_head": 6,
  "n_layer": 2,
  "seed": 485816961,
  "weight_decay": 2.6521439811699815e-05
}