{
  "batch_size": 90.39818953474872,
  "beta_1": 0.6490359972805725,
  "beta_2": 0.35331992305715787,
  "block_size": 162.27514687802096,
  "dropout": 0.4031714219969307,
  "epsilon": 0.0007990814678803641,
  "lr": 0.08681289435210061,
  "n_embd": 12.365928518224662,
  "n_head": 5.959144741805258,
  "n_layer": 5.121582111714064,
  "seed": 137941741.78482354,
  "weight_decay": 0.009122694235516175
}