{
  "batch_size": 48,
  "beta_1": 0.5720782310659779,
  "beta_2": 0.998872982555172,
  "block_size": 99,
  "dropout": 0.3689580133457774,
  "epsilon": 3.478812e-10,
  "lr": 0.0066408511078082,
  "n_embd": 17,
  "n_head": 5,
  "n_layer": 5,
  "seed": 324621455.047916,
  "weight_decay": 6.4575232843e-06
}