{
  "batch_size": 79,
  "beta_1": 0.2585612889649476,
  "beta_2": 0.4952520037381007,
  "block_size": 367,
  "dropout": 0.2459608495268326,
  "epsilon": 7.721150511e-07,
  "lr": 0.0082131129147033,
  "n_embd": 47,
  "n_head": 5,
  "n_layer": 4,
  "seed": 685408692.8442681,
  "weight_decay": 0.0001100353227663
}