{
  "batch_size": 25,
  "beta_1": 0.4254114759474771,
  "beta_2": 0.9517549786733788,
  "block_size": 145,
  "dropout": 0.11032466514239392,
  "epsilon": 9.597079531983926e-06,
  "lr": 1.933147386352955e-06,
  "n_embd": 41,
  "n_head": 4,
  "n_layer": 1,
  "seed": 78404196,
  "weight_decay": 0.00013972470863919483
}