{
  "batch_size": 34,
  "beta_1": 0.9217569438860982,
  "beta_2": 0.913865424817595,
  "block_size": 165,
  "dropout": 0.4052741802717693,
  "epsilon": 2.0998905872e-06,
  "lr": 0.0010570570300829,
  "n_embd": 49,
  "n_head": 5,
  "n_layer": 3,
  "seed": 1930240780.0016189,
  "weight_decay": 4.42233658392e-05
}