{
  "batch_size": 72.16410385796712,
  "beta_1": 0.7869918863232227,
  "beta_2": 0.48646972795617505,
  "block_size": 134.70559468720455,
  "dropout": 0.37216350136580256,
  "epsilon": 0.00017444463937749458,
  "lr": 0.05019606470299458,
  "n_embd": 11.878082130576301,
  "n_head": 2.3614694845336994,
  "n_layer": 5.864538895062288,
  "seed": 10640019.18016856,
  "weight_decay": 0.005893552679825697
}