{
  "batch_size": 61.190666811762384,
  "beta_1": 0.4469699741593448,
  "beta_2": 0.7124407917131376,
  "block_size": 79.81233235613715,
  "dropout": 0.1889421655944139,
  "epsilon": 0.0009063344040277437,
  "lr": 0.07052473128754481,
  "n_embd": 38.19832756833257,
  "n_head": 6.312505949744462,
  "n_layer": 5.395706024667585,
  "seed": 998538265.5925679,
  "weight_decay": 0.0026345694300688454
}