{
  "batch_size": 41.15026117634859,
  "beta_1": 0.6025656707887075,
  "beta_2": 0.3905570403935663,
  "block_size": 307.06086552222104,
  "dropout": 0.20203048380356556,
  "epsilon": 0.000772052667901445,
  "lr": 0.08227798556286954,
  "n_embd": 53.08072474457458,
  "n_head": 3.3955190274268174,
  "n_layer": 4.005376359618861,
  "seed": 535736316.7856817,
  "weight_decay": 0.0020207015846533927
}