{
  "batch_size": 62.044463418980015,
  "beta_1": 0.42072640196280775,
  "beta_2": 0.5327448161909105,
  "block_size": 194.6882937976962,
  "dropout": 0.3117769300417006,
  "epsilon": 0.00010348134236034735,
  "lr": 0.04094686188312138,
  "n_embd": 34.18666835469864,
  "n_head": 1.3423417559123247,
  "n_layer": 6.229976228270837,
  "seed": 22811135.305601835,
  "weight_decay": 0.0032441700782376358
}