{
  "batch_size": 26.629513731398614,
  "beta_1": 0.5931072124285692,
  "beta_2": 0.9886864648360516,
  "block_size": 206.43599373775746,
  "dropout": 0.4097383988856056,
  "epsilon": 0.00044252350476373505,
  "lr": 0.08797994763522538,
  "n_embd": 53.19303788853094,
  "n_head": 3.381729499345512,
  "n_layer": 1.7802273776118724,
  "seed": 1812167948.445901,
  "weight_decay": 0.007306769627154928
}