{
  "batch_size": 68,
  "beta_1": 0.39435868238810823,
  "beta_2": 0.43804651873364464,
  "block_size": 113,
  "dropout": 0.1746165940802284,
  "epsilon": 2.855584312288283e-09,
  "lr": 0.00011148264298996302,
  "n_embd": 28,
  "n_head": 3,
  "n_layer": 3,
  "seed": 293653163,
  "weight_decay": 0.004767501516412572
}