{
  "batch_size": 49.16780419787627,
  "beta_1": 0.439937821533644,
  "beta_2": 0.6207063084091384,
  "block_size": 213.05095029978875,
  "dropout": 0.1321602913275274,
  "epsilon": 0.0006827534416190788,
  "lr": 0.03519229763505371,
  "n_embd": 5.279533809157085,
  "n_head": 5.735678226401488,
  "n_layer": 3.1724463790809105,
  "seed": 1532017516.3507144,
  "weight_decay": 0.0033657576721978217
}