{
  "batch_size": 38.72551883876132,
  "beta_1": 0.12588542789853963,
  "beta_2": 0.1771322161931128,
  "block_size": 202.9975517557678,
  "dropout": 0.41514620256105117,
  "epsilon": 0.0004956209489441582,
  "lr": 0.046814886312470494,
  "n_embd": 48.98889728459924,
  "n_head": 6.091439689355256,
  "n_layer": 4.518450214354813,
  "seed": 899602920.4119546,
  "weight_decay": 0.0038486142959145014
}