{
  "batch_size": 83.57144551037587,
  "beta_1": 0.9648396419125815,
  "beta_2": 0.1893656509071479,
  "block_size": 205.0379045729745,
  "dropout": 0.49226633501170325,
  "epsilon": 0.0003638395062765802,
  "lr": 0.024966822584533106,
  "n_embd": 11.74945256491339,
  "n_head": 1.3084305016619995,
  "n_layer": 3.555140015671386,
  "seed": 925690875.5100367,
  "weight_decay": 0.00430354272421813
}