{
  "batch_size": 88,
  "beta_1": 0.9118556174755633,
  "beta_2": 0.49410356032095326,
  "block_size": 307,
  "dropout": 0.4530311094064795,
  "epsilon": 1.17938252913562e-05,
  "lr": 8.137493877778517e-05,
  "n_embd": 34,
  "n_head": 6,
  "n_layer": 6,
  "seed": 1837652676,
  "weight_decay": 0.001229459146648007
}