{
  "batch_size": 92,
  "beta_1": 0.6943276454204492,
  "beta_2": 0.7100711677671442,
  "block_size": 361,
  "dropout": 0.31964493923962356,
  "epsilon": 4.3844360785327924e-07,
  "lr": 1.7654091573216672e-05,
  "n_embd": 2,
  "n_head": 6,
  "n_layer": 4,
  "seed": 1460364088,
  "weight_decay": 0.008250261447904061
}