{
  "batch_size": 90,
  "beta_1": 0.8669075887904157,
  "beta_2": 0.8395912966654273,
  "block_size": 331,
  "dropout": 0.1899844385336656,
  "epsilon": 2.2944821e-08,
  "lr": 0.0177845697501109,
  "n_embd": 24,
  "n_head": 6,
  "n_layer": 5,
  "seed": 2129710397.9378817,
  "weight_decay": 1.7482698909e-06
}