{
  "batch_size": 34.95889415430044,
  "beta_1": 0.8858505270537652,
  "beta_2": 0.16492420154269835,
  "block_size": 215.19110420917121,
  "dropout": 0.47431001039013365,
  "epsilon": 0.0008012134425926434,
  "lr": 0.07644003846233118,
  "n_embd": 14.03887799546489,
  "n_head": 2.820599685712163,
  "n_layer": 2.559408134411592,
  "seed": 1417526855.669593,
  "weight_decay": 0.005926603270876574
}