{
  "batch_size": 46.41806163442647,
  "beta_1": 0.8375333991470401,
  "beta_2": 0.8444859949995674,
  "block_size": 67.90596287123337,
  "dropout": 0.2832383229624403,
  "epsilon": 0.00039576279026480506,
  "lr": 0.05417419307321651,
  "n_embd": 29.4161120344389,
  "n_head": 5.412385935743055,
  "n_layer": 2.7294020218923887,
  "seed": 501962758.1260791,
  "weight_decay": 0.005902291734685653
}