{
  "batch_size": 94.79483524067001,
  "beta_1": 0.9095686590256468,
  "beta_2": 0.8731879600252553,
  "block_size": 268.1371127111712,
  "dropout": 0.27893998331621456,
  "epsilon": 0.00033434741331881936,
  "lr": 0.04477352216840825,
  "n_embd": 51.27834128066974,
  "n_head": 3.9130928784676158,
  "n_layer": 6.7981456347989155,
  "seed": 1758337484.2356822,
  "weight_decay": 0.00961384886656
}