{
  "batch_size": 42.29073992156707,
  "beta_1": 0.2749060957581161,
  "beta_2": 0.6733581614054439,
  "block_size": 175.27021750913883,
  "dropout": 0.3390945271112391,
  "epsilon": 0.000873989257538847,
  "lr": 0.09227963579251386,
  "n_embd": 6.382443176180855,
  "n_head": 4.799290431026838,
  "n_layer": 6.662981868967536,
  "seed": 2035744716.5924182,
  "weight_decay": 0.003837611764537918
}