{
  "batch_size": 29,
  "beta_1": 0.34442459836031525,
  "beta_2": 0.8712336206168523,
  "block_size": 332,
  "dropout": 0.3584088716057887,
  "epsilon": 3.328156334270519e-10,
  "lr": 4.591577694362976e-05,
  "n_embd": 26,
  "n_head": 1,
  "n_layer": 1,
  "seed": 878915893,
  "weight_decay": 2.567865646345029e-05
}