{
  "batch_size": 95,
  "beta_1": 0.23309129568151482,
  "beta_2": 0.26383154110409535,
  "block_size": 279,
  "dropout": 0.23660369786150454,
  "epsilon": 0.0006828326176028604,
  "lr": 8.742879191005965e-06,
  "n_embd": 19,
  "n_head": 3,
  "n_layer": 4,
  "seed": 1773101127,
  "weight_decay": 2.2516620371686126e-05
}