{
  "batch_size": 30,
  "beta_1": 0.36936290850079356,
  "beta_2": 0.318317799079994,
  "block_size": 88,
  "dropout": 0.4260635564618275,
  "epsilon": 6.244293578819191e-08,
  "lr": 0.003269265006385916,
  "n_embd": 37,
  "n_head": 6,
  "n_layer": 3,
  "seed": 1350891827,
  "weight_decay": 2.1550357853255168e-08
}