{
  "batch_size": 67.85292393327299,
  "beta_1": 0.7877803607745153,
  "beta_2": 0.13351846623538144,
  "block_size": 343.1343525834184,
  "dropout": 0.38051259123850845,
  "epsilon": 0.0007620823108108253,
  "lr": 0.03772806891186449,
  "n_embd": 34.277906000289924,
  "n_head": 1.6114223786143818,
  "n_layer": 6.806635976140826,
  "seed": 1631687304.25466,
  "weight_decay": 0.0028714578352027178
}