{
  "batch_size": 70,
  "beta_1": 0.5479310908712335,
  "beta_2": 0.8223468406326043,
  "block_size": 110,
  "dropout": 0.3151659100005252,
  "epsilon": 3.4874846e-09,
  "lr": 0.0031921643782414,
  "n_embd": 43,
  "n_head": 6,
  "n_layer": 4,
  "seed": 1979538219.0001943,
  "weight_decay": 0.0019455000634147
}