{
  "batch_size": 79.65783117598336,
  "beta_1": 0.20075666931538963,
  "beta_2": 0.2639901418415367,
  "block_size": 377.2795215935938,
  "dropout": 0.1942003073643262,
  "epsilon": 0.0003123378485652894,
  "lr": 0.010941472936971008,
  "n_embd": 27.544908830041834,
  "n_head": 1.8006622019004783,
  "n_layer": 5.734587348731742,
  "seed": 1817502415.370724,
  "weight_decay": 0.009131713111857032
}