{
  "batch_size": 92,
  "beta_1": 0.393707998592978,
  "beta_2": 0.2313428357112507,
  "block_size": 82,
  "dropout": 0.3892844994511494,
  "epsilon": 2.5082454e-09,
  "lr": 0.0005808479540752,
  "n_embd": 39,
  "n_head": 2,
  "n_layer": 5,
  "seed": 645472337.8342459,
  "weight_decay": 0.000144797701536
}