{
  "batch_size": 46.684299709683984,
  "beta_1": 0.20433141004727812,
  "beta_2": 0.25956771702386705,
  "block_size": 175.6321332971125,
  "dropout": 0.29988077990347106,
  "epsilon": 0.0003412520640054162,
  "lr": 0.004829148684459824,
  "n_embd": 1.8356000619631418,
  "n_head": 3.003908726873636,
  "n_layer": 6.982076965443876,
  "seed": 415815003.5252343,
  "weight_decay": 0.007207073051237724
}