{
  "batch_size": 61,
  "beta_1": 0.22743298316978644,
  "beta_2": 0.7924427232754456,
  "block_size": 245,
  "dropout": 0.47307433904215146,
  "epsilon": 1.4442737349627094e-05,
  "lr": 0.0022770132852686234,
  "n_embd": 53,
  "n_head": 3,
  "n_layer": 4,
  "seed": 1410512718,
  "weight_decay": 9.592124448099999e-06
}