{
  "batch_size": 60,
  "beta_1": 0.5511158028012652,
  "beta_2": 0.5233843300485083,
  "block_size": 201,
  "dropout": 0.4904934299767045,
  "epsilon": 4.3091611e-09,
  "lr": 0.0005638516982729,
  "n_embd": 44,
  "n_head": 6,
  "n_layer": 5,
  "seed": 1270451437.6611538,
  "weight_decay": 1.6513568591e-06
}