{
  "batch_size": 58,
  "beta_1": 0.26340763630155484,
  "beta_2": 0.3393789089215168,
  "block_size": 122,
  "dropout": 0.14090940745218652,
  "epsilon": 2.4248570407043e-10,
  "lr": 4.9798067951007795e-06,
  "n_embd": 32,
  "n_head": 3,
  "n_layer": 4,
  "seed": 504154036,
  "weight_decay": 0.0003268347056702209
}