{
  "batch_size": 16,
  "beta_1": 0.8579493126584762,
  "beta_2": 0.9481431311113047,
  "block_size": 257,
  "dropout": 0.4863296367984613,
  "epsilon": 0.0001852621890145777,
  "lr": 0.011421337101938612,
  "n_embd": 38,
  "n_head": 5,
  "n_layer": 6,
  "seed": 1475395742,
  "weight_decay": 4.893317789381726e-05
}