{
  "batch_size": 40.28066847794597,
  "beta_1": 0.9319140200438321,
  "beta_2": 0.1661767833453926,
  "block_size": 307.41203539779667,
  "dropout": 0.29700859134426716,
  "epsilon": 0.000415209798066348,
  "lr": 0.025878172764246973,
  "n_embd": 11.255996120858,
  "n_head": 3.0115014803686146,
  "n_layer": 6.952636685686402,
  "seed": 746367879.1446171,
  "weight_decay": 0.004330198873566195
}