{
  "batch_size": 86.37572607657619,
  "beta_1": 0.537152521202807,
  "beta_2": 0.9882338073750155,
  "block_size": 204.618793928694,
  "dropout": 0.30549458035502025,
  "epsilon": 1.0715231394060071e-05,
  "lr": 0.02286774477926605,
  "n_embd": 22.66314719921528,
  "n_head": 1.9042248254097194,
  "n_layer": 1.8930689865019423,
  "seed": 266800467.33501562,
  "weight_decay": 0.00565949451056641
}