{
  "batch_size": 21,
  "beta_1": 0.6619930720890972,
  "beta_2": 0.788490463546786,
  "block_size": 111,
  "dropout": 0.3921138064434687,
  "epsilon": 1.2798493734057056e-09,
  "lr": 1.5224125230284224e-06,
  "n_embd": 53,
  "n_head": 1,
  "n_layer": 5,
  "seed": 1841077010,
  "weight_decay": 0.0022915263975642904
}