{
  "batch_size": 36,
  "beta_1": 0.120802946066998,
  "beta_2": 0.3407452293643846,
  "block_size": 157,
  "dropout": 0.3645931542560448,
  "epsilon": 2.39812892269e-05,
  "lr": 0.0012710271801121,
  "n_embd": 26,
  "n_head": 4,
  "n_layer": 5,
  "seed": 306731698.78650486,
  "weight_decay": 0.0086726677355277
}