{
  "batch_size": 64.72005566281592,
  "beta_1": 0.8955877614067342,
  "beta_2": 0.9774049594601169,
  "block_size": 119.04716347850321,
  "dropout": 0.14833094348669282,
  "epsilon": 0.00024761851546787055,
  "lr": 0.0515152245906869,
  "n_embd": 40.09919336649086,
  "n_head": 1.8658071143416977,
  "n_layer": 3.7191812935106823,
  "seed": 965789012.5592555,
  "weight_decay": 0.007892952359623793
}