{
  "batch_size": 72.05262537047062,
  "beta_1": 0.9206341115337909,
  "beta_2": 0.9620757485245998,
  "block_size": 277.3687049698489,
  "dropout": 0.37466380988905856,
  "epsilon": 0.00021674604064878016,
  "lr": 0.09080161831632029,
  "n_embd": 52.52771624515444,
  "n_head": 3.7110132325551373,
  "n_layer": 4.272864791034195,
  "seed": 1930726011.84091,
  "weight_decay": 0.004486730064897569
}