{
  "batch_size": 86,
  "beta_1": 0.49943689920154,
  "beta_2": 0.7513135068669293,
  "block_size": 297,
  "dropout": 0.3483986448464906,
  "epsilon": 2.311567e-10,
  "lr": 0.0052580540690367,
  "n_embd": 31,
  "n_head": 2,
  "n_layer": 6,
  "seed": 1558407321.8685746,
  "weight_decay": 5.969367512e-07
}