{
  "batch_size": 21.921262391652135,
  "beta_1": 0.7036621415281005,
  "beta_2": 0.6527024947641884,
  "block_size": 304.90105914427113,
  "dropout": 0.38767550318139266,
  "epsilon": 0.0005031988811007866,
  "lr": 0.010369320872342953,
  "n_embd": 7.889164170834058,
  "n_head": 3.618156910846228,
  "n_layer": 6.682681479058169,
  "seed": 1419673847.160059,
  "weight_decay": 0.005510137177291861
}