{
  "batch_size": 94.57355230587187,
  "beta_1": 0.35543334319662145,
  "beta_2": 0.17809346667201023,
  "block_size": 247.66904510197412,
  "dropout": 0.15042279231589492,
  "epsilon": 0.0006586263217919494,
  "lr": 0.01863610527701077,
  "n_embd": 34.10110554077867,
  "n_head": 1.9864470351307166,
  "n_layer": 6.342976622160448,
  "seed": 2023545083.0339944,
  "weight_decay": 0.00026311792218943494
}