{
  "batch_size": 64.14986939717522,
  "beta_1": 0.4181164221548299,
  "beta_2": 0.9479739024256963,
  "block_size": 376.7407741016034,
  "dropout": 0.15307622463003626,
  "epsilon": 0.0005142685749950852,
  "lr": 0.021710985045214664,
  "n_embd": 1.8408302526295195,
  "n_head": 6.989885007951859,
  "n_layer": 5.553864956142385,
  "seed": 1968502420.0564342,
  "weight_decay": 0.005160719130693693
}