{
  "batch_size": 66,
  "beta_1": 0.8235529838847576,
  "beta_2": 0.13308437948785992,
  "block_size": 322,
  "dropout": 0.35602872298909394,
  "epsilon": 9.768283841585829e-08,
  "lr": 0.010280713229355457,
  "n_embd": 36,
  "n_head": 1,
  "n_layer": 4,
  "seed": 1984133684,
  "weight_decay": 1.2394672446017865e-05
}