{
  "batch_size": 51.83470451892787,
  "beta_1": 0.15809753911298374,
  "beta_2": 0.41051614386069135,
  "block_size": 107.90337980932375,
  "dropout": 0.20180277691777643,
  "epsilon": 0.00016517493289582756,
  "lr": 0.09127336604844243,
  "n_embd": 1.6160668229999975,
  "n_head": 1.0468407236952593,
  "n_layer": 3.6413494698260633,
  "seed": 2066552860.8308952,
  "weight_decay": 0.005488053767156238
}