{
  "batch_size": 84,
  "beta_1": 0.8882155072017953,
  "beta_2": 0.7906770382437882,
  "block_size": 324,
  "dropout": 0.361998889476472,
  "epsilon": 6.5748866539e-06,
  "lr": 0.0144110529249185,
  "n_embd": 52,
  "n_head": 6,
  "n_layer": 5,
  "seed": 1630612774.6124427,
  "weight_decay": 3.21359422e-08
}