{
  "batch_size": 79,
  "beta_1": 0.7374697279253735,
  "beta_2": 0.4547276972827308,
  "block_size": 273,
  "dropout": 0.4572623819899679,
  "epsilon": 2.2679177e-09,
  "lr": 0.0001722981626913,
  "n_embd": 40,
  "n_head": 4,
  "n_layer": 4,
  "seed": 664992339.0403636,
  "weight_decay": 0.000829185075877
}