{
  "batch_size": 70.36633380760253,
  "beta_1": 0.24456785304791245,
  "beta_2": 0.4475694620700841,
  "block_size": 320.11018456732035,
  "dropout": 0.1783821972834464,
  "epsilon": 0.00010870110709883836,
  "lr": 0.011169738587167704,
  "n_embd": 21.688282906759362,
  "n_head": 6.296702116100814,
  "n_layer": 5.591947179339461,
  "seed": 753293659.7324458,
  "weight_decay": 0.006732459386690327
}