{
  "batch_size": 92.24959481591718,
  "beta_1": 0.1698067795220461,
  "beta_2": 0.7445782590930936,
  "block_size": 130.22957747162167,
  "dropout": 0.19609330473069908,
  "epsilon": 0.00021678966097674298,
  "lr": 0.008158618060509592,
  "n_embd": 33.25190004269978,
  "n_head": 4.961622284094668,
  "n_layer": 6.927267676219351,
  "seed": 312554770.7309302,
  "weight_decay": 0.0033855936272901063
}