{
  "batch_size": 69,
  "beta_1": 0.867379632844615,
  "beta_2": 0.9268043169638654,
  "block_size": 376,
  "dropout": 0.4762290909988975,
  "epsilon": 1.05288303418e-05,
  "lr": 0.0008717717068743,
  "n_embd": 12,
  "n_head": 4,
  "n_layer": 3,
  "seed": 1603020169.3364182,
  "weight_decay": 0.001115678292267
}