{
  "batch_size": 52,
  "beta_1": 0.6582703200672361,
  "beta_2": 0.2848373613585528,
  "block_size": 98,
  "dropout": 0.4756619001071978,
  "epsilon": 6.3347176e-09,
  "lr": 0.0808297038620351,
  "n_embd": 25,
  "n_head": 6,
  "n_layer": 3,
  "seed": 1375930978.8959193,
  "weight_decay": 1.45024820102e-05
}