{
  "batch_size": 84,
  "beta_1": 0.8622758085778606,
  "beta_2": 0.9617972470474022,
  "block_size": 205,
  "dropout": 0.330234241753996,
  "epsilon": 1.798686149e-07,
  "lr": 0.0129020309863861,
  "n_embd": 20,
  "n_head": 4,
  "n_layer": 5,
  "seed": 272485920.3204115,
  "weight_decay": 2.44683664e-08
}