{
  "batch_size": 24,
  "beta_1": 0.9470074439296229,
  "beta_2": 0.1892746079011391,
  "block_size": 338,
  "dropout": 0.41194889876738017,
  "epsilon": 9.301818063911387e-08,
  "lr": 2.12504064739651e-06,
  "n_embd": 32,
  "n_head": 2,
  "n_layer": 1,
  "seed": 1967071875,
  "weight_decay": 2.230330567455344e-07
}