{
  "batch_size": 21.949516754242005,
  "beta_1": 0.5513259439986496,
  "beta_2": 0.784574020055672,
  "block_size": 318.7327134707956,
  "dropout": 0.40950355646547465,
  "epsilon": 0.0009781068230029137,
  "lr": 0.009344013730629463,
  "n_embd": 53.821096040425914,
  "n_head": 1.2531229104686208,
  "n_layer": 3.6610034323917446,
  "seed": 1686767790.5055382,
  "weight_decay": 0.0055150518292482005
}