{
  "batch_size": 36,
  "beta_1": 0.5430820946155651,
  "beta_2": 0.5008388056088502,
  "block_size": 364,
  "dropout": 0.4848171625169123,
  "epsilon": 1.03581990756e-05,
  "lr": 0.0056731795535681,
  "n_embd": 48,
  "n_head": 5,
  "n_layer": 2,
  "seed": 1163708835.2777448,
  "weight_decay": 1.5972974e-08
}