{
  "batch_size": 29,
  "beta_1": 0.992329113862251,
  "beta_2": 0.1344669954422691,
  "block_size": 188,
  "dropout": 0.149606779551517,
  "epsilon": 3.21637488e-08,
  "lr": 0.0023412902684722,
  "n_embd": 3,
  "n_head": 5,
  "n_layer": 2,
  "seed": 819060288.9168327,
  "weight_decay": 5.958354214e-06
}