{
  "batch_size": 87.8112392091486,
  "beta_1": 0.154433473597804,
  "beta_2": 0.5659669896666045,
  "block_size": 244.37430734200984,
  "dropout": 0.43876164173499077,
  "epsilon": 5.5940956148518864e-05,
  "lr": 0.062264551494274914,
  "n_embd": 12.242864586001847,
  "n_head": 3.276654248754213,
  "n_layer": 4.17315057866206,
  "seed": 586645652.2599019,
  "weight_decay": 0.006653091497384697
}