{
  "batch_size": 21.380313024895354,
  "beta_1": 0.5887528490064392,
  "beta_2": 0.4215099456815067,
  "block_size": 64.2234828268139,
  "dropout": 0.38789454727537664,
  "epsilon": 0.000845406851835227,
  "lr": 0.04390438045787285,
  "n_embd": 29.287676452573898,
  "n_head": 5.606902836147083,
  "n_layer": 6.089772672173298,
  "seed": 1374812185.700638,
  "weight_decay": 0.0025046525912325863
}