{
  "batch_size": 94,
  "beta_1": 0.8442934432706349,
  "beta_2": 0.5972215331553017,
  "block_size": 309,
  "dropout": 0.10707499053176184,
  "epsilon": 0.0005110035591745675,
  "lr": 6.784390345903383e-06,
  "n_embd": 38,
  "n_head": 3,
  "n_layer": 1,
  "seed": 1760575891,
  "weight_decay": 1.7167470318646223e-08
}