{
  "batch_size": 39.006277820722175,
  "beta_1": 0.9742983218659103,
  "beta_2": 0.7528069665047309,
  "block_size": 364.13605536497727,
  "dropout": 0.3475054418007525,
  "epsilon": 0.00019077464805018125,
  "lr": 0.04941744946203955,
  "n_embd": 36.74740513861224,
  "n_head": 4.770769846763564,
  "n_layer": 5.874306821623784,
  "seed": 389199433.1222908,
  "weight_decay": 0.002561786468234456
}