{
  "batch_size": 71.49735788726534,
  "beta_1": 0.8917067879445123,
  "beta_2": 0.6455943810320319,
  "block_size": 277.66553250224894,
  "dropout": 0.3580182915855108,
  "epsilon": 0.0005725814919406674,
  "lr": 0.0763624482921066,
  "n_embd": 9.011269769437504,
  "n_head": 4.029689527295766,
  "n_layer": 3.0740475424450406,
  "seed": 204191396.8101274,
  "weight_decay": 0.007699009743627171
}