{
  "batch_size": 22.038071394922362,
  "beta_1": 0.5688903564859693,
  "beta_2": 0.20722854349719183,
  "block_size": 315.4179533565085,
  "dropout": 0.2819190176244468,
  "epsilon": 0.0006376187920187506,
  "lr": 0.019985312198668868,
  "n_embd": 11.587522197903787,
  "n_head": 4.048432969523116,
  "n_layer": 5.038550656901361,
  "seed": 1374947376.828514,
  "weight_decay": 0.009573509887758201
}