{
  "batch_size": 96.2539029771379,
  "beta_1": 0.24585719036238005,
  "beta_2": 0.44669748540548315,
  "block_size": 172.37546737588752,
  "dropout": 0.21775456599138013,
  "epsilon": 0.00050516174596807,
  "lr": 0.08676958562835568,
  "n_embd": 50.55145602488175,
  "n_head": 6.360728169850309,
  "n_layer": 6.0450669295623785,
  "seed": 1933966952.3401904,
  "weight_decay": 0.008388625561865695
}