{
  "batch_size": 27.757121545233524,
  "beta_1": 0.24359766717642337,
  "beta_2": 0.6898799312585774,
  "block_size": 190.80943375783926,
  "dropout": 0.2425452586621981,
  "epsilon": 3.7794876928614655e-05,
  "lr": 0.07087221564044091,
  "n_embd": 31.262178005660168,
  "n_head": 5.517062735072632,
  "n_layer": 2.823886421338928,
  "seed": 1719899160.4668207,
  "weight_decay": 0.00901647402567634
}