{
  "batch_size": 94.54541848761326,
  "beta_1": 0.708222627786437,
  "beta_2": 0.23547197141586593,
  "block_size": 247.99771185459733,
  "dropout": 0.18604817842980328,
  "epsilon": 0.00043698817590492287,
  "lr": 0.06483458174827811,
  "n_embd": 12.384108521853578,
  "n_head": 6.331871101309899,
  "n_layer": 2.7131149368259946,
  "seed": 1038758597.57824,
  "weight_decay": 0.005964843735844703
}