{
  "batch_size": 32,
  "beta_1": 0.734277170709633,
  "beta_2": 0.437898366310753,
  "block_size": 310,
  "dropout": 0.156974228541611,
  "epsilon": 2.3639283891e-06,
  "lr": 0.0009822552618112,
  "n_embd": 33,
  "n_head": 6,
  "n_layer": 5,
  "seed": 64334343.521546364,
  "weight_decay": 0.0009306112588376
}