{
  "batch_size": 51.124933018184386,
  "beta_1": 0.2381888041082717,
  "beta_2": 0.4917645230142641,
  "block_size": 160.4802694971026,
  "dropout": 0.13831054654042418,
  "epsilon": 0.0008092274542643216,
  "lr": 0.06344407546440829,
  "n_embd": 30.772596014772077,
  "n_head": 3.485024710618917,
  "n_layer": 5.307013068012138,
  "seed": 1860304765.699434,
  "weight_decay": 0.004020302313651943
}