{
  "batch_size": 81.87986550283227,
  "beta_1": 0.6991803608258798,
  "beta_2": 0.3709127395639086,
  "block_size": 132.8978183316436,
  "dropout": 0.44451537979999844,
  "epsilon": 0.0006006131006161442,
  "lr": 0.08818838410020999,
  "n_embd": 31.319938954113628,
  "n_head": 1.6739319202257095,
  "n_layer": 4.694035886076733,
  "seed": 646345000.2329434,
  "weight_decay": 0.0013474882964310223
}