{
  "batch_size": 80,
  "beta_1": 0.4242092352604694,
  "beta_2": 0.2475217753777688,
  "block_size": 76,
  "dropout": 0.2069092400024352,
  "epsilon": 7.654865564e-07,
  "lr": 0.0007351257597598,
  "n_embd": 47,
  "n_head": 1,
  "n_layer": 5,
  "seed": 71500327.40591459,
  "weight_decay": 2.108475e-08
}