{
  "batch_size": 19.47755326014287,
  "beta_1": 0.4495133565577324,
  "beta_2": 0.8814203053487791,
  "block_size": 355.08644330221995,
  "dropout": 0.21232235045365833,
  "epsilon": 0.0009475735070266465,
  "lr": 0.09979548050864948,
  "n_embd": 29.8806153815563,
  "n_head": 4.602672191796456,
  "n_layer": 4.093256670297404,
  "seed": 1977725727.8132744,
  "weight_decay": 0.0031802660765934054
}