{
  "batch_size": 54,
  "beta_1": 0.6254956169288656,
  "beta_2": 0.8857711520945295,
  "block_size": 206,
  "dropout": 0.20854463802116,
  "epsilon": 9.0700269e-09,
  "lr": 0.0007626899075069,
  "n_embd": 12,
  "n_head": 5,
  "n_layer": 1,
  "seed": 1476894799.1921027,
  "weight_decay": 0.000134333071641
}