{
  "batch_size": 55.57424760766159,
  "beta_1": 0.7084813508183081,
  "beta_2": 0.8841824725598897,
  "block_size": 235.3681318687084,
  "dropout": 0.40029426730409423,
  "epsilon": 0.0009212453997215265,
  "lr": 0.09432384550739038,
  "n_embd": 53.49475449418138,
  "n_head": 3.22737461868366,
  "n_layer": 2.64188762608699,
  "seed": 1613883529.3348463,
  "weight_decay": 0.004165130643193846
}