{
  "batch_size": 74.25049056093977,
  "beta_1": 0.10655596070711473,
  "beta_2": 0.32577310727091047,
  "block_size": 123.82655061640773,
  "dropout": 0.291186669564935,
  "epsilon": 0.0007630315505409863,
  "lr": 0.05440844798599391,
  "n_embd": 1.8765351510727553,
  "n_head": 4.86849986605469,
  "n_layer": 3.9214855650100726,
  "seed": 1855436499.03404,
  "weight_decay": 0.005656202646952721
}