{
  "batch_size": 77,
  "beta_1": 0.9044835877522024,
  "beta_2": 0.5596196370395009,
  "block_size": 315,
  "dropout": 0.3220864633011652,
  "epsilon": 2.1612838848608183e-05,
  "lr": 0.0015102184011039376,
  "n_embd": 32,
  "n_head": 2,
  "n_layer": 1,
  "seed": 2059382477,
  "weight_decay": 0.009537391397815075
}