{
  "batch_size": 48,
  "beta_1": 0.5465442948871783,
  "beta_2": 0.11626412378388386,
  "block_size": 139,
  "dropout": 0.3900347090127768,
  "epsilon": 2.350466252987686e-05,
  "lr": 1.441638285916311e-05,
  "n_embd": 26,
  "n_head": 6,
  "n_layer": 3,
  "seed": 71585591,
  "weight_decay": 6.117740739823334e-07
}