{
  "batch_size": 91.69230356304625,
  "beta_1": 0.14951866204073636,
  "beta_2": 0.3891431058578513,
  "block_size": 366.05711377055457,
  "dropout": 0.19459675603857882,
  "epsilon": 0.0003169077670680395,
  "lr": 0.01404524333837078,
  "n_embd": 42.98801788543649,
  "n_head": 3.8181653933631385,
  "n_layer": 1.027234365230203,
  "seed": 1741552763.6562161,
  "weight_decay": 0.007214815144741445
}