{
  "batch_size": 91,
  "beta_1": 0.5374923254121073,
  "beta_2": 0.381692643434758,
  "block_size": 96,
  "dropout": 0.4054838415691488,
  "epsilon": 8.2557379e-09,
  "lr": 0.0249488701402813,
  "n_embd": 52,
  "n_head": 5,
  "n_layer": 2,
  "seed": 344561344.58700716,
  "weight_decay": 5.6711791014e-06
}