{
  "batch_size": 88.02667278485524,
  "beta_1": 0.7557413888335451,
  "beta_2": 0.22194424180841954,
  "block_size": 210.99579859232227,
  "dropout": 0.1459115057144231,
  "epsilon": 6.775291410519009e-05,
  "lr": 0.09332159036735928,
  "n_embd": 14.868601134667115,
  "n_head": 4.260681565255719,
  "n_layer": 5.29693563896716,
  "seed": 613099840.3162011,
  "weight_decay": 0.001569569262245705
}