{
  "batch_size": 50,
  "beta_1": 0.17995538101420347,
  "beta_2": 0.9641039480173179,
  "block_size": 375,
  "dropout": 0.323951183924345,
  "epsilon": 6.259147668007047e-09,
  "lr": 0.0011027971374472385,
  "n_embd": 51,
  "n_head": 3,
  "n_layer": 2,
  "seed": 1906180810,
  "weight_decay": 5.009645207333225e-05
}