{
  "batch_size": 67,
  "beta_1": 0.20948220120867914,
  "beta_2": 0.8226365429727311,
  "block_size": 152,
  "dropout": 0.18712372266327906,
  "epsilon": 9.810386330830048e-10,
  "lr": 5.2935525128838465e-05,
  "n_embd": 25,
  "n_head": 6,
  "n_layer": 4,
  "seed": 1451773895,
  "weight_decay": 0.008584211469568871
}