{
  "batch_size": 63,
  "beta_1": 0.3116905388062688,
  "beta_2": 0.2513532062636118,
  "block_size": 247,
  "dropout": 0.3422316665845261,
  "epsilon": 2.3260928e-09,
  "lr": 0.0033158212524658,
  "n_embd": 25,
  "n_head": 4,
  "n_layer": 5,
  "seed": 41499435.13663357,
  "weight_decay": 7.897334294e-07
}