{
  "batch_size": 31,
  "beta_1": 0.7568758496780668,
  "beta_2": 0.7952138668836355,
  "block_size": 303,
  "dropout": 0.2084171029802663,
  "epsilon": 3.162044e-10,
  "lr": 0.0008957817777118,
  "n_embd": 37,
  "n_head": 5,
  "n_layer": 3,
  "seed": 1547635888.7461638,
  "weight_decay": 2.1317924848e-06
}