{
  "batch_size": 55,
  "beta_1": 0.4798446859632063,
  "beta_2": 0.8203609451228268,
  "block_size": 376,
  "dropout": 0.38193036680446724,
  "epsilon": 0.00013052329226244313,
  "lr": 1.3490841556389059e-06,
  "n_embd": 19,
  "n_head": 4,
  "n_layer": 6,
  "seed": 1341189222,
  "weight_decay": 1.0199405235680887e-07
}