{
  "batch_size": 91.64976068280343,
  "beta_1": 0.6919749820685471,
  "beta_2": 0.9710683369546194,
  "block_size": 208.32156454630163,
  "dropout": 0.10913074824417995,
  "epsilon": 0.0006227304307247617,
  "lr": 0.05584995982120017,
  "n_embd": 46.941001499886895,
  "n_head": 6.338198120748966,
  "n_layer": 3.7792248023844848,
  "seed": 169604755.60252208,
  "weight_decay": 0.009733245992131264
}