{
  "batch_size": 78,
  "beta_1": 0.4170323877078624,
  "beta_2": 0.390981454938857,
  "block_size": 121,
  "dropout": 0.1722079097895474,
  "epsilon": 0.0001488566763841,
  "lr": 0.0018468219489067,
  "n_embd": 48,
  "n_head": 6,
  "n_layer": 5,
  "seed": 1055388961.6753114,
  "weight_decay": 7.958091562e-07
}