{
  "batch_size": 81.3015424880486,
  "beta_1": 0.2593333094988097,
  "beta_2": 0.1518852890440627,
  "block_size": 350.4060493831724,
  "dropout": 0.42578701114831874,
  "epsilon": 0.00011657050950060592,
  "lr": 0.00010811449524118975,
  "n_embd": 3.955987747911803,
  "n_head": 3.0134672257801083,
  "n_layer": 6.837257493569913,
  "seed": 1651455842.3200922,
  "weight_decay": 0.00590487008871611
}