{
  "batch_size": 55.198084154144624,
  "beta_1": 0.9649901827974989,
  "beta_2": 0.30497309504562353,
  "block_size": 370.27039980687834,
  "dropout": 0.3736736945327669,
  "epsilon": 0.0002532217113626524,
  "lr": 0.02906432460931669,
  "n_embd": 11.48794627887039,
  "n_head": 6.282581920671331,
  "n_layer": 4.859024285297895,
  "seed": 1586822932.6105406,
  "weight_decay": 0.007203844035698847
}