{
  "batch_size": 64.1484573372737,
  "beta_1": 0.5965790392845024,
  "beta_2": 0.5865561462731489,
  "block_size": 87.68227841979366,
  "dropout": 0.35422840617325724,
  "epsilon": 0.00038504431714989583,
  "lr": 0.08643351010346997,
  "n_embd": 25.05487430811201,
  "n_head": 6.850569433609009,
  "n_layer": 1.5922621931794745,
  "seed": 1196449494.0721967,
  "weight_decay": 0.0018304763958730023
}