{
  "batch_size": 76.6267791215806,
  "beta_1": 0.24669859723118645,
  "beta_2": 0.44842566264963424,
  "block_size": 291.02345358957905,
  "dropout": 0.47614553460448883,
  "epsilon": 0.0007509479284642157,
  "lr": 0.007888046650336338,
  "n_embd": 22.56672483340962,
  "n_head": 3.075652944515583,
  "n_layer": 3.332236089783754,
  "seed": 604547061.0730016,
  "weight_decay": 0.001312351081765029
}