{
  "batch_size": 37.06939889374857,
  "beta_1": 0.7971077259942021,
  "beta_2": 0.5448039960308391,
  "block_size": 351.06470170635095,
  "dropout": 0.48196671542145153,
  "epsilon": 0.0004308329355794381,
  "lr": 0.08337680311308071,
  "n_embd": 15.303724167013133,
  "n_head": 1.0702247949868884,
  "n_layer": 5.205234245487683,
  "seed": 535742715.82359016,
  "weight_decay": 0.008725579649901111
}