{
  "batch_size": 35,
  "beta_1": 0.2755598347098188,
  "beta_2": 0.9018408300605472,
  "block_size": 259,
  "dropout": 0.3758433765324784,
  "epsilon": 1.04416279608e-05,
  "lr": 0.0001106185575023,
  "n_embd": 18,
  "n_head": 2,
  "n_layer": 1,
  "seed": 1001691011.2735114,
  "weight_decay": 0.000804911368925
}