{
  "batch_size": 45,
  "beta_1": 0.123408063242349,
  "beta_2": 0.3953093594053904,
  "block_size": 218,
  "dropout": 0.2665704256510324,
  "epsilon": 0.0009157695714672,
  "lr": 0.0009895004290448,
  "n_embd": 18,
  "n_head": 4,
  "n_layer": 1,
  "seed": 256652083.030073,
  "weight_decay": 0.0002520364025296
}