{
  "batch_size": 87,
  "beta_1": 0.7298952702897372,
  "beta_2": 0.5846608573388805,
  "block_size": 121,
  "dropout": 0.2576897686536848,
  "epsilon": 0.0007978332644905,
  "lr": 0.0125663171562974,
  "n_embd": 14,
  "n_head": 5,
  "n_layer": 2,
  "seed": 1299956377.596378,
  "weight_decay": 0.0005804117744563
}