{
  "batch_size": 84,
  "beta_1": 0.38114375643817344,
  "beta_2": 0.7292123245042824,
  "block_size": 172,
  "dropout": 0.49939890978702706,
  "epsilon": 7.999469868281015e-05,
  "lr": 0.0013669668164606717,
  "n_embd": 26,
  "n_head": 5,
  "n_layer": 6,
  "seed": 212070312,
  "weight_decay": 0.0006195218887363892
}