{
  "batch_size": 67,
  "beta_1": 0.429579470586577,
  "beta_2": 0.1720142556121535,
  "block_size": 160,
  "dropout": 0.20308808599391126,
  "epsilon": 0.0007852228029144216,
  "lr": 0.0001488371701914867,
  "n_embd": 49,
  "n_head": 5,
  "n_layer": 1,
  "seed": 607321830,
  "weight_decay": 0.0015735207259041303
}