{
  "batch_size": 53.13693235843678,
  "beta_1": 0.9287251785093277,
  "beta_2": 0.23571211079343982,
  "block_size": 297.71429795007816,
  "dropout": 0.19813166147413958,
  "epsilon": 0.000179036768588494,
  "lr": 0.013230054636088291,
  "n_embd": 32.35213683736457,
  "n_head": 1.1771607769976282,
  "n_layer": 6.387285137608261,
  "seed": 766259600.508558,
  "weight_decay": 0.0035019894360524815
}