{
  "batch_size": 41,
  "beta_1": 0.2187512680837677,
  "beta_2": 0.170957328655162,
  "block_size": 160,
  "dropout": 0.3947187287760134,
  "epsilon": 5.191192e-09,
  "lr": 0.0160388320717999,
  "n_embd": 35,
  "n_head": 6,
  "n_layer": 4,
  "seed": 1895143834.8714392,
  "weight_decay": 1.17925633e-08
}