{
  "batch_size": 48,
  "beta_1": 0.8986133490219776,
  "beta_2": 0.5898888151003898,
  "block_size": 252,
  "dropout": 0.49957750926328803,
  "epsilon": 0.0008862497211596204,
  "lr": 0.0008566629751385553,
  "n_embd": 16,
  "n_head": 4,
  "n_layer": 5,
  "seed": 668392909,
  "weight_decay": 9.44269902612236e-08
}