{
  "batch_size": 27,
  "beta_1": 0.1372004016461773,
  "beta_2": 0.4608227503850431,
  "block_size": 240,
  "dropout": 0.1179046431084652,
  "epsilon": 9.80374926156e-05,
  "lr": 0.0013911729830202,
  "n_embd": 34,
  "n_head": 6,
  "n_layer": 4,
  "seed": 208061892.7668424,
  "weight_decay": 1.38308347e-08
}