{
  "batch_size": 57.52235712112039,
  "beta_1": 0.9526264028315269,
  "beta_2": 0.8772691380152576,
  "block_size": 167.86088525564634,
  "dropout": 0.32976173272566617,
  "epsilon": 0.0006461383653871915,
  "lr": 0.07155615646663983,
  "n_embd": 12.774324505156653,
  "n_head": 2.3748676072112653,
  "n_layer": 4.780408149889273,
  "seed": 2137333535.07148,
  "weight_decay": 0.0008395124295230725
}