{
  "batch_size": 95,
  "beta_1": 0.3629627402646596,
  "beta_2": 0.8968191160098462,
  "block_size": 245,
  "dropout": 0.3140996925885376,
  "epsilon": 0.0001157697783401,
  "lr": 0.0054825180020992,
  "n_embd": 33,
  "n_head": 3,
  "n_layer": 2,
  "seed": 817681758.4670769,
  "weight_decay": 2.737287277e-07
}