{
  "batch_size": 19,
  "beta_1": 0.1525453075553837,
  "beta_2": 0.5606819967537481,
  "block_size": 255,
  "dropout": 0.2875297078043122,
  "epsilon": 2.4834467e-09,
  "lr": 9.7011219062e-05,
  "n_embd": 31,
  "n_head": 1,
  "n_layer": 6,
  "seed": 1450340895.3234534,
  "weight_decay": 8.978524978e-07
}