{
  "batch_size": 87.61129488928027,
  "beta_1": 0.6834015529450639,
  "beta_2": 0.2653180192656064,
  "block_size": 124.04987299634973,
  "dropout": 0.4225434864379951,
  "epsilon": 0.00010333007025946184,
  "lr": 0.014796016899784182,
  "n_embd": 7.6930658154343075,
  "n_head": 4.376524446990934,
  "n_layer": 2.7705904941746224,
  "seed": 1328452264.936329,
  "weight_decay": 0.008941377835422157
}