{
  "batch_size": 83.46340690715037,
  "beta_1": 0.8182920623483784,
  "beta_2": 0.635218678497742,
  "block_size": 311.96386440423794,
  "dropout": 0.24463249878827426,
  "epsilon": 0.00011067577271302328,
  "lr": 0.037377227899612155,
  "n_embd": 39.9336383666321,
  "n_head": 2.51334974493977,
  "n_layer": 1.9519687324800339,
  "seed": 1707005034.6924999,
  "weight_decay": 0.009479304649932966
}