{
  "batch_size": 16,
  "beta_1": 0.2733733227898684,
  "beta_2": 0.1206617531575554,
  "block_size": 150,
  "dropout": 0.379115091938586,
  "epsilon": 3.725712e-10,
  "lr": 2.08287481797e-05,
  "n_embd": 47,
  "n_head": 4,
  "n_layer": 5,
  "seed": 156655238.98251647,
  "weight_decay": 4.7825098141e-06
}