{
  "batch_size": 80,
  "beta_1": 0.9443565181980205,
  "beta_2": 0.8864062103497042,
  "block_size": 278,
  "dropout": 0.25286267864519574,
  "epsilon": 1.6090226941868262e-09,
  "lr": 0.04180472901996007,
  "n_embd": 46,
  "n_head": 5,
  "n_layer": 6,
  "seed": 1770398851,
  "weight_decay": 1.4361393081964217e-05
}