{
  "batch_size": 28,
  "beta_1": 0.19772000984443144,
  "beta_2": 0.2746286572612096,
  "block_size": 175,
  "dropout": 0.18400817019054694,
  "epsilon": 1.0353623490283392e-05,
  "lr": 0.0025883864223108385,
  "n_embd": 32,
  "n_head": 5,
  "n_layer": 5,
  "seed": 688291291,
  "weight_decay": 4.5350272382661914e-07
}