{
  "batch_size": 24,
  "beta_1": 0.6135561891882227,
  "beta_2": 0.6914266547951134,
  "block_size": 355,
  "dropout": 0.4944118446221336,
  "epsilon": 5.0339397892973046e-08,
  "lr": 0.00027156067675739514,
  "n_embd": 47,
  "n_head": 2,
  "n_layer": 2,
  "seed": 468874606,
  "weight_decay": 7.369519716789741e-06
}