{
  "batch_size": 27.757827774801143,
  "beta_1": 0.8399173921336651,
  "beta_2": 0.5306076593914869,
  "block_size": 364.3392588920429,
  "dropout": 0.12561895900321918,
  "epsilon": 0.0009666227719639306,
  "lr": 0.03340260644295549,
  "n_embd": 31.271783102919738,
  "n_head": 5.2375725539903595,
  "n_layer": 5.836139512784681,
  "seed": 1798524636.7905111,
  "weight_decay": 0.007876103014618533
}