{
  "batch_size": 74,
  "beta_1": 0.9140149299879922,
  "beta_2": 0.4852084529260944,
  "block_size": 199,
  "dropout": 0.1110596304468299,
  "epsilon": 2.5614575143358306e-07,
  "lr": 8.454882769002251e-06,
  "n_embd": 42,
  "n_head": 1,
  "n_layer": 6,
  "seed": 43679748,
  "weight_decay": 1.0470253514455887e-06
}