{
  "batch_size": 87,
  "beta_1": 0.14590480717999688,
  "beta_2": 0.9924782967589634,
  "block_size": 124,
  "dropout": 0.2881401906264969,
  "epsilon": 3.1148081036553146e-10,
  "lr": 0.013026842387067616,
  "n_embd": 10,
  "n_head": 3,
  "n_layer": 5,
  "seed": 835789372,
  "weight_decay": 0.000532500653944869
}