{
  "batch_size": 78.8549117839762,
  "beta_1": 0.9482554427517375,
  "beta_2": 0.6330021338599319,
  "block_size": 68.28488605858638,
  "dropout": 0.4313818753784242,
  "epsilon": 3.0296067112894065e-05,
  "lr": 0.05175385612860392,
  "n_embd": 52.74661634718089,
  "n_head": 1.2219118661901192,
  "n_layer": 1.8563550545245593,
  "seed": 624434374.9299825,
  "weight_decay": 0.005404454891353072
}