{
  "batch_size": 91,
  "beta_1": 0.8642210116859755,
  "beta_2": 0.16376989565162764,
  "block_size": 170,
  "dropout": 0.2902817014283685,
  "epsilon": 2.549531469720569e-10,
  "lr": 0.005535974361822455,
  "n_embd": 38,
  "n_head": 4,
  "n_layer": 5,
  "seed": 1061134064,
  "weight_decay": 4.982771565713175e-05
}