{
  "batch_size": 69.7315070752964,
  "beta_1": 0.9075747740681109,
  "beta_2": 0.7884699022928012,
  "block_size": 331.8776834021569,
  "dropout": 0.2955322622456252,
  "epsilon": 0.0007903127849793162,
  "lr": 0.08671343014271791,
  "n_embd": 3.8096411036099735,
  "n_head": 3.6680204676434256,
  "n_layer": 4.97645313926682,
  "seed": 2066479879.7120833,
  "weight_decay": 0.004905877711693491
}