{
  "batch_size": 50,
  "beta_1": 0.6079069885345498,
  "beta_2": 0.846832076000446,
  "block_size": 281,
  "dropout": 0.1151371494368764,
  "epsilon": 9.487410039e-07,
  "lr": 0.0007435408054871,
  "n_embd": 33,
  "n_head": 3,
  "n_layer": 3,
  "seed": 884791160.7128084,
  "weight_decay": 0.0002016813967494
}