{
  "batch_size": 17.37256536416779,
  "beta_1": 0.4507625641358449,
  "beta_2": 0.11259802798109504,
  "block_size": 215.2768187442644,
  "dropout": 0.41665615450850757,
  "epsilon": 0.00011497868613052292,
  "lr": 0.016998145685236794,
  "n_embd": 20.788368079110985,
  "n_head": 1.8076229891820588,
  "n_layer": 1.9996013228638414,
  "seed": 624582007.8193542,
  "weight_decay": 0.006680601292080863
}