{
  "batch_size": 42,
  "beta_1": 0.40928107337210595,
  "beta_2": 0.669845325193292,
  "block_size": 374,
  "dropout": 0.13655973106833405,
  "epsilon": 0.00016373442637136645,
  "lr": 0.00039723150632098986,
  "n_embd": 42,
  "n_head": 1,
  "n_layer": 3,
  "seed": 400826042,
  "weight_decay": 3.3728506788606285e-05
}