{
  "batch_size": 87,
  "beta_1": 0.5142463417642101,
  "beta_2": 0.7216400844177397,
  "block_size": 128,
  "dropout": 0.2672427667426262,
  "epsilon": 1.6697813e-09,
  "lr": 0.0009766846362734,
  "n_embd": 4,
  "n_head": 5,
  "n_layer": 2,
  "seed": 751659766.6871443,
  "weight_decay": 2.31722054e-08
}