{
  "batch_size": 31,
  "beta_1": 0.4363273871203417,
  "beta_2": 0.868019031984162,
  "block_size": 119,
  "dropout": 0.2367457373295304,
  "epsilon": 2.6725960741e-06,
  "lr": 3.9922752435e-06,
  "n_embd": 21,
  "n_head": 2,
  "n_layer": 6,
  "seed": 1584788192.1772673,
  "weight_decay": 6.21513847569e-05
}