{
  "batch_size": 30,
  "beta_1": 0.7240857530818391,
  "beta_2": 0.9351741959049444,
  "block_size": 257,
  "dropout": 0.3806175263590701,
  "epsilon": 3.988121e-10,
  "lr": 0.0014098484653118,
  "n_embd": 27,
  "n_head": 2,
  "n_layer": 5,
  "seed": 805498081.7146589,
  "weight_decay": 0.0052152312181159
}