{
  "batch_size": 91.99640695329208,
  "beta_1": 0.9425542923334179,
  "beta_2": 0.2307304895751809,
  "block_size": 183.6633361835934,
  "dropout": 0.3444486512170633,
  "epsilon": 0.00015278027938310434,
  "lr": 0.014474425665081888,
  "n_embd": 41.253986395511475,
  "n_head": 1.404072776325143,
  "n_layer": 3.1637880081300858,
  "seed": 513635293.3471539,
  "weight_decay": 0.00418262368238776
}