{
  "batch_size": 47.97151447122313,
  "beta_1": 0.28558697231170593,
  "beta_2": 0.20321903267841607,
  "block_size": 248.37759259633174,
  "dropout": 0.37940690011969336,
  "epsilon": 0.0009981042708064015,
  "lr": 0.07807497633450355,
  "n_embd": 50.96278150137333,
  "n_head": 2.809278291331876,
  "n_layer": 5.161331390786604,
  "seed": 1812142958.0335248,
  "weight_decay": 0.004469687526518822
}