{
  "batch_size": 36.96707945406945,
  "beta_1": 0.9950319273080317,
  "beta_2": 0.46304565387749763,
  "block_size": 121.36992686628183,
  "dropout": 0.11408428907458111,
  "epsilon": 0.0007896031997756014,
  "lr": 0.06911942916426295,
  "n_embd": 33.77229065220038,
  "n_head": 5.21204054530105,
  "n_layer": 1.3019351198886389,
  "seed": 2074417722.8852663,
  "weight_decay": 0.006088075092808979
}