{
  "batch_size": 51.31104640687232,
  "beta_1": 0.8898648472913478,
  "beta_2": 0.573433763828665,
  "block_size": 349.78202115132035,
  "dropout": 0.29469317318863475,
  "epsilon": 0.00025554996893402995,
  "lr": 0.06311264009080751,
  "n_embd": 6.78209425803782,
  "n_head": 1.5041957075086945,
  "n_layer": 2.8116124774884015,
  "seed": 1681590028.431631,
  "weight_decay": 0.000846838455807673
}