{
  "batch_size": 78.04411549217971,
  "beta_1": 0.35183314544356326,
  "beta_2": 0.9304919427518459,
  "block_size": 259.77197210128156,
  "dropout": 0.37176424115423046,
  "epsilon": 0.0006783943254523853,
  "lr": 0.04083767030504513,
  "n_embd": 2.977653440166642,
  "n_head": 3.6802933872967674,
  "n_layer": 5.434725751456824,
  "seed": 68450893.32988665,
  "weight_decay": 0.003154267240571468
}