{
  "batch_size": 59.796022946811156,
  "beta_1": 0.3137822226543261,
  "beta_2": 0.45664531075362735,
  "block_size": 77.19191575065243,
  "dropout": 0.41733244309207285,
  "epsilon": 0.0001340196176261987,
  "lr": 0.0804856754996537,
  "n_embd": 9.884418137006767,
  "n_head": 3.400360365707244,
  "n_layer": 6.2105842337198,
  "seed": 761119244.925514,
  "weight_decay": 0.0008780248067125692
}