{
  "batch_size": 60.23488857072517,
  "beta_1": 0.5809743684032277,
  "beta_2": 0.5198597646853881,
  "block_size": 254.09309548961235,
  "dropout": 0.42966572517257684,
  "epsilon": 0.00044367053562481155,
  "lr": 0.003361559557333614,
  "n_embd": 12.66609221668666,
  "n_head": 6.491503305052207,
  "n_layer": 2.2097036699218577,
  "seed": 1429749340.7224457,
  "weight_decay": 0.009026542136056881
}