{
  "batch_size": 95.71060429044675,
  "beta_1": 0.2776860188215608,
  "beta_2": 0.3102805785829144,
  "block_size": 185.16935634152549,
  "dropout": 0.4415365267153467,
  "epsilon": 0.00017077497383738698,
  "lr": 0.026562637914784793,
  "n_embd": 43.703075004830715,
  "n_head": 1.3901760416984994,
  "n_layer": 1.8071868088078258,
  "seed": 763322961.3195827,
  "weight_decay": 0.0005956219651784227
}