{
  "batch_size": 77.99144875752793,
  "beta_1": 0.6534896303599749,
  "beta_2": 0.9147285969114962,
  "block_size": 119.16156785240744,
  "dropout": 0.20246607599483651,
  "epsilon": 0.000208906001811402,
  "lr": 0.00841798531271782,
  "n_embd": 11.972413573087078,
  "n_head": 6.719675529478069,
  "n_layer": 2.821215154865326,
  "seed": 955535622.8198296,
  "weight_decay": 0.004887309712435141
}