{
  "batch_size": 17.09369414082332,
  "beta_1": 0.8793945713239013,
  "beta_2": 0.5288177168891807,
  "block_size": 316.2477017200646,
  "dropout": 0.20486990270522476,
  "epsilon": 0.00020094586430146328,
  "lr": 0.05333430134013103,
  "n_embd": 13.402070972023605,
  "n_head": 4.12212448455287,
  "n_layer": 4.757841192710124,
  "seed": 1618803424.3423736,
  "weight_decay": 0.00440956511745315
}