{
  "batch_size": 23.534858707578472,
  "beta_1": 0.7097030623430579,
  "beta_2": 0.7958521265791934,
  "block_size": 366.42198920771943,
  "dropout": 0.2020490281772801,
  "epsilon": 0.00034551775072923436,
  "lr": 0.06343229570296052,
  "n_embd": 44.5905238119594,
  "n_head": 4.517077159450423,
  "n_layer": 3.2527036836211503,
  "seed": 215219683.57809544,
  "weight_decay": 0.0006017760458471819
}