{
  "batch_size": 42,
  "beta_1": 0.9307976661768322,
  "beta_2": 0.8295213704104137,
  "block_size": 358,
  "dropout": 0.16477522814552206,
  "epsilon": 5.573000326203026e-05,
  "lr": 0.0017544670993508518,
  "n_embd": 14,
  "n_head": 6,
  "n_layer": 6,
  "seed": 69002066,
  "weight_decay": 0.00038288947935199747
}