{
  "batch_size": 34.367151540359814,
  "beta_1": 0.3111770979052825,
  "beta_2": 0.938119594544874,
  "block_size": 189.6125860904209,
  "dropout": 0.479738206699575,
  "epsilon": 0.00011944763173712666,
  "lr": 0.04896409175015423,
  "n_embd": 26.315407307733206,
  "n_head": 3.478742527836448,
  "n_layer": 6.124450014836776,
  "seed": 940841120.9716965,
  "weight_decay": 0.006604618333288907
}