{
  "batch_size": 58.638366009292525,
  "beta_1": 0.3789735369648619,
  "beta_2": 0.5724058794009084,
  "block_size": 96.01100125516032,
  "dropout": 0.18135758821067438,
  "epsilon": 0.00014074386964090747,
  "lr": 0.05684267699000645,
  "n_embd": 18.16189403916074,
  "n_head": 2.1379882380969004,
  "n_layer": 4.687269435509041,
  "seed": 1542613274.8774862,
  "weight_decay": 0.008164006820897384
}