{
  "batch_size": 29.756541884399315,
  "beta_1": 0.8928400726698967,
  "beta_2": 0.15683458104872727,
  "block_size": 378.1131022634813,
  "dropout": 0.4972174103252087,
  "epsilon": 0.00048460572421207956,
  "lr": 0.028514984854590784,
  "n_embd": 43.87519866519216,
  "n_head": 3.7197475851242485,
  "n_layer": 5.1506254134684015,
  "seed": 992104481.2407134,
  "weight_decay": 0.0037013197346534303
}