{
  "batch_size": 35.165070268978404,
  "beta_1": 0.22371281885664807,
  "beta_2": 0.6310441882688982,
  "block_size": 358.7459669510574,
  "dropout": 0.24134278272965182,
  "epsilon": 0.0006583347170447528,
  "lr": 0.05102828577147853,
  "n_embd": 12.163427873693731,
  "n_head": 4.110457945933572,
  "n_layer": 2.5059086407031783,
  "seed": 2120938173.1760511,
  "weight_decay": 0.006181153751922343
}