{
  "batch_size": 76.36184013464828,
  "beta_1": 0.5041005991600824,
  "beta_2": 0.8461926934499285,
  "block_size": 226.28114585342382,
  "dropout": 0.4467492793623806,
  "epsilon": 0.00091240425797222,
  "lr": 0.023723155352857513,
  "n_embd": 40.74838116090757,
  "n_head": 3.8174697898467453,
  "n_layer": 1.1117441077293155,
  "seed": 1588799078.9750133,
  "weight_decay": 0.00767121991463245
}