{
  "batch_size": 47.16612805638592,
  "beta_1": 0.4516989006076403,
  "beta_2": 0.2037443208639812,
  "block_size": 113.28101509190579,
  "dropout": 0.31393733160385484,
  "epsilon": 0.0003693268471327603,
  "lr": 0.015595461171602324,
  "n_embd": 27.549119838041754,
  "n_head": 6.237110141578857,
  "n_layer": 3.9469569636214676,
  "seed": 371515376.2565532,
  "weight_decay": 0.00656891167475986
}