{
  "batch_size": 56,
  "beta_1": 0.8296442682507725,
  "beta_2": 0.4343721877548548,
  "block_size": 199,
  "dropout": 0.3189276560928376,
  "epsilon": 3.10885076e-08,
  "lr": 0.0007981512340687,
  "n_embd": 22,
  "n_head": 3,
  "n_layer": 5,
  "seed": 1479810675.4538262,
  "weight_decay": 9.651608783e-07
}