{
  "batch_size": 85,
  "beta_1": 0.7309142100470146,
  "beta_2": 0.9614050625818378,
  "block_size": 190,
  "dropout": 0.302352823498036,
  "epsilon": 0.0007492388317436,
  "lr": 2.54612518659e-05,
  "n_embd": 42,
  "n_head": 4,
  "n_layer": 3,
  "seed": 1242973526.5226874,
  "weight_decay": 1.8313594996e-06
}