{
  "batch_size": 24,
  "beta_1": 0.3736636782753756,
  "beta_2": 0.6259447974949517,
  "block_size": 125,
  "dropout": 0.425748406294991,
  "epsilon": 3.8449335136e-06,
  "lr": 0.0005526832004699,
  "n_embd": 5,
  "n_head": 1,
  "n_layer": 3,
  "seed": 2112455575.5681484,
  "weight_decay": 6.8662507858e-06
}