{
  "batch_size": 59.52680119979896,
  "beta_1": 0.8021717697425029,
  "beta_2": 0.15502172229243422,
  "block_size": 286.25200751627824,
  "dropout": 0.11637486926821748,
  "epsilon": 0.00035487657368678873,
  "lr": 0.08682844312738569,
  "n_embd": 16.609772059270345,
  "n_head": 4.205554338646799,
  "n_layer": 4.741540564873621,
  "seed": 1681935682.013136,
  "weight_decay": 0.005208686170343872
}