{
  "batch_size": 36.82368619642952,
  "beta_1": 0.6987392908782627,
  "beta_2": 0.7676644427264566,
  "block_size": 127.26530647357848,
  "dropout": 0.17443470906677988,
  "epsilon": 0.000645202100664917,
  "lr": 0.0968941689063096,
  "n_embd": 42.443743486616036,
  "n_head": 4.098417432866555,
  "n_layer": 4.10212196108998,
  "seed": 1006108269.2453611,
  "weight_decay": 0.008717038509574448
}