{
  "batch_size": 40.26209955442678,
  "beta_1": 0.9430438330513539,
  "beta_2": 0.7242994018571386,
  "block_size": 257.75436826692345,
  "dropout": 0.2057390116543958,
  "epsilon": 0.00027612773322986374,
  "lr": 0.046557489640880634,
  "n_embd": 13.25934515843446,
  "n_head": 4.080208422358569,
  "n_layer": 3.9585801448157927,
  "seed": 760051377.2668005,
  "weight_decay": 0.0017032852113837117
}