{
  "batch_size": 56.760861052969155,
  "beta_1": 0.6635309694455735,
  "beta_2": 0.764751887598009,
  "block_size": 311.2420676186995,
  "dropout": 0.4656245192837766,
  "epsilon": 0.0008182965338624923,
  "lr": 0.08537350947789626,
  "n_embd": 40.81253078884187,
  "n_head": 5.536393257638959,
  "n_layer": 2.76923335917989,
  "seed": 1699230872.4730535,
  "weight_decay": 0.005769792835729006
}