{
  "batch_size": 35,
  "beta_1": 0.8595390704300043,
  "beta_2": 0.5736109136796088,
  "block_size": 373,
  "dropout": 0.1725894615870248,
  "epsilon": 3.7040482147e-06,
  "lr": 0.0004013534216338,
  "n_embd": 42,
  "n_head": 1,
  "n_layer": 2,
  "seed": 1601831936.2982433,
  "weight_decay": 2.33935424e-08
}