{
  "batch_size": 28.468556294111817,
  "beta_1": 0.13075227167001643,
  "beta_2": 0.6330007000834054,
  "block_size": 175.50555738238495,
  "dropout": 0.3103855390287764,
  "epsilon": 0.00029511932702759006,
  "lr": 0.0946516845290895,
  "n_embd": 23.777157281444627,
  "n_head": 2.601647432912528,
  "n_layer": 3.041922420641465,
  "seed": 22801904.360916145,
  "weight_decay": 0.004464780049879068
}