{
  "batch_size": 25.10686877904486,
  "beta_1": 0.42924014819082557,
  "beta_2": 0.3748864906016133,
  "block_size": 172.22436321303996,
  "dropout": 0.21037073871047907,
  "epsilon": 0.0007962559633474495,
  "lr": 0.033880378176820464,
  "n_embd": 15.845480901373485,
  "n_head": 1.9724167528862226,
  "n_layer": 5.734055844333268,
  "seed": 1856377017.8611965,
  "weight_decay": 0.001173245905064385
}