{
  "batch_size": 78.95830167897057,
  "beta_1": 0.6727465849448727,
  "beta_2": 0.730523924878661,
  "block_size": 271.4569480192954,
  "dropout": 0.32716340990674647,
  "epsilon": 0.0007560861572818518,
  "lr": 0.07541191588176714,
  "n_embd": 3.982253442329237,
  "n_head": 6.562701159388676,
  "n_layer": 3.8314950652758344,
  "seed": 1146076596.2631707,
  "weight_decay": 0.009138038971269772
}