{
  "batch_size": 61,
  "beta_1": 0.3824256480729692,
  "beta_2": 0.38309948145251416,
  "block_size": 334,
  "dropout": 0.18372762520214947,
  "epsilon": 4.9123430323384296e-08,
  "lr": 0.00045678125152097225,
  "n_embd": 46,
  "n_head": 2,
  "n_layer": 4,
  "seed": 948826412,
  "weight_decay": 2.520297956990353e-07
}