{
  "batch_size": 58.000042574008525,
  "beta_1": 0.32788015687447475,
  "beta_2": 0.9536256105224117,
  "block_size": 219.24103534253618,
  "dropout": 0.15865696008070854,
  "epsilon": 0.0009099846456893593,
  "lr": 0.07605447340435575,
  "n_embd": 24.66324417662392,
  "n_head": 3.691804241946984,
  "n_layer": 2.7289653419302695,
  "seed": 85226915.00952463,
  "weight_decay": 0.008926793225713303
}