{
  "batch_size": 90,
  "beta_1": 0.7227487789594916,
  "beta_2": 0.546574809554579,
  "block_size": 326,
  "dropout": 0.3150763401722001,
  "epsilon": 1.275548224e-07,
  "lr": 0.0002753233076815,
  "n_embd": 6,
  "n_head": 6,
  "n_layer": 3,
  "seed": 284026815.3653767,
  "weight_decay": 7.621487044e-07
}