{
  "batch_size": 83.09823716091731,
  "beta_1": 0.9156342402779464,
  "beta_2": 0.34833336324022435,
  "block_size": 341.7887775829526,
  "dropout": 0.41660891644504716,
  "epsilon": 0.0005536100672205228,
  "lr": 0.05011995266395563,
  "n_embd": 32.642621892126755,
  "n_head": 1.1206576425773305,
  "n_layer": 2.9895116303209663,
  "seed": 466598435.54878116,
  "weight_decay": 0.00015615788325206974
}