{
  "batch_size": 65,
  "beta_1": 0.7491577727437438,
  "beta_2": 0.9799177202668947,
  "block_size": 308,
  "dropout": 0.1003824992907707,
  "epsilon": 2.59699257300993e-06,
  "lr": 0.0007292653844003802,
  "n_embd": 20,
  "n_head": 5,
  "n_layer": 5,
  "seed": 1927051152,
  "weight_decay": 0.002149285442241217
}