{
  "batch_size": 44.73907109941847,
  "beta_1": 0.8808639191432398,
  "beta_2": 0.29662064435048796,
  "block_size": 181.29007544512405,
  "dropout": 0.3125465629321068,
  "epsilon": 0.0007879514410777658,
  "lr": 0.06516443840054245,
  "n_embd": 40.5934532511928,
  "n_head": 1.3678203245479046,
  "n_layer": 5.184758526895934,
  "seed": 1472104678.944478,
  "weight_decay": 0.0058992498715524895
}