{
  "batch_size": 43,
  "beta_1": 0.7515453834714677,
  "beta_2": 0.227839420020702,
  "block_size": 97,
  "dropout": 0.1930855336954467,
  "epsilon": 9.675853e-09,
  "lr": 0.0017880619806824,
  "n_embd": 15,
  "n_head": 4,
  "n_layer": 4,
  "seed": 1744809880.89852,
  "weight_decay": 0.0006112540312482
}