{
  "batch_size": 35,
  "beta_1": 0.6556599823482245,
  "beta_2": 0.3480963495569616,
  "block_size": 109,
  "dropout": 0.348181624048157,
  "epsilon": 0.0005636062689891,
  "lr": 0.0039378856708838,
  "n_embd": 50,
  "n_head": 6,
  "n_layer": 4,
  "seed": 1786422811.186972,
  "weight_decay": 8.57780288e-07
}