{
  "batch_size": 87.756074882661,
  "beta_1": 0.9960581678250917,
  "beta_2": 0.4572840241987788,
  "block_size": 185.69933527564814,
  "dropout": 0.23921552950679248,
  "epsilon": 0.00010361394016503741,
  "lr": 0.02116817688009582,
  "n_embd": 36.675853609615054,
  "n_head": 3.185886842957723,
  "n_layer": 4.767930670473068,
  "seed": 2107945528.49067,
  "weight_decay": 0.00875483132722364
}