{
  "batch_size": 43.67406780558018,
  "beta_1": 0.18977816326382885,
  "beta_2": 0.8781420265971471,
  "block_size": 285.69080207399236,
  "dropout": 0.4754647805826717,
  "epsilon": 0.0003331391791169633,
  "lr": 0.04645674683287541,
  "n_embd": 44.384625020902874,
  "n_head": 1.154362654445671,
  "n_layer": 5.134843711717587,
  "seed": 68445796.18071719,
  "weight_decay": 0.0047508261910279535
}