{
  "batch_size": 31,
  "beta_1": 0.6699129644531318,
  "beta_2": 0.5882455073386211,
  "block_size": 285,
  "dropout": 0.4137958909352832,
  "epsilon": 1.276463365e-07,
  "lr": 0.0024482603610643,
  "n_embd": 50,
  "n_head": 3,
  "n_layer": 6,
  "seed": 647980697.3002025,
  "weight_decay": 5.53304590454e-05
}