{
  "batch_size": 88,
  "beta_1": 0.3411469022087199,
  "beta_2": 0.763713722353135,
  "block_size": 357,
  "dropout": 0.32395606805607363,
  "epsilon": 9.483611077677187e-08,
  "lr": 1.0690911499449667e-05,
  "n_embd": 9,
  "n_head": 4,
  "n_layer": 1,
  "seed": 739830868,
  "weight_decay": 0.0003810281715223833
}