{
  "batch_size": 91,
  "beta_1": 0.7498037295515689,
  "beta_2": 0.733829296018325,
  "block_size": 102,
  "dropout": 0.23819864932627,
  "epsilon": 2.425482651125393e-06,
  "lr": 0.0015759607392862426,
  "n_embd": 15,
  "n_head": 4,
  "n_layer": 4,
  "seed": 660230284,
  "weight_decay": 9.860108254363165e-06
}