{
  "batch_size": 89,
  "beta_1": 0.5645585714358993,
  "beta_2": 0.5870948685453613,
  "block_size": 194,
  "dropout": 0.12172098877802573,
  "epsilon": 3.188677314042345e-07,
  "lr": 0.0033947620516113944,
  "n_embd": 51,
  "n_head": 1,
  "n_layer": 3,
  "seed": 856309048,
  "weight_decay": 1.358774388709669e-05
}