{
  "batch_size": 66.00550837341726,
  "beta_1": 0.601601686812204,
  "beta_2": 0.9921194152632975,
  "block_size": 108.3480224942897,
  "dropout": 0.2568080706681759,
  "epsilon": 0.0005674327885369289,
  "lr": 0.06608753138294077,
  "n_embd": 12.165646929351507,
  "n_head": 1.71022451660506,
  "n_layer": 4.920220052939287,
  "seed": 6162118.858845857,
  "weight_decay": 0.009401430807852705
}