{
  "batch_size": 71,
  "beta_1": 0.3590227198934528,
  "beta_2": 0.402484936109273,
  "block_size": 75,
  "dropout": 0.1182895250372356,
  "epsilon": 3.9043253e-09,
  "lr": 0.0001426120198854,
  "n_embd": 4,
  "n_head": 4,
  "n_layer": 5,
  "seed": 821860347.7482678,
  "weight_decay": 0.0011210101409918
}