{
  "batch_size": 66,
  "beta_1": 0.7544921494966074,
  "beta_2": 0.600813200682218,
  "block_size": 136,
  "dropout": 0.3610377846333592,
  "epsilon": 2.613886689e-05,
  "lr": 1.856086449e-06,
  "n_embd": 22,
  "n_head": 3,
  "n_layer": 4,
  "seed": 563780293.6477197,
  "weight_decay": 0.0020178368748978
}