{
  "batch_size": 27,
  "beta_1": 0.13060188527739652,
  "beta_2": 0.9566137198063477,
  "block_size": 350,
  "dropout": 0.17368793164545404,
  "epsilon": 5.66613591965895e-07,
  "lr": 0.00019851251566999352,
  "n_embd": 4,
  "n_head": 1,
  "n_layer": 2,
  "seed": 1525695740,
  "weight_decay": 1.7773197206794657e-05
}