{
  "batch_size": 91.81497545971894,
  "beta_1": 0.41546544038425226,
  "beta_2": 0.5780609972705512,
  "block_size": 128.76940524374064,
  "dropout": 0.4394864077120758,
  "epsilon": 0.0002756477643426409,
  "lr": 0.04458960679133655,
  "n_embd": 18.41594195968608,
  "n_head": 5.7264011668916135,
  "n_layer": 1.1019693744985104,
  "seed": 1328537266.3111618,
  "weight_decay": 0.0035891846354575395
}