{
  "batch_size": 96,
  "beta_1": 0.21441837538544817,
  "beta_2": 0.9320958102330484,
  "block_size": 335,
  "dropout": 0.39062851083827943,
  "epsilon": 3.778616277027099e-05,
  "lr": 0.05390962832355708,
  "n_embd": 12,
  "n_head": 5,
  "n_layer": 2,
  "seed": 785801921,
  "weight_decay": 1.9367307476103316e-07
}