{
  "batch_size": 84.71548831625057,
  "beta_1": 0.12368412614178238,
  "beta_2": 0.5758898466327815,
  "block_size": 356.7389072693001,
  "dropout": 0.11351925671080819,
  "epsilon": 0.00011706452103085166,
  "lr": 0.041909389698307466,
  "n_embd": 29.258135498476086,
  "n_head": 1.8487110543042777,
  "n_layer": 3.4137742031544827,
  "seed": 459090315.140637,
  "weight_decay": 0.000337597672768212
}