{
  "batch_size": 46.990472421720256,
  "beta_1": 0.43752020296894223,
  "beta_2": 0.9111800826899603,
  "block_size": 375.12693520772467,
  "dropout": 0.2641588272686144,
  "epsilon": 0.0006436173451614939,
  "lr": 0.05076547372879295,
  "n_embd": 31.310103651413442,
  "n_head": 3.5154069529690988,
  "n_layer": 5.1721519101999105,
  "seed": 537073321.3489107,
  "weight_decay": 0.003742788506069166
}