{
  "batch_size": 80,
  "beta_1": 0.7988753465420622,
  "beta_2": 0.6752084616355201,
  "block_size": 296,
  "dropout": 0.17274395620123487,
  "epsilon": 0.00034889627489288793,
  "lr": 0.0011106866255977705,
  "n_embd": 44,
  "n_head": 2,
  "n_layer": 4,
  "seed": 1905412138,
  "weight_decay": 1.1613848560471625e-08
}