{
  "batch_size": 21.158039599385596,
  "beta_1": 0.582677618383882,
  "beta_2": 0.7681115654414945,
  "block_size": 368.35978098299125,
  "dropout": 0.24755505970344266,
  "epsilon": 0.00014967963822950652,
  "lr": 0.05857352483816834,
  "n_embd": 20.822906346193303,
  "n_head": 5.643042118710979,
  "n_layer": 4.93308342794165,
  "seed": 1856339226.6847582,
  "weight_decay": 0.009254045804076867
}