{
  "batch_size": 83,
  "beta_1": 0.12393409165538086,
  "beta_2": 0.360104757831856,
  "block_size": 222,
  "dropout": 0.19996182511661212,
  "epsilon": 6.351963003382425e-05,
  "lr": 2.940557923359991e-05,
  "n_embd": 51,
  "n_head": 3,
  "n_layer": 4,
  "seed": 1116855198,
  "weight_decay": 0.002211167641281942
}