{
  "batch_size": 25.983804524661036,
  "beta_1": 0.5921471639192958,
  "beta_2": 0.670243178459941,
  "block_size": 270.8652781778708,
  "dropout": 0.4195600749395062,
  "epsilon": 0.00013520987434621672,
  "lr": 0.004962074959368989,
  "n_embd": 7.026344168041682,
  "n_head": 2.984555814820318,
  "n_layer": 5.218168966931602,
  "seed": 1766255046.9939573,
  "weight_decay": 0.00983924143078091
}