{
  "batch_size": 84.01205341631085,
  "beta_1": 0.7190842423678426,
  "beta_2": 0.7890867826041851,
  "block_size": 96.42083019483468,
  "dropout": 0.26036725153909834,
  "epsilon": 5.112146033134579e-05,
  "lr": 0.022641608309871948,
  "n_embd": 9.652034228820437,
  "n_head": 6.222168691717566,
  "n_layer": 2.297833369324728,
  "seed": 1136662076.4102652,
  "weight_decay": 0.007241793698875057
}