{
  "batch_size": 69.12528321497385,
  "beta_1": 0.3043603057259767,
  "beta_2": 0.7679045401477625,
  "block_size": 197.73143468363912,
  "dropout": 0.3468201877031965,
  "epsilon": 0.0004035057478387012,
  "lr": 0.028614164708978766,
  "n_embd": 29.025592759270882,
  "n_head": 2.7181196855070158,
  "n_layer": 1.909373587108897,
  "seed": 594462381.6136276,
  "weight_decay": 0.002348414158050656
}