{
  "batch_size": 78,
  "beta_1": 0.46190025532497303,
  "beta_2": 0.7159122072596056,
  "block_size": 310,
  "dropout": 0.3536050972144421,
  "epsilon": 6.38050283995245e-08,
  "lr": 0.03664827373142653,
  "n_embd": 49,
  "n_head": 5,
  "n_layer": 1,
  "seed": 572137409,
  "weight_decay": 2.2208725761012154e-07
}