{
  "batch_size": 95.6749986259065,
  "beta_1": 0.7775287815905285,
  "beta_2": 0.6724189864321838,
  "block_size": 64.75663640842475,
  "dropout": 0.3559765235070781,
  "epsilon": 0.0005268881854844431,
  "lr": 0.01798417828495879,
  "n_embd": 44.774976569314795,
  "n_head": 5.39793566820084,
  "n_layer": 4.977876478443749,
  "seed": 920266494.5601214,
  "weight_decay": 0.007925090705586637
}