{
  "batch_size": 54.49905034718276,
  "beta_1": 0.7998971315657668,
  "beta_2": 0.30441898948467994,
  "block_size": 220.89757197466707,
  "dropout": 0.29298532928284227,
  "epsilon": 0.0008380242183873121,
  "lr": 0.058238253659849054,
  "n_embd": 24.47900573850182,
  "n_head": 5.20286763830779,
  "n_layer": 3.3543588986721717,
  "seed": 603198800.4738232,
  "weight_decay": 0.000731658473005817
}