{
  "batch_size": 57,
  "beta_1": 0.9557142484742241,
  "beta_2": 0.5069660557195595,
  "block_size": 288,
  "dropout": 0.1887121799278231,
  "epsilon": 0.000616435542347,
  "lr": 0.0003202642665998,
  "n_embd": 46,
  "n_head": 5,
  "n_layer": 2,
  "seed": 69961211.55064487,
  "weight_decay": 6.5520061092e-06
}