{
  "batch_size": 33,
  "beta_1": 0.9450404727062474,
  "beta_2": 0.1828222728806681,
  "block_size": 292,
  "dropout": 0.2378199708598072,
  "epsilon": 1.39992044e-08,
  "lr": 0.0016070012540787,
  "n_embd": 45,
  "n_head": 1,
  "n_layer": 2,
  "seed": 1143587294.6809907,
  "weight_decay": 1.32963916983e-05
}