{
  "batch_size": 80,
  "beta_1": 0.9368573166682974,
  "beta_2": 0.7114722307558968,
  "block_size": 330,
  "dropout": 0.21069387862568942,
  "epsilon": 1.8387012014774828e-05,
  "lr": 4.3068931126255914e-05,
  "n_embd": 41,
  "n_head": 5,
  "n_layer": 6,
  "seed": 841012874,
  "weight_decay": 8.561334097863915e-06
}