{
  "batch_size": 75.65240030790899,
  "beta_1": 0.9722765190089697,
  "beta_2": 0.5556307447527887,
  "block_size": 135.86630521695017,
  "dropout": 0.32486104721365017,
  "epsilon": 0.000398291180539547,
  "lr": 0.017041583507043007,
  "n_embd": 33.4658130357745,
  "n_head": 3.571902863615403,
  "n_layer": 6.476651822986554,
  "seed": 297708255.00546134,
  "weight_decay": 0.004835615726078385
}