{
  "batch_size": 62.74881592397907,
  "beta_1": 0.4545869648948472,
  "beta_2": 0.7500557001578999,
  "block_size": 243.9329451401151,
  "dropout": 0.3705092310624466,
  "epsilon": 8.882229942856229e-05,
  "lr": 0.039769808721430065,
  "n_embd": 0.5377001282362972,
  "n_head": 6.9501501664921195,
  "n_layer": 6.586617965313339,
  "seed": 1732500175.935448,
  "weight_decay": 0.009778397929869944
}