{
  "batch_size": 71,
  "beta_1": 0.1952369582472524,
  "beta_2": 0.6101642978609044,
  "block_size": 219,
  "dropout": 0.2479768097428052,
  "epsilon": 2.207250111729162e-05,
  "lr": 0.009846274945030861,
  "n_embd": 21,
  "n_head": 5,
  "n_layer": 5,
  "seed": 384335604,
  "weight_decay": 3.836211781433605e-05
}