{
  "batch_size": 90,
  "beta_1": 0.1280786544508457,
  "beta_2": 0.7752498102823822,
  "block_size": 341,
  "dropout": 0.3240953728143028,
  "epsilon": 5.219329e-10,
  "lr": 0.0001363162509444,
  "n_embd": 33,
  "n_head": 5,
  "n_layer": 3,
  "seed": 1096945464.910284,
  "weight_decay": 7.7639013204e-06
}