{
  "batch_size": 93.20041766631313,
  "beta_1": 0.5584820600206436,
  "beta_2": 0.12652664736576794,
  "block_size": 198.18060800402208,
  "dropout": 0.47524553324959196,
  "epsilon": 0.00019212669589528997,
  "lr": 0.02949345488494883,
  "n_embd": 34.30445781829605,
  "n_head": 2.677474543550555,
  "n_layer": 1.7116768254108923,
  "seed": 1053680089.9330127,
  "weight_decay": 0.008872811738276918
}