{
  "batch_size": 33,
  "beta_1": 0.1964900193267365,
  "beta_2": 0.3132745168825203,
  "block_size": 109,
  "dropout": 0.19397248439384085,
  "epsilon": 7.106139756964134e-10,
  "lr": 1.1973883983471459e-06,
  "n_embd": 49,
  "n_head": 2,
  "n_layer": 1,
  "seed": 810824504,
  "weight_decay": 0.0028680115760129
}