{
  "batch_size": 81,
  "beta_1": 0.737110591637413,
  "beta_2": 0.7448436808807934,
  "block_size": 66,
  "dropout": 0.18419075375144164,
  "epsilon": 0.0010801398134688766,
  "lr": 0.00066807644095213,
  "n_embd": 52,
  "n_head": 4,
  "n_layer": 6,
  "seed": 1800740359,
  "weight_decay": 2.0378137877313435e-08
}