{
  "batch_size": 77.15754247576967,
  "beta_1": 0.14216624515464,
  "beta_2": 0.2738163144067436,
  "block_size": 123.64760808944595,
  "dropout": 0.21977919344146254,
  "epsilon": 0.000966992496272016,
  "lr": 0.04601605220593557,
  "n_embd": 12.623453727550151,
  "n_head": 6.922264413645944,
  "n_layer": 5.627267541584532,
  "seed": 1612134027.1184862,
  "weight_decay": 0.0007009498132231885
}