{
  "batch_size": 41.91829162298326,
  "beta_1": 0.43942587261170907,
  "beta_2": 0.1610646000487692,
  "block_size": 321.22636289981864,
  "dropout": 0.2917962827438989,
  "epsilon": 0.0008056400758635852,
  "lr": 0.021808352278803268,
  "n_embd": 37.405938628477976,
  "n_head": 4.1045701844087805,
  "n_layer": 5.753202842605499,
  "seed": 2136430243.7599134,
  "weight_decay": 0.006884239272720588
}