{
  "batch_size": 30,
  "beta_1": 0.9280825792548644,
  "beta_2": 0.4598334063254679,
  "block_size": 378,
  "dropout": 0.2041668450936026,
  "epsilon": 4.51620992e-08,
  "lr": 0.0040022661267163,
  "n_embd": 36,
  "n_head": 4,
  "n_layer": 3,
  "seed": 1073001533.3818607,
  "weight_decay": 0.0016267041258933
}