{
  "batch_size": 46,
  "beta_1": 0.12047820233085645,
  "beta_2": 0.6417737881978887,
  "block_size": 74,
  "dropout": 0.39500658075357475,
  "epsilon": 2.17024975774664e-08,
  "lr": 0.001791330799364992,
  "n_embd": 48,
  "n_head": 2,
  "n_layer": 4,
  "seed": 249344805,
  "weight_decay": 9.891212417187995e-05
}