{
  "batch_size": 59.110909229937334,
  "beta_1": 0.5879182294806006,
  "beta_2": 0.5813436907168416,
  "block_size": 380.7708921493837,
  "dropout": 0.293697265506515,
  "epsilon": 8.850578718850071e-05,
  "lr": 0.03441579027373679,
  "n_embd": 27.887042129388963,
  "n_head": 5.670024915175981,
  "n_layer": 4.864694149460667,
  "seed": 688956376.6945894,
  "weight_decay": 0.004436488860507627
}