{
  "batch_size": 39,
  "beta_1": 0.46792776595207,
  "beta_2": 0.7444234407269984,
  "block_size": 199,
  "dropout": 0.18986905033864213,
  "epsilon": 3.9624798975926526e-10,
  "lr": 4.442427797816819e-06,
  "n_embd": 27,
  "n_head": 1,
  "n_layer": 6,
  "seed": 196359754,
  "weight_decay": 6.300347158265448e-06
}