{
  "batch_size": 82.44246916511509,
  "beta_1": 0.3738867541513722,
  "beta_2": 0.8311711238154905,
  "block_size": 93.59218685523368,
  "dropout": 0.3592451312648135,
  "epsilon": 0.00028206225491018787,
  "lr": 0.03301271318447383,
  "n_embd": 31.812006725294854,
  "n_head": 6.675588615016821,
  "n_layer": 6.17608733225913,
  "seed": 1196313864.6463714,
  "weight_decay": 0.004535840581270382
}