{
  "batch_size": 81,
  "beta_1": 0.2319128788215363,
  "beta_2": 0.6191759423698001,
  "block_size": 267,
  "dropout": 0.2408524848606143,
  "epsilon": 1.373948517384872e-07,
  "lr": 0.020260395349081403,
  "n_embd": 28,
  "n_head": 6,
  "n_layer": 4,
  "seed": 1206148567,
  "weight_decay": 3.529618759754276e-05
}