{
  "batch_size": 73.29397295505197,
  "beta_1": 0.19412458412915823,
  "beta_2": 0.8868908107523811,
  "block_size": 117.98801812959505,
  "dropout": 0.3109598407655698,
  "epsilon": 0.000934888482191692,
  "lr": 0.08984263388934684,
  "n_embd": 42.58877100491978,
  "n_head": 3.7528227004876076,
  "n_layer": 3.1226189899026138,
  "seed": 2143402941.693273,
  "weight_decay": 0.007320891165151074
}