{
  "batch_size": 79.57496935616595,
  "beta_1": 0.6802989244299125,
  "beta_2": 0.9987082860252018,
  "block_size": 301.54024548141456,
  "dropout": 0.19708611912650206,
  "epsilon": 0.0007748753857640913,
  "lr": 0.09342211811383555,
  "n_embd": 22.676137899888204,
  "n_head": 1.774649965110214,
  "n_layer": 2.3758497578459195,
  "seed": 830968611.4921883,
  "weight_decay": 0.008836076682389626
}