{
  "batch_size": 63,
  "beta_1": 0.8534660857617197,
  "beta_2": 0.5205314660285709,
  "block_size": 191,
  "dropout": 0.23824473822789421,
  "epsilon": 1.966824583833959e-09,
  "lr": 0.0002696488310519015,
  "n_embd": 40,
  "n_head": 1,
  "n_layer": 6,
  "seed": 245331181,
  "weight_decay": 3.337545107880627e-08
}