{
  "batch_size": 66,
  "beta_1": 0.29848978366891166,
  "beta_2": 0.8803000573436499,
  "block_size": 233,
  "dropout": 0.31708429858177367,
  "epsilon": 1.8260774511065296e-05,
  "lr": 8.519255795824232e-06,
  "n_embd": 41,
  "n_head": 4,
  "n_layer": 6,
  "seed": 546727279,
  "weight_decay": 5.53436415986029e-08
}