{
  "batch_size": 71,
  "beta_1": 0.3184620506515238,
  "beta_2": 0.1997193201987534,
  "block_size": 125,
  "dropout": 0.1288727017448578,
  "epsilon": 2.595102e-10,
  "lr": 0.0006130912246779,
  "n_embd": 30,
  "n_head": 6,
  "n_layer": 3,
  "seed": 1753100994.5812373,
  "weight_decay": 3.410888289e-07
}