{
  "batch_size": 62.79589087168266,
  "beta_1": 0.7360269321884871,
  "beta_2": 0.2730642037848834,
  "block_size": 70.71126557263915,
  "dropout": 0.14878756612439303,
  "epsilon": 0.0009587715600969772,
  "lr": 0.05349992416830794,
  "n_embd": 14.23171829272045,
  "n_head": 2.792898772045291,
  "n_layer": 6.912470693210182,
  "seed": 1243448673.1385193,
  "weight_decay": 0.0009523325949128417
}