{
  "batch_size": 52.77275803972462,
  "beta_1": 0.4722293606792175,
  "beta_2": 0.30450284319674925,
  "block_size": 299.95513721231026,
  "dropout": 0.4834212335937699,
  "epsilon": 0.0003877740580704277,
  "lr": 0.08259355897692504,
  "n_embd": 52.1023483809591,
  "n_head": 2.532450810869178,
  "n_layer": 2.1357782877949933,
  "seed": 1766266950.0616295,
  "weight_decay": 0.0039784771830800045
}