{
  "batch_size": 25.127450729243712,
  "beta_1": 0.8557794573843427,
  "beta_2": 0.523194734766191,
  "block_size": 127.7249200084771,
  "dropout": 0.4508877150951609,
  "epsilon": 0.00020437505732917357,
  "lr": 0.03711855162804243,
  "n_embd": 0.503374075139728,
  "n_head": 2.4631661114753047,
  "n_layer": 1.5143714137145938,
  "seed": 1163604035.2125962,
  "weight_decay": 0.001379283127081047
}