{
  "batch_size": 90.77895578119599,
  "beta_1": 0.44990549023132365,
  "beta_2": 0.8005720432965968,
  "block_size": 364.6454854957227,
  "dropout": 0.49662011458096567,
  "epsilon": 0.0008611124858957342,
  "lr": 0.015656255756281923,
  "n_embd": 8.439112096822331,
  "n_head": 4.955936186762834,
  "n_layer": 3.1788080944557446,
  "seed": 514106642.4107357,
  "weight_decay": 0.006429165073702844
}