{
  "batch_size": 64.36894014141117,
  "beta_1": 0.7115615257044362,
  "beta_2": 0.37037283038241076,
  "block_size": 308.22225053407294,
  "dropout": 0.296615965612231,
  "epsilon": 0.000451473449996358,
  "lr": 0.08455267182901052,
  "n_embd": 28.616777159051246,
  "n_head": 3.6486598185363817,
  "n_layer": 5.177517369432215,
  "seed": 1250450711.960447,
  "weight_decay": 0.0068774238145258865
}