{
  "batch_size": 43.44637784940833,
  "beta_1": 0.9044183781115803,
  "beta_2": 0.4173044684904771,
  "block_size": 72.90174755713707,
  "dropout": 0.45853037377488504,
  "epsilon": 0.0009928997500528022,
  "lr": 0.034437310456823904,
  "n_embd": 50.54917039215111,
  "n_head": 5.888047190425938,
  "n_layer": 6.6868531028905895,
  "seed": 1791749485.8235908,
  "weight_decay": 0.006668572930699572
}