{
  "batch_size": 62,
  "beta_1": 0.4867305717915473,
  "beta_2": 0.7636005595381987,
  "block_size": 254,
  "dropout": 0.1284517833436263,
  "epsilon": 3.534627e-10,
  "lr": 0.0293858801446613,
  "n_embd": 51,
  "n_head": 5,
  "n_layer": 6,
  "seed": 657363455.3770926,
  "weight_decay": 0.0011203064596028
}