{
  "batch_size": 23,
  "beta_1": 0.46185379657919123,
  "beta_2": 0.9517279791133352,
  "block_size": 356,
  "dropout": 0.3488072003705137,
  "epsilon": 1.2220533959116532e-06,
  "lr": 4.0533155403915705e-06,
  "n_embd": 10,
  "n_head": 2,
  "n_layer": 4,
  "seed": 1838866598,
  "weight_decay": 0.0005641326618057939
}