{
  "batch_size": 38.14024703924956,
  "beta_1": 0.9188892478099736,
  "beta_2": 0.3593363646905372,
  "block_size": 94.66926554830228,
  "dropout": 0.1493479611905865,
  "epsilon": 0.0001422495388710285,
  "lr": 0.05024601601971104,
  "n_embd": 6.4586979895573196,
  "n_head": 1.6712075592917777,
  "n_layer": 4.288567856886689,
  "seed": 1333457842.07563,
  "weight_decay": 0.008378365905845361
}