{
  "batch_size": 54.403484629797546,
  "beta_1": 0.6810311123738368,
  "beta_2": 0.5464358695292696,
  "block_size": 240.25728727442262,
  "dropout": 0.44203650452268983,
  "epsilon": 0.00015601285841524752,
  "lr": 0.0007275524963965412,
  "n_embd": 36.066159803801476,
  "n_head": 3.7293810472045417,
  "n_layer": 4.265209110667118,
  "seed": 624824813.5330865,
  "weight_decay": 0.00953940574630729
}