{
  "batch_size": 73,
  "beta_1": 0.8566635429598579,
  "beta_2": 0.9079410269384618,
  "block_size": 178,
  "dropout": 0.4213910062247258,
  "epsilon": 1.706350853528916e-07,
  "lr": 0.010586561366806125,
  "n_embd": 5,
  "n_head": 3,
  "n_layer": 2,
  "seed": 622976641,
  "weight_decay": 3.0627439746701416e-08
}