{
  "batch_size": 46.60389110522523,
  "beta_1": 0.3530719170891081,
  "beta_2": 0.9817214352798753,
  "block_size": 312.82549759203516,
  "dropout": 0.43241837439299147,
  "epsilon": 0.0003440363736556716,
  "lr": 0.04322492862517703,
  "n_embd": 6.140289374498636,
  "n_head": 1.9170669669545717,
  "n_layer": 2.7046404881031902,
  "seed": 1250609710.4867823,
  "weight_decay": 0.0006630668022956232
}