{
  "batch_size": 28.099663886349553,
  "beta_1": 0.28533315828587097,
  "beta_2": 0.9582784254183129,
  "block_size": 120.04975217447816,
  "dropout": 0.24689744920356002,
  "epsilon": 0.0009303071155549761,
  "lr": 0.022847442921182744,
  "n_embd": 41.07024086003298,
  "n_head": 3.569636320129677,
  "n_layer": 6.911322437866307,
  "seed": 916952218.5026804,
  "weight_decay": 0.0044641889581898886
}