{
  "batch_size": 30,
  "beta_1": 0.3944550567891497,
  "beta_2": 0.7251934193680231,
  "block_size": 285,
  "dropout": 0.120795715245091,
  "epsilon": 3.3269067666e-06,
  "lr": 6.91003434544e-05,
  "n_embd": 41,
  "n_head": 2,
  "n_layer": 2,
  "seed": 1346633545.4975126,
  "weight_decay": 1.134565452e-07
}