{
  "batch_size": 74,
  "beta_1": 0.10947940601828601,
  "beta_2": 0.14993704709411854,
  "block_size": 184,
  "dropout": 0.29204826565402425,
  "epsilon": 1.2565394553506963e-05,
  "lr": 3.935508429247043e-05,
  "n_embd": 48,
  "n_head": 3,
  "n_layer": 6,
  "seed": 580704975,
  "weight_decay": 8.941464343219355e-07
}