{
  "batch_size": 44.845740702482196,
  "beta_1": 0.9447035025087767,
  "beta_2": 0.8241082401923719,
  "block_size": 206.52790290878593,
  "dropout": 0.4884681293955614,
  "epsilon": 0.0004056764605966659,
  "lr": 0.08887851212247642,
  "n_embd": 18.681659321125675,
  "n_head": 1.3602120470127383,
  "n_layer": 4.427641010151232,
  "seed": 738327027.858993,
  "weight_decay": 0.008103797805069826
}