{
  "batch_size": 28.80874669897467,
  "beta_1": 0.2649780748242765,
  "beta_2": 0.559622323830497,
  "block_size": 351.83691259187077,
  "dropout": 0.34103849268805386,
  "epsilon": 0.00036083907516033965,
  "lr": 0.045407701063230894,
  "n_embd": 7.4632550642108315,
  "n_head": 4.337946216418581,
  "n_layer": 2.6886653845290387,
  "seed": 1804424006.5594506,
  "weight_decay": 0.003919362638896158
}