{
  "batch_size": 27,
  "beta_1": 0.3900747392526466,
  "beta_2": 0.916245503843855,
  "block_size": 313,
  "dropout": 0.4801762679134186,
  "epsilon": 4.0919874059265105e-09,
  "lr": 0.07491846325652839,
  "n_embd": 14,
  "n_head": 1,
  "n_layer": 4,
  "seed": 537893960,
  "weight_decay": 3.20752642745371e-05
}