{
  "batch_size": 43.871174377249815,
  "beta_1": 0.4410942352813406,
  "beta_2": 0.24925335484266858,
  "block_size": 357.35915201230813,
  "dropout": 0.30340813888728035,
  "epsilon": 0.0007353065099779554,
  "lr": 0.014747198736544943,
  "n_embd": 22.150358607302653,
  "n_head": 5.157319957642749,
  "n_layer": 1.7503623985783694,
  "seed": 993210962.5075736,
  "weight_decay": 0.008875128792691334
}