{
  "batch_size": 45,
  "beta_1": 0.4630631712916564,
  "beta_2": 0.7713063969561389,
  "block_size": 152,
  "dropout": 0.20060892029150473,
  "epsilon": 1.3932881991774957e-06,
  "lr": 0.00011000128767120847,
  "n_embd": 34,
  "n_head": 5,
  "n_layer": 6,
  "seed": 999858172,
  "weight_decay": 0.004764025153698621
}