{
  "batch_size": 30,
  "beta_1": 0.648015409159115,
  "beta_2": 0.12086850181935901,
  "block_size": 94,
  "dropout": 0.23383557338275707,
  "epsilon": 2.916311321545406e-06,
  "lr": 8.432079866002676e-05,
  "n_embd": 50,
  "n_head": 6,
  "n_layer": 1,
  "seed": 888502793,
  "weight_decay": 6.339973690932503e-06
}