{
  "batch_size": 55,
  "beta_1": 0.2039339093193532,
  "beta_2": 0.4937498623853833,
  "block_size": 283,
  "dropout": 0.3353043362655556,
  "epsilon": 0.0001516206855322,
  "lr": 0.002101282693854,
  "n_embd": 16,
  "n_head": 5,
  "n_layer": 4,
  "seed": 1534785130.4917264,
  "weight_decay": 7.9165857946e-06
}