{
  "batch_size": 73.10938327220315,
  "beta_1": 0.10674729827243531,
  "beta_2": 0.8931682492286042,
  "block_size": 82.6328704049119,
  "dropout": 0.18420327437775344,
  "epsilon": 0.0008636896654186568,
  "lr": 0.05057561264546409,
  "n_embd": 43.498916675403876,
  "n_head": 3.648237041960148,
  "n_layer": 4.580833531302508,
  "seed": 1243440402.391237,
  "weight_decay": 0.00853510087132719
}