{
  "batch_size": 61,
  "beta_1": 0.4912385952881264,
  "beta_2": 0.6297664988825509,
  "block_size": 237,
  "dropout": 0.1269875677046134,
  "epsilon": 3.81932194e-08,
  "lr": 0.0006539174107708,
  "n_embd": 26,
  "n_head": 4,
  "n_layer": 4,
  "seed": 985659438.8225075,
  "weight_decay": 0.0011794745823347
}