{
  "batch_size": 45.61667503745276,
  "beta_1": 0.27180611976242364,
  "beta_2": 0.8067122935361943,
  "block_size": 327.92799813973096,
  "dropout": 0.1971849945455556,
  "epsilon": 0.00036844967505607844,
  "lr": 0.015224263811511178,
  "n_embd": 32.100565619727405,
  "n_head": 6.32622444606549,
  "n_layer": 3.7641659748844867,
  "seed": 2066625367.1010568,
  "weight_decay": 0.007272198962253705
}