{
  "batch_size": 39.94905708618528,
  "beta_1": 0.7818007951725374,
  "beta_2": 0.14948545757469606,
  "block_size": 285.4777903420246,
  "dropout": 0.3766691062607922,
  "epsilon": 0.0008651206094865132,
  "lr": 0.06966073304531069,
  "n_embd": 5.128989199046268,
  "n_head": 3.98828872464013,
  "n_layer": 3.3514164118236955,
  "seed": 1963663870.4971676,
  "weight_decay": 0.008005946333428363
}