{
  "batch_size": 92,
  "beta_1": 0.52114176332791,
  "beta_2": 0.2240261312018666,
  "block_size": 71,
  "dropout": 0.3688709214496837,
  "epsilon": 2.090287e-10,
  "lr": 0.0196047848392777,
  "n_embd": 5,
  "n_head": 4,
  "n_layer": 6,
  "seed": 616322705.1058619,
  "weight_decay": 0.001022240916117
}