{
  "batch_size": 65,
  "beta_1": 0.7478340460265479,
  "beta_2": 0.725400843962854,
  "block_size": 202,
  "dropout": 0.18870305277094357,
  "epsilon": 4.004300245534097e-06,
  "lr": 2.8858717165195896e-05,
  "n_embd": 18,
  "n_head": 6,
  "n_layer": 2,
  "seed": 1805710870,
  "weight_decay": 0.009677516002843037
}