{
  "batch_size": 24.654189628122133,
  "beta_1": 0.48863298806225186,
  "beta_2": 0.8913682740436047,
  "block_size": 349.45269282192015,
  "dropout": 0.36045921179229046,
  "epsilon": 0.0005997773573055298,
  "lr": 0.021477123939796797,
  "n_embd": 28.2252135527833,
  "n_head": 1.5001020682823953,
  "n_layer": 3.8214120633365676,
  "seed": 1618669965.628396,
  "weight_decay": 0.009558247976149853
}