{
  "batch_size": 17.043924311359774,
  "beta_1": 0.47204352366709446,
  "beta_2": 0.3254327517222165,
  "block_size": 93.47906461377774,
  "dropout": 0.4055420223921047,
  "epsilon": 0.0002217320461582309,
  "lr": 0.07625734280344577,
  "n_embd": 38.476427686327334,
  "n_head": 2.085502486577086,
  "n_layer": 6.433084707399291,
  "seed": 890091863.7818526,
  "weight_decay": 0.009426556529137951
}