{
  "batch_size": 59,
  "beta_1": 0.986261397844265,
  "beta_2": 0.19086093039954455,
  "block_size": 169,
  "dropout": 0.2701248313091071,
  "epsilon": 7.306886682096554e-08,
  "lr": 0.04196626590919712,
  "n_embd": 18,
  "n_head": 4,
  "n_layer": 4,
  "seed": 1283249481,
  "weight_decay": 0.00020500287116374875
}