{
  "batch_size": 53,
  "beta_1": 0.7490073170114111,
  "beta_2": 0.9029350090219204,
  "block_size": 129,
  "dropout": 0.2812487378698988,
  "epsilon": 1.151107e-09,
  "lr": 0.0002745768437406,
  "n_embd": 49,
  "n_head": 4,
  "n_layer": 5,
  "seed": 1529661218.096108,
  "weight_decay": 4.5768009004e-06
}