{
  "batch_size": 91.27973239180156,
  "beta_1": 0.7021773022266488,
  "beta_2": 0.3310733265195046,
  "block_size": 235.79456825925828,
  "dropout": 0.11492102050391245,
  "epsilon": 0.0005250699729969205,
  "lr": 0.033605554604447606,
  "n_embd": 16.830920273676647,
  "n_head": 5.903471676756667,
  "n_layer": 4.294641595052945,
  "seed": 1493058526.8350022,
  "weight_decay": 0.0012620367517333511
}