{
  "batch_size": 63,
  "beta_1": 0.10173487447584023,
  "beta_2": 0.9127647900217555,
  "block_size": 72,
  "dropout": 0.4929712996239859,
  "epsilon": 5.937428458052111e-07,
  "lr": 3.864053724577476e-06,
  "n_embd": 44,
  "n_head": 3,
  "n_layer": 4,
  "seed": 1278132163,
  "weight_decay": 2.4217087943398025e-08
}