{
  "batch_size": 93,
  "beta_1": 0.3337803302121834,
  "beta_2": 0.282965468419662,
  "block_size": 199,
  "dropout": 0.1474852318586406,
  "epsilon": 5.9775702484e-06,
  "lr": 0.0014215921814234,
  "n_embd": 39,
  "n_head": 1,
  "n_layer": 5,
  "seed": 1095058126.4069333,
  "weight_decay": 5.13522863984e-05
}