{
  "batch_size": 86,
  "beta_1": 0.40823943681219166,
  "beta_2": 0.3786917716753718,
  "block_size": 134,
  "dropout": 0.28246212231448453,
  "epsilon": 2.9311724121260266e-05,
  "lr": 4.576794118493948e-06,
  "n_embd": 26,
  "n_head": 3,
  "n_layer": 2,
  "seed": 1872302611,
  "weight_decay": 0.00019453641399415185
}