{
  "batch_size": 95,
  "beta_1": 0.7417103418480431,
  "beta_2": 0.5280465026805732,
  "block_size": 79,
  "dropout": 0.2545522655509712,
  "epsilon": 0.0003635755325851,
  "lr": 0.0001389434663602,
  "n_embd": 29,
  "n_head": 5,
  "n_layer": 5,
  "seed": 1663685600.9940042,
  "weight_decay": 0.0004659728746946
}