{
  "batch_size": 44,
  "beta_1": 0.7248261542794967,
  "beta_2": 0.6541267622801628,
  "block_size": 325,
  "dropout": 0.4537222924203745,
  "epsilon": 1.5692977378e-06,
  "lr": 6.73787761122e-05,
  "n_embd": 26,
  "n_head": 5,
  "n_layer": 4,
  "seed": 1467461404.0195904,
  "weight_decay": 0.0023978367546157
}