{
  "batch_size": 70.20467863570457,
  "beta_1": 0.8679342353501373,
  "beta_2": 0.46187432605272216,
  "block_size": 141.7562746811788,
  "dropout": 0.13662378571020867,
  "epsilon": 0.0008908449312604842,
  "lr": 0.005815876366012053,
  "n_embd": 49.24458126416401,
  "n_head": 6.083817475822338,
  "n_layer": 5.438028925569317,
  "seed": 1631542585.458063,
  "weight_decay": 0.0014094226747638527
}