{
  "batch_size": 38.936082848363185,
  "beta_1": 0.9382089727966457,
  "beta_2": 0.8549224027014657,
  "block_size": 77.05824097625367,
  "dropout": 0.2983824825818593,
  "epsilon": 0.0009539581184907926,
  "lr": 0.07868747145686375,
  "n_embd": 9.115067317598909,
  "n_head": 6.789391894749545,
  "n_layer": 3.792905264329714,
  "seed": 1722879289.4857965,
  "weight_decay": 0.0007728409963537266
}