{
  "batch_size": 91,
  "beta_1": 0.31109308604208163,
  "beta_2": 0.637779778434895,
  "block_size": 275,
  "dropout": 0.35522372082503284,
  "epsilon": 1.5432900265979048e-05,
  "lr": 0.0010349241592425694,
  "n_embd": 10,
  "n_head": 4,
  "n_layer": 3,
  "seed": 923445280,
  "weight_decay": 5.258218447640744e-07
}