{
  "batch_size": 45.15897411383783,
  "beta_1": 0.33895364505958225,
  "beta_2": 0.6481776580961716,
  "block_size": 242.2320180376863,
  "dropout": 0.3319665571562389,
  "epsilon": 0.0005258546152093553,
  "lr": 0.05776447183482181,
  "n_embd": 18.13194382377497,
  "n_head": 1.7042197884220553,
  "n_layer": 6.030640380182956,
  "seed": 1621786985.2904863,
  "weight_decay": 0.002082851976459398
}