{
  "batch_size": 36.94616448522207,
  "beta_1": 0.37126820662857707,
  "beta_2": 0.30570865055642094,
  "block_size": 280.48502889629106,
  "dropout": 0.11989270730972366,
  "epsilon": 0.0007099625820596832,
  "lr": 0.03577418053773656,
  "n_embd": 33.36175292672739,
  "n_head": 5.974600423420058,
  "n_layer": 3.1051941568879555,
  "seed": 2044450449.828886,
  "weight_decay": 0.00682956265528773
}