{
  "batch_size": 51.66011908776596,
  "beta_1": 0.6111724634256471,
  "beta_2": 0.10715508033859586,
  "block_size": 126.79516210619133,
  "dropout": 0.3285172729583895,
  "epsilon": 0.0009786721260849549,
  "lr": 0.09132383118024218,
  "n_embd": 28.787329151491083,
  "n_head": 4.042775613932326,
  "n_layer": 1.9768763010478014,
  "seed": 1705906685.1935594,
  "weight_decay": 0.0008489136868559806
}