{
  "batch_size": 91.22598723467463,
  "beta_1": 0.49468622100911075,
  "beta_2": 0.2582444752734492,
  "block_size": 309.7634304678015,
  "dropout": 0.14397352363144195,
  "epsilon": 0.0007851665525075218,
  "lr": 0.05834172331345087,
  "n_embd": 47.960942491383804,
  "n_head": 5.724700446821152,
  "n_layer": 4.6151842025629914,
  "seed": 1054641400.0056497,
  "weight_decay": 0.003849288028125565
}