{
  "batch_size": 19.595812856357966,
  "beta_1": 0.9129777034756422,
  "beta_2": 0.8962618979584892,
  "block_size": 277.4108478356992,
  "dropout": 0.3978028791222922,
  "epsilon": 0.0005025445603541463,
  "lr": 0.048719019512786614,
  "n_embd": 12.722411804077538,
  "n_head": 6.747326088444757,
  "n_layer": 3.650671962117256,
  "seed": 1943714166.7235947,
  "weight_decay": 0.0052796226512513405
}