{
  "batch_size": 92,
  "beta_1": 0.6691296744996187,
  "beta_2": 0.9479167341983366,
  "block_size": 334,
  "dropout": 0.1391424470865191,
  "epsilon": 2.84716046582e-05,
  "lr": 0.0018511051299439,
  "n_embd": 41,
  "n_head": 5,
  "n_layer": 2,
  "seed": 1709506196.3715305,
  "weight_decay": 0.0009171762037257
}