{
  "batch_size": 50.83777665147268,
  "beta_1": 0.7352135908225881,
  "beta_2": 0.25058418614038425,
  "block_size": 160.7889920304973,
  "dropout": 0.19125749303805317,
  "epsilon": 0.00013953144152647383,
  "lr": 0.009731422054281414,
  "n_embd": 23.961833467299435,
  "n_head": 4.243870825307305,
  "n_layer": 5.465045016000005,
  "seed": 706147172.4403473,
  "weight_decay": 0.007938095236311723
}