{
  "batch_size": 52,
  "beta_1": 0.49457730029748515,
  "beta_2": 0.5992209430473721,
  "block_size": 204,
  "dropout": 0.08587098960600778,
  "epsilon": 5.654588602457476e-07,
  "lr": 0.0023012000546020015,
  "n_embd": 36,
  "n_head": 4,
  "n_layer": 1,
  "seed": 2009107704,
  "weight_decay": 4.791257366293103e-06
}