{
  "batch_size": 78,
  "beta_1": 0.6293086018136845,
  "beta_2": 0.18464070874317812,
  "block_size": 101,
  "dropout": 0.2614194213664903,
  "epsilon": 1.3603440744784687e-07,
  "lr": 0.0001972940345563802,
  "n_embd": 44,
  "n_head": 4,
  "n_layer": 1,
  "seed": 805846066,
  "weight_decay": 0.0008388662243992951
}