{
  "batch_size": 89.10488730502655,
  "beta_1": 0.6374754343415041,
  "beta_2": 0.3356333727405644,
  "block_size": 341.8130243333017,
  "dropout": 0.4177481690526397,
  "epsilon": 0.0001805537875317314,
  "lr": 0.05973875672900479,
  "n_embd": 36.78624219995893,
  "n_head": 1.9378219224004267,
  "n_layer": 5.3829854062808025,
  "seed": 1856394879.9331198,
  "weight_decay": 0.002523222387654635
}