{
  "batch_size": 92,
  "beta_1": 0.3593995115312904,
  "beta_2": 0.7953603592792781,
  "block_size": 92,
  "dropout": 0.1652949356695024,
  "epsilon": 9.009888e-10,
  "lr": 0.0006518846220661,
  "n_embd": 3,
  "n_head": 2,
  "n_layer": 5,
  "seed": 1930152588.2076662,
  "weight_decay": 0.0004676500131755
}