{
  "batch_size": 59,
  "beta_1": 0.3957533893006688,
  "beta_2": 0.969603536651552,
  "block_size": 375,
  "dropout": 0.3377306240228306,
  "epsilon": 7.02074707e-08,
  "lr": 0.0005095707848925,
  "n_embd": 11,
  "n_head": 2,
  "n_layer": 5,
  "seed": 894756036.5842892,
  "weight_decay": 7.18472002507e-05
}