{
  "batch_size": 90,
  "beta_1": 0.1449125144434576,
  "beta_2": 0.94296134999776,
  "block_size": 279,
  "dropout": 0.1942116893674972,
  "epsilon": 0.000137836380533,
  "lr": 0.0003077452852922,
  "n_embd": 20,
  "n_head": 5,
  "n_layer": 1,
  "seed": 1794796755.479064,
  "weight_decay": 0.0065667926020067
}