{
  "batch_size": 29.590881070630644,
  "beta_1": 0.3191301595090106,
  "beta_2": 0.9764400324529816,
  "block_size": 232.17539893811895,
  "dropout": 0.35730915640319816,
  "epsilon": 0.0007853206385366372,
  "lr": 0.02415919167406904,
  "n_embd": 17.199318966112926,
  "n_head": 3.942448260693496,
  "n_layer": 1.3956730502496164,
  "seed": 889931359.0396597,
  "weight_decay": 0.003073402044689272
}