{
  "batch_size": 76,
  "beta_1": 0.16749049873454414,
  "beta_2": 0.2131474243777397,
  "block_size": 104,
  "dropout": 0.23155419906072192,
  "epsilon": 4.373838864667792e-06,
  "lr": 0.012206461757941347,
  "n_embd": 23,
  "n_head": 2,
  "n_layer": 1,
  "seed": 1885372559,
  "weight_decay": 0.0005926319415081183
}