{
  "batch_size": 83,
  "beta_1": 0.1967981600262426,
  "beta_2": 0.1578671492223518,
  "block_size": 311,
  "dropout": 0.4668617477976517,
  "epsilon": 7.07414657e-08,
  "lr": 0.000709409980214,
  "n_embd": 50,
  "n_head": 5,
  "n_layer": 5,
  "seed": 421553672.2798121,
  "weight_decay": 5.723387463e-06
}