{
  "batch_size": 46,
  "beta_1": 0.6293907345363714,
  "beta_2": 0.8462007359683852,
  "block_size": 152,
  "dropout": 0.22066981232065522,
  "epsilon": 1.2539593792597462e-06,
  "lr": 9.900115890408762e-05,
  "n_embd": 34,
  "n_head": 5,
  "n_layer": 6,
  "seed": 999858172,
  "weight_decay": 0.0052404276690684835
}