{
  "batch_size": 33.83422277248071,
  "beta_1": 0.6902507424259342,
  "beta_2": 0.9730455006669271,
  "block_size": 159.45492621502223,
  "dropout": 0.33733642142510856,
  "epsilon": 0.0004944842804091259,
  "lr": 0.06900737802303579,
  "n_embd": 9.278423042609573,
  "n_head": 4.765240408472484,
  "n_layer": 6.313260147439312,
  "seed": 1497411499.9732423,
  "weight_decay": 0.00849073934634439
}