{
  "batch_size": 75.24518251966569,
  "beta_1": 0.7033567296769574,
  "beta_2": 0.24220525762208708,
  "block_size": 177.83213382390824,
  "dropout": 0.453739775178403,
  "epsilon": 0.0008028028345856019,
  "lr": 0.03516605359354619,
  "n_embd": 53.40102743574899,
  "n_head": 2.636406948617247,
  "n_layer": 3.2889650974616176,
  "seed": 1336685707.88254,
  "weight_decay": 0.001790165783915667
}