{
  "batch_size": 41,
  "beta_1": 0.1708862279762507,
  "beta_2": 0.1211486055603687,
  "block_size": 77,
  "dropout": 0.3261150663899729,
  "epsilon": 8.414353e-10,
  "lr": 0.0022659918304083,
  "n_embd": 35,
  "n_head": 1,
  "n_layer": 3,
  "seed": 462155066.04112357,
  "weight_decay": 2.008376983e-07
}