{
  "batch_size": 94,
  "beta_1": 0.3709007994954945,
  "beta_2": 0.7472041759985186,
  "block_size": 329,
  "dropout": 0.1413095772822988,
  "epsilon": 0.0007888930923904,
  "lr": 0.0001992312770532,
  "n_embd": 12,
  "n_head": 1,
  "n_layer": 1,
  "seed": 1079501427.5363305,
  "weight_decay": 1.97776838e-08
}