{
  "batch_size": 22,
  "beta_1": 0.6863285659464516,
  "beta_2": 0.8061686646666898,
  "block_size": 355,
  "dropout": 0.3748516026168868,
  "epsilon": 3.43521785454e-05,
  "lr": 1.93909695001e-05,
  "n_embd": 44,
  "n_head": 5,
  "n_layer": 1,
  "seed": 207733268.72702765,
  "weight_decay": 6.45184579e-08
}