{
  "batch_size": 84,
  "beta_1": 0.7308857845076995,
  "beta_2": 0.7144594953660889,
  "block_size": 291,
  "dropout": 0.1299921639240536,
  "epsilon": 1.627565586e-07,
  "lr": 0.0003272676074404,
  "n_embd": 15,
  "n_head": 1,
  "n_layer": 4,
  "seed": 1144852430.0009978,
  "weight_decay": 2.8383345958e-06
}