{
  "batch_size": 66.64493252205241,
  "beta_1": 0.10495780022539523,
  "beta_2": 0.9744113655282759,
  "block_size": 99.59831474012,
  "dropout": 0.23366127380187734,
  "epsilon": 0.0009586339075303141,
  "lr": 0.029773658607337657,
  "n_embd": 22.074006161364753,
  "n_head": 3.905431280468307,
  "n_layer": 1.000454763072766,
  "seed": 2143379738.94672,
  "weight_decay": 0.008260341895045207
}