{
  "batch_size": 63,
  "beta_1": 0.5173899689018976,
  "beta_2": 0.4119129474400217,
  "block_size": 243,
  "dropout": 0.10978384368237393,
  "epsilon": 1.4599284483554912e-09,
  "lr": 0.00995492120145149,
  "n_embd": 7,
  "n_head": 3,
  "n_layer": 1,
  "seed": 466684830,
  "weight_decay": 9.386530781264582e-07
}