{
  "batch_size": 54.890085023834814,
  "beta_1": 0.238949554691314,
  "beta_2": 0.3794044537554425,
  "block_size": 70.69946544097658,
  "dropout": 0.13219456459761864,
  "epsilon": 7.864272073693732e-05,
  "lr": 0.04691424525315006,
  "n_embd": 12.775685522422817,
  "n_head": 1.4314605096519288,
  "n_layer": 5.528953175823034,
  "seed": 1766279574.5713885,
  "weight_decay": 5.295454297073987e-06
}