{
  "batch_size": 67,
  "beta_1": 0.6531915739401221,
  "beta_2": 0.7620039634336035,
  "block_size": 279,
  "dropout": 0.380219670802795,
  "epsilon": 6.8867554e-09,
  "lr": 0.0456267827093189,
  "n_embd": 21,
  "n_head": 3,
  "n_layer": 4,
  "seed": 321688762.3704738,
  "weight_decay": 6.71276135e-08
}