{
  "batch_size": 70,
  "beta_1": 0.8721243872378543,
  "beta_2": 0.1183462691023418,
  "block_size": 189,
  "dropout": 0.3141712008781209,
  "epsilon": 0.00015769008029710936,
  "lr": 0.07521841894871563,
  "n_embd": 24,
  "n_head": 5,
  "n_layer": 2,
  "seed": 997088620,
  "weight_decay": 0.0006494713820851664
}