{
  "batch_size": 51.68713038994114,
  "beta_1": 0.362625354907413,
  "beta_2": 0.3701502002548178,
  "block_size": 212.98307697594285,
  "dropout": 0.3840089094159884,
  "epsilon": 0.000740596750783696,
  "lr": 0.06583036351532257,
  "n_embd": 43.715037623991805,
  "n_head": 1.3345087072855693,
  "n_layer": 5.297276300636028,
  "seed": 1393605053.7644448,
  "weight_decay": 0.00010152597634704736
}