{
  "batch_size": 35,
  "beta_1": 0.7374603375159348,
  "beta_2": 0.3252960909075578,
  "block_size": 235,
  "dropout": 0.47083617551569,
  "epsilon": 4.8257662e-09,
  "lr": 0.0001903284964102,
  "n_embd": 3,
  "n_head": 3,
  "n_layer": 2,
  "seed": 1381612899.9834082,
  "weight_decay": 1.555817266e-07
}