{
  "batch_size": 65,
  "beta_1": 0.7133064986103214,
  "beta_2": 0.4905197523594229,
  "block_size": 282,
  "dropout": 0.4415148897675094,
  "epsilon": 4.512850259573662e-06,
  "lr": 0.015233057343628748,
  "n_embd": 10,
  "n_head": 6,
  "n_layer": 5,
  "seed": 587540543,
  "weight_decay": 2.6637897598969316e-05
}