{
  "batch_size": 73,
  "beta_1": 0.7207572609190466,
  "beta_2": 0.44227447232569206,
  "block_size": 196,
  "dropout": 0.25604610735908917,
  "epsilon": 1.220183251470663e-09,
  "lr": 0.005371439588809804,
  "n_embd": 19,
  "n_head": 1,
  "n_layer": 5,
  "seed": 1901824158,
  "weight_decay": 2.2892595963857017e-08
}