{
  "batch_size": 39,
  "beta_1": 0.1136304107306035,
  "beta_2": 0.3518854985729992,
  "block_size": 380,
  "dropout": 0.2323561764267726,
  "epsilon": 5.317825e-10,
  "lr": 0.0024433665328652,
  "n_embd": 48,
  "n_head": 2,
  "n_layer": 2,
  "seed": 674183595.9986567,
  "weight_decay": 0.0001342354128152
}