{
  "batch_size": 59,
  "beta_1": 0.8022865146615225,
  "beta_2": 0.9367528435114324,
  "block_size": 207,
  "dropout": 0.2851926357324145,
  "epsilon": 6.562362964040124e-10,
  "lr": 0.0003443608637537576,
  "n_embd": 38,
  "n_head": 4,
  "n_layer": 4,
  "seed": 1517098975,
  "weight_decay": 4.934150719359433e-08
}