{
  "batch_size": 91,
  "beta_1": 0.9827611808800581,
  "beta_2": 0.8061525085536575,
  "block_size": 255,
  "dropout": 0.3297895663471808,
  "epsilon": 0.0001459561551614,
  "lr": 0.0076339286103322,
  "n_embd": 8,
  "n_head": 5,
  "n_layer": 5,
  "seed": 1084036332.5092368,
  "weight_decay": 2.5887495096e-06
}