{
  "batch_size": 21.322125090081347,
  "beta_1": 0.20497212869033804,
  "beta_2": 0.6817432424985499,
  "block_size": 239.13307269893443,
  "dropout": 0.4187197556233636,
  "epsilon": 0.00048700601203252597,
  "lr": 0.0326100464940715,
  "n_embd": 10.169623487873618,
  "n_head": 6.362699573625359,
  "n_layer": 3.0494181142090304,
  "seed": 340285670.62713087,
  "weight_decay": 0.004328736084236143
}