{
  "batch_size": 54.15598006363316,
  "beta_1": 0.1280587169659146,
  "beta_2": 0.24704798563466776,
  "block_size": 99.06789467229977,
  "dropout": 0.2859349149474891,
  "epsilon": 0.000623964911550579,
  "lr": 0.0036957201629344598,
  "n_embd": 43.48078099279388,
  "n_head": 1.0125292583307193,
  "n_layer": 5.454868826089301,
  "seed": 1618650020.953638,
  "weight_decay": 0.0028506063600734237
}