{
  "batch_size": 59,
  "beta_1": 0.2062427656417131,
  "beta_2": 0.4215184542446064,
  "block_size": 310,
  "dropout": 0.417206830306335,
  "epsilon": 1.89382312e-08,
  "lr": 0.0076965970505921,
  "n_embd": 21,
  "n_head": 4,
  "n_layer": 2,
  "seed": 526989372.41049623,
  "weight_decay": 0.0002083562228138
}