{
  "batch_size": 54.609725185578846,
  "beta_1": 0.9767139366310597,
  "beta_2": 0.5707244507865193,
  "block_size": 246.85904729365552,
  "dropout": 0.44820994903824163,
  "epsilon": 0.000819330557466477,
  "lr": 0.0686365492433143,
  "n_embd": 53.642309932248324,
  "n_head": 2.6136937503247233,
  "n_layer": 3.2146283661401354,
  "seed": 1407192299.196081,
  "weight_decay": 0.0066818430015185
}