{
  "batch_size": 88.48886575545906,
  "beta_1": 0.8151156929198848,
  "beta_2": 0.6717078550544653,
  "block_size": 199.89365873752067,
  "dropout": 0.2708545104001483,
  "epsilon": 0.0001417531848188311,
  "lr": 0.016718185408059562,
  "n_embd": 0.958317648427748,
  "n_head": 3.3854473697692082,
  "n_layer": 6.435340006115287,
  "seed": 1586827829.7506485,
  "weight_decay": 0.004240338786026046
}