{
  "batch_size": 90,
  "beta_1": 0.712713499794386,
  "beta_2": 0.3934168454119513,
  "block_size": 342,
  "dropout": 0.3411572033405137,
  "epsilon": 1.5157283368583003e-11,
  "lr": 4.3643744715698616e-05,
  "n_embd": 48,
  "n_head": 6,
  "n_layer": 1,
  "seed": 471082496,
  "weight_decay": 1.4048962526822823e-07
}