{
  "batch_size": 20.366513447118294,
  "beta_1": 0.5015234331427406,
  "beta_2": 0.1224992662659973,
  "block_size": 94.78606137481981,
  "dropout": 0.3988710789143818,
  "epsilon": 0.00046526525526158983,
  "lr": 0.011148739760956547,
  "n_embd": 21.160434542923653,
  "n_head": 2.1117235477953584,
  "n_layer": 3.0184500197537867,
  "seed": 1059060981.6372994,
  "weight_decay": 0.0010461284070389584
}