{
  "batch_size": 31.873351642588247,
  "beta_1": 0.866849962611037,
  "beta_2": 0.5854128013475915,
  "block_size": 259.010936514386,
  "dropout": 0.21406144940780236,
  "epsilon": 0.00042256993565545456,
  "lr": 0.018535700802964898,
  "n_embd": 0.01597040417882327,
  "n_head": 2.53375133856308,
  "n_layer": 2.8191342408514792,
  "seed": 1817208910.757183,
  "weight_decay": 0.006258254783003466
}