{
  "batch_size": 52.012525700341534,
  "beta_1": 0.6794334267726241,
  "beta_2": 0.8949639043128852,
  "block_size": 317.8883207402308,
  "dropout": 0.13946206473858808,
  "epsilon": 0.00046980804127829204,
  "lr": 0.004499757185262223,
  "n_embd": 12.99921607051029,
  "n_head": 6.550919215273181,
  "n_layer": 3.40140813500097,
  "seed": 1971455246.8897178,
  "weight_decay": 0.005462235386975494
}