{
  "batch_size": 94.21057548852322,
  "beta_1": 0.3438786764991095,
  "beta_2": 0.7901490221572861,
  "block_size": 216.56729561430677,
  "dropout": 0.10859158625023545,
  "epsilon": 1.0162426868317615e-05,
  "lr": 0.004194411810136667,
  "n_embd": 45.64902219549903,
  "n_head": 3.8285527313561936,
  "n_layer": 4.15161840372333,
  "seed": 1802150723.4896963,
  "weight_decay": 0.0007113206377739095
}