{
  "batch_size": 25.765133428158137,
  "beta_1": 0.9029549365534584,
  "beta_2": 0.6216346651821079,
  "block_size": 97.92074128889729,
  "dropout": 0.1921893566552665,
  "epsilon": 0.0009342516034636022,
  "lr": 0.007416342732885024,
  "n_embd": 36.364599001997334,
  "n_head": 5.0337150345201245,
  "n_layer": 2.0090116732147365,
  "seed": 1004744142.5877929,
  "weight_decay": 0.0036897606114750597
}