{
  "batch_size": 55.7058692751415,
  "beta_1": 0.46849292018949473,
  "beta_2": 0.8001013457226716,
  "block_size": 222.59118574823535,
  "dropout": 0.11321548476311305,
  "epsilon": 0.0006339035510635999,
  "lr": 0.03580813545324808,
  "n_embd": 33.789993371358406,
  "n_head": 5.321832800736067,
  "n_layer": 3.968355150894434,
  "seed": 1347554695.0472736,
  "weight_decay": 0.0033217063797633764
}