{
  "batch_size": 85.0847478032647,
  "beta_1": 0.6479604138247408,
  "beta_2": 0.42108213249713256,
  "block_size": 87.5290034019298,
  "dropout": 0.11333317086555801,
  "epsilon": 0.00013459942030546142,
  "lr": 0.06053394486617431,
  "n_embd": 18.808790230624115,
  "n_head": 5.611734867606593,
  "n_layer": 4.381523626730168,
  "seed": 929684602.26123,
  "weight_decay": 0.009817547178719663
}