{
  "batch_size": 87.4791369354637,
  "beta_1": 0.14461243747086627,
  "beta_2": 0.5406848217288226,
  "block_size": 87.85701284577415,
  "dropout": 0.4690453814421388,
  "epsilon": 1.193077918867679e-05,
  "lr": 0.052690071186755984,
  "n_embd": 13.748760699752966,
  "n_head": 1.1750486370785416,
  "n_layer": 6.870709795244688,
  "seed": 1043825666.6457524,
  "weight_decay": 0.007898867731905117
}