{
  "batch_size": 92.47645801404005,
  "beta_1": 0.11882983092731464,
  "beta_2": 0.39958739008406297,
  "block_size": 303.90926813976364,
  "dropout": 0.39483572596033933,
  "epsilon": 0.0008008802902335787,
  "lr": 0.0932168243332104,
  "n_embd": 5.742843551587413,
  "n_head": 1.5465236201762467,
  "n_layer": 2.2739313703805055,
  "seed": 1252988276.7888956,
  "weight_decay": 0.0016075587605349705
}