{
  "batch_size": 82,
  "beta_1": 0.4128953697371943,
  "beta_2": 0.3265692205638209,
  "block_size": 176,
  "dropout": 0.14200469355353468,
  "epsilon": 1.3323625749449885e-05,
  "lr": 0.002137580853664243,
  "n_embd": 26,
  "n_head": 4,
  "n_layer": 6,
  "seed": 2017900204,
  "weight_decay": 1.0284356694721716e-05
}