{
  "batch_size": 88,
  "beta_1": 0.5725608082231509,
  "beta_2": 0.8399271440815783,
  "block_size": 105,
  "dropout": 0.1430021328527327,
  "epsilon": 0.0009128401735649986,
  "lr": 2.993857531437141e-05,
  "n_embd": 45,
  "n_head": 6,
  "n_layer": 3,
  "seed": 1584934561,
  "weight_decay": 5.904876146358539e-07
}