{
  "batch_size": 86,
  "beta_1": 0.6929901091698106,
  "beta_2": 0.9556068472112891,
  "block_size": 142,
  "dropout": 0.25686986679231105,
  "epsilon": 2.640404377977764e-09,
  "lr": 1.2540003353135168e-05,
  "n_embd": 43,
  "n_head": 2,
  "n_layer": 6,
  "seed": 1253497787,
  "weight_decay": 4.3541073257841567e-08
}