{
  "batch_size": 35.48040158184122,
  "beta_1": 0.9428536588738685,
  "beta_2": 0.9019665793000161,
  "block_size": 269.28378096562165,
  "dropout": 0.11355833652079493,
  "epsilon": 0.0001023013585342423,
  "lr": 0.010608462395249494,
  "n_embd": 48.55662507833177,
  "n_head": 5.110128469343654,
  "n_layer": 3.8751919376386255,
  "seed": 1216063652.9029543,
  "weight_decay": 0.0073094414633103465
}