{
  "batch_size": 53.98586008927052,
  "beta_1": 0.9584258993822431,
  "beta_2": 0.8026149584168364,
  "block_size": 269.8956384889969,
  "dropout": 0.2794168715568922,
  "epsilon": 0.0005942166941963612,
  "lr": 0.07817591245784952,
  "n_embd": 3.2650260346683098,
  "n_head": 1.4448214585412176,
  "n_layer": 1.357014586769031,
  "seed": 1826508387.3727267,
  "weight_decay": 0.009291554871276015
}