{
  "batch_size": 31,
  "beta_1": 0.19228838267605103,
  "beta_2": 0.6510325781371167,
  "block_size": 207,
  "dropout": 0.2541066384375814,
  "epsilon": 3.9943359779428443e-10,
  "lr": 5.130421843005068e-06,
  "n_embd": 38,
  "n_head": 4,
  "n_layer": 4,
  "seed": 1517098975,
  "weight_decay": 0.00240179126697767
}