{
  "batch_size": 81.87250831506104,
  "beta_1": 0.62390865778637,
  "beta_2": 0.9290488404557936,
  "block_size": 78.31705765771486,
  "dropout": 0.13322049090943777,
  "epsilon": 0.00030555654677369236,
  "lr": 0.07458949222914317,
  "n_embd": 49.245731323621655,
  "n_head": 5.541919455260076,
  "n_layer": 1.2379843840052498,
  "seed": 1995852708.2058663,
  "weight_decay": 0.0077486130688300524
}