{
  "batch_size": 71,
  "beta_1": 0.3860399946000479,
  "beta_2": 0.995168535696897,
  "block_size": 285,
  "dropout": 0.15176177078499442,
  "epsilon": 8.13225097627683e-07,
  "lr": 0.0016073613221682813,
  "n_embd": 15,
  "n_head": 6,
  "n_layer": 1,
  "seed": 2115734680,
  "weight_decay": 0.00040651738256913394
}