{
  "batch_size": 27,
  "beta_1": 0.5619334260444531,
  "beta_2": 0.9789649424283988,
  "block_size": 92,
  "dropout": 0.2048607038974489,
  "epsilon": 1.46965772331e-05,
  "lr": 0.001215025691879,
  "n_embd": 19,
  "n_head": 3,
  "n_layer": 2,
  "seed": 1727179287.9849184,
  "weight_decay": 0.0043548094268871
}