{
  "batch_size": 20.09236914164016,
  "beta_1": 0.48333018227388913,
  "beta_2": 0.9634477706050357,
  "block_size": 248.5454476133317,
  "dropout": 0.10209036250353504,
  "epsilon": 0.00029215029746358233,
  "lr": 0.03361940784987163,
  "n_embd": 18.590915679546647,
  "n_head": 3.1258779888564896,
  "n_layer": 1.0180230127248153,
  "seed": 590021151.2311153,
  "weight_decay": 0.006653541229433066
}