{
  "batch_size": 44,
  "beta_1": 0.4855776624220406,
  "beta_2": 0.1604802227529591,
  "block_size": 187,
  "dropout": 0.447710436389521,
  "epsilon": 0.0003098295244902,
  "lr": 0.0001577390216321,
  "n_embd": 48,
  "n_head": 4,
  "n_layer": 4,
  "seed": 2130933984.7081735,
  "weight_decay": 7.2518418e-08
}