{
  "batch_size": 44.842188032836575,
  "beta_1": 0.358548507552124,
  "beta_2": 0.28711679704079746,
  "block_size": 233.76189349904075,
  "dropout": 0.3262121959542985,
  "epsilon": 0.0001359252945255365,
  "lr": 0.0033859498395034885,
  "n_embd": 24.842646842483664,
  "n_head": 5.294487296783459,
  "n_layer": 2.206226309275114,
  "seed": 1811818479.343237,
  "weight_decay": 0.001742642861831126
}