{
  "batch_size": 80.90591096373106,
  "beta_1": 0.5780360904406953,
  "beta_2": 0.5899766302210765,
  "block_size": 161.92496280645386,
  "dropout": 0.17944502038990456,
  "epsilon": 0.0006265470086945258,
  "lr": 0.03163923244762182,
  "n_embd": 19.83391889467677,
  "n_head": 5.579936237380375,
  "n_layer": 3.4207693519047613,
  "seed": 547479184.6387602,
  "weight_decay": 0.0027588914605005737
}