{
  "batch_size": 38.79714717630154,
  "beta_1": 0.5508354244110242,
  "beta_2": 0.9272172282891422,
  "block_size": 274.9991788989785,
  "dropout": 0.14007360257284113,
  "epsilon": 0.0008261907963399577,
  "lr": 0.046119631415264165,
  "n_embd": 50.565839118449915,
  "n_head": 3.1852754323729355,
  "n_layer": 6.465099227994833,
  "seed": 2136399681.733082,
  "weight_decay": 0.006774632882849374
}