{
  "batch_size": 96.01881014075859,
  "beta_1": 0.5742405993348902,
  "beta_2": 0.5507604351995831,
  "block_size": 333.47446819875046,
  "dropout": 0.12718775174879934,
  "epsilon": 0.0005128577706148174,
  "lr": 0.02060753928625443,
  "n_embd": 36.11046582987243,
  "n_head": 3.018563489905289,
  "n_layer": 4.114979520160213,
  "seed": 1543965536.98865,
  "weight_decay": 0.004325860135538934
}