{
  "batch_size": 49,
  "beta_1": 0.7566529987292462,
  "beta_2": 0.5437623334685685,
  "block_size": 382,
  "dropout": 0.2476877503606262,
  "epsilon": 1.2608033e-09,
  "lr": 0.0008500500557935,
  "n_embd": 32,
  "n_head": 6,
  "n_layer": 6,
  "seed": 1919300225.6366506,
  "weight_decay": 0.0019433082334634
}