{
  "batch_size": 42,
  "beta_1": 0.5433064447863978,
  "beta_2": 0.8162170807902136,
  "block_size": 275,
  "dropout": 0.38536650375892834,
  "epsilon": 9.115291374086557e-09,
  "lr": 0.00037059957943056277,
  "n_embd": 32,
  "n_head": 5,
  "n_layer": 4,
  "seed": 963758049,
  "weight_decay": 1.516141906343953e-05
}