{
  "batch_size": 31.52120303609313,
  "beta_1": 0.9598525098274824,
  "beta_2": 0.8849079929588807,
  "block_size": 369.380398568735,
  "dropout": 0.492043872384921,
  "epsilon": 0.0004962254776608539,
  "lr": 0.05298635841139423,
  "n_embd": 8.982024314083992,
  "n_head": 6.569565653743761,
  "n_layer": 6.107165823813593,
  "seed": 195723314.89506885,
  "weight_decay": 0.0024184892774213483
}