{
  "batch_size": 56,
  "beta_1": 0.27938207852428576,
  "beta_2": 0.8732366567170585,
  "block_size": 285,
  "dropout": 0.3564662788976024,
  "epsilon": 1.924844482786504e-06,
  "lr": 2.270598151364304e-06,
  "n_embd": 13,
  "n_head": 3,
  "n_layer": 1,
  "seed": 1270868621,
  "weight_decay": 1.77527026707459e-05
}