{
  "batch_size": 63,
  "beta_1": 0.6528445885498785,
  "beta_2": 0.8102327838453028,
  "block_size": 248,
  "dropout": 0.342683799450941,
  "epsilon": 7.1204646e-09,
  "lr": 0.0469846953629973,
  "n_embd": 38,
  "n_head": 5,
  "n_layer": 1,
  "seed": 443019702.4555324,
  "weight_decay": 2.98307225174e-05
}