{
  "batch_size": 90.39275227766953,
  "beta_1": 0.34195288665270146,
  "beta_2": 0.5386219977952047,
  "block_size": 211.64832797481694,
  "dropout": 0.2539323211435125,
  "epsilon": 4.1850476921965896e-05,
  "lr": 0.03922525473130991,
  "n_embd": 3.360529345714437,
  "n_head": 2.926579807095236,
  "n_layer": 1.8441624576714601,
  "seed": 453039898.7406124,
  "weight_decay": 0.00885958093536855
}