{
  "batch_size": 32.20273449814499,
  "beta_1": 0.976698025207087,
  "beta_2": 0.25199044024897954,
  "block_size": 313.45605390039213,
  "dropout": 0.24347841794398017,
  "epsilon": 0.00020002628313407363,
  "lr": 0.025410397505769743,
  "n_embd": 21.502134347806134,
  "n_head": 2.765912413502397,
  "n_layer": 6.4856459824079185,
  "seed": 379171635.6221,
  "weight_decay": 0.004040889367243074
}