{
  "batch_size": 60,
  "beta_1": 0.5085825155497479,
  "beta_2": 0.16776271532248338,
  "block_size": 207,
  "dropout": 0.24032963589538012,
  "epsilon": 1.875627337501335e-10,
  "lr": 5.435304807622542e-06,
  "n_embd": 38,
  "n_head": 4,
  "n_layer": 4,
  "seed": 1517098975,
  "weight_decay": 1.3121270397664671e-08
}