{
  "batch_size": 77,
  "beta_1": 0.7537424865066755,
  "beta_2": 0.875214488103145,
  "block_size": 147,
  "dropout": 0.36846749820571,
  "epsilon": 1.81931471668e-05,
  "lr": 0.0002856051719298,
  "n_embd": 15,
  "n_head": 5,
  "n_layer": 6,
  "seed": 297206295.9758047,
  "weight_decay": 1.95277721e-08
}