{
  "batch_size": 89,
  "beta_1": 0.4237292218930391,
  "beta_2": 0.6600713053511308,
  "block_size": 184,
  "dropout": 0.3075973829616644,
  "epsilon": 1.8827496e-09,
  "lr": 0.0015488875942948,
  "n_embd": 13,
  "n_head": 1,
  "n_layer": 5,
  "seed": 2054362429.1414738,
  "weight_decay": 7.3560131592e-06
}