{
  "batch_size": 70.52254955125514,
  "beta_1": 0.21624018841565792,
  "beta_2": 0.4114473981009861,
  "block_size": 173.0852501240253,
  "dropout": 0.4641065690987667,
  "epsilon": 5.511552679298674e-06,
  "lr": 0.06458529199397901,
  "n_embd": 42.51479045151437,
  "n_head": 1.7195732493802165,
  "n_layer": 2.909195969875344,
  "seed": 1880816446.912248,
  "weight_decay": 0.0055834628910554586
}