{
  "batch_size": 56,
  "beta_1": 0.16848219617523807,
  "beta_2": 0.8975407691999887,
  "block_size": 201,
  "dropout": 0.5154477644748896,
  "epsilon": 7.907956290156983e-05,
  "lr": 0.0029997417857253513,
  "n_embd": 38,
  "n_head": 6,
  "n_layer": 6,
  "seed": 713108275,
  "weight_decay": 0.004522596580857009
}