{
  "batch_size": 62,
  "beta_1": 0.9784786094899995,
  "beta_2": 0.3000679649848669,
  "block_size": 334,
  "dropout": 0.2755914378032242,
  "epsilon": 7.368514548507644e-08,
  "lr": 0.0006851718772814584,
  "n_embd": 46,
  "n_head": 2,
  "n_layer": 4,
  "seed": 948826412,
  "weight_decay": 1.2601489784951764e-07
}