{
  "batch_size": 96.99999999,
  "beta_1": 0.1,
  "beta_2": 0.1,
  "block_size": 384.99999999,
  "dropout": 0.11865877700958927,
  "epsilon": 0.0007649173005973168,
  "lr": 0.0954722706701223,
  "n_embd": 53.99999999,
  "n_head": 1.0,
  "n_layer": 1.0,
  "seed": 82611467.65970702,
  "weight_decay": 0.0004665054604086896
}