{
  "batch_size": 51.44500540851742,
  "beta_1": 0.24457528806759707,
  "beta_2": 0.3246580426327743,
  "block_size": 207.57525017289447,
  "dropout": 0.3835486303810668,
  "epsilon": 0.0009036305382554738,
  "lr": 0.027590807884388377,
  "n_embd": 12.57610162413385,
  "n_head": 1.1843245608180284,
  "n_layer": 2.3618713805981484,
  "seed": 1860462423.3743982,
  "weight_decay": 0.009264932891455859
}