{
  "batch_size": 26,
  "beta_1": 0.4490628987318376,
  "beta_2": 0.47789323232539715,
  "block_size": 215,
  "dropout": 0.18916236097176087,
  "epsilon": 0.00018455442865676386,
  "lr": 0.0006128269037871428,
  "n_embd": 30,
  "n_head": 4,
  "n_layer": 2,
  "seed": 670063056,
  "weight_decay": 6.221020923354198e-05
}