{
  "batch_size": 53.252025923289246,
  "beta_1": 0.9660302495339548,
  "beta_2": 0.3327150377313949,
  "block_size": 270.4361098637571,
  "dropout": 0.20814067340598444,
  "epsilon": 0.0007115292264968,
  "lr": 0.037557785180149794,
  "n_embd": 7.44743012681268,
  "n_head": 1.9150901250321428,
  "n_layer": 5.10636749785316,
  "seed": 724682332.165766,
  "weight_decay": 0.006831960475117644
}