{
  "batch_size": 41.908639967159246,
  "beta_1": 0.5549239142325422,
  "beta_2": 0.7215779898867993,
  "block_size": 289.8000781877546,
  "dropout": 0.17009909217372277,
  "epsilon": 0.0004531459950589994,
  "lr": 0.022115221789806638,
  "n_embd": 5.375550834489298,
  "n_head": 5.728033667003406,
  "n_layer": 6.087104663953407,
  "seed": 1031450476.0553128,
  "weight_decay": 0.00831550088487796
}