{
  "batch_size": 63.608733392155315,
  "beta_1": 0.4758714367360418,
  "beta_2": 0.5583403555864114,
  "block_size": 106.20856204936725,
  "dropout": 0.21191747169986588,
  "epsilon": 0.0005181845461988117,
  "lr": 0.0275377877934158,
  "n_embd": 4.727213549514947,
  "n_head": 3.85528654926265,
  "n_layer": 3.682019269597925,
  "seed": 1250419310.3502853,
  "weight_decay": 0.00014758008625428946
}