{
  "batch_size": 69.19772049924805,
  "beta_1": 0.6209327442485181,
  "beta_2": 0.7399863364667659,
  "block_size": 169.7011212213244,
  "dropout": 0.20492053426311943,
  "epsilon": 1.038925106757462e-05,
  "lr": 0.025966311402022664,
  "n_embd": 3.0337437466481223,
  "n_head": 1.8116258829876006,
  "n_layer": 1.9402541290835593,
  "seed": 951917272.0440375,
  "weight_decay": 0.00798387437269498
}