{
  "batch_size": 66.37639445560438,
  "beta_1": 0.6904679070448045,
  "beta_2": 0.5811245482257703,
  "block_size": 208.51124498792302,
  "dropout": 0.3898833964708198,
  "epsilon": 0.00042565611839582993,
  "lr": 0.030890351053043417,
  "n_embd": 53.9622848841796,
  "n_head": 6.896639483478213,
  "n_layer": 5.506105679667108,
  "seed": 1531875980.7220073,
  "weight_decay": 0.0004566182060520254
}