{
  "batch_size": 39,
  "beta_1": 0.33266324018220783,
  "beta_2": 0.8092387013981149,
  "block_size": 277,
  "dropout": 0.30231763141364715,
  "epsilon": 2.3857930443746205e-07,
  "lr": 7.05157848253411e-06,
  "n_embd": 29,
  "n_head": 2,
  "n_layer": 5,
  "seed": 877150662,
  "weight_decay": 0.0001222090549019129
}