{
  "batch_size": 90,
  "beta_1": 0.1745594012505124,
  "beta_2": 0.8858934893293126,
  "block_size": 178,
  "dropout": 0.2156126143067806,
  "epsilon": 0.0009636519835315,
  "lr": 0.0086666164886483,
  "n_embd": 40,
  "n_head": 3,
  "n_layer": 5,
  "seed": 206403159.75285026,
  "weight_decay": 6.3058286999e-06
}