{
  "batch_size": 86,
  "beta_1": 0.14814188435029477,
  "beta_2": 0.33229611278383375,
  "block_size": 199,
  "dropout": 0.40072435392574657,
  "epsilon": 1.2047387865666695e-05,
  "lr": 0.0008839697076158535,
  "n_embd": 10,
  "n_head": 3,
  "n_layer": 3,
  "seed": 384027614,
  "weight_decay": 0.0008623283701976718
}