{
  "batch_size": 24.324850956644404,
  "beta_1": 0.6813422202897641,
  "beta_2": 0.3180815787991723,
  "block_size": 109.37613292570299,
  "dropout": 0.18092651241531843,
  "epsilon": 0.0006922095324729652,
  "lr": 0.02157491164898411,
  "n_embd": 34.21498971687215,
  "n_head": 2.4209718637071855,
  "n_layer": 2.7099276643891894,
  "seed": 1291781217.473095,
  "weight_decay": 0.008294755932689739
}