{
  "batch_size": 37,
  "beta_1": 0.1817729843717913,
  "beta_2": 0.6455916485091179,
  "block_size": 104,
  "dropout": 0.130246772636825,
  "epsilon": 4.5533518e-09,
  "lr": 0.0010929433927339,
  "n_embd": 32,
  "n_head": 5,
  "n_layer": 3,
  "seed": 865542546.650201,
  "weight_decay": 0.0093955996492373
}