{
  "batch_size": 34,
  "beta_1": 0.9524675458169913,
  "beta_2": 0.5976512322722716,
  "block_size": 255,
  "dropout": 0.23166947054300563,
  "epsilon": 0.00044037539684769236,
  "lr": 0.04662739756280225,
  "n_embd": 32,
  "n_head": 4,
  "n_layer": 1,
  "seed": 1052631739,
  "weight_decay": 0.007470356607251979
}