{
  "batch_size": 41.53903556941885,
  "beta_1": 0.6294260777835867,
  "beta_2": 0.81893374598038,
  "block_size": 183.90318051732322,
  "dropout": 0.12543414638571823,
  "epsilon": 0.0003271606634965399,
  "lr": 0.01525145214173555,
  "n_embd": 10.878978707155738,
  "n_head": 1.611648940109421,
  "n_layer": 4.542004704404818,
  "seed": 1421969022.3253381,
  "weight_decay": 0.004858597366791829
}