{
  "batch_size": 36,
  "beta_1": 0.3178404712688766,
  "beta_2": 0.7559049046523565,
  "block_size": 372,
  "dropout": 0.1056052400177175,
  "epsilon": 1.5236836e-09,
  "lr": 4.12396754393e-05,
  "n_embd": 39,
  "n_head": 6,
  "n_layer": 1,
  "seed": 573924431.3885825,
  "weight_decay": 9.43898266265e-05
}