{
  "batch_size": 40,
  "beta_1": 0.9209558555060562,
  "beta_2": 0.59547432668087,
  "block_size": 361,
  "dropout": 0.1593091001892787,
  "epsilon": 2.0421576852227216e-07,
  "lr": 1.961451429090681e-05,
  "n_embd": 52,
  "n_head": 1,
  "n_layer": 4,
  "seed": 246988184,
  "weight_decay": 4.995934343327282e-05
}