{
  "batch_size": 25,
  "beta_1": 0.4888715553727254,
  "beta_2": 0.6930800481995291,
  "block_size": 355,
  "dropout": 0.543853029084347,
  "epsilon": 0.00031011653339284615,
  "lr": 0.00024440460908165565,
  "n_embd": 47,
  "n_head": 2,
  "n_layer": 2,
  "seed": 468874606,
  "weight_decay": 8.106471688468715e-06
}