{
  "batch_size": 75.10924986332864,
  "beta_1": 0.3576169625239878,
  "beta_2": 0.6583500428932281,
  "block_size": 167.8972166488241,
  "dropout": 0.46031473320351135,
  "epsilon": 0.0007676168309025384,
  "lr": 0.09803250439415918,
  "n_embd": 31.37314574465749,
  "n_head": 5.811345530439494,
  "n_layer": 4.210080026641199,
  "seed": 473135127.1877351,
  "weight_decay": 0.006806004125519845
}