{
  "batch_size": 30,
  "beta_1": 0.7815957994422282,
  "beta_2": 0.9266218463247526,
  "block_size": 224,
  "dropout": 0.1240716198767208,
  "epsilon": 4.1250637368e-06,
  "lr": 4.22736129232e-05,
  "n_embd": 48,
  "n_head": 6,
  "n_layer": 5,
  "seed": 229298067.48714417,
  "weight_decay": 0.0080385450325941
}