{
  "batch_size": 75.11943433477089,
  "beta_1": 0.39581242363865454,
  "beta_2": 0.4010887218903212,
  "block_size": 368.16251531540473,
  "dropout": 0.3969790098707784,
  "epsilon": 2.6929598866324826e-05,
  "lr": 0.06627604986640824,
  "n_embd": 26.346411484284143,
  "n_head": 3.5189941485520717,
  "n_layer": 4.531655882558597,
  "seed": 1570450803.2638102,
  "weight_decay": 0.0042650361779964065
}