{
  "batch_size": 19.36750188040678,
  "beta_1": 0.9539897827204413,
  "beta_2": 0.31629776611196414,
  "block_size": 292.15619333832734,
  "dropout": 0.11440936822046904,
  "epsilon": 0.0006497483716021604,
  "lr": 0.05180701853995746,
  "n_embd": 35.40418567719367,
  "n_head": 5.90116771929836,
  "n_layer": 4.067998870209776,
  "seed": 1577042445.6184747,
  "weight_decay": 0.007837577343051828
}