{
  "batch_size": 93,
  "beta_1": 0.7773266198179996,
  "beta_2": 0.6216375851694729,
  "block_size": 293,
  "dropout": 0.22255231233880624,
  "epsilon": 9.117134866940243e-10,
  "lr": 2.3948305157191964e-05,
  "n_embd": 19,
  "n_head": 1,
  "n_layer": 5,
  "seed": 1427704516,
  "weight_decay": 0.003721987961199214
}