{
  "batch_size": 23,
  "beta_1": 0.22534587316088744,
  "beta_2": 0.5282786487508468,
  "block_size": 374,
  "dropout": 0.10790258322993439,
  "epsilon": 9.002453872910484e-05,
  "lr": 0.03324714074678299,
  "n_embd": 47,
  "n_head": 5,
  "n_layer": 5,
  "seed": 157809457,
  "weight_decay": 2.6154938144495977e-05
}