{
  "batch_size": 33,
  "beta_1": 0.28201845238102735,
  "beta_2": 0.8957958752648487,
  "block_size": 243,
  "dropout": 0.11691134516429513,
  "epsilon": 4.508669540105399e-06,
  "lr": 0.0010580016391587993,
  "n_embd": 0,
  "n_head": 1,
  "n_layer": 6,
  "seed": 2019339744,
  "weight_decay": 1.4253432932578031e-08
}