{
  "batch_size": 18,
  "beta_1": 0.9083006693574496,
  "beta_2": 0.5020159783681214,
  "block_size": 277,
  "dropout": 0.2151170976792308,
  "epsilon": 0.000120709870822,
  "lr": 0.0389767722260664,
  "n_embd": 40,
  "n_head": 3,
  "n_layer": 1,
  "seed": 2082325432.5483143,
  "weight_decay": 2.15783718e-08
}