{
  "batch_size": 58.80924225939969,
  "beta_1": 0.30815227117958754,
  "beta_2": 0.4699773272904869,
  "block_size": 307.1203694281181,
  "dropout": 0.48840487067167604,
  "epsilon": 0.00044645242190007674,
  "lr": 0.0804102215919304,
  "n_embd": 10.36154212811484,
  "n_head": 2.1152278558730826,
  "n_layer": 5.981380481428042,
  "seed": 1467235967.343863,
  "weight_decay": 0.0054600915745442674
}