{
  "batch_size": 16.600003780731086,
  "beta_1": 0.3158020821838584,
  "beta_2": 0.5835382241846504,
  "block_size": 216.81199067166034,
  "dropout": 0.43341793850530974,
  "epsilon": 9.00895997992279e-05,
  "lr": 0.011936392089183154,
  "n_embd": 24.760302692636124,
  "n_head": 2.990689283589319,
  "n_layer": 2.0170770471175263,
  "seed": 312333091.35458124,
  "weight_decay": 0.009668378117457497
}