{
  "batch_size": 92.86242999247445,
  "beta_1": 0.8323368774973428,
  "beta_2": 0.7930611328545785,
  "block_size": 87.98074405071512,
  "dropout": 0.2871517704651659,
  "epsilon": 0.000613719472565804,
  "lr": 0.06604590818391355,
  "n_embd": 35.25256375709173,
  "n_head": 4.949178763541953,
  "n_layer": 4.417472650241816,
  "seed": 1531819378.0922458,
  "weight_decay": 0.0062784789551493525
}