{
  "batch_size": 29,
  "beta_1": 0.5754461996111225,
  "beta_2": 0.7245696640661268,
  "block_size": 202,
  "dropout": 0.381441208723706,
  "epsilon": 0.000224899867888788,
  "lr": 0.08680909748116887,
  "n_embd": 53,
  "n_head": 3,
  "n_layer": 2,
  "seed": 1987473312,
  "weight_decay": 0.004696818772708978
}