{
  "batch_size": 87,
  "beta_1": 0.2155312726599368,
  "beta_2": 0.3315635990830499,
  "block_size": 103,
  "dropout": 0.3373109560142022,
  "epsilon": 9.0370281e-09,
  "lr": 6.61124766759e-05,
  "n_embd": 5,
  "n_head": 6,
  "n_layer": 4,
  "seed": 1938604577.0852368,
  "weight_decay": 3.89142279355e-05
}