{
  "batch_size": 55,
  "beta_1": 0.1233835069232742,
  "beta_2": 0.9617012412040928,
  "block_size": 201,
  "dropout": 0.4397678178891461,
  "epsilon": 4.5664611192e-06,
  "lr": 0.0002424826554795,
  "n_embd": 18,
  "n_head": 2,
  "n_layer": 1,
  "seed": 2142736640.1415496,
  "weight_decay": 0.0001420747254362
}