{
  "batch_size": 20,
  "beta_1": 0.2269487023831332,
  "beta_2": 0.1353954375798817,
  "block_size": 119,
  "dropout": 0.1176874190708977,
  "epsilon": 7.10220507e-08,
  "lr": 0.0225286706507857,
  "n_embd": 1,
  "n_head": 3,
  "n_layer": 2,
  "seed": 1941568203.6090693,
  "weight_decay": 1.18485824569e-05
}