{
  "batch_size": 68,
  "beta_1": 0.8203279370949725,
  "beta_2": 0.4887868639104199,
  "block_size": 199,
  "dropout": 0.20885595537250637,
  "epsilon": 3.5662319078333875e-10,
  "lr": 3.998185018035137e-06,
  "n_embd": 27,
  "n_head": 1,
  "n_layer": 6,
  "seed": 196359754,
  "weight_decay": 5.6703124424389034e-06
}