{
  "batch_size": 34.53652969311666,
  "beta_1": 0.3919604307739054,
  "beta_2": 0.5388287843947679,
  "block_size": 92.18706963281556,
  "dropout": 0.2774303231454694,
  "epsilon": 0.0008917703863758128,
  "lr": 0.0665126689074437,
  "n_embd": 26.28292840584803,
  "n_head": 3.3267273182420554,
  "n_layer": 2.639746073236621,
  "seed": 497436354.20975006,
  "weight_decay": 0.005398740373284177
}