{
  "batch_size": 67.86409212494485,
  "beta_1": 0.8243446209816716,
  "beta_2": 0.13926376521792738,
  "block_size": 280.1275590273762,
  "dropout": 0.27399818458069714,
  "epsilon": 0.0009397711401781368,
  "lr": 0.07823648230837556,
  "n_embd": 18.979167510350095,
  "n_head": 3.664730075864248,
  "n_layer": 4.754423423563306,
  "seed": 1758413124.7796926,
  "weight_decay": 0.007166693373332825
}