{
  "batch_size": 38.15206890959679,
  "beta_1": 0.8994211623850952,
  "beta_2": 0.9022990486585162,
  "block_size": 90.233651303658,
  "dropout": 0.3131653193453292,
  "epsilon": 0.0005359070843119491,
  "lr": 0.09714381361057835,
  "n_embd": 53.84067290050049,
  "n_head": 6.400526046678879,
  "n_layer": 4.651282022887794,
  "seed": 206601395.97394815,
  "weight_decay": 0.008149094558300877
}