{
  "batch_size": 16.851563958469463,
  "beta_1": 0.2894409673943671,
  "beta_2": 0.1714366443730842,
  "block_size": 176.59550064305722,
  "dropout": 0.34250805136977625,
  "epsilon": 0.0007319336001839662,
  "lr": 0.03898806652908324,
  "n_embd": 48.7954879321592,
  "n_head": 6.9355322526471515,
  "n_layer": 2.6798246827522902,
  "seed": 1766269940.238073,
  "weight_decay": 0.0023629101164256436
}