{
  "batch_size": 31,
  "beta_1": 0.8702948465999877,
  "beta_2": 0.41503752974965713,
  "block_size": 347,
  "dropout": 0.12807380231511917,
  "epsilon": 1.5846559467792457e-05,
  "lr": 0.00016982865970327046,
  "n_embd": 4,
  "n_head": 1,
  "n_layer": 1,
  "seed": 421201500,
  "weight_decay": 2.8458302575390476e-08
}