{
  "batch_size": 78,
  "beta_1": 0.6505937836873766,
  "beta_2": 0.9894444071990653,
  "block_size": 229,
  "dropout": 0.1602539640735983,
  "epsilon": 1.273601e-10,
  "lr": 0.0052596570775537,
  "n_embd": 9,
  "n_head": 4,
  "n_layer": 2,
  "seed": 1212925821.2899647,
  "weight_decay": 0.0001636865069904
}