{
  "batch_size": 26,
  "beta_1": 0.949566690617312,
  "beta_2": 0.9828686914165805,
  "block_size": 152,
  "dropout": 0.5321695130680653,
  "epsilon": 9.496393017639385e-10,
  "lr": 5.822470574459165e-05,
  "n_embd": 34,
  "n_head": 5,
  "n_layer": 6,
  "seed": 999858172,
  "weight_decay": 0.003573018865273966
}