{
  "batch_size": 29.53165108321035,
  "beta_1": 0.36949111613097974,
  "beta_2": 0.1586804172717869,
  "block_size": 177.7343944853803,
  "dropout": 0.11626899720915236,
  "epsilon": 0.0008722084238641776,
  "lr": 0.04077122215531093,
  "n_embd": 31.46465448213779,
  "n_head": 6.791315168017952,
  "n_layer": 1.1235496607306752,
  "seed": 1611706225.1944518,
  "weight_decay": 0.005514756942993705
}