{
  "batch_size": 47,
  "beta_1": 0.5712430301976642,
  "beta_2": 0.1264120144484777,
  "block_size": 347,
  "dropout": 0.243405977885445,
  "epsilon": 3.997981e-10,
  "lr": 0.0021809195256014,
  "n_embd": 14,
  "n_head": 4,
  "n_layer": 4,
  "seed": 1575263259.9175992,
  "weight_decay": 4.339027542e-07
}