{
  "batch_size": 53.52093727065752,
  "beta_1": 0.22218035112471768,
  "beta_2": 0.47625917411100394,
  "block_size": 172.9826865772235,
  "dropout": 0.2898823797213109,
  "epsilon": 0.0007229335686838678,
  "lr": 0.04569035891251841,
  "n_embd": 42.614494815324484,
  "n_head": 3.1615794926384044,
  "n_layer": 5.342134188141409,
  "seed": 920489447.4172478,
  "weight_decay": 0.008874893079424634
}