{
  "batch_size": 37.95126826412866,
  "beta_1": 0.48821891792625227,
  "beta_2": 0.2055416133318243,
  "block_size": 175.54718027127228,
  "dropout": 0.4497371531663288,
  "epsilon": 0.0004690544823871392,
  "lr": 0.021577564233504806,
  "n_embd": 16.22526592683291,
  "n_head": 5.5151555957491425,
  "n_layer": 2.7130325804598616,
  "seed": 624677513.7591046,
  "weight_decay": 0.0011706392326718063
}