{
  "batch_size": 21,
  "beta_1": 0.7523692680225115,
  "beta_2": 0.5051623536322005,
  "block_size": 247,
  "dropout": 0.10685203021546333,
  "epsilon": 7.800808660703811e-07,
  "lr": 1.6227980538724806e-05,
  "n_embd": 41,
  "n_head": 6,
  "n_layer": 2,
  "seed": 8691287,
  "weight_decay": 5.128206281096249e-08
}