{
  "batch_size": 80,
  "beta_1": 0.6696950303827947,
  "beta_2": 0.7137498736930095,
  "block_size": 169,
  "dropout": 0.3034486482416914,
  "epsilon": 1.6606560641128532e-08,
  "lr": 0.0037079885573575396,
  "n_embd": 18,
  "n_head": 4,
  "n_layer": 4,
  "seed": 1283249481,
  "weight_decay": 0.0004193240546531224
}