{
  "batch_size": 30,
  "beta_1": 0.3928576148923183,
  "beta_2": 0.2792910272969704,
  "block_size": 81,
  "dropout": 0.1669401928446924,
  "epsilon": 2.827814865e-07,
  "lr": 0.0006314287436194,
  "n_embd": 43,
  "n_head": 2,
  "n_layer": 5,
  "seed": 1387155214.3951356,
  "weight_decay": 5.39927728e-08
}