{
  "batch_size": 64.56207857782185,
  "beta_1": 0.7908523355901037,
  "beta_2": 0.37390372064627,
  "block_size": 235.85921457026708,
  "dropout": 0.13624473755801422,
  "epsilon": 0.0008534860130698186,
  "lr": 0.0921668849026972,
  "n_embd": 7.165605462075827,
  "n_head": 4.035752773713961,
  "n_layer": 4.273448628782287,
  "seed": 2124777782.4167588,
  "weight_decay": 0.003193082242804615
}