{
  "batch_size": 78,
  "beta_1": 0.2867892806194303,
  "beta_2": 0.6260547074699895,
  "block_size": 289,
  "dropout": 0.29507170409562,
  "epsilon": 2.156864e-10,
  "lr": 0.0036782615609926,
  "n_embd": 12,
  "n_head": 6,
  "n_layer": 4,
  "seed": 2087211395.2913365,
  "weight_decay": 1.492883188e-07
}