{
  "batch_size": 62,
  "beta_1": 0.3131359069906614,
  "beta_2": 0.6726737681444452,
  "block_size": 176,
  "dropout": 0.34740942583948337,
  "epsilon": 4.793018911681409e-06,
  "lr": 0.0004274671304087812,
  "n_embd": 4,
  "n_head": 3,
  "n_layer": 6,
  "seed": 1186847625,
  "weight_decay": 1.7589407510967281e-06
}