{
  "batch_size": 28,
  "beta_1": 0.7601427741003216,
  "beta_2": 0.6950376547361381,
  "block_size": 306,
  "dropout": 0.2930343493440604,
  "epsilon": 3.38492951728e-05,
  "lr": 0.0003378734551974,
  "n_embd": 43,
  "n_head": 5,
  "n_layer": 4,
  "seed": 1919017273.0305824,
  "weight_decay": 5.6087582597e-06
}