{
  "batch_size": 64.8037339447742,
  "beta_1": 0.5672272183536586,
  "beta_2": 0.7121726320169286,
  "block_size": 106.93441708696093,
  "dropout": 0.4587023507584749,
  "epsilon": 0.0007738066764446537,
  "lr": 0.09070123048028812,
  "n_embd": 34.34933041257285,
  "n_head": 3.6701643214817183,
  "n_layer": 2.898688415922522,
  "seed": 853800672.4051088,
  "weight_decay": 0.001819890266363486
}