{
  "batch_size": 51.67614423988289,
  "beta_1": 0.6406241294096218,
  "beta_2": 0.8183156315217583,
  "block_size": 360.4131944852082,
  "dropout": 0.4886100824117021,
  "epsilon": 0.00018902048241360643,
  "lr": 0.07126048771558051,
  "n_embd": 11.550839732504391,
  "n_head": 4.388321940031606,
  "n_layer": 6.399550459521591,
  "seed": 1292000478.1629891,
  "weight_decay": 0.0028255895117600843
}