{
  "batch_size": 66,
  "beta_1": 0.5360688117936214,
  "beta_2": 0.753379827748692,
  "block_size": 104,
  "dropout": 0.3436104515137502,
  "epsilon": 2.33133535064e-05,
  "lr": 0.0009011150265563,
  "n_embd": 18,
  "n_head": 2,
  "n_layer": 2,
  "seed": 1370558253.5982616,
  "weight_decay": 1.4370123e-08
}