{
  "batch_size": 61,
  "beta_1": 0.1314608662943239,
  "beta_2": 0.4496966406278774,
  "block_size": 237,
  "dropout": 0.2988011411060806,
  "epsilon": 1.07687776e-08,
  "lr": 1.57818436937e-05,
  "n_embd": 1,
  "n_head": 5,
  "n_layer": 5,
  "seed": 1781900360.6343777,
  "weight_decay": 0.0001640845069192
}