{
  "batch_size": 65.19398815864315,
  "beta_1": 0.32373086410536567,
  "beta_2": 0.7505704510526919,
  "block_size": 343.5096222281997,
  "dropout": 0.11280571736581053,
  "epsilon": 0.0006684239868624841,
  "lr": 0.05126422925979354,
  "n_embd": 48.198707118259215,
  "n_head": 4.064869979981007,
  "n_layer": 6.072549191435248,
  "seed": 535739015.3980457,
  "weight_decay": 0.0027995785641994073
}