{
  "batch_size": 67,
  "beta_1": 0.49143576152135715,
  "beta_2": 0.7387888376774697,
  "block_size": 65,
  "dropout": 0.2899498225786873,
  "epsilon": 0.0005477767723402223,
  "lr": 0.017989384530101866,
  "n_embd": 40,
  "n_head": 2,
  "n_layer": 2,
  "seed": 1581519196,
  "weight_decay": 2.0770870976852988e-07
}