{
  "batch_size": 28,
  "beta_1": 0.6576784627790148,
  "beta_2": 0.7389739903515934,
  "block_size": 71,
  "dropout": 0.2102677946383901,
  "epsilon": 4.786585095087239e-09,
  "lr": 0.052580209600374773,
  "n_embd": 28,
  "n_head": 5,
  "n_layer": 3,
  "seed": 527660065,
  "weight_decay": 9.969494345159507e-06
}