{
  "batch_size": 43,
  "beta_1": 0.7419842408416405,
  "beta_2": 0.927536666756925,
  "block_size": 358,
  "dropout": 0.24093645363434485,
  "epsilon": 0.0008805683158056713,
  "lr": 0.00013811355778880937,
  "n_embd": 1,
  "n_head": 4,
  "n_layer": 4,
  "seed": 1239068024,
  "weight_decay": 3.5971724214726205e-06
}