{
  "batch_size": 28,
  "beta_1": 0.6919913421188075,
  "beta_2": 0.6756479505591025,
  "block_size": 96,
  "dropout": 0.28145193825961645,
  "epsilon": 1.0693144936185253e-06,
  "lr": 6.90572915653424e-05,
  "n_embd": 41,
  "n_head": 1,
  "n_layer": 1,
  "seed": 2043465065,
  "weight_decay": 0.0025273540166623493
}