{
  "batch_size": 72.179963176122,
  "beta_1": 0.3616857812022768,
  "beta_2": 0.49528281105507144,
  "block_size": 135.07389107044702,
  "dropout": 0.21315787223065816,
  "epsilon": 0.0005151350537021433,
  "lr": 0.0695790753449929,
  "n_embd": 51.01485104323026,
  "n_head": 1.796605001449727,
  "n_layer": 5.47210016441548,
  "seed": 416034025.34685147,
  "weight_decay": 0.009557393812948055
}