{
  "batch_size": 83,
  "beta_1": 0.8223109156415218,
  "beta_2": 0.3764701079971663,
  "block_size": 323,
  "dropout": 0.1239202914452434,
  "epsilon": 1.789026e-10,
  "lr": 0.0002600719449354,
  "n_embd": 33,
  "n_head": 4,
  "n_layer": 5,
  "seed": 659093331.6928107,
  "weight_decay": 2.3971602143e-06
}