{
  "batch_size": 42.27386716418458,
  "beta_1": 0.16009522757132838,
  "beta_2": 0.2840680982120123,
  "block_size": 359.65065025751574,
  "dropout": 0.3216758653263587,
  "epsilon": 0.00046446601746409145,
  "lr": 0.06151547522158977,
  "n_embd": 12.130435899491278,
  "n_head": 2.1884578874687834,
  "n_layer": 5.952105872565238,
  "seed": 753221476.9229497,
  "weight_decay": 0.005633936525206901
}