{
  "batch_size": 23,
  "beta_1": 0.5426763685789389,
  "beta_2": 0.1897621880292448,
  "block_size": 98,
  "dropout": 0.4931041284081196,
  "epsilon": 5.58708159023e-05,
  "lr": 0.0014623891835839,
  "n_embd": 31,
  "n_head": 3,
  "n_layer": 3,
  "seed": 2071068761.909052,
  "weight_decay": 1.505373491e-07
}