{
  "batch_size": 49,
  "beta_1": 0.33322096226169806,
  "beta_2": 0.5037464657485993,
  "block_size": 195,
  "dropout": 0.21200998224003587,
  "epsilon": 5.403985560083532e-10,
  "lr": 1.1904584360516093e-05,
  "n_embd": 17,
  "n_head": 6,
  "n_layer": 4,
  "seed": 1422410224,
  "weight_decay": 3.9471613189872285e-06
}