{
  "batch_size": 35.49942219166617,
  "beta_1": 0.7558018786660615,
  "beta_2": 0.4271584945462108,
  "block_size": 322.358045143398,
  "dropout": 0.49360301423171415,
  "epsilon": 0.000719112433384564,
  "lr": 0.09659783532686249,
  "n_embd": 3.1615983901553015,
  "n_head": 1.6883562694026746,
  "n_layer": 6.3454360349221375,
  "seed": 1451226937.2941964,
  "weight_decay": 0.007071018187059692
}