{
  "batch_size": 85.24191192021468,
  "beta_1": 0.8613644712926231,
  "beta_2": 0.7448321461737899,
  "block_size": 370.5618264870037,
  "dropout": 0.30356780377702597,
  "epsilon": 0.0003191075502049895,
  "lr": 0.06618485277986254,
  "n_embd": 11.307251847538549,
  "n_head": 4.848957082526116,
  "n_layer": 6.943933465939516,
  "seed": 1817451627.455154,
  "weight_decay": 0.005827586882938345
}