{
  "batch_size": 32,
  "beta_1": 0.3452165409734112,
  "beta_2": 0.6303552903615702,
  "block_size": 128,
  "dropout": 0.1972069452331334,
  "epsilon": 0.0002269499104082,
  "lr": 0.0010889960712477,
  "n_embd": 27,
  "n_head": 4,
  "n_layer": 6,
  "seed": 1565713623.278513,
  "weight_decay": 0.0028667171851941
}