{
  "batch_size": 39,
  "beta_1": 0.3089522833061358,
  "beta_2": 0.5943761846320098,
  "block_size": 378,
  "dropout": 0.1846695131633555,
  "epsilon": 2.850931725734695e-09,
  "lr": 0.0014298001111225922,
  "n_embd": 19,
  "n_head": 1,
  "n_layer": 5,
  "seed": 430859600,
  "weight_decay": 1.055565936055586e-07
}