{
  "batch_size": 22,
  "beta_1": 0.18455834647397337,
  "beta_2": 0.8816857251074379,
  "block_size": 227,
  "dropout": 0.13110167012104812,
  "epsilon": 7.143887030652151e-09,
  "lr": 4.668732766560824e-05,
  "n_embd": 14,
  "n_head": 3,
  "n_layer": 4,
  "seed": 792981887,
  "weight_decay": 1.9821339467322845e-08
}