{
  "batch_size": 30,
  "beta_1": 0.9144328584388544,
  "beta_2": 0.7382637498064589,
  "block_size": 77,
  "dropout": 0.11406195910918245,
  "epsilon": 1.3021730336969786e-05,
  "lr": 0.0009983266631666673,
  "n_embd": 33,
  "n_head": 1,
  "n_layer": 4,
  "seed": 576213064,
  "weight_decay": 0.0026598351640816646
}