{
  "batch_size": 20.48320090151966,
  "beta_1": 0.8136180027712666,
  "beta_2": 0.9610801209416412,
  "block_size": 281.5086769309198,
  "dropout": 0.2571169693124382,
  "epsilon": 2.0457876019229898e-05,
  "lr": 0.05697330860903571,
  "n_embd": 20.061095619667082,
  "n_head": 6.215089750095383,
  "n_layer": 1.5175355311783614,
  "seed": 2021900196.9530227,
  "weight_decay": 0.008945735956925764
}