{
  "batch_size": 21.270224344594347,
  "beta_1": 0.3276865427157682,
  "beta_2": 0.34296420142553097,
  "block_size": 264.79152368475104,
  "dropout": 0.37526410558430545,
  "epsilon": 0.0005155383876214609,
  "lr": 0.04033167293708805,
  "n_embd": 24.930614147536517,
  "n_head": 5.969086638231386,
  "n_layer": 5.4545668005734145,
  "seed": 1936961988.590231,
  "weight_decay": 0.004064175528407368
}