{
  "batch_size": 42,
  "beta_1": 0.5344802949935515,
  "beta_2": 0.6638065379701392,
  "block_size": 201,
  "dropout": 0.27834179281644045,
  "epsilon": 1.080351304808706e-09,
  "lr": 0.00013231212292465276,
  "n_embd": 38,
  "n_head": 6,
  "n_layer": 6,
  "seed": 713108275,
  "weight_decay": 4.8457685238765206e-05
}