{
  "batch_size": 41,
  "beta_1": 0.9125246213087163,
  "beta_2": 0.9527201926918444,
  "block_size": 200,
  "dropout": 0.1540361491106099,
  "epsilon": 1.5094251824645973e-06,
  "lr": 0.0010592510655191285,
  "n_embd": 27,
  "n_head": 5,
  "n_layer": 6,
  "seed": 658013567,
  "weight_decay": 1.5032510320808545e-06
}