{
  "batch_size": 55.31596542474946,
  "beta_1": 0.5882736033797983,
  "beta_2": 0.7162969172201337,
  "block_size": 238.8234642804605,
  "dropout": 0.14924993031331293,
  "epsilon": 0.0008805667769390253,
  "lr": 0.025902422850140248,
  "n_embd": 43.01944101974763,
  "n_head": 1.8135080276857733,
  "n_layer": 4.342615829611889,
  "seed": 1479480818.8469954,
  "weight_decay": 0.0009653142244946735
}