{
  "batch_size": 57,
  "beta_1": 0.7041229024482393,
  "beta_2": 0.2329968858626563,
  "block_size": 272,
  "dropout": 0.3006214554156734,
  "epsilon": 0.0001503219160788,
  "lr": 0.0006258327806997,
  "n_embd": 28,
  "n_head": 4,
  "n_layer": 6,
  "seed": 1348160154.8576953,
  "weight_decay": 0.0001818894522434
}