{
  "batch_size": 64.56485378808301,
  "beta_1": 0.563702696362002,
  "beta_2": 0.48592114604412395,
  "block_size": 234.053447043824,
  "dropout": 0.44855713728698554,
  "epsilon": 0.000377639297370825,
  "lr": 0.09320185167765474,
  "n_embd": 47.02419020284168,
  "n_head": 3.911838032567224,
  "n_layer": 1.5782767071407742,
  "seed": 624372385.8420705,
  "weight_decay": 0.001205203000893135
}