{
  "batch_size": 50,
  "beta_1": 0.8905739847280151,
  "beta_2": 0.8909235346309554,
  "block_size": 233,
  "dropout": 0.1172185750968486,
  "epsilon": 1.94762551746e-05,
  "lr": 0.0007063595579423,
  "n_embd": 15,
  "n_head": 5,
  "n_layer": 5,
  "seed": 2039071913.1521463,
  "weight_decay": 1.0729689362e-06
}