{
  "batch_size": 93,
  "beta_1": 0.7370329980842394,
  "beta_2": 0.9377858535017812,
  "block_size": 309,
  "dropout": 0.16687191442000165,
  "epsilon": 1.6337575757412165e-05,
  "lr": 3.815198070022342e-05,
  "n_embd": 14,
  "n_head": 1,
  "n_layer": 3,
  "seed": 2042773109,
  "weight_decay": 2.8891281668193637e-05
}