{
  "batch_size": 91.43577026381143,
  "beta_1": 0.7107860242211612,
  "beta_2": 0.5469394645322435,
  "block_size": 191.75865844722097,
  "dropout": 0.41767230503674213,
  "epsilon": 0.0006856861335629203,
  "lr": 0.039361671455526014,
  "n_embd": 43.06572549065804,
  "n_head": 5.1260774455011955,
  "n_layer": 5.890050313740687,
  "seed": 2116855595.8472905,
  "weight_decay": 0.009228624284404397
}