{
  "batch_size": 24,
  "beta_1": 0.8158749299491018,
  "beta_2": 0.30369688040854764,
  "block_size": 200,
  "dropout": 0.217328455288577,
  "epsilon": 7.32107154279909e-05,
  "lr": 0.001438489101322273,
  "n_embd": 27,
  "n_head": 5,
  "n_layer": 6,
  "seed": 658013567,
  "weight_decay": 1.2269684331087508e-05
}