{
  "batch_size": 75.09688696185171,
  "beta_1": 0.9696099862867414,
  "beta_2": 0.43979571179566823,
  "block_size": 120.54688359511113,
  "dropout": 0.36321012215731563,
  "epsilon": 0.0003975751126949087,
  "lr": 0.00864881230548575,
  "n_embd": 38.207287195432535,
  "n_head": 6.484637625936426,
  "n_layer": 3.224816081439994,
  "seed": 1527258628.0488496,
  "weight_decay": 0.008432759860359774
}