{
  "batch_size": 91.98094215726503,
  "beta_1": 0.9061293912520342,
  "beta_2": 0.5026773322098205,
  "block_size": 360.57484881226503,
  "dropout": 0.14545894080884667,
  "epsilon": 0.0008022631087782996,
  "lr": 0.057644379962714556,
  "n_embd": 30.544965611230936,
  "n_head": 2.6091176632737976,
  "n_layer": 5.008289119226713,
  "seed": 415536909.7285346,
  "weight_decay": 0.002246135723247173
}