{
  "batch_size": 42.29971241060487,
  "beta_1": 0.6497145188467544,
  "beta_2": 0.667474551921125,
  "block_size": 313.38309119028474,
  "dropout": 0.3074259497522295,
  "epsilon": 0.0007991681445015561,
  "lr": 0.032616069811147695,
  "n_embd": 37.03362691885706,
  "n_head": 6.362758065477997,
  "n_layer": 5.7532824767242,
  "seed": 1220665725.8306684,
  "weight_decay": 0.005281890726887039
}