{
  "batch_size": 22,
  "beta_1": 0.6753095547169845,
  "beta_2": 0.11593482902042171,
  "block_size": 247,
  "dropout": 0.096166827193917,
  "epsilon": 5.589626946789733e-05,
  "lr": 1.785077859259729e-05,
  "n_embd": 41,
  "n_head": 6,
  "n_layer": 2,
  "seed": 8691287,
  "weight_decay": 4.615385652986624e-08
}