{
  "batch_size": 68.12932723797115,
  "beta_1": 0.34281183757979133,
  "beta_2": 0.6530227672020866,
  "block_size": 308.1765698544332,
  "dropout": 0.4338260508144308,
  "epsilon": 0.0004774763190083456,
  "lr": 0.0631057297973727,
  "n_embd": 5.3293256309492465,
  "n_head": 2.1742466727783074,
  "n_layer": 1.489345862625587,
  "seed": 879628784.0279095,
  "weight_decay": 0.004193343569908084
}