{
  "batch_size": 93.66581916736797,
  "beta_1": 0.14558689191336022,
  "beta_2": 0.5703323546194374,
  "block_size": 222.89468626471103,
  "dropout": 0.23842796585935577,
  "epsilon": 0.0008111086759560323,
  "lr": 0.04552388488522384,
  "n_embd": 6.237979524157278,
  "n_head": 4.713770340986199,
  "n_layer": 5.483580686754715,
  "seed": 1707019281.9192169,
  "weight_decay": 0.0043694777826926165
}