{
  "batch_size": 28,
  "beta_1": 0.6056461207092391,
  "beta_2": 0.1632451646946038,
  "block_size": 221,
  "dropout": 0.1520498188756641,
  "epsilon": 1.46159786596e-05,
  "lr": 0.0123183237085077,
  "n_embd": 36,
  "n_head": 6,
  "n_layer": 4,
  "seed": 1376858294.3038745,
  "weight_decay": 9.12406819871e-05
}