{
  "batch_size": 51.72777733854247,
  "beta_1": 0.11455211864325135,
  "beta_2": 0.25425765200087846,
  "block_size": 165.42228270650855,
  "dropout": 0.35408131753274463,
  "epsilon": 0.0008866012285747765,
  "lr": 0.014945060619695142,
  "n_embd": 16.915803480937875,
  "n_head": 1.5334316770796865,
  "n_layer": 2.315490725010485,
  "seed": 1382247489.675684,
  "weight_decay": 0.004284120221763075
}