{
  "batch_size": 81,
  "beta_1": 0.428675648783039,
  "beta_2": 0.437906914597479,
  "block_size": 66,
  "dropout": 0.110514452250865,
  "epsilon": 0.000648083888081326,
  "lr": 0.00040084586457127806,
  "n_embd": 52,
  "n_head": 4,
  "n_layer": 6,
  "seed": 1800740359,
  "weight_decay": 1.494396777669652e-08
}