{
  "batch_size": 50,
  "beta_1": 0.6803888651277626,
  "beta_2": 0.8840977001669544,
  "block_size": 252,
  "dropout": 0.1493336988254136,
  "epsilon": 1.691097e-10,
  "lr": 0.0018609118722757,
  "n_embd": 45,
  "n_head": 5,
  "n_layer": 4,
  "seed": 1735783094.6937752,
  "weight_decay": 5.0993578878e-06
}