{
  "batch_size": 88,
  "beta_1": 0.3224615848843274,
  "beta_2": 0.6959198807856397,
  "block_size": 194,
  "dropout": 0.2458669542135484,
  "epsilon": 2.7829661983e-06,
  "lr": 0.0009123680684271,
  "n_embd": 53,
  "n_head": 2,
  "n_layer": 3,
  "seed": 113526513.48543012,
  "weight_decay": 3.0530868616e-06
}