{
  "batch_size": 84.18149670306403,
  "beta_1": 0.22826564587649592,
  "beta_2": 0.1848347912997278,
  "block_size": 210.99368532221723,
  "dropout": 0.3694480995027756,
  "epsilon": 0.00044195034574846917,
  "lr": 0.006945458115827776,
  "n_embd": 5.1068876086636,
  "n_head": 6.410581842639814,
  "n_layer": 2.4086227159923332,
  "seed": 42652163.14796543,
  "weight_decay": 0.003464561979432564
}