{
  "batch_size": 77,
  "beta_1": 0.6452280936513008,
  "beta_2": 0.112266606583471,
  "block_size": 356,
  "dropout": 0.2684115406601326,
  "epsilon": 4.59914614386e-05,
  "lr": 0.0066591147599563,
  "n_embd": 3,
  "n_head": 4,
  "n_layer": 2,
  "seed": 1124952806.4339063,
  "weight_decay": 2.813936962e-07
}