{
  "batch_size": 60,
  "beta_1": 0.470672442584555,
  "beta_2": 0.4905189435094369,
  "block_size": 189,
  "dropout": 0.3016984904765532,
  "epsilon": 9.660532558411772e-08,
  "lr": 0.00023846157183921019,
  "n_embd": 45,
  "n_head": 6,
  "n_layer": 5,
  "seed": 1321235268,
  "weight_decay": 0.00032738099809404497
}