{
  "batch_size": 38.29449878137878,
  "beta_1": 0.4303201264321528,
  "beta_2": 0.6977453633397784,
  "block_size": 332.14456004432185,
  "dropout": 0.296675710679977,
  "epsilon": 0.0001942324114568845,
  "lr": 0.06681885980426149,
  "n_embd": 41.543521525960585,
  "n_head": 5.305781075724741,
  "n_layer": 2.345978330262718,
  "seed": 1639319407.4249077,
  "weight_decay": 0.009169446384615849
}