{
  "batch_size": 75.70993922344523,
  "beta_1": 0.8208074440725861,
  "beta_2": 0.291578920890454,
  "block_size": 102.50402192253192,
  "dropout": 0.22542932280529443,
  "epsilon": 0.00018504750077606255,
  "lr": 0.03978818188649703,
  "n_embd": 27.62490878589698,
  "n_head": 4.40409342867518,
  "n_layer": 5.836068098808506,
  "seed": 624901787.9256841,
  "weight_decay": 0.009658589861888075
}