{
  "batch_size": 69,
  "beta_1": 0.11931330384553734,
  "beta_2": 0.625203262753812,
  "block_size": 98,
  "dropout": 0.2023116832345349,
  "epsilon": 3.675187512638842e-10,
  "lr": 0.0003035077263494369,
  "n_embd": 26,
  "n_head": 4,
  "n_layer": 1,
  "seed": 1963669163,
  "weight_decay": 4.707273075027534e-07
}