{
  "batch_size": 80.49336798052862,
  "beta_1": 0.8209656640110952,
  "beta_2": 0.80264635543015,
  "block_size": 360.1887081727474,
  "dropout": 0.3108628878507196,
  "epsilon": 0.0008508514901155538,
  "lr": 0.050110438466780004,
  "n_embd": 16.70573230637966,
  "n_head": 3.3732826259681796,
  "n_layer": 5.3644253705418805,
  "seed": 113591581.13859044,
  "weight_decay": 0.005925411143407054
}