{
  "batch_size": 33,
  "beta_1": 0.8374371594562888,
  "beta_2": 0.435114122496454,
  "block_size": 207,
  "dropout": 0.40251031579312246,
  "epsilon": 7.085098233529856e-06,
  "lr": 0.0026199848207535117,
  "n_embd": 25,
  "n_head": 3,
  "n_layer": 6,
  "seed": 749416539,
  "weight_decay": 0.0008725271483241295
}