{
  "batch_size": 88,
  "beta_1": 0.1307671496341216,
  "beta_2": 0.8117261796340104,
  "block_size": 210,
  "dropout": 0.1892012214246824,
  "epsilon": 1.29250745462e-05,
  "lr": 0.0001484022843777,
  "n_embd": 48,
  "n_head": 3,
  "n_layer": 6,
  "seed": 88204330.78376006,
  "weight_decay": 0.0012535200075703
}