{
  "batch_size": 90.74478217264286,
  "beta_1": 0.750816248767951,
  "beta_2": 0.3896718821313394,
  "block_size": 168.59864830211347,
  "dropout": 0.2656562655768769,
  "epsilon": 0.0007207056629006356,
  "lr": 0.0557826014252889,
  "n_embd": 2.3078093994662283,
  "n_head": 1.0345050285555777,
  "n_layer": 2.048022307274958,
  "seed": 218173609.65427414,
  "weight_decay": 0.00985451790422706
}