{
  "batch_size": 26.71599216639065,
  "beta_1": 0.4480903821630199,
  "beta_2": 0.881817852417008,
  "block_size": 353.5058328022803,
  "dropout": 0.17170202689094533,
  "epsilon": 0.0004552671396564919,
  "lr": 0.032012136981682086,
  "n_embd": 28.55094297770013,
  "n_head": 3.1000743103691697,
  "n_layer": 1.6354886161691438,
  "seed": 548689259.137436,
  "weight_decay": 0.00192908467208783
}