{
  "batch_size": 20,
  "beta_1": 0.2722389493040289,
  "beta_2": 0.6222877015297424,
  "block_size": 194,
  "dropout": 0.290526924897051,
  "epsilon": 2.135709e-10,
  "lr": 1.93489234373e-05,
  "n_embd": 41,
  "n_head": 2,
  "n_layer": 5,
  "seed": 1759872284.1144972,
  "weight_decay": 1.377336718e-07
}