{
  "batch_size": 23,
  "beta_1": 0.27943448854788305,
  "beta_2": 0.6137435416585842,
  "block_size": 254,
  "dropout": 0.3901070630317185,
  "epsilon": 1.7325734373665123e-09,
  "lr": 1.3154488497398417e-05,
  "n_embd": 14,
  "n_head": 2,
  "n_layer": 3,
  "seed": 2044276812,
  "weight_decay": 3.345776920133374e-07
}