{
  "batch_size": 22,
  "beta_1": 0.9535390964789371,
  "beta_2": 0.8955450050796864,
  "block_size": 363,
  "dropout": 0.10908980809884371,
  "epsilon": 0.0005505905722091612,
  "lr": 7.439396728095777e-06,
  "n_embd": 33,
  "n_head": 1,
  "n_layer": 4,
  "seed": 1863490606,
  "weight_decay": 6.199883447197308e-07
}