{
  "batch_size": 81,
  "beta_1": 0.9018275286405654,
  "beta_2": 0.15279537380122188,
  "block_size": 259,
  "dropout": 0.26659547741484296,
  "epsilon": 4.0419091556343e-06,
  "lr": 4.11992878023641e-06,
  "n_embd": 17,
  "n_head": 4,
  "n_layer": 4,
  "seed": 867322039,
  "weight_decay": 3.4666731937972416e-07
}