{
  "batch_size": 56,
  "beta_1": 0.6899847251160333,
  "beta_2": 0.5353614646506268,
  "block_size": 126,
  "dropout": 0.2947666438215163,
  "epsilon": 3.9316818558e-06,
  "lr": 0.0001470523880565,
  "n_embd": 25,
  "n_head": 2,
  "n_layer": 6,
  "seed": 275637493.1450809,
  "weight_decay": 0.0006525125550427
}