{
  "batch_size": 53,
  "beta_1": 0.7586504772071585,
  "beta_2": 0.2966075218970302,
  "block_size": 184,
  "dropout": 0.4960326746499564,
  "epsilon": 1.9668300612591039e-10,
  "lr": 0.0002871183609169799,
  "n_embd": 14,
  "n_head": 5,
  "n_layer": 4,
  "seed": 1914059017,
  "weight_decay": 9.948937895941392e-06
}