{
  "batch_size": 72.2783946923705,
  "beta_1": 0.2638315477124537,
  "beta_2": 0.8826741863271478,
  "block_size": 217.7351620770565,
  "dropout": 0.3283161650234379,
  "epsilon": 0.00046321173143108166,
  "lr": 0.09542463639507281,
  "n_embd": 25.605705113887474,
  "n_head": 1.654791884616442,
  "n_layer": 2.940434379182179,
  "seed": 1300622457.641181,
  "weight_decay": 0.008320549557067214
}