{
  "batch_size": 70,
  "beta_1": 0.6069038256913195,
  "beta_2": 0.2625370754682321,
  "block_size": 78,
  "dropout": 0.3351191327328485,
  "epsilon": 5.590549878927897e-09,
  "lr": 1.753378828279939e-05,
  "n_embd": 32,
  "n_head": 1,
  "n_layer": 5,
  "seed": 1644682533,
  "weight_decay": 1.7621421537807115e-07
}