{
  "batch_size": 41,
  "beta_1": 0.6913117329267234,
  "beta_2": 0.9877002277764414,
  "block_size": 378,
  "dropout": 0.324681913386302,
  "epsilon": 7.834440555e-07,
  "lr": 0.0010110868835534,
  "n_embd": 50,
  "n_head": 1,
  "n_layer": 4,
  "seed": 956542497.3105708,
  "weight_decay": 0.0001021094693311
}