{
  "batch_size": 34,
  "beta_1": 0.8882853232921777,
  "beta_2": 0.48377235744240854,
  "block_size": 371,
  "dropout": 0.39368631977951796,
  "epsilon": 0.000709221629537364,
  "lr": 0.037320292669722956,
  "n_embd": 28,
  "n_head": 1,
  "n_layer": 1,
  "seed": 348079367,
  "weight_decay": 2.1852186663400964e-05
}