{
  "batch_size": 62.266636209321035,
  "beta_1": 0.38738399565499293,
  "beta_2": 0.6130773168385047,
  "block_size": 224.7766226584018,
  "dropout": 0.4477824229400579,
  "epsilon": 0.0007697502149311792,
  "lr": 0.07446407389423633,
  "n_embd": 22.48680245751314,
  "n_head": 5.463723815366639,
  "n_layer": 5.110955866879944,
  "seed": 877807840.5110208,
  "weight_decay": 0.001111338021144526
}