{
  "batch_size": 26.854428889116164,
  "beta_1": 0.193914773207697,
  "beta_2": 0.9386909677315011,
  "block_size": 345.54136900486185,
  "dropout": 0.49133146328266775,
  "epsilon": 0.0007685638299398172,
  "lr": 0.02938492901787393,
  "n_embd": 12.76014273250013,
  "n_head": 4.1457386741599,
  "n_layer": 2.612962685484419,
  "seed": 688429531.4530137,
  "weight_decay": 0.004697438980223682
}