{
  "batch_size": 93,
  "beta_1": 0.5431412217596392,
  "beta_2": 0.24134504594231967,
  "block_size": 108,
  "dropout": 0.14335556955792017,
  "epsilon": 5.529198764964757e-07,
  "lr": 2.6192563850613596e-06,
  "n_embd": 49,
  "n_head": 4,
  "n_layer": 2,
  "seed": 584292496,
  "weight_decay": 0.007647634630402727
}