{
  "batch_size": 84,
  "beta_1": 0.6951215575217524,
  "beta_2": 0.983111955448635,
  "block_size": 176,
  "dropout": 0.10549611309377444,
  "epsilon": 2.4981798280218536e-06,
  "lr": 3.7310220663989954e-06,
  "n_embd": 26,
  "n_head": 4,
  "n_layer": 6,
  "seed": 2017900204,
  "weight_decay": 3.6141917655496064e-05
}