{
  "batch_size": 85.7524389277288,
  "beta_1": 0.8392080189339232,
  "beta_2": 0.8837980403560519,
  "block_size": 268.84867227879374,
  "dropout": 0.14313799096138077,
  "epsilon": 0.0008864312458565943,
  "lr": 0.010664836223477732,
  "n_embd": 43.19659257824803,
  "n_head": 1.9763850085857597,
  "n_layer": 3.4583105477409966,
  "seed": 690490468.2824519,
  "weight_decay": 0.008114992737779304
}