{
  "batch_size": 44.4981262592724,
  "beta_1": 0.5889231749047484,
  "beta_2": 0.4940926936322132,
  "block_size": 346.94737825280555,
  "dropout": 0.20022243675041929,
  "epsilon": 0.0006141888310394916,
  "lr": 0.0028548359468587663,
  "n_embd": 21.184196447056884,
  "n_head": 3.6865494326685657,
  "n_layer": 5.638783468928884,
  "seed": 1639311092.2206619,
  "weight_decay": 0.0040741779375332845
}