{
  "batch_size": 94,
  "beta_1": 0.8592829676789345,
  "beta_2": 0.5072594993763253,
  "block_size": 309,
  "dropout": 0.18355910586200183,
  "epsilon": 2.9070186221043615e-05,
  "lr": 3.433678263020108e-05,
  "n_embd": 14,
  "n_head": 1,
  "n_layer": 3,
  "seed": 2042773109,
  "weight_decay": 3.1780409835013004e-05
}