{
  "batch_size": 75,
  "beta_1": 0.3604679839863455,
  "beta_2": 0.7903643432294422,
  "block_size": 217,
  "dropout": 0.47858533723906715,
  "epsilon": 3.4175662291554207e-07,
  "lr": 0.08180205650821062,
  "n_embd": 3,
  "n_head": 5,
  "n_layer": 1,
  "seed": 274047602,
  "weight_decay": 3.2980939358285926e-06
}