{
  "batch_size": 33,
  "beta_1": 0.7919607046717256,
  "beta_2": 0.6183627436961643,
  "block_size": 194,
  "dropout": 0.138868602635639,
  "epsilon": 0.0005375996618576,
  "lr": 0.0034573688397232,
  "n_embd": 30,
  "n_head": 2,
  "n_layer": 6,
  "seed": 726643595.8422458,
  "weight_decay": 0.0066216009192697
}