{
  "batch_size": 85,
  "beta_1": 0.26810234138834554,
  "beta_2": 0.2143257081187569,
  "block_size": 67,
  "dropout": 0.2027768900446852,
  "epsilon": 1.398349799924109e-09,
  "lr": 0.00016130152073097438,
  "n_embd": 28,
  "n_head": 5,
  "n_layer": 6,
  "seed": 1700344290,
  "weight_decay": 0.0008299014690147494
}