{
  "batch_size": 21.71967716290168,
  "beta_1": 0.8863226285136488,
  "beta_2": 0.42799582955308324,
  "block_size": 300.6776781952359,
  "dropout": 0.14064684364475394,
  "epsilon": 0.000543246950459177,
  "lr": 0.06546265547891407,
  "n_embd": 16.7317371487183,
  "n_head": 5.19414384147921,
  "n_layer": 5.410883618953241,
  "seed": 1963622005.8274374,
  "weight_decay": 0.003400591548126383
}