{
  "batch_size": 76.31398076193032,
  "beta_1": 0.11686178194836742,
  "beta_2": 0.38879930939233587,
  "block_size": 165.75013979802605,
  "dropout": 0.2617490130354364,
  "epsilon": 0.00034033395219012835,
  "lr": 0.08910409860213253,
  "n_embd": 49.121848013340106,
  "n_head": 6.087069902102625,
  "n_layer": 2.1183915288631834,
  "seed": 1670113116.7478976,
  "weight_decay": 0.009685062681658974
}