{
  "batch_size": 77.69617267575387,
  "beta_1": 0.9794430171979732,
  "beta_2": 0.2478543480725946,
  "block_size": 148.36301922971572,
  "dropout": 0.22039908837256497,
  "epsilon": 8.413313194068657e-05,
  "lr": 0.005283396370701243,
  "n_embd": 38.32142606977761,
  "n_head": 6.29026052076954,
  "n_layer": 5.222260605332159,
  "seed": 197422752.51427475,
  "weight_decay": 0.004231387685029433
}