{
  "batch_size": 57.70224427618891,
  "beta_1": 0.5292058402140839,
  "beta_2": 0.9638295401313036,
  "block_size": 297.851061662897,
  "dropout": 0.21227334553031804,
  "epsilon": 0.0007605834567158877,
  "lr": 0.043304692092426836,
  "n_embd": 21.34068073335562,
  "n_head": 2.919154329813429,
  "n_layer": 1.1920608176188525,
  "seed": 738313229.9004381,
  "weight_decay": 0.004043200673229338
}