{
  "batch_size": 53.21873787472917,
  "beta_1": 0.4100548145700368,
  "beta_2": 0.39377224703656155,
  "block_size": 208.10414889972347,
  "dropout": 0.12025196264331917,
  "epsilon": 0.0009717703146168207,
  "lr": 0.044651404296547625,
  "n_embd": 12.240147528390963,
  "n_head": 3.8909102516625778,
  "n_layer": 3.7214693550828635,
  "seed": 688434992.3067211,
  "weight_decay": 0.002675926057760301
}