{
  "batch_size": 34.82818634287038,
  "beta_1": 0.9706918353841922,
  "beta_2": 0.913994610590751,
  "block_size": 327.3072073989426,
  "dropout": 0.2477588157242666,
  "epsilon": 0.00056272703103009,
  "lr": 0.04596120702007461,
  "n_embd": 20.699784657620835,
  "n_head": 6.088639462652982,
  "n_layer": 6.948332690341626,
  "seed": 624491285.902558,
  "weight_decay": 0.006524642213767696
}