{
  "batch_size": 46,
  "beta_1": 0.19596439244168817,
  "beta_2": 0.16419083554460423,
  "block_size": 230,
  "dropout": 0.4703784009430968,
  "epsilon": 5.244584155680946e-07,
  "lr": 0.0047941988388373775,
  "n_embd": 18,
  "n_head": 6,
  "n_layer": 6,
  "seed": 2077392343,
  "weight_decay": 3.1977196076581543e-07
}