{
  "batch_size": 37,
  "beta_1": 0.4012676883935442,
  "beta_2": 0.9635931888281192,
  "block_size": 241,
  "dropout": 0.3076372540443042,
  "epsilon": 8.937554044432894e-09,
  "lr": 8.708237088202301e-05,
  "n_embd": 17,
  "n_head": 5,
  "n_layer": 6,
  "seed": 246235168,
  "weight_decay": 9.966594988343714e-06
}