{
  "batch_size": 34,
  "beta_1": 0.7804408599556157,
  "beta_2": 0.6008683313211413,
  "block_size": 362,
  "dropout": 0.3951214963196771,
  "epsilon": 4.414504884e-07,
  "lr": 0.0004844238541508,
  "n_embd": 23,
  "n_head": 2,
  "n_layer": 3,
  "seed": 1733873100.9783232,
  "weight_decay": 0.0015794961205161
}