{
  "batch_size": 34,
  "beta_1": 0.38841640699028057,
  "beta_2": 0.43400142377522966,
  "block_size": 334,
  "dropout": 0.11872892301095024,
  "epsilon": 4.9123430323384296e-08,
  "lr": 6.697593165374084e-06,
  "n_embd": 46,
  "n_head": 2,
  "n_layer": 4,
  "seed": 948826412,
  "weight_decay": 9.347161574119271e-08
}