{
  "batch_size": 64,
  "beta_1": 0.1087788272765176,
  "beta_2": 0.9237988352236446,
  "block_size": 190,
  "dropout": 0.1529788660538751,
  "epsilon": 2.574407305e-07,
  "lr": 0.0050075501803144,
  "n_embd": 1,
  "n_head": 4,
  "n_layer": 2,
  "seed": 128158045.66441686,
  "weight_decay": 8.4598891394e-06
}