{
  "batch_size": 80.99340704964943,
  "beta_1": 0.7508471748037595,
  "beta_2": 0.6355679824565033,
  "block_size": 70.49966746034423,
  "dropout": 0.46873221718691394,
  "epsilon": 0.0008839694370974433,
  "lr": 0.09129947779014987,
  "n_embd": 10.983448274488655,
  "n_head": 3.343084639254556,
  "n_layer": 3.4030736602993445,
  "seed": 415927382.94680923,
  "weight_decay": 0.0052540705648344965
}