{
  "batch_size": 54.50434195520079,
  "beta_1": 0.9107408216461467,
  "beta_2": 0.1510146826481937,
  "block_size": 133.08789104607726,
  "dropout": 0.21223109032840048,
  "epsilon": 0.00019528481467925843,
  "lr": 0.0203002283855225,
  "n_embd": 15.944161368521762,
  "n_head": 2.464127651754018,
  "n_layer": 1.1840091363996625,
  "seed": 1943706021.2738485,
  "weight_decay": 0.008287929230810842
}