{
  "batch_size": 87.63281094078276,
  "beta_1": 0.710216980545027,
  "beta_2": 0.9760480186808144,
  "block_size": 185.99842461612025,
  "dropout": 0.35841663047330297,
  "epsilon": 0.0005661523534472186,
  "lr": 0.08002435241685266,
  "n_embd": 37.38386257924513,
  "n_head": 3.296674982072149,
  "n_layer": 5.141889419268014,
  "seed": 185577943.34621528,
  "weight_decay": 0.006358268063481696
}