{
  "batch_size": 66,
  "beta_1": 0.3139307509356456,
  "beta_2": 0.8658419718182985,
  "block_size": 86,
  "dropout": 0.293715223720694,
  "epsilon": 1.86831552e-08,
  "lr": 0.0009397420393565,
  "n_embd": 21,
  "n_head": 1,
  "n_layer": 5,
  "seed": 1836560203.7225869,
  "weight_decay": 0.0061606804926336
}