{
  "batch_size": 76.4629987263236,
  "beta_1": 0.5358187467072488,
  "beta_2": 0.6891707763816062,
  "block_size": 293.45911226412045,
  "dropout": 0.2204767688674248,
  "epsilon": 0.0008657670202698714,
  "lr": 0.02713045105787174,
  "n_embd": 12.141896448589714,
  "n_head": 1.6495491517114602,
  "n_layer": 2.115105233140352,
  "seed": 604493373.852282,
  "weight_decay": 0.006136934550924293
}