{
  "batch_size": 86.83482330809262,
  "beta_1": 0.32744246033303626,
  "beta_2": 0.16515659046517467,
  "block_size": 197.13234420846769,
  "dropout": 0.261372702401143,
  "epsilon": 0.00021675689078902744,
  "lr": 0.06618367852347412,
  "n_embd": 27.57241240063747,
  "n_head": 1.0000791853223931,
  "n_layer": 1.7175142748650334,
  "seed": 97383523.79165907,
  "weight_decay": 0.00947891409680827
}