{
  "batch_size": 93,
  "beta_1": 0.9021303338504405,
  "beta_2": 0.28916081433444346,
  "block_size": 273,
  "dropout": 0.4524436169260746,
  "epsilon": 3.123992563593425e-05,
  "lr": 2.2097968301910572e-05,
  "n_embd": 44,
  "n_head": 4,
  "n_layer": 6,
  "seed": 908502511,
  "weight_decay": 7.350513781884708e-08
}