{
  "batch_size": 35.29694082303247,
  "beta_1": 0.6586070875629374,
  "beta_2": 0.8573178542513122,
  "block_size": 203.9294291466412,
  "dropout": 0.4493579795817332,
  "epsilon": 2.0746921446469283e-06,
  "lr": 0.09150361264576762,
  "n_embd": 36.25072962413176,
  "n_head": 6.951112977270905,
  "n_layer": 2.192658427609174,
  "seed": 1563274516.9627705,
  "weight_decay": 0.000612872373010229
}