{
  "batch_size": 87,
  "beta_1": 0.2223068207288778,
  "beta_2": 0.7651595626675866,
  "block_size": 327,
  "dropout": 0.2247556856031126,
  "epsilon": 7.0201243507e-06,
  "lr": 0.0012310729170172,
  "n_embd": 12,
  "n_head": 5,
  "n_layer": 2,
  "seed": 268116032.3472458,
  "weight_decay": 5.87720341e-08
}