{
  "batch_size": 74.8173835113172,
  "beta_1": 0.452216747222178,
  "beta_2": 0.499656088996575,
  "block_size": 347.5820007719086,
  "dropout": 0.483000654404528,
  "epsilon": 0.0009707178747025199,
  "lr": 0.03250762012029835,
  "n_embd": 31.44351393282799,
  "n_head": 5.8865144600639745,
  "n_layer": 4.435171860880832,
  "seed": 1722649013.4397013,
  "weight_decay": 0.00235371228543728
}