{
  "batch_size": 67.11605966084448,
  "beta_1": 0.7121799902160167,
  "beta_2": 0.7903425849571296,
  "block_size": 93.58547932437827,
  "dropout": 0.4333590234506043,
  "epsilon": 0.0006757377451155381,
  "lr": 0.013835264680262464,
  "n_embd": 30.126164911013568,
  "n_head": 1.3152160524395624,
  "n_layer": 4.41497469707811,
  "seed": 774687548.6672758,
  "weight_decay": 0.00012759362528518543
}