{
  "batch_size": 76.10234152141874,
  "beta_1": 0.5181792240536445,
  "beta_2": 0.9323160986479047,
  "block_size": 100.75875375666268,
  "dropout": 0.24294811615272804,
  "epsilon": 0.00025050195368140124,
  "lr": 0.07541611879074091,
  "n_embd": 49.23948467319949,
  "n_head": 5.231592123850196,
  "n_layer": 6.976028051649817,
  "seed": 137856105.6061136,
  "weight_decay": 0.007955009384485708
}