{
  "batch_size": 26.093522972943827,
  "beta_1": 0.44193872692715364,
  "beta_2": 0.6819469756711379,
  "block_size": 255.21276498362442,
  "dropout": 0.2748039629574498,
  "epsilon": 0.0008394633885266797,
  "lr": 0.0381455777857256,
  "n_embd": 49.6028210246939,
  "n_head": 3.805007032357632,
  "n_layer": 5.1724038730876805,
  "seed": 1881163255.8954902,
  "weight_decay": 0.002278393572389542
}