{
  "batch_size": 91.80339363961112,
  "beta_1": 0.7814222576544184,
  "beta_2": 0.6037082205009058,
  "block_size": 204.3317531539741,
  "dropout": 0.37565984161607235,
  "epsilon": 7.26057311631352e-05,
  "lr": 0.03476695607719495,
  "n_embd": 4.809872208754927,
  "n_head": 6.7125774125892645,
  "n_layer": 2.707406143163735,
  "seed": 2127416557.6271896,
  "weight_decay": 0.00020958755963730653
}