{
  "batch_size": 44.80605760131205,
  "beta_1": 0.37479696248767036,
  "beta_2": 0.19843573920329274,
  "block_size": 204.42557949839028,
  "dropout": 0.22975795112000494,
  "epsilon": 3.897946195125479e-05,
  "lr": 0.045171975361487746,
  "n_embd": 51.09337591064604,
  "n_head": 3.932142805912057,
  "n_layer": 3.0284688385826155,
  "seed": 1658048402.1255605,
  "weight_decay": 0.001104885298987423
}