{
  "batch_size": 30,
  "beta_1": 0.475997872163339,
  "beta_2": 0.14474404572290658,
  "block_size": 202,
  "dropout": 0.18696003249948837,
  "epsilon": 1.5311687317289792e-08,
  "lr": 2.7990345177744665e-05,
  "n_embd": 41,
  "n_head": 3,
  "n_layer": 1,
  "seed": 1710348778,
  "weight_decay": 4.556811152782631e-05
}