{
  "batch_size": 62,
  "beta_1": 0.4494575447913542,
  "beta_2": 0.960390780327478,
  "block_size": 219,
  "dropout": 0.1764363681926658,
  "epsilon": 1.09597272936e-05,
  "lr": 0.0032239786245121,
  "n_embd": 24,
  "n_head": 5,
  "n_layer": 5,
  "seed": 49233104.05718424,
  "weight_decay": 4.25845646e-08
}