{
  "batch_size": 28.558855742896114,
  "beta_1": 0.6323900813577796,
  "beta_2": 0.32462870717371706,
  "block_size": 124.78968659090788,
  "dropout": 0.30402499383056436,
  "epsilon": 0.0006036436434962119,
  "lr": 0.009818330114045528,
  "n_embd": 15.692460404917187,
  "n_head": 1.8705657275753662,
  "n_layer": 6.94603545848076,
  "seed": 1216066346.7006698,
  "weight_decay": 0.0012463456348490098
}