{
  "batch_size": 42,
  "beta_1": 0.47108928950213524,
  "beta_2": 0.698128486499035,
  "block_size": 296,
  "dropout": 0.209803909198912,
  "epsilon": 1.1723725563389055e-05,
  "lr": 2.8404440248028826e-05,
  "n_embd": 39,
  "n_head": 6,
  "n_layer": 4,
  "seed": 1878594761,
  "weight_decay": 3.972851576400645e-07
}