{
  "batch_size": 64,
  "beta_1": 0.9391825733825314,
  "beta_2": 0.6578624636968188,
  "block_size": 175,
  "dropout": 0.2715948372269949,
  "epsilon": 1.1653769414260515e-05,
  "lr": 1.2941852803458644e-05,
  "n_embd": 32,
  "n_head": 5,
  "n_layer": 5,
  "seed": 688291291,
  "weight_decay": 6.396526765509587e-07
}