{
  "batch_size": 47.58955899180224,
  "beta_1": 0.14159694806519812,
  "beta_2": 0.488718021107889,
  "block_size": 289.9605711105015,
  "dropout": 0.4785335430818959,
  "epsilon": 0.0005439256012679375,
  "lr": 0.04366548086176204,
  "n_embd": 34.22916818986117,
  "n_head": 1.4189017569247182,
  "n_layer": 2.0536434724807373,
  "seed": 691705898.7701504,
  "weight_decay": 0.005794405980901476
}