{
  "batch_size": 18.51513118065208,
  "beta_1": 0.8753681068447692,
  "beta_2": 0.9696995408777486,
  "block_size": 100.19180804162539,
  "dropout": 0.41153615927209153,
  "epsilon": 0.0006423775970094302,
  "lr": 0.02629025447983305,
  "n_embd": 34.28413997732761,
  "n_head": 2.527052820033819,
  "n_layer": 1.4936500321306192,
  "seed": 1527371526.7639875,
  "weight_decay": 0.008858763018403921
}