{
  "batch_size": 88,
  "beta_1": 0.9340801353415286,
  "beta_2": 0.2617481981303309,
  "block_size": 277,
  "dropout": 0.34382613698991527,
  "epsilon": 1.0150638278333038e-06,
  "lr": 5.2044544120039625e-05,
  "n_embd": 18,
  "n_head": 5,
  "n_layer": 4,
  "seed": 1408872745,
  "weight_decay": 1.1329006780257135e-06
}