{
  "batch_size": 47,
  "beta_1": 0.46267929815625153,
  "beta_2": 0.22636739239207912,
  "block_size": 192,
  "dropout": 0.3220922523262113,
  "epsilon": 1.4717363251347085e-07,
  "lr": 2.8271634537719393e-05,
  "n_embd": 18,
  "n_head": 4,
  "n_layer": 5,
  "seed": 1247728302,
  "weight_decay": 8.528300196119689e-07
}