{
  "batch_size": 45.01961582176906,
  "beta_1": 0.7787784666502964,
  "beta_2": 0.9453765132558929,
  "block_size": 246.67606635355736,
  "dropout": 0.43892090223927294,
  "epsilon": 0.0007929351270333214,
  "lr": 0.015197756074089212,
  "n_embd": 9.928871635575062,
  "n_head": 1.236605832661912,
  "n_layer": 5.38965451202455,
  "seed": 513654293.44404125,
  "weight_decay": 0.003023085101226425
}