{
  "batch_size": 67,
  "beta_1": 0.993488115209075,
  "beta_2": 0.8688192797337534,
  "block_size": 98,
  "dropout": 0.1818326431094306,
  "epsilon": 4.12296257344e-05,
  "lr": 0.0006837958189711,
  "n_embd": 24,
  "n_head": 2,
  "n_layer": 3,
  "seed": 1657469269.2732384,
  "weight_decay": 5.2694612971e-06
}