{
  "batch_size": 72,
  "beta_1": 0.5867189508276782,
  "beta_2": 0.5996407835707375,
  "block_size": 82,
  "dropout": 0.40222431280166293,
  "epsilon": 0.0004616691387201663,
  "lr": 1.2508302515486367e-06,
  "n_embd": 42,
  "n_head": 1,
  "n_layer": 2,
  "seed": 112386026,
  "weight_decay": 9.697711366179975e-07
}