{
  "batch_size": 40.253090530166446,
  "beta_1": 0.7529657328829386,
  "beta_2": 0.7970221936436884,
  "block_size": 212.4052214958197,
  "dropout": 0.3062294552124192,
  "epsilon": 0.0007655327749837507,
  "lr": 0.0667429109151165,
  "n_embd": 44.81921440285181,
  "n_head": 3.935485700282761,
  "n_layer": 2.63243226566273,
  "seed": 920263283.4384799,
  "weight_decay": 0.006391986957548225
}