{
  "batch_size": 17.986658989822136,
  "beta_1": 0.3423448524099224,
  "beta_2": 0.11053177071595097,
  "block_size": 222.2057180972766,
  "dropout": 0.25813229665410203,
  "epsilon": 0.0008453067032322867,
  "lr": 0.005606302233336824,
  "n_embd": 31.97195028557382,
  "n_head": 2.6259130833698086,
  "n_layer": 1.8235897920800217,
  "seed": 2038201071.093237,
  "weight_decay": 0.000898615432976295
}