{
  "batch_size": 30.36528585598701,
  "beta_1": 0.3419186024563827,
  "beta_2": 0.15869173119960592,
  "block_size": 327.880978070712,
  "dropout": 0.13792727371757715,
  "epsilon": 0.0005584457723365736,
  "lr": 0.04529428608645833,
  "n_embd": 24.91506656198217,
  "n_head": 5.845719885685451,
  "n_layer": 1.9701686530187819,
  "seed": 830976981.1508791,
  "weight_decay": 0.005781886608849627
}