{
  "batch_size": 48.974949248951816,
  "beta_1": 0.32389049983045654,
  "beta_2": 0.5680020889205248,
  "block_size": 259.1914602681445,
  "dropout": 0.21261578188472732,
  "epsilon": 0.0004166070655219985,
  "lr": 0.030217687683782354,
  "n_embd": 2.824015772051084,
  "n_head": 6.386177574701107,
  "n_layer": 2.8452530085495273,
  "seed": 688808363.601913,
  "weight_decay": 0.009880701188887956
}