{
  "batch_size": 94,
  "beta_1": 0.6970335446121725,
  "beta_2": 0.7437410618978979,
  "block_size": 239,
  "dropout": 0.2212137397360954,
  "epsilon": 0.0005766970805195,
  "lr": 0.0580521556562409,
  "n_embd": 49,
  "n_head": 5,
  "n_layer": 5,
  "seed": 1867142409.7007113,
  "weight_decay": 1.3225748265e-06
}