{
  "batch_size": 51.599060669496694,
  "beta_1": 0.13159438982713634,
  "beta_2": 0.24416630728474145,
  "block_size": 295.81946818374195,
  "dropout": 0.2916274050803751,
  "epsilon": 0.0006031928717758639,
  "lr": 0.052658323332591066,
  "n_embd": 16.27039914200073,
  "n_head": 6.387626269333542,
  "n_layer": 5.240204128992926,
  "seed": 1586808090.64159,
  "weight_decay": 0.007049999446508185
}