{
  "batch_size": 59,
  "beta_1": 0.41735158709447784,
  "beta_2": 0.24320446831679637,
  "block_size": 266,
  "dropout": 0.2363187331421971,
  "epsilon": 2.6907544040826675e-10,
  "lr": 0.0013085421188727972,
  "n_embd": 37,
  "n_head": 2,
  "n_layer": 1,
  "seed": 1847693460,
  "weight_decay": 1.1852919958634129e-05
}