{
  "batch_size": 45,
  "beta_1": 0.9328681585387424,
  "beta_2": 0.9195167294242108,
  "block_size": 85,
  "dropout": 0.2070776913845616,
  "epsilon": 3.03612e-10,
  "lr": 0.0161172839289802,
  "n_embd": 13,
  "n_head": 1,
  "n_layer": 6,
  "seed": 784881347.0429467,
  "weight_decay": 9.88624291373e-05
}