{
  "batch_size": 33.54484059602882,
  "beta_1": 0.11157106606611877,
  "beta_2": 0.4759267967672369,
  "block_size": 181.01115291728524,
  "dropout": 0.4651729967324657,
  "epsilon": 0.0008093820229526406,
  "lr": 0.042408700983716095,
  "n_embd": 9.215733005660397,
  "n_head": 2.456399301465734,
  "n_layer": 1.8025570912715547,
  "seed": 897880668.759732,
  "weight_decay": 4.770269326864713e-05
}