{
  "batch_size": 53,
  "beta_1": 0.8751847150315851,
  "beta_2": 0.46358415254177987,
  "block_size": 129,
  "dropout": 0.45384396709068686,
  "epsilon": 1.2122365545268054e-06,
  "lr": 0.002416360202009595,
  "n_embd": 33,
  "n_head": 6,
  "n_layer": 1,
  "seed": 1818626222,
  "weight_decay": 1.915768288518572e-05
}