{
  "batch_size": 68,
  "beta_1": 0.5302814700984181,
  "beta_2": 0.3319721921313801,
  "block_size": 223,
  "dropout": 0.28368834557272615,
  "epsilon": 1.2034013070368537e-05,
  "lr": 0.0010050695698561097,
  "n_embd": 42,
  "n_head": 4,
  "n_layer": 6,
  "seed": 353549380,
  "weight_decay": 0.00016924770312797823
}