{
  "batch_size": 36.83267395459757,
  "beta_1": 0.11310864841741022,
  "beta_2": 0.956352379629744,
  "block_size": 293.87049991254094,
  "dropout": 0.2955896015770153,
  "epsilon": 0.0003007516418419691,
  "lr": 0.08385309964823312,
  "n_embd": 35.23747090982309,
  "n_head": 6.945458651866053,
  "n_layer": 1.1152638442795797,
  "seed": 604581647.4371973,
  "weight_decay": 0.0024928828455583084
}