{
  "batch_size": 65,
  "beta_1": 0.9939964382222228,
  "beta_2": 0.3702810933635323,
  "block_size": 377,
  "dropout": 0.4805792714465111,
  "epsilon": 7.36739e-10,
  "lr": 0.0971415293652081,
  "n_embd": 11,
  "n_head": 6,
  "n_layer": 1,
  "seed": 601664388.1699129,
  "weight_decay": 1.76170357e-08
}