{
  "batch_size": 66,
  "beta_1": 0.241152926727189,
  "beta_2": 0.5980054677638741,
  "block_size": 113,
  "dropout": 0.09700921893346022,
  "epsilon": 4.759307187147138e-09,
  "lr": 0.001398084788378525,
  "n_embd": 28,
  "n_head": 3,
  "n_layer": 3,
  "seed": 293653163,
  "weight_decay": 2.1886447567476423e-07
}