{
  "batch_size": 74.1985895209292,
  "beta_1": 0.14022582491825694,
  "beta_2": 0.7601566148129973,
  "block_size": 167.3906711036986,
  "dropout": 0.44873189367424526,
  "epsilon": 0.0004783617876369683,
  "lr": 0.09887598642728575,
  "n_embd": 23.30012016754549,
  "n_head": 6.750624351866215,
  "n_layer": 5.3130732675883605,
  "seed": 1758348121.778868,
  "weight_decay": 0.004563140672255925
}