{
  "batch_size": 37,
  "beta_1": 0.697711259224632,
  "beta_2": 0.5173710851446256,
  "block_size": 347,
  "dropout": 0.2950728258912668,
  "epsilon": 7.75046805790059e-08,
  "lr": 1.903748207446804e-05,
  "n_embd": 42,
  "n_head": 6,
  "n_layer": 2,
  "seed": 950075806,
  "weight_decay": 0.00020294954966205866
}