{
  "batch_size": 57.855992996508995,
  "beta_1": 0.5088863118009701,
  "beta_2": 0.6747130339558789,
  "block_size": 257.88297044537967,
  "dropout": 0.32492089881940533,
  "epsilon": 9.34840183539437e-05,
  "lr": 0.09031513142108935,
  "n_embd": 7.449242110045235,
  "n_head": 4.126199565086049,
  "n_layer": 2.0792276078930376,
  "seed": 1404891608.3991957,
  "weight_decay": 0.009943372837467296
}