{
  "batch_size": 49,
  "beta_1": 0.2674293068938309,
  "beta_2": 0.46528585286460666,
  "block_size": 280,
  "dropout": 0.43363242153150816,
  "epsilon": 1.752900216922378e-07,
  "lr": 0.027192044275295178,
  "n_embd": 11,
  "n_head": 1,
  "n_layer": 3,
  "seed": 535825486,
  "weight_decay": 7.125687827339353e-05
}