{
  "batch_size": 83,
  "beta_1": 0.9299903294913116,
  "beta_2": 0.9799574742908373,
  "block_size": 230,
  "dropout": 0.16000698001593228,
  "epsilon": 1.4625670004638975e-09,
  "lr": 6.168058806021785e-05,
  "n_embd": 50,
  "n_head": 6,
  "n_layer": 6,
  "seed": 1459544963,
  "weight_decay": 1.732365534961585e-05
}