{
  "batch_size": 54.50267507736285,
  "beta_1": 0.21021956209223747,
  "beta_2": 0.6553720811221114,
  "block_size": 173.9245106348312,
  "dropout": 0.36759967065799204,
  "epsilon": 0.00045373222513184533,
  "lr": 0.0724538914013299,
  "n_embd": 28.545612754252755,
  "n_head": 5.729946174133058,
  "n_layer": 3.729755826184388,
  "seed": 1139712020.385596,
  "weight_decay": 0.006418358441845425
}