{
  "batch_size": 46,
  "beta_1": 0.8280051034719436,
  "beta_2": 0.572243184187639,
  "block_size": 69,
  "dropout": 0.1962449411028786,
  "epsilon": 0.0001837238123777,
  "lr": 0.0017749155536854,
  "n_embd": 34,
  "n_head": 3,
  "n_layer": 5,
  "seed": 1816043484.5525105,
  "weight_decay": 6.1285919345e-06
}