{
  "batch_size": 51.702934869575714,
  "beta_1": 0.4188999802510005,
  "beta_2": 0.40011403154207204,
  "block_size": 300.0555444295456,
  "dropout": 0.2628234511516394,
  "epsilon": 4.916473224119313e-05,
  "lr": 0.04205588885935061,
  "n_embd": 32.60674973270217,
  "n_head": 1.37312368639679,
  "n_layer": 2.9921545734060997,
  "seed": 1577941510.100686,
  "weight_decay": 0.0018038735463045607
}