{
  "batch_size": 46.487155571405175,
  "beta_1": 0.9657199761355537,
  "beta_2": 0.20430468167118104,
  "block_size": 195.75168500136286,
  "dropout": 0.20163941707003474,
  "epsilon": 0.0003853738514426039,
  "lr": 0.02481607447861476,
  "n_embd": 14.710455463774224,
  "n_head": 2.6194959862604237,
  "n_layer": 6.963886407720643,
  "seed": 781500904.0052271,
  "weight_decay": 0.004305965956220205
}