{
  "batch_size": 33.528391423086035,
  "beta_1": 0.5851185389242776,
  "beta_2": 0.22760222046400613,
  "block_size": 245.2984089203239,
  "dropout": 0.31533842022206504,
  "epsilon": 8.644279890558285e-05,
  "lr": 0.05874467507688206,
  "n_embd": 48.59259110877332,
  "n_head": 6.466993934187538,
  "n_layer": 5.901082941734409,
  "seed": 2009103379.6446574,
  "weight_decay": 0.003638788644316513
}