{
  "batch_size": 30,
  "beta_1": 0.6074485602544717,
  "beta_2": 0.7391671071018926,
  "block_size": 333,
  "dropout": 0.46196811395691384,
  "epsilon": 0.00040918898365548833,
  "lr": 0.003000683589474681,
  "n_embd": 22,
  "n_head": 1,
  "n_layer": 4,
  "seed": 844981327,
  "weight_decay": 1.860333139850621e-06
}