{
  "batch_size": 28.777215858278904,
  "beta_1": 0.21797761974813296,
  "beta_2": 0.3715770191842329,
  "block_size": 95.70871528179501,
  "dropout": 0.14624274930555795,
  "epsilon": 0.0006625130679152575,
  "lr": 0.08595161409773715,
  "n_embd": 51.84615961529755,
  "n_head": 6.409514819393705,
  "n_layer": 2.411409623243437,
  "seed": 1139701648.828673,
  "weight_decay": 0.006199576394134891
}