{
  "batch_size": 29.566626646519204,
  "beta_1": 0.4159430758553092,
  "beta_2": 0.11164491791532904,
  "block_size": 248.29611336580817,
  "dropout": 0.1797815214208777,
  "epsilon": 0.00017400002722373214,
  "lr": 0.08247826049327453,
  "n_embd": 33.84161737958282,
  "n_head": 2.803159598789965,
  "n_layer": 4.785788485015207,
  "seed": 1250305514.7126858,
  "weight_decay": 0.0045526727689590265
}