{
  "batch_size": 61,
  "beta_1": 0.2910325472615801,
  "beta_2": 0.6212963945492951,
  "block_size": 250,
  "dropout": 0.3447358892754536,
  "epsilon": 3.259936250054129e-10,
  "lr": 0.050527002175364176,
  "n_embd": 48,
  "n_head": 3,
  "n_layer": 6,
  "seed": 1186663866,
  "weight_decay": 2.0827931890922345e-07
}