{
  "batch_size": 75,
  "beta_1": 0.7928556236341359,
  "beta_2": 0.20273789997920094,
  "block_size": 297,
  "dropout": 0.0814086877567049,
  "epsilon": 3.3168083484998753e-07,
  "lr": 9.899230993553793e-05,
  "n_embd": 14,
  "n_head": 6,
  "n_layer": 4,
  "seed": 2025373087,
  "weight_decay": 0.00029074746346615326
}