{
  "batch_size": 95,
  "beta_1": 0.26280441934550774,
  "beta_2": 0.7873713174362689,
  "block_size": 114,
  "dropout": 0.3652100129171679,
  "epsilon": 1.0598781645403908e-08,
  "lr": 0.003897147395343231,
  "n_embd": 13,
  "n_head": 2,
  "n_layer": 5,
  "seed": 512911135,
  "weight_decay": 0.00766259999467881
}