{
  "batch_size": 61,
  "beta_1": 0.17233588557436064,
  "beta_2": 0.8133065216613367,
  "block_size": 268,
  "dropout": 0.300346856016691,
  "epsilon": 0.00015853403420442228,
  "lr": 1.6644266112532145e-06,
  "n_embd": 27,
  "n_head": 2,
  "n_layer": 4,
  "seed": 790945097,
  "weight_decay": 1.216184153404558e-06
}