{
  "batch_size": 65,
  "beta_1": 0.1914491539935929,
  "beta_2": 0.21439223887940437,
  "block_size": 175,
  "dropout": 0.33609861106840627,
  "epsilon": 7.054305227932647e-08,
  "lr": 3.1410394360091894e-06,
  "n_embd": 32,
  "n_head": 5,
  "n_layer": 5,
  "seed": 688291291,
  "weight_decay": 2.4347253132420946e-08
}