{
  "batch_size": 66.9850804370231,
  "beta_1": 0.9481634943837494,
  "beta_2": 0.6033876377736246,
  "block_size": 235.22372813697066,
  "dropout": 0.19537117710462468,
  "epsilon": 9.503191254828633e-05,
  "lr": 0.011412669741030473,
  "n_embd": 42.629594184284386,
  "n_head": 5.860953336417307,
  "n_layer": 1.1081352551938515,
  "seed": 1374822915.2595155,
  "weight_decay": 0.005067401309989821
}