{
  "batch_size": 21,
  "beta_1": 0.839351420115674,
  "beta_2": 0.4640279287235739,
  "block_size": 183,
  "dropout": 0.38218479794492055,
  "epsilon": 1.1631354600563216e-08,
  "lr": 0.0003672668613647177,
  "n_embd": 26,
  "n_head": 2,
  "n_layer": 4,
  "seed": 1906822216,
  "weight_decay": 1.0696155742203544e-08
}