{
  "batch_size": 22,
  "beta_1": 0.9537116340029127,
  "beta_2": 0.1839163122872568,
  "block_size": 328,
  "dropout": 0.13555216031917952,
  "epsilon": 2.3756283775190745e-08,
  "lr": 3.628509572421472e-05,
  "n_embd": 14,
  "n_head": 6,
  "n_layer": 1,
  "seed": 330966587,
  "weight_decay": 4.887869237020366e-07
}