{
  "batch_size": 88,
  "beta_1": 0.2550760729328564,
  "beta_2": 0.203362831571217,
  "block_size": 303,
  "dropout": 0.3761098988768818,
  "epsilon": 1.672711996e-07,
  "lr": 0.0007803261558848,
  "n_embd": 49,
  "n_head": 5,
  "n_layer": 6,
  "seed": 1250669442.658098,
  "weight_decay": 3.342997694e-07
}