{
  "batch_size": 65,
  "beta_1": 0.44704047156740945,
  "beta_2": 0.13730621519379269,
  "block_size": 196,
  "dropout": 0.2025534973634546,
  "epsilon": 1.2160027010520718e-10,
  "lr": 2.44404779776181e-06,
  "n_embd": 50,
  "n_head": 6,
  "n_layer": 4,
  "seed": 1302109110,
  "weight_decay": 5.7295732726094205e-08
}