{
  "batch_size": 70,
  "beta_1": 0.4005537480967804,
  "beta_2": 0.864842916524285,
  "block_size": 373,
  "dropout": 0.1800641326742639,
  "epsilon": 7.41780968e-08,
  "lr": 0.0002160844068051,
  "n_embd": 51,
  "n_head": 3,
  "n_layer": 2,
  "seed": 2001136659.3559787,
  "weight_decay": 1.1991582933e-06
}