{
  "batch_size": 40.381786093564266,
  "beta_1": 0.5899041726025054,
  "beta_2": 0.6378441266006397,
  "block_size": 236.90360851664565,
  "dropout": 0.3980309251859968,
  "epsilon": 0.0006135088934626319,
  "lr": 0.06220751567813736,
  "n_embd": 38.18896025648491,
  "n_head": 6.479570727182401,
  "n_layer": 6.3594010839141175,
  "seed": 248925159.3039322,
  "weight_decay": 0.0022239301687618715
}