{
  "batch_size": 59.627715813666,
  "beta_1": 0.5645588922630425,
  "beta_2": 0.5538838267790449,
  "block_size": 330.5641530237669,
  "dropout": 0.14670145104458873,
  "epsilon": 0.0007371072821960466,
  "lr": 0.03378223333920975,
  "n_embd": 45.25902194860405,
  "n_head": 2.6853013158853063,
  "n_layer": 1.5772085966287,
  "seed": 1913380266.4726615,
  "weight_decay": 0.006305947360834091
}