{
  "batch_size": 88,
  "beta_1": 0.24597269801723382,
  "beta_2": 0.37060021406973775,
  "block_size": 101,
  "dropout": 0.4164075678191651,
  "epsilon": 3.775318406165103e-07,
  "lr": 1.627980433484737e-05,
  "n_embd": 51,
  "n_head": 2,
  "n_layer": 2,
  "seed": 1493250118,
  "weight_decay": 4.109146006693344e-05
}