{
  "batch_size": 19,
  "beta_1": 0.286877890218965,
  "beta_2": 0.1861019189139605,
  "block_size": 278,
  "dropout": 0.4993512003344017,
  "epsilon": 0.000246602711837,
  "lr": 0.0032036087642218,
  "n_embd": 43,
  "n_head": 2,
  "n_layer": 6,
  "seed": 148800605.7169151,
  "weight_decay": 4.9305694488e-05
}