{
  "batch_size": 88.49546614014037,
  "beta_1": 0.821250245039829,
  "beta_2": 0.2669130903812985,
  "block_size": 364.7777130595967,
  "dropout": 0.26646701285684005,
  "epsilon": 0.0005308792136791182,
  "lr": 0.030996609737986215,
  "n_embd": 50.300002533350984,
  "n_head": 5.726823859202163,
  "n_layer": 6.62844271463121,
  "seed": 1128128831.3697693,
  "weight_decay": 0.002598143425439795
}