{
  "batch_size": 93,
  "beta_1": 0.1321608678208705,
  "beta_2": 0.7473882483545491,
  "block_size": 312,
  "dropout": 0.23483486771915435,
  "epsilon": 1.6703279372100963e-05,
  "lr": 4.162449958301948e-05,
  "n_embd": 52,
  "n_head": 4,
  "n_layer": 6,
  "seed": 322176932,
  "weight_decay": 2.6916989155186566e-05
}