{
  "batch_size": 59,
  "beta_1": 0.6965230317554912,
  "beta_2": 0.17535964971792994,
  "block_size": 232,
  "dropout": 0.45554678158953865,
  "epsilon": 2.796219216266838e-10,
  "lr": 1.0770449846055677e-06,
  "n_embd": 47,
  "n_head": 1,
  "n_layer": 1,
  "seed": 1450489136,
  "weight_decay": 7.457368673902687e-05
}