{
  "batch_size": 25,
  "beta_1": 0.36104055742778995,
  "beta_2": 0.4847069457540253,
  "block_size": 307,
  "dropout": 0.12658903747910047,
  "epsilon": 6.59095219458853e-06,
  "lr": 0.008158515535266309,
  "n_embd": 22,
  "n_head": 1,
  "n_layer": 5,
  "seed": 1246150707,
  "weight_decay": 0.0002635651640465034
}