{
  "batch_size": 55,
  "beta_1": 0.784741746968328,
  "beta_2": 0.6351636791992468,
  "block_size": 125,
  "dropout": 0.3360453098389251,
  "epsilon": 6.44813665e-08,
  "lr": 0.0009605729875693,
  "n_embd": 8,
  "n_head": 2,
  "n_layer": 2,
  "seed": 145603924.79764554,
  "weight_decay": 0.0044583893082935
}