{
  "batch_size": 37.99322318229886,
  "beta_1": 0.3713075300051948,
  "beta_2": 0.5557263854671621,
  "block_size": 81.45121681132184,
  "dropout": 0.36261404342348824,
  "epsilon": 0.0006975921763762169,
  "lr": 0.08164181461730415,
  "n_embd": 16.80160191670073,
  "n_head": 6.480604259617477,
  "n_layer": 5.726545684535952,
  "seed": 1583095541.6284435,
  "weight_decay": 0.008941107079570815
}