{
  "batch_size": 77,
  "beta_1": 0.41343190783247963,
  "beta_2": 0.5687677229189317,
  "block_size": 303,
  "dropout": 0.33715978801045043,
  "epsilon": 2.0974233395277917e-05,
  "lr": 2.1848792523845014e-06,
  "n_embd": 44,
  "n_head": 5,
  "n_layer": 1,
  "seed": 1959763165,
  "weight_decay": 1.0228136799549586e-06
}