{
  "batch_size": 22,
  "beta_1": 0.8395977014885511,
  "beta_2": 0.8168176375400432,
  "block_size": 247,
  "dropout": 0.11753723323700967,
  "epsilon": 7.020727794633431e-07,
  "lr": 0.0008607834595011257,
  "n_embd": 41,
  "n_head": 6,
  "n_layer": 2,
  "seed": 8691287,
  "weight_decay": 0.0028244886233281244
}