{
  "batch_size": 54.76321853279301,
  "beta_1": 0.5040414492276885,
  "beta_2": 0.5922140002459217,
  "block_size": 209.7326143845161,
  "dropout": 0.33784274087780464,
  "epsilon": 0.0008881478441018039,
  "lr": 0.014215818508936688,
  "n_embd": 26.318964678402576,
  "n_head": 6.42036715368619,
  "n_layer": 4.2729779702772,
  "seed": 399895017.5021322,
  "weight_decay": 0.008040915501031805
}