{
  "batch_size": 40.56738781631111,
  "beta_1": 0.2342651324579733,
  "beta_2": 0.162973733808914,
  "block_size": 81.32243876352149,
  "dropout": 0.2826375820186088,
  "epsilon": 0.00024235878865495937,
  "lr": 0.02734906751596423,
  "n_embd": 46.09670247386773,
  "n_head": 1.5964117015558172,
  "n_layer": 4.933743622406837,
  "seed": 628184186.0142717,
  "weight_decay": 0.008153705028720724
}