{
  "batch_size": 24.253931577041982,
  "beta_1": 0.9417678019298175,
  "beta_2": 0.6864892910830058,
  "block_size": 186.64250498593424,
  "dropout": 0.36389654919134373,
  "epsilon": 0.00018142168131289393,
  "lr": 0.08643305154153878,
  "n_embd": 52.43086809138745,
  "n_head": 6.80775639179067,
  "n_layer": 6.293056953790813,
  "seed": 1727478850.261823,
  "weight_decay": 0.0093660820429613
}