{
  "batch_size": 56.106165080967045,
  "beta_1": 0.3441679161274678,
  "beta_2": 0.9339017491250994,
  "block_size": 191.66261551087416,
  "dropout": 0.33314296873288873,
  "epsilon": 9.473133993260358e-05,
  "lr": 0.026391936150000635,
  "n_embd": 14.396271179826869,
  "n_head": 1.366280319935435,
  "n_layer": 3.280142331128695,
  "seed": 1054639903.2668601,
  "weight_decay": 0.0021141836359222605
}