{
  "batch_size": 43,
  "beta_1": 0.783036569303307,
  "beta_2": 0.6242495126381743,
  "block_size": 284,
  "dropout": 0.2525303857532568,
  "epsilon": 0.0003144732947933585,
  "lr": 0.03640660705000333,
  "n_embd": 6,
  "n_head": 4,
  "n_layer": 3,
  "seed": 1874888824,
  "weight_decay": 1.971875808111824e-08
}