{
  "batch_size": 17.067776015627132,
  "beta_1": 0.49460597420852126,
  "beta_2": 0.6536221594272763,
  "block_size": 220.36205947232617,
  "dropout": 0.11623569952335613,
  "epsilon": 0.00025657611867943504,
  "lr": 0.03127241979760446,
  "n_embd": 21.26266423632385,
  "n_head": 2.3206484816512134,
  "n_layer": 1.430081619968198,
  "seed": 576805881.2567053,
  "weight_decay": 0.005333753963402184
}