{
  "batch_size": 58.49466328149628,
  "beta_1": 0.2618837926665686,
  "beta_2": 0.792552844079383,
  "block_size": 287.3803701994063,
  "dropout": 0.1505077367123384,
  "epsilon": 5.730271349564326e-05,
  "lr": 0.03803611156311393,
  "n_embd": 26.84682030689859,
  "n_head": 1.5893131055967762,
  "n_layer": 3.700019556810379,
  "seed": 1936963906.8270109,
  "weight_decay": 0.0008300222663279128
}