{
  "batch_size": 49,
  "beta_1": 0.30199539053976054,
  "beta_2": 0.8890127622658193,
  "block_size": 304,
  "dropout": 0.3279160784559994,
  "epsilon": 3.062136094690735e-10,
  "lr": 0.004813426782900956,
  "n_embd": 22,
  "n_head": 1,
  "n_layer": 4,
  "seed": 691099841,
  "weight_decay": 0.0011166084821467473
}