{
  "batch_size": 75,
  "beta_1": 0.6651820517356128,
  "beta_2": 0.9797934713963304,
  "block_size": 330,
  "dropout": 0.2354938435231957,
  "epsilon": 5.88286391436e-05,
  "lr": 0.0013208969551624,
  "n_embd": 9,
  "n_head": 4,
  "n_layer": 5,
  "seed": 1850477635.6266856,
  "weight_decay": 9.88292639108e-05
}