{
  "batch_size": 48,
  "beta_1": 0.8059486836278109,
  "beta_2": 0.7230879773072081,
  "block_size": 110,
  "dropout": 0.1783852976990437,
  "epsilon": 2.90063275023e-05,
  "lr": 0.0004968739981597,
  "n_embd": 18,
  "n_head": 4,
  "n_layer": 5,
  "seed": 604950619.6003499,
  "weight_decay": 3.841790887e-07
}