{
  "batch_size": 72.44111959461304,
  "beta_1": 0.4722606024304603,
  "beta_2": 0.3479413645795951,
  "block_size": 218.07530128650518,
  "dropout": 0.1694831007840828,
  "epsilon": 0.00018168288022720857,
  "lr": 0.0654147476083775,
  "n_embd": 8.077737291292722,
  "n_head": 6.188983774949381,
  "n_layer": 5.27569518535794,
  "seed": 1258768879.551524,
  "weight_decay": 0.001192391568810984
}