{
  "batch_size": 46,
  "beta_1": 0.20585805143148175,
  "beta_2": 0.3690166268520384,
  "block_size": 383,
  "dropout": 0.22076608197593736,
  "epsilon": 4.603379375770913e-10,
  "lr": 1.3729088782100095e-05,
  "n_embd": 52,
  "n_head": 5,
  "n_layer": 1,
  "seed": 1247036918,
  "weight_decay": 0.0003242650312397271
}