{
  "batch_size": 42.499144281490324,
  "beta_1": 0.9299112124205023,
  "beta_2": 0.6292167549840472,
  "block_size": 131.28032301700682,
  "dropout": 0.12998037161797288,
  "epsilon": 0.00040046133989127307,
  "lr": 0.045265617902548606,
  "n_embd": 43.931307695345275,
  "n_head": 5.097297458118469,
  "n_layer": 2.169718947379785,
  "seed": 1405907697.2219355,
  "weight_decay": 0.0017672642663229586
}