{
  "batch_size": 73.0382854820973,
  "beta_1": 0.623405809554624,
  "beta_2": 0.2303825635773993,
  "block_size": 83.73484803737472,
  "dropout": 0.49096703059241986,
  "epsilon": 0.00028082112496702674,
  "lr": 0.06645022693203294,
  "n_embd": 32.71686153286203,
  "n_head": 1.2889462417930406,
  "n_layer": 5.856491890641574,
  "seed": 1618821383.1591694,
  "weight_decay": 0.002448823299038619
}