{
  "batch_size": 30,
  "beta_1": 0.386546491723299,
  "beta_2": 0.7593956065969923,
  "block_size": 117,
  "dropout": 0.45651105274748927,
  "epsilon": 5.3053319037523656e-05,
  "lr": 0.057990914433704396,
  "n_embd": 45,
  "n_head": 3,
  "n_layer": 2,
  "seed": 2138241053,
  "weight_decay": 3.6730204827480473e-07
}