{
  "batch_size": 45.440736418558295,
  "beta_1": 0.5493755354905525,
  "beta_2": 0.8827632314636366,
  "block_size": 320.40824949786906,
  "dropout": 0.3890879898346099,
  "epsilon": 0.00017930455761062575,
  "lr": 0.09119568397255161,
  "n_embd": 37.11733202746083,
  "n_head": 6.74778487184555,
  "n_layer": 6.085101203047392,
  "seed": 1139722020.6484103,
  "weight_decay": 0.0030019903175735516
}