{
  "batch_size": 66,
  "beta_1": 0.7560274742154033,
  "beta_2": 0.330035894385439,
  "block_size": 289,
  "dropout": 0.4828027484037829,
  "epsilon": 1.501656e-10,
  "lr": 0.0186246317728652,
  "n_embd": 49,
  "n_head": 1,
  "n_layer": 2,
  "seed": 1820608028.0620146,
  "weight_decay": 5.97037774559e-05
}