{
  "batch_size": 20.581682427963102,
  "beta_1": 0.8881348987044637,
  "beta_2": 0.1385410029744198,
  "block_size": 331.4443856838116,
  "dropout": 0.3084205309144039,
  "epsilon": 0.00026245308623903144,
  "lr": 0.030359695208325783,
  "n_embd": 35.44523623643926,
  "n_head": 4.870658325238269,
  "n_layer": 5.1167829578320605,
  "seed": 2136455480.9721134,
  "weight_decay": 0.003220589239885916
}