{
  "batch_size": 66,
  "beta_1": 0.8643703513502884,
  "beta_2": 0.6593933075255117,
  "block_size": 207,
  "dropout": 0.28365659431972945,
  "epsilon": 1.985123227954635e-08,
  "lr": 0.0003787969501291334,
  "n_embd": 38,
  "n_head": 4,
  "n_layer": 4,
  "seed": 1517098975,
  "weight_decay": 2.8225310544309783e-08
}