{
  "batch_size": 52,
  "beta_1": 0.6500982439304599,
  "beta_2": 0.9365050303865696,
  "block_size": 95,
  "dropout": 0.430205519221338,
  "epsilon": 4.3975755408e-06,
  "lr": 0.0024267101613677,
  "n_embd": 27,
  "n_head": 6,
  "n_layer": 3,
  "seed": 406449703.35502005,
  "weight_decay": 5.19272102e-08
}