{
  "batch_size": 68,
  "beta_1": 0.5632960713595639,
  "beta_2": 0.13700356413924045,
  "block_size": 239,
  "dropout": 0.3898997349791543,
  "epsilon": 6.303666364967326e-05,
  "lr": 0.0037623432230224933,
  "n_embd": 39,
  "n_head": 3,
  "n_layer": 2,
  "seed": 1028115834,
  "weight_decay": 6.042893138634151e-08
}