{
  "batch_size": 83.48078784871699,
  "beta_1": 0.5400627104082795,
  "beta_2": 0.3792263467372735,
  "block_size": 367.47278451918953,
  "dropout": 0.2798043752292235,
  "epsilon": 0.0005677874255105396,
  "lr": 0.028311318096373956,
  "n_embd": 39.44804349897839,
  "n_head": 2.502904945663368,
  "n_layer": 3.0571298388740984,
  "seed": 2070670753.0772338,
  "weight_decay": 0.0046795258182107035
}