{
  "batch_size": 52.63628095245804,
  "beta_1": 0.8363145250199359,
  "beta_2": 0.10847419347598894,
  "block_size": 97.56761203339386,
  "dropout": 0.4233355374891842,
  "epsilon": 0.000852629680256138,
  "lr": 0.04937200644647252,
  "n_embd": 34.473194769209115,
  "n_head": 1.4368968419943289,
  "n_layer": 1.5312601677688273,
  "seed": 1341576011.0954714,
  "weight_decay": 0.00010170026839607347
}