{
  "batch_size": 66.86479144259545,
  "beta_1": 0.10110597176072562,
  "beta_2": 0.42707714933510643,
  "block_size": 96.1490219478834,
  "dropout": 0.2913785065149259,
  "epsilon": 0.0007019913612171016,
  "lr": 0.03640430775383453,
  "n_embd": 43.5176900247699,
  "n_head": 6.884498418623004,
  "n_layer": 2.3837282218705953,
  "seed": 1618627717.2198946,
  "weight_decay": 0.00656257236836771
}