{
  "batch_size": 89.62737445625143,
  "beta_1": 0.6115097996564482,
  "beta_2": 0.46083963041625897,
  "block_size": 308.8516597886105,
  "dropout": 0.10055994191185054,
  "epsilon": 0.00016792489073235733,
  "lr": 0.06851385770628056,
  "n_embd": 32.86408938257475,
  "n_head": 2.016147240380983,
  "n_layer": 6.221401684848952,
  "seed": 1886208744.1596165,
  "weight_decay": 0.0005392962635540809
}