{
  "batch_size": 23,
  "beta_1": 0.9457287798025757,
  "beta_2": 0.8317086344293129,
  "block_size": 133,
  "dropout": 0.321238527110222,
  "epsilon": 2.501296377622223e-07,
  "lr": 0.00033950665308403927,
  "n_embd": 27,
  "n_head": 4,
  "n_layer": 3,
  "seed": 46736697,
  "weight_decay": 5.894750248901426e-06
}