{
  "batch_size": 64.00739169992576,
  "beta_1": 0.2602757048947377,
  "beta_2": 0.8561574790970997,
  "block_size": 73.43605119363409,
  "dropout": 0.32302784963321846,
  "epsilon": 0.000980754720596926,
  "lr": 0.0330719294796983,
  "n_embd": 3.9644300150453744,
  "n_head": 2.4592437468686636,
  "n_layer": 2.0595196574741266,
  "seed": 1419584014.6019766,
  "weight_decay": 0.0034082601249837232
}