{
  "batch_size": 18.686725295272858,
  "beta_1": 0.9233150917863071,
  "beta_2": 0.5733285346737663,
  "block_size": 339.8044341581966,
  "dropout": 0.18245677155024037,
  "epsilon": 0.00010372364935768757,
  "lr": 0.036223787788535744,
  "n_embd": 8.013062382739097,
  "n_head": 6.508153923822166,
  "n_layer": 4.0575915551392026,
  "seed": 1250391921.7583013,
  "weight_decay": 0.004805402586253613
}