{
  "batch_size": 96.2234833629798,
  "beta_1": 0.6590408392769402,
  "beta_2": 0.4089018901094753,
  "block_size": 308.57133229050663,
  "dropout": 0.3154903211589753,
  "epsilon": 0.00015897246421645706,
  "lr": 0.06391441021405542,
  "n_embd": 36.21023004321418,
  "n_head": 3.0542945932780277,
  "n_layer": 5.640570417692301,
  "seed": 1250573992.0585046,
  "weight_decay": 0.007413256565975196
}