{
  "batch_size": 64,
  "beta_1": 0.5991439848064645,
  "beta_2": 0.8290270292343553,
  "block_size": 159,
  "dropout": 0.24857493027702993,
  "epsilon": 8.268682864462035e-08,
  "lr": 0.0007859962331269876,
  "n_embd": 36,
  "n_head": 5,
  "n_layer": 1,
  "seed": 164257513,
  "weight_decay": 1.8102755848476824e-07
}