{
  "batch_size": 66,
  "beta_1": 0.38094817892260213,
  "beta_2": 0.34370356967287996,
  "block_size": 253,
  "dropout": 0.1732922608091197,
  "epsilon": 8.955445565546273e-08,
  "lr": 2.5615707354025736e-06,
  "n_embd": 52,
  "n_head": 4,
  "n_layer": 2,
  "seed": 1257927601,
  "weight_decay": 8.341186534576773e-07
}