{
  "batch_size": 65.69873017404834,
  "beta_1": 0.1141489101037671,
  "beta_2": 0.425269156070632,
  "block_size": 142.47354157491793,
  "dropout": 0.3490712808599431,
  "epsilon": 0.0009546925294806031,
  "lr": 0.07673711985121076,
  "n_embd": 9.491334775385244,
  "n_head": 3.288227096638082,
  "n_layer": 5.963522250335689,
  "seed": 734824335.5775518,
  "weight_decay": 0.0012149817098026966
}