{
  "batch_size": 96.04458539848824,
  "beta_1": 0.8021734631552744,
  "beta_2": 0.18174446761234775,
  "block_size": 265.7805234727929,
  "dropout": 0.13387790366901978,
  "epsilon": 4.8134473960063366e-05,
  "lr": 0.09282335349029486,
  "n_embd": 27.99874723856204,
  "n_head": 4.651557780041536,
  "n_layer": 2.357085090729138,
  "seed": 291936146.76554424,
  "weight_decay": 0.0016951290435749358
}