{
  "batch_size": 45,
  "beta_1": 0.396128923982361,
  "beta_2": 0.6509975580853318,
  "block_size": 270,
  "dropout": 0.18086758062489372,
  "epsilon": 8.816082475128878e-07,
  "lr": 0.0024345902398735597,
  "n_embd": 45,
  "n_head": 4,
  "n_layer": 4,
  "seed": 380192097,
  "weight_decay": 0.0016147366627475787
}