{
  "batch_size": 76,
  "beta_1": 0.8806965591334078,
  "beta_2": 0.3959884971712989,
  "block_size": 309,
  "dropout": 0.27811985736666944,
  "epsilon": 2.227851239647113e-05,
  "lr": 0.0004844771934041545,
  "n_embd": 14,
  "n_head": 1,
  "n_layer": 3,
  "seed": 2042773109,
  "weight_decay": 1.6050712037885353e-05
}