{
  "batch_size": 66,
  "beta_1": 0.9366227555924918,
  "beta_2": 0.7399495738556352,
  "block_size": 285,
  "dropout": 0.1273079344530767,
  "epsilon": 3.29989484613e-05,
  "lr": 0.0011612425069349,
  "n_embd": 39,
  "n_head": 5,
  "n_layer": 2,
  "seed": 1411033133.9631455,
  "weight_decay": 3.7515763506e-06
}