{
  "batch_size": 78,
  "beta_1": 0.10767997775596133,
  "beta_2": 0.5290664271559937,
  "block_size": 89,
  "dropout": 0.15005777668427342,
  "epsilon": 3.0466972432178444e-10,
  "lr": 0.0033757733445418103,
  "n_embd": 11,
  "n_head": 5,
  "n_layer": 1,
  "seed": 1129503336,
  "weight_decay": 0.005910420326763303
}