{
  "batch_size": 24,
  "beta_1": 0.4957713792499309,
  "beta_2": 0.8879355526786282,
  "block_size": 302,
  "dropout": 0.2013947858459482,
  "epsilon": 5.2084404e-09,
  "lr": 5.53764436996e-05,
  "n_embd": 13,
  "n_head": 5,
  "n_layer": 2,
  "seed": 338058260.9130062,
  "weight_decay": 9.75747901e-08
}