{
  "batch_size": 68,
  "beta_1": 0.7588746992185627,
  "beta_2": 0.10961475081497439,
  "block_size": 361,
  "dropout": 0.24913022790558823,
  "epsilon": 9.784881467966739e-09,
  "lr": 1.0019336746796894e-06,
  "n_embd": 42,
  "n_head": 6,
  "n_layer": 6,
  "seed": 761982093,
  "weight_decay": 3.647268330626062e-07
}