{
  "batch_size": 81,
  "beta_1": 0.933793287042701,
  "beta_2": 0.6976140440704323,
  "block_size": 379,
  "dropout": 0.11255402413723142,
  "epsilon": 3.1555723134254044e-09,
  "lr": 0.0023487834624204744,
  "n_embd": 29,
  "n_head": 2,
  "n_layer": 1,
  "seed": 57141460,
  "weight_decay": 0.00035427078219682994
}