{
  "batch_size": 27.85540711162143,
  "beta_1": 0.3279567119550366,
  "beta_2": 0.8077766031145762,
  "block_size": 358.86358632652554,
  "dropout": 0.47480097827592704,
  "epsilon": 0.0004949327031309495,
  "lr": 0.06474018109846522,
  "n_embd": 5.667520193086072,
  "n_head": 4.155283414723218,
  "n_layer": 6.204687706287174,
  "seed": 955528889.9216458,
  "weight_decay": 0.008645694153962461
}