{
  "batch_size": 39.66442485571144,
  "beta_1": 0.37129144927280555,
  "beta_2": 0.7116453324631931,
  "block_size": 182.27721509832577,
  "dropout": 0.24626023570260594,
  "epsilon": 0.0003776310629161182,
  "lr": 0.05920758937711639,
  "n_embd": 53.353191316533206,
  "n_head": 2.8716546719683214,
  "n_layer": 3.5043593295878597,
  "seed": 1043961262.9210043,
  "weight_decay": 0.003609189886758573
}