{
  "batch_size": 66,
  "beta_1": 0.7733403965207162,
  "beta_2": 0.8372501481032038,
  "block_size": 322,
  "dropout": 0.3122363018850232,
  "epsilon": 7.3037436401e-06,
  "lr": 3.2429376453e-06,
  "n_embd": 17,
  "n_head": 6,
  "n_layer": 6,
  "seed": 569779915.3412753,
  "weight_decay": 1.98974759e-08
}