{
  "batch_size": 65,
  "beta_1": 0.7496945479763307,
  "beta_2": 0.24960218653435,
  "block_size": 200,
  "dropout": 0.1374817857600865,
  "epsilon": 7.0430714518e-06,
  "lr": 0.0035824445964695,
  "n_embd": 25,
  "n_head": 5,
  "n_layer": 6,
  "seed": 713126204.4335922,
  "weight_decay": 6.29186832257e-05
}