{
  "batch_size": 34,
  "beta_1": 0.268012189428211,
  "beta_2": 0.3367187787488425,
  "block_size": 127,
  "dropout": 0.3138941813541604,
  "epsilon": 8.579099556e-07,
  "lr": 0.0014613471943611,
  "n_embd": 5,
  "n_head": 3,
  "n_layer": 5,
  "seed": 2120180634.1486716,
  "weight_decay": 2.64272637e-08
}