{
  "batch_size": 27.181494185305432,
  "beta_1": 0.9114059821476153,
  "beta_2": 0.9087153151486084,
  "block_size": 180.89208072619107,
  "dropout": 0.28076999218225274,
  "epsilon": 0.0003372258510619271,
  "lr": 0.021695269967738434,
  "n_embd": 31.4463637215402,
  "n_head": 4.879892016099231,
  "n_layer": 6.212451480556875,
  "seed": 1410925444.0223663,
  "weight_decay": 0.006765241057746143
}