{
  "batch_size": 37,
  "beta_1": 0.5807397222320546,
  "beta_2": 0.1868829095931264,
  "block_size": 363,
  "dropout": 0.3794143201933558,
  "epsilon": 1.144765e-10,
  "lr": 1.08515427052e-05,
  "n_embd": 25,
  "n_head": 4,
  "n_layer": 5,
  "seed": 1123893216.5112207,
  "weight_decay": 0.0057659292023652
}