{
  "batch_size": 89.88504433702941,
  "beta_1": 0.8136813756125975,
  "beta_2": 0.8345489669846448,
  "block_size": 105.43140003164501,
  "dropout": 0.18130186730516806,
  "epsilon": 0.0002997751539062008,
  "lr": 0.007041698702603317,
  "n_embd": 22.75058013059187,
  "n_head": 5.297572910188587,
  "n_layer": 5.134459167058555,
  "seed": 333137985.2260305,
  "weight_decay": 0.0059340131523230085
}