{
  "batch_size": 55.88730695480048,
  "beta_1": 0.13658526470995208,
  "beta_2": 0.5200145941705197,
  "block_size": 199.9861356688733,
  "dropout": 0.18949398318208815,
  "epsilon": 0.0001266064543921417,
  "lr": 0.020631891724915755,
  "n_embd": 32.61814822511308,
  "n_head": 6.850635309958876,
  "n_layer": 2.053353148530605,
  "seed": 1053396159.8669592,
  "weight_decay": 0.009839330340390447
}