{
  "batch_size": 63.35678429731055,
  "beta_1": 0.5006009222616669,
  "beta_2": 0.10063577311443106,
  "block_size": 137.32984489017605,
  "dropout": 0.2408036276214324,
  "epsilon": 0.00037480995679582045,
  "lr": 0.057208861582123606,
  "n_embd": 42.02708222032515,
  "n_head": 4.000489270423278,
  "n_layer": 3.5458652403103557,
  "seed": 1916909896.1597264,
  "weight_decay": 0.005602314897569069
}