{
  "batch_size": 76.63922385125088,
  "beta_1": 0.10743082762923727,
  "beta_2": 0.6556379849660482,
  "block_size": 82.64830269780641,
  "dropout": 0.11073644226006976,
  "epsilon": 0.00025997276846013463,
  "lr": 0.059037062750647004,
  "n_embd": 50.30129694473377,
  "n_head": 4.877339686166539,
  "n_layer": 5.241661742145163,
  "seed": 1078074515.9845989,
  "weight_decay": 0.00010160156523142524
}