{
  "batch_size": 45.07910629695184,
  "beta_1": 0.6990252463460438,
  "beta_2": 0.7743648768805612,
  "block_size": 198.93290718463024,
  "dropout": 0.23365203755978797,
  "epsilon": 0.0006487980428695958,
  "lr": 0.022726177483135417,
  "n_embd": 17.463015648786932,
  "n_head": 1.9449356777253222,
  "n_layer": 3.54414846456702,
  "seed": 1886206996.8497949,
  "weight_decay": 0.002201376079147298
}