{
  "batch_size": 20,
  "beta_1": 0.2543674030424349,
  "beta_2": 0.6357385394812797,
  "block_size": 119,
  "dropout": 0.38513638743310685,
  "epsilon": 2.6598309321568354e-05,
  "lr": 0.02758618809002543,
  "n_embd": 39,
  "n_head": 6,
  "n_layer": 2,
  "seed": 696354382,
  "weight_decay": 0.00041482417099969547
}