{
  "batch_size": 95.41914234570712,
  "beta_1": 0.3985177156801276,
  "beta_2": 0.397372836469985,
  "block_size": 148.81808953925332,
  "dropout": 0.443685266893181,
  "epsilon": 0.000931161011589643,
  "lr": 0.0352196555335043,
  "n_embd": 6.775935304063804,
  "n_head": 4.426047799603708,
  "n_layer": 2.3599505218021193,
  "seed": 746376012.6522828,
  "weight_decay": 0.006728856107601881
}