{
  "batch_size": 91.86418861323232,
  "beta_1": 0.9213481038010582,
  "beta_2": 0.6836137907821587,
  "block_size": 158.92910828255413,
  "dropout": 0.17307631004351925,
  "epsilon": 0.0009671197784908341,
  "lr": 0.05950139590008475,
  "n_embd": 50.420519050970505,
  "n_head": 5.531073667391469,
  "n_layer": 3.4828933619858615,
  "seed": 271966721.73508215,
  "weight_decay": 0.008521029630474679
}