{
  "batch_size": 44,
  "beta_1": 0.6143258788475937,
  "beta_2": 0.36721698022709204,
  "block_size": 238,
  "dropout": 0.16703249715433377,
  "epsilon": 0.0007979554523967333,
  "lr": 0.00022110224152186076,
  "n_embd": 43,
  "n_head": 6,
  "n_layer": 1,
  "seed": 729407214,
  "weight_decay": 1.1902295004280444e-08
}