{
  "batch_size": 23,
  "beta_1": 0.3730536773488698,
  "beta_2": 0.638687915252933,
  "block_size": 249,
  "dropout": 0.1142241083088052,
  "epsilon": 9.984569e-10,
  "lr": 0.0006922381680173,
  "n_embd": 18,
  "n_head": 3,
  "n_layer": 6,
  "seed": 1904281488.8834996,
  "weight_decay": 0.0008910136121164
}