{
  "batch_size": 88.4253493405169,
  "beta_1": 0.6208593059665082,
  "beta_2": 0.4223791532276181,
  "block_size": 363.6335121844665,
  "dropout": 0.4618699824088618,
  "epsilon": 0.0006363394735889907,
  "lr": 0.0730459537400363,
  "n_embd": 30.182710601200675,
  "n_head": 2.384390418295271,
  "n_layer": 1.9394776065214057,
  "seed": 890033198.9936147,
  "weight_decay": 0.0059414011008886896
}