{
  "batch_size": 49,
  "beta_1": 0.2919002524638266,
  "beta_2": 0.7824960932366417,
  "block_size": 314,
  "dropout": 0.4500915162488275,
  "epsilon": 9.82020118e-08,
  "lr": 0.0004906487761094,
  "n_embd": 5,
  "n_head": 6,
  "n_layer": 5,
  "seed": 83234511.70549598,
  "weight_decay": 8.87418863e-07
}