{
  "batch_size": 70,
  "beta_1": 0.9982000087174148,
  "beta_2": 0.2328465459471993,
  "block_size": 343,
  "dropout": 0.434288673757121,
  "epsilon": 5.60433e-09,
  "lr": 0.0003553775747521,
  "n_embd": 49,
  "n_head": 4,
  "n_layer": 1,
  "seed": 304325655.7272928,
  "weight_decay": 1.7153935e-08
}