{
  "batch_size": 22,
  "beta_1": 0.21270046255664693,
  "beta_2": 0.6666510700219099,
  "block_size": 289,
  "dropout": 0.34955260909717617,
  "epsilon": 1.510376358899192e-06,
  "lr": 0.0002484158446675278,
  "n_embd": 48,
  "n_head": 1,
  "n_layer": 4,
  "seed": 1810709948,
  "weight_decay": 1.404715816139166e-07
}