{
  "batch_size": 93.21277830932407,
  "beta_1": 0.8583999833915151,
  "beta_2": 0.774222992622391,
  "block_size": 65.90378224176338,
  "dropout": 0.19631190650292016,
  "epsilon": 0.0004145406154018579,
  "lr": 0.0355254229564206,
  "n_embd": 52.06747578582456,
  "n_head": 6.445151125682185,
  "n_layer": 3.555234618319962,
  "seed": 1006713852.6373987,
  "weight_decay": 0.008330962100108193
}