{
  "batch_size": 38.8842877396724,
  "beta_1": 0.2125349122521255,
  "beta_2": 0.5402427223301686,
  "block_size": 131.76952323660151,
  "dropout": 0.29176188159526406,
  "epsilon": 0.00033971195213043285,
  "lr": 0.048405833256092407,
  "n_embd": 19.964267814867412,
  "n_head": 6.821903919902475,
  "n_layer": 1.8587589235907216,
  "seed": 876539359.1132574,
  "weight_decay": 0.006465394337809527
}