{
  "batch_size": 25.265075084045648,
  "beta_1": 0.7320601104798894,
  "beta_2": 0.13496776494309895,
  "block_size": 200.69987815225764,
  "dropout": 0.3504740587568268,
  "epsilon": 0.0007768975851710681,
  "lr": 0.03129520865936,
  "n_embd": 27.882551796309695,
  "n_head": 4.687408319686159,
  "n_layer": 3.2629406465381225,
  "seed": 1095226315.751876,
  "weight_decay": 0.0015536748937402124
}