{
  "batch_size": 17.991467423918188,
  "beta_1": 0.5981500658012394,
  "beta_2": 0.1164495794528352,
  "block_size": 159.15788072740017,
  "dropout": 0.48197037121277797,
  "epsilon": 0.00012591792918605576,
  "lr": 0.04719931903952612,
  "n_embd": 39.71503873680569,
  "n_head": 2.1427130694237837,
  "n_layer": 6.016106138651414,
  "seed": 1996191685.9595766,
  "weight_decay": 0.00981667617246681
}