{
  "batch_size": 40,
  "beta_1": 0.5080007859209157,
  "beta_2": 0.9345465892957326,
  "block_size": 334,
  "dropout": 0.1038386204119753,
  "epsilon": 1.174217923e-07,
  "lr": 0.0540667568490568,
  "n_embd": 35,
  "n_head": 6,
  "n_layer": 3,
  "seed": 1766656022.5049372,
  "weight_decay": 0.0006700807563667
}