{
  "batch_size": 52,
  "beta_1": 0.7724125217838316,
  "beta_2": 0.5766288039976506,
  "block_size": 251,
  "dropout": 0.3840974456215659,
  "epsilon": 7.5208726e-09,
  "lr": 0.0003356548385553,
  "n_embd": 9,
  "n_head": 4,
  "n_layer": 5,
  "seed": 1980633023.8114123,
  "weight_decay": 1.89102349e-08
}