{
  "batch_size": 66.69065586732879,
  "beta_1": 0.9331590621619609,
  "beta_2": 0.9442176990796435,
  "block_size": 312.42648693786515,
  "dropout": 0.34668867308970597,
  "epsilon": 7.884368569997909e-05,
  "lr": 0.019610589901477245,
  "n_embd": 27.514326143893705,
  "n_head": 2.392812901877253,
  "n_layer": 4.429558155878572,
  "seed": 702304218.0794351,
  "weight_decay": 0.009670702005830546
}