{
  "batch_size": 57,
  "beta_1": 0.4962764118310286,
  "beta_2": 0.4085054027859158,
  "block_size": 332,
  "dropout": 0.3173255459733571,
  "epsilon": 9.0089473583e-06,
  "lr": 0.0019899234477306,
  "n_embd": 32,
  "n_head": 5,
  "n_layer": 4,
  "seed": 1790010859.3336403,
  "weight_decay": 0.0026387481112086
}