{
  "batch_size": 22.22893959909034,
  "beta_1": 0.8262356868888092,
  "beta_2": 0.3461438135259832,
  "block_size": 304.8828959355585,
  "dropout": 0.1807444573886126,
  "epsilon": 0.0007553424978916315,
  "lr": 0.0962951751676445,
  "n_embd": 28.59445669413996,
  "n_head": 2.1973338017575754,
  "n_layer": 1.3999953287468154,
  "seed": 1186354593.9433398,
  "weight_decay": 0.009113906301917007
}