{
  "batch_size": 94.0593033745686,
  "beta_1": 0.15975766940356112,
  "beta_2": 0.25138659964119503,
  "block_size": 166.23492698498885,
  "dropout": 0.15751740824831126,
  "epsilon": 0.0007775910559762275,
  "lr": 0.07910624058613512,
  "n_embd": 4.1232600579233605,
  "n_head": 4.2394586299629395,
  "n_layer": 6.36713803239356,
  "seed": 443816752.37759197,
  "weight_decay": 0.005280557189906876
}