{
  "batch_size": 31.578723013082673,
  "beta_1": 0.759119404548674,
  "beta_2": 0.9054765490369656,
  "block_size": 116.9776694755555,
  "dropout": 0.11132939387516393,
  "epsilon": 0.0006735051688542005,
  "lr": 0.049060436496936255,
  "n_embd": 30.92543528376653,
  "n_head": 3.3785382430646442,
  "n_layer": 3.9627214411020035,
  "seed": 269448727.99219084,
  "weight_decay": 0.008576273803693975
}