{
  "batch_size": 18.023647207624975,
  "beta_1": 0.25749011817221223,
  "beta_2": 0.3177917568437099,
  "block_size": 224.2387658882716,
  "dropout": 0.38261502349261356,
  "epsilon": 0.0009693459624929598,
  "lr": 0.010408302400756108,
  "n_embd": 28.476134468380057,
  "n_head": 1.8542906668525736,
  "n_layer": 1.2125978814689047,
  "seed": 1347529167.17067,
  "weight_decay": 0.004066771840614976
}