{
  "batch_size": 21,
  "beta_1": 0.1947285858167414,
  "beta_2": 0.20107580787887253,
  "block_size": 119,
  "dropout": 0.10676225117290028,
  "epsilon": 6.343010667655107e-08,
  "lr": 0.00036149249523254913,
  "n_embd": 38,
  "n_head": 6,
  "n_layer": 5,
  "seed": 972264520,
  "weight_decay": 3.8124085189028925e-06
}