{
  "batch_size": 29.023151959893788,
  "beta_1": 0.2810467862717646,
  "beta_2": 0.5286821435836834,
  "block_size": 311.3641931754652,
  "dropout": 0.1601428258402239,
  "epsilon": 0.0005786453679080929,
  "lr": 0.04121376804744164,
  "n_embd": 1.306220155837409,
  "n_head": 6.47757907968988,
  "n_layer": 4.837029014971112,
  "seed": 1754564507.747143,
  "weight_decay": 0.009022538602146225
}