{
  "batch_size": 47.66805023896694,
  "beta_1": 0.7694810103273185,
  "beta_2": 0.6798795056025086,
  "block_size": 377.0249660381469,
  "dropout": 0.29723125613558976,
  "epsilon": 0.0006687537146124501,
  "lr": 0.00926764958227204,
  "n_embd": 38.59259939707173,
  "n_head": 2.3616768466722027,
  "n_layer": 3.012031449693395,
  "seed": 1339142179.6750948,
  "weight_decay": 0.002098060104950635
}