{
  "batch_size": 32.527906496959126,
  "beta_1": 0.14880155184664595,
  "beta_2": 0.11694709540550921,
  "block_size": 280.8906341452975,
  "dropout": 0.4228693447689904,
  "epsilon": 0.00043582861577034224,
  "lr": 0.037527685942027045,
  "n_embd": 26.701351994554827,
  "n_head": 4.3630243329744705,
  "n_layer": 4.7983917152469235,
  "seed": 484425278.9758637,
  "weight_decay": 0.0014771115467579721
}