{
  "batch_size": 28.67318211226423,
  "beta_1": 0.5154054861419838,
  "beta_2": 0.24237933753649585,
  "block_size": 367.300521994505,
  "dropout": 0.3115191348800068,
  "epsilon": 0.0004283339517224281,
  "lr": 0.08717478497604335,
  "n_embd": 24.655116556132405,
  "n_head": 3.706437580544238,
  "n_layer": 3.3490452801608845,
  "seed": 1486737014.6697657,
  "weight_decay": 0.002539995537025157
}