{
  "batch_size": 61.06433481186636,
  "beta_1": 0.39281644665587845,
  "beta_2": 0.6495687791797338,
  "block_size": 203.45447433411604,
  "dropout": 0.2283469650920266,
  "epsilon": 0.0007065827310668943,
  "lr": 0.02627186850441053,
  "n_embd": 52.48893448121379,
  "n_head": 1.8801193894073176,
  "n_layer": 1.6472255960345703,
  "seed": 1880860860.9733326,
  "weight_decay": 0.009896822840670843
}