{
  "batch_size": 83.64926561896347,
  "beta_1": 0.564098910754174,
  "beta_2": 0.28939481663794653,
  "block_size": 368.5563604311751,
  "dropout": 0.2527049219964441,
  "epsilon": 8.017735784046436e-05,
  "lr": 0.018826407955505654,
  "n_embd": 49.35964714269901,
  "n_head": 2.318353904005706,
  "n_layer": 5.183124207494001,
  "seed": 1886198762.8532534,
  "weight_decay": 0.002549164137583677
}