{
  "batch_size": 17.610391508925296,
  "beta_1": 0.8504607335828138,
  "beta_2": 0.8443977729287232,
  "block_size": 96.74417002631887,
  "dropout": 0.19701392840773335,
  "epsilon": 4.777456817892164e-05,
  "lr": 0.058494216514786375,
  "n_embd": 26.376124994647704,
  "n_head": 5.005895442955693,
  "n_layer": 2.6981101070590423,
  "seed": 1216030635.6210973,
  "weight_decay": 0.0022711395331938126
}