{
  "batch_size": 79,
  "beta_1": 0.6097079571847303,
  "beta_2": 0.2768388298508344,
  "block_size": 122,
  "dropout": 0.1457073940814233,
  "epsilon": 1.4245358129547963e-09,
  "lr": 0.004428422958468156,
  "n_embd": 36,
  "n_head": 3,
  "n_layer": 2,
  "seed": 1459519456,
  "weight_decay": 0.0013177194943853271
}