{
  "batch_size": 26,
  "beta_1": 0.302633772472298,
  "beta_2": 0.9541962191424258,
  "block_size": 200,
  "dropout": 0.19473198851182416,
  "epsilon": 1.1781444172760327e-10,
  "lr": 0.001046173891870744,
  "n_embd": 27,
  "n_head": 5,
  "n_layer": 6,
  "seed": 658013567,
  "weight_decay": 1.0906386072077785e-05
}