{
  "batch_size": 59.09266602802553,
  "beta_1": 0.5801222602591563,
  "beta_2": 0.674595321525109,
  "block_size": 170.67106803064135,
  "dropout": 0.3198055865917747,
  "epsilon": 0.0006335100926480082,
  "lr": 0.035510727562218056,
  "n_embd": 44.75962237166192,
  "n_head": 3.3835433021648926,
  "n_layer": 6.794174218931142,
  "seed": 1886137093.1652658,
  "weight_decay": 0.003948418274219456
}