{
  "batch_size": 70.88497558153735,
  "beta_1": 0.9982047477800327,
  "beta_2": 0.42509628452239023,
  "block_size": 100.6767156527724,
  "dropout": 0.4666871116591833,
  "epsilon": 0.0004734160429927174,
  "lr": 0.04919939539638369,
  "n_embd": 36.54390720106035,
  "n_head": 4.545154260816281,
  "n_layer": 5.082499825081665,
  "seed": 1907240252.6357813,
  "weight_decay": 0.008391717870066342
}