{
  "batch_size": 36,
  "beta_1": 0.9224705831446232,
  "beta_2": 0.9953058866549176,
  "block_size": 103,
  "dropout": 0.3315861438983612,
  "epsilon": 1.5659739e-09,
  "lr": 0.00243339846988,
  "n_embd": 24,
  "n_head": 3,
  "n_layer": 2,
  "seed": 1197315542.562685,
  "weight_decay": 1.531519574e-07
}