{
  "batch_size": 16.714376538344048,
  "beta_1": 0.4307994871988484,
  "beta_2": 0.40425666788620473,
  "block_size": 65.01497442201016,
  "dropout": 0.31030121474495287,
  "epsilon": 0.00046755546015867113,
  "lr": 0.02951472356134817,
  "n_embd": 37.45506544791942,
  "n_head": 6.970503425245621,
  "n_layer": 3.046475705231234,
  "seed": 1609110115.050476,
  "weight_decay": 0.005293474797989009
}