{
  "batch_size": 60,
  "beta_1": 0.13274061692526723,
  "beta_2": 0.8521629549031936,
  "block_size": 256,
  "dropout": 0.336868071719276,
  "epsilon": 9.93113228926053e-06,
  "lr": 0.009650302690163218,
  "n_embd": 43,
  "n_head": 5,
  "n_layer": 2,
  "seed": 615353392,
  "weight_decay": 0.0006663982232384627
}