{
  "batch_size": 94,
  "beta_1": 0.1308974077233147,
  "beta_2": 0.8396361983883034,
  "block_size": 172,
  "dropout": 0.382277684403927,
  "epsilon": 1.6448662611e-06,
  "lr": 0.0013769588896624,
  "n_embd": 50,
  "n_head": 5,
  "n_layer": 4,
  "seed": 2023069133.3163986,
  "weight_decay": 0.0006207595309226
}