{
  "batch_size": 40.46296752058397,
  "beta_1": 0.542413330700873,
  "beta_2": 0.6784147948145896,
  "block_size": 257.09143354019204,
  "dropout": 0.2367956753190089,
  "epsilon": 0.0005461308662957779,
  "lr": 0.02723853899357721,
  "n_embd": 4.954678377823563,
  "n_head": 1.8265643854021674,
  "n_layer": 2.174504726638362,
  "seed": 164436297.499889,
  "weight_decay": 0.0020555194919860942
}