{
  "batch_size": 31.40617866995556,
  "beta_1": 0.7135642770913501,
  "beta_2": 0.5560605602200336,
  "block_size": 321.9693411444596,
  "dropout": 0.29946727278540364,
  "epsilon": 0.00047645134768548324,
  "lr": 0.09369028484054043,
  "n_embd": 17.06970497688291,
  "n_head": 1.4391576488290438,
  "n_layer": 5.54251179610859,
  "seed": 1812151591.3669784,
  "weight_decay": 0.002434787672287887
}