{
  "batch_size": 30,
  "beta_1": 0.6597880002628327,
  "beta_2": 0.1105125187453685,
  "block_size": 118,
  "dropout": 0.1825287393636971,
  "epsilon": 2.43284793e-08,
  "lr": 0.0036798424620957,
  "n_embd": 5,
  "n_head": 4,
  "n_layer": 5,
  "seed": 1834558385.919879,
  "weight_decay": 1.354732604e-07
}