{
  "batch_size": 32,
  "beta_1": 0.7474282764144351,
  "beta_2": 0.1493501355624382,
  "block_size": 72,
  "dropout": 0.1895533814423896,
  "epsilon": 2.401600250661512e-07,
  "lr": 0.000272873675019609,
  "n_embd": 5,
  "n_head": 2,
  "n_layer": 2,
  "seed": 1270099736,
  "weight_decay": 0.006569877106432445
}