{
  "batch_size": 18.800450655037494,
  "beta_1": 0.7436351074187841,
  "beta_2": 0.22639013403654804,
  "block_size": 101.56853970385582,
  "dropout": 0.23260541410626812,
  "epsilon": 0.0002662754101054644,
  "lr": 0.004512212042302656,
  "n_embd": 7.179963987452091,
  "n_head": 4.763040156827428,
  "n_layer": 5.584478301213199,
  "seed": 103836507.35859473,
  "weight_decay": 0.005851396480922806
}