{
  "batch_size": 69,
  "beta_1": 0.9545005850268627,
  "beta_2": 0.5647322800855259,
  "block_size": 383,
  "dropout": 0.2609907720669954,
  "epsilon": 2.8209375397e-06,
  "lr": 0.0009897662224942,
  "n_embd": 43,
  "n_head": 6,
  "n_layer": 3,
  "seed": 1209711600.487967,
  "weight_decay": 0.0004149554729025
}