{
  "batch_size": 47,
  "beta_1": 0.2386304482957798,
  "beta_2": 0.4909233348119143,
  "block_size": 287,
  "dropout": 0.3233192263529905,
  "epsilon": 2.5397928815009626e-05,
  "lr": 1.557101633229194e-06,
  "n_embd": 46,
  "n_head": 1,
  "n_layer": 1,
  "seed": 86245238,
  "weight_decay": 1.2257467284743056e-08
}