{
  "batch_size": 33.66466448290983,
  "beta_1": 0.24068917967809417,
  "beta_2": 0.8490624280899992,
  "block_size": 274.95685870236696,
  "dropout": 0.19978230716962067,
  "epsilon": 0.0001891414400793828,
  "lr": 0.08280353800490009,
  "n_embd": 17.960677711003708,
  "n_head": 4.49795029820164,
  "n_layer": 5.075059442483848,
  "seed": 1856554871.9372141,
  "weight_decay": 0.007977702434946615
}