{
  "batch_size": 82.52770688619187,
  "beta_1": 0.12346936319184043,
  "beta_2": 0.31178344871651187,
  "block_size": 244.54719127337967,
  "dropout": 0.42472327442807,
  "epsilon": 0.00033604704838694264,
  "lr": 0.04614603944386882,
  "n_embd": 42.65472967940614,
  "n_head": 6.15362642869176,
  "n_layer": 5.454139088399078,
  "seed": 586482311.0995382,
  "weight_decay": 0.009124711602094424
}