{
  "batch_size": 75,
  "beta_1": 0.27004149887096374,
  "beta_2": 0.13248922663562482,
  "block_size": 290,
  "dropout": 0.35087577914837653,
  "epsilon": 9.43147110558787e-09,
  "lr": 0.00035879179553729935,
  "n_embd": 42,
  "n_head": 4,
  "n_layer": 3,
  "seed": 1272574865,
  "weight_decay": 3.6615488791633234e-07
}