{
  "batch_size": 46,
  "beta_1": 0.3710793270641717,
  "beta_2": 0.654321363137359,
  "block_size": 384,
  "dropout": 0.47345371341233744,
  "epsilon": 4.5583294921207356e-05,
  "lr": 0.030447982420143762,
  "n_embd": 26,
  "n_head": 2,
  "n_layer": 6,
  "seed": 11584528,
  "weight_decay": 1.4877086457693434e-06
}