{
  "batch_size": 69.0871970620363,
  "beta_1": 0.48498228798416043,
  "beta_2": 0.1760812310773811,
  "block_size": 351.099041156489,
  "dropout": 0.29706976201763824,
  "epsilon": 8.819505537702486e-05,
  "lr": 0.05129510898130961,
  "n_embd": 8.595265507480548,
  "n_head": 4.726438966126366,
  "n_layer": 3.6514580838656796,
  "seed": 1532056962.9145873,
  "weight_decay": 0.002407826782615008
}