{
  "batch_size": 16,
  "beta_1": 0.5340510163665668,
  "beta_2": 0.960160529282281,
  "block_size": 363,
  "dropout": 0.41489737071393884,
  "epsilon": 1.6043965751980286e-08,
  "lr": 0.00024197111624298334,
  "n_embd": 44,
  "n_head": 3,
  "n_layer": 1,
  "seed": 1413230627,
  "weight_decay": 0.0019193279911551883
}