{
  "batch_size": 56.00533290562552,
  "beta_1": 0.32045104684735937,
  "beta_2": 0.9136540738960407,
  "block_size": 371.290978700684,
  "dropout": 0.10831893090356388,
  "epsilon": 0.0005006739178067023,
  "lr": 0.010031726363523232,
  "n_embd": 0.026491336522482638,
  "n_head": 3.11290259240211,
  "n_layer": 3.1606256473586276,
  "seed": 1811826300.8956861,
  "weight_decay": 0.0030401544270776235
}