{
  "batch_size": 90,
  "beta_1": 0.4530824923094573,
  "beta_2": 0.11649472100174006,
  "block_size": 93,
  "dropout": 0.249110991243173,
  "epsilon": 2.9913842285206005e-05,
  "lr": 0.0005136528183368555,
  "n_embd": 17,
  "n_head": 2,
  "n_layer": 4,
  "seed": 1715266716,
  "weight_decay": 0.001596679528188845
}