{
  "batch_size": 19,
  "beta_1": 0.57143547855856,
  "beta_2": 0.417312489165605,
  "block_size": 306,
  "dropout": 0.1208696605626778,
  "epsilon": 6.7699907e-09,
  "lr": 0.0004087103800818,
  "n_embd": 24,
  "n_head": 3,
  "n_layer": 5,
  "seed": 205408591.5409337,
  "weight_decay": 5.010808067e-07
}