{
  "batch_size": 66.89935834212706,
  "beta_1": 0.5824770774368935,
  "beta_2": 0.359371566409213,
  "block_size": 85.18147807748144,
  "dropout": 0.42441719792261545,
  "epsilon": 0.00023844532591585797,
  "lr": 0.03272227451879025,
  "n_embd": 8.249812909438498,
  "n_head": 4.362737172430464,
  "n_layer": 5.463406782853475,
  "seed": 130890307.62050888,
  "weight_decay": 0.006708128218777266
}