{
  "batch_size": 68.67289151677461,
  "beta_1": 0.20487722524438295,
  "beta_2": 0.44006530380401376,
  "block_size": 282.9588452574062,
  "dropout": 0.21475884343858664,
  "epsilon": 1.551618136067983e-05,
  "lr": 0.04308963171421125,
  "n_embd": 34.69508441707663,
  "n_head": 2.742405986264101,
  "n_layer": 3.950178482150175,
  "seed": 992428548.8994017,
  "weight_decay": 0.008536783964484344
}