{
  "batch_size": 56.08018066409383,
  "beta_1": 0.866829359714083,
  "beta_2": 0.6119589474978535,
  "block_size": 272.8566955821226,
  "dropout": 0.36670466235102483,
  "epsilon": 0.0005094556011390753,
  "lr": 0.08945942798654288,
  "n_embd": 33.592007656670326,
  "n_head": 2.6140138496688774,
  "n_layer": 4.433960009143625,
  "seed": 1860302362.7367744,
  "weight_decay": 0.0037993248423914593
}