{
  "batch_size": 36.77873274810893,
  "beta_1": 0.48624814826514307,
  "beta_2": 0.5165391048217669,
  "block_size": 81.31174378516691,
  "dropout": 0.11689694666396129,
  "epsilon": 0.0004953112569667747,
  "lr": 0.009487315712354526,
  "n_embd": 47.81946938125869,
  "n_head": 4.933283463513096,
  "n_layer": 3.8471250946075832,
  "seed": 1681786185.3368201,
  "weight_decay": 0.00973980347380819
}