{
  "batch_size": 92.75033463270698,
  "beta_1": 0.886895825445619,
  "beta_2": 0.8035673698553358,
  "block_size": 87.35303833977534,
  "dropout": 0.40260172759874147,
  "epsilon": 0.0004879866031963905,
  "lr": 0.09623706626955636,
  "n_embd": 39.739369759371314,
  "n_head": 4.834896251232438,
  "n_layer": 5.755398516062261,
  "seed": 537043626.298983,
  "weight_decay": 0.0076191162959964144
}