{
  "batch_size": 51,
  "beta_1": 0.9840960858568646,
  "beta_2": 0.11988267653565704,
  "block_size": 195,
  "dropout": 0.053002495560008966,
  "epsilon": 4.052989170062649e-10,
  "lr": 2.678531481116121e-05,
  "n_embd": 17,
  "n_head": 6,
  "n_layer": 4,
  "seed": 1422410224,
  "weight_decay": 3.438207530552761e-07
}