{
  "batch_size": 66.5886093694582,
  "beta_1": 0.5023309665959504,
  "beta_2": 0.8793365907490689,
  "block_size": 226.60540063082567,
  "dropout": 0.28587712675243926,
  "epsilon": 0.0008079499887118644,
  "lr": 0.02440606727335472,
  "n_embd": 31.999022416086863,
  "n_head": 3.454277630244063,
  "n_layer": 1.1129932208146205,
  "seed": 877634988.6322541,
  "weight_decay": 0.00044647479351418224
}