{
  "batch_size": 66.57783433822712,
  "beta_1": 0.10702636261140373,
  "beta_2": 0.7604800341484163,
  "block_size": 222.64316429005748,
  "dropout": 0.4454023789169749,
  "epsilon": 0.000824728108392492,
  "lr": 0.04649292603195373,
  "n_embd": 30.986472875244257,
  "n_head": 3.199796512397938,
  "n_layer": 3.4668338848053306,
  "seed": 1429385338.3309147,
  "weight_decay": 0.0016067618902147348
}