{
  "batch_size": 32.067078659417476,
  "beta_1": 0.14964606708950073,
  "beta_2": 0.8813477108959165,
  "block_size": 127.46473091488707,
  "dropout": 0.326492692664628,
  "epsilon": 0.0006686258316839863,
  "lr": 0.06049356664157625,
  "n_embd": 31.39764940403422,
  "n_head": 3.8954417199127818,
  "n_layer": 6.5168685107702204,
  "seed": 1678658555.1109679,
  "weight_decay": 0.007833065375710447
}