{
  "batch_size": 32.38729361852309,
  "beta_1": 0.38319081917838205,
  "beta_2": 0.6187425646008186,
  "block_size": 321.4295725051027,
  "dropout": 0.19052168978031803,
  "epsilon": 0.0003867855260329486,
  "lr": 0.09217748184215817,
  "n_embd": 34.68161402545011,
  "n_head": 2.7052744660247585,
  "n_layer": 3.6350323546171133,
  "seed": 31698788.310080122,
  "weight_decay": 0.00166770653869378
}