{
  "batch_size": 34.06729183560057,
  "beta_1": 0.7211649507595002,
  "beta_2": 0.1300281333877811,
  "block_size": 203.34723119595046,
  "dropout": 0.2689932717859531,
  "epsilon": 8.27005071974524e-05,
  "lr": 0.07116389140784397,
  "n_embd": 40.0740627070582,
  "n_head": 5.554920611471526,
  "n_layer": 3.6741285146605307,
  "seed": 1980980560.1914425,
  "weight_decay": 0.005038368057869961
}