{
  "batch_size": 89.4011211833568,
  "beta_1": 0.8674296971238794,
  "beta_2": 0.39505577454621243,
  "block_size": 82.50035623351627,
  "dropout": 0.36556071671625945,
  "epsilon": 0.00031709395000169,
  "lr": 0.058865866668788944,
  "n_embd": 26.178268553544655,
  "n_head": 6.555661087821112,
  "n_layer": 1.9409817200665573,
  "seed": 1196260068.7163117,
  "weight_decay": 0.009986450060038102
}