{
  "batch_size": 54,
  "beta_1": 0.9216376985060549,
  "beta_2": 0.9614345235971334,
  "block_size": 94,
  "dropout": 0.2947892704651567,
  "epsilon": 1.2409419988189692e-05,
  "lr": 5.0845556723280444e-05,
  "n_embd": 29,
  "n_head": 3,
  "n_layer": 5,
  "seed": 708074368,
  "weight_decay": 0.0004715593127863273
}