{
  "batch_size": 75,
  "beta_1": 0.9677080639275158,
  "beta_2": 0.9478232487836198,
  "block_size": 80,
  "dropout": 0.4898027516451294,
  "epsilon": 1.93910008195e-05,
  "lr": 0.0001504805891375,
  "n_embd": 12,
  "n_head": 1,
  "n_layer": 5,
  "seed": 2007098980.5801942,
  "weight_decay": 0.0058105729038212
}