{
  "batch_size": 45.01639174556718,
  "beta_1": 0.21138970663876164,
  "beta_2": 0.21734459815982793,
  "block_size": 252.76130042903895,
  "dropout": 0.26513059801518346,
  "epsilon": 0.0006631859524180863,
  "lr": 0.08042343722414322,
  "n_embd": 42.068523991899234,
  "n_head": 1.4973180046263272,
  "n_layer": 2.4024825048838423,
  "seed": 1347548561.9342904,
  "weight_decay": 0.00725188915266867
}