{
  "batch_size": 80,
  "beta_1": 0.6353785206625605,
  "beta_2": 0.6908348508331482,
  "block_size": 330,
  "dropout": 0.2575147405425093,
  "epsilon": 2.247301468472479e-05,
  "lr": 0.007006636650660198,
  "n_embd": 41,
  "n_head": 5,
  "n_layer": 6,
  "seed": 841012874,
  "weight_decay": 1.0463852786278119e-05
}