{
  "batch_size": 70.86476426305937,
  "beta_1": 0.5550050427592975,
  "beta_2": 0.18606821219352698,
  "block_size": 334.7254016437349,
  "dropout": 0.3949288007188264,
  "epsilon": 0.0006660037090953671,
  "lr": 0.03421346254168174,
  "n_embd": 12.00764301376723,
  "n_head": 5.672600694796053,
  "n_layer": 4.429999690312005,
  "seed": 1587463417.7719276,
  "weight_decay": 0.0011360738428909318
}