{
  "batch_size": 96.11108639634273,
  "beta_1": 0.6154329308699145,
  "beta_2": 0.33790313195748134,
  "block_size": 286.244301070529,
  "dropout": 0.3680576073526407,
  "epsilon": 0.0007393538867265758,
  "lr": 0.012910383233923,
  "n_embd": 34.22079783155452,
  "n_head": 6.9452442831675265,
  "n_layer": 5.829258665305178,
  "seed": 1812193328.2527044,
  "weight_decay": 0.009425978088065081
}