{
  "batch_size": 20,
  "beta_1": 0.38992276061929776,
  "beta_2": 0.6771684468721981,
  "block_size": 133,
  "dropout": 0.1760042080168807,
  "epsilon": 5.992605861507324e-07,
  "lr": 0.0002218336471251113,
  "n_embd": 27,
  "n_head": 4,
  "n_layer": 3,
  "seed": 46736697,
  "weight_decay": 1.230922968181327e-05
}