{
  "batch_size": 30,
  "beta_1": 0.63329114891422,
  "beta_2": 0.6401060867567059,
  "block_size": 156,
  "dropout": 0.4192558687522655,
  "epsilon": 4.23038919e-08,
  "lr": 0.0042290221296095,
  "n_embd": 15,
  "n_head": 5,
  "n_layer": 5,
  "seed": 1621499852.5776262,
  "weight_decay": 2.514800888e-07
}