{
  "batch_size": 91,
  "beta_1": 0.3615480644671094,
  "beta_2": 0.2973630170105198,
  "block_size": 169,
  "dropout": 0.3034486482416914,
  "epsilon": 4.9819681923385595e-08,
  "lr": 0.03497188825766427,
  "n_embd": 18,
  "n_head": 4,
  "n_layer": 4,
  "seed": 1283249481,
  "weight_decay": 0.00013977468488437413
}