{
  "batch_size": 45.36591031841681,
  "beta_1": 0.6559276992462484,
  "beta_2": 0.24588394784777065,
  "block_size": 357.6291420386446,
  "dropout": 0.41695333680546076,
  "epsilon": 0.0007260769190907331,
  "lr": 0.04101741647146246,
  "n_embd": 39.19333475296284,
  "n_head": 1.0286607994983226,
  "n_layer": 5.1037903792344474,
  "seed": 887938220.7227637,
  "weight_decay": 0.007305171562960135
}