{
  "batch_size": 89.15424032756292,
  "beta_1": 0.7301881618471051,
  "beta_2": 0.5563798195965175,
  "block_size": 163.54785811285728,
  "dropout": 0.40033852796680536,
  "epsilon": 0.0005615393760390162,
  "lr": 0.06072554269770432,
  "n_embd": 17.45317174219789,
  "n_head": 2.3885845745646144,
  "n_layer": 6.262804595072893,
  "seed": 905531800.2066934,
  "weight_decay": 0.006803489279777007
}