{
  "batch_size": 67.1907674427317,
  "beta_1": 0.517534243039705,
  "beta_2": 0.9142025482304252,
  "block_size": 344.22705724925714,
  "dropout": 0.189196162697708,
  "epsilon": 0.0008400334719503895,
  "lr": 0.08292395082900718,
  "n_embd": 12.056003807903322,
  "n_head": 5.280942902901652,
  "n_layer": 6.5541834774263,
  "seed": 1292888440.3375385,
  "weight_decay": 0.009357924127546727
}