{
  "batch_size": 40.432955797880446,
  "beta_1": 0.3531781761361392,
  "beta_2": 0.42178703704258913,
  "block_size": 166.63008309346242,
  "dropout": 0.13672707836535572,
  "epsilon": 0.0006976972374212693,
  "lr": 0.07623476699714896,
  "n_embd": 41.29471584433493,
  "n_head": 3.417808951163406,
  "n_layer": 4.147750272604814,
  "seed": 1971307859.539677,
  "weight_decay": 0.003841816426250934
}