{
  "batch_size": 17.44768585011322,
  "beta_1": 0.8222340749707486,
  "beta_2": 0.7466989598854147,
  "block_size": 80.38007175171087,
  "dropout": 0.17291512714775284,
  "epsilon": 0.0008814860205867431,
  "lr": 0.027694480094184657,
  "n_embd": 46.840194238681434,
  "n_head": 6.220473467088374,
  "n_layer": 4.054731715167135,
  "seed": 1793789689.8511183,
  "weight_decay": 0.009058589973627587
}