{
  "batch_size": 79,
  "beta_1": 0.6844727922333127,
  "beta_2": 0.2570384331286206,
  "block_size": 72,
  "dropout": 0.189551152289326,
  "epsilon": 1.12341186e-07,
  "lr": 9.1707741902e-05,
  "n_embd": 17,
  "n_head": 5,
  "n_layer": 6,
  "seed": 899889306.4766968,
  "weight_decay": 4.35308571e-08
}