{
  "batch_size": 88,
  "beta_1": 0.5706700863048939,
  "beta_2": 0.8902362571136097,
  "block_size": 307,
  "dropout": 0.11067406037642909,
  "epsilon": 3.2479420815734786e-08,
  "lr": 0.0006367668102511087,
  "n_embd": 34,
  "n_head": 6,
  "n_layer": 6,
  "seed": 1837652676,
  "weight_decay": 0.0006227381178772708
}