{
  "batch_size": 64.82849014069885,
  "beta_1": 0.15235701502148732,
  "beta_2": 0.24358137652558154,
  "block_size": 327.87140209791016,
  "dropout": 0.2705369952881411,
  "epsilon": 0.0009109884203504185,
  "lr": 0.07145572934218643,
  "n_embd": 52.39430710348832,
  "n_head": 3.324420500746289,
  "n_layer": 1.5801726644986052,
  "seed": 1812381488.699773,
  "weight_decay": 0.002609672924300868
}