{
  "batch_size": 79.47444990548956,
  "beta_1": 0.5160804092831575,
  "beta_2": 0.11686344199280965,
  "block_size": 378.5087218477086,
  "dropout": 0.4041514776689198,
  "epsilon": 0.0006053514337847383,
  "lr": 0.05111257241871664,
  "n_embd": 35.467936706136236,
  "n_head": 1.1006781531366974,
  "n_layer": 3.698105802245835,
  "seed": 1707000202.7734556,
  "weight_decay": 0.004142749913659874
}