{
  "batch_size": 27.593419777082183,
  "beta_1": 0.997340871956412,
  "beta_2": 0.23302731180680336,
  "block_size": 317.5456209203941,
  "dropout": 0.22719337671311207,
  "epsilon": 0.0008616984396485005,
  "lr": 0.09111720325217597,
  "n_embd": 10.168603758364021,
  "n_head": 5.457578808776776,
  "n_layer": 3.658959361821676,
  "seed": 1817401124.5170608,
  "weight_decay": 0.0019070544962114572
}