{
  "batch_size": 87.39329818487016,
  "beta_1": 0.11409518943818482,
  "beta_2": 0.7888908824301519,
  "block_size": 69.5921184306134,
  "dropout": 0.4840819994014197,
  "epsilon": 0.0001691837615052744,
  "lr": 0.008566342679793155,
  "n_embd": 31.38676834960223,
  "n_head": 3.210274810005147,
  "n_layer": 3.5497116457539075,
  "seed": 1989753706.7433603,
  "weight_decay": 0.003933396598429803
}