{
  "batch_size": 28.288314131204032,
  "beta_1": 0.16850443007977267,
  "beta_2": 0.8156419447001424,
  "block_size": 383.131662600406,
  "dropout": 0.3117468224004739,
  "epsilon": 0.00021599818998804847,
  "lr": 0.08890805438779514,
  "n_embd": 43.50838360728684,
  "n_head": 3.0573931516179544,
  "n_layer": 3.0576957734121373,
  "seed": 753733080.2953053,
  "weight_decay": 0.0010851454580868174
}