{
  "batch_size": 69,
  "beta_1": 0.6097102501054468,
  "beta_2": 0.14709747979176985,
  "block_size": 314,
  "dropout": 0.49795462191382966,
  "epsilon": 1.2579389548948926e-10,
  "lr": 0.029680159037579864,
  "n_embd": 7,
  "n_head": 5,
  "n_layer": 4,
  "seed": 154295132,
  "weight_decay": 0.000276160434126928
}