{
  "batch_size": 20,
  "beta_1": 0.9761297138713273,
  "beta_2": 0.7146863432978737,
  "block_size": 220,
  "dropout": 0.29082895917799767,
  "epsilon": 3.1353376447579535e-10,
  "lr": 0.00043115660049118263,
  "n_embd": 9,
  "n_head": 6,
  "n_layer": 3,
  "seed": 559092595,
  "weight_decay": 8.857362104585855e-08
}