{
  "batch_size": 19,
  "beta_1": 0.4735051523248905,
  "beta_2": 0.2170240722653217,
  "block_size": 186,
  "dropout": 0.2754083928908787,
  "epsilon": 1.873049e-10,
  "lr": 0.0020715566822126,
  "n_embd": 41,
  "n_head": 1,
  "n_layer": 5,
  "seed": 1310296439.725807,
  "weight_decay": 2.77440706919e-05
}