{
  "batch_size": 31,
  "beta_1": 0.609838458121858,
  "beta_2": 0.5133259760711341,
  "block_size": 173,
  "dropout": 0.4127871269820148,
  "epsilon": 1.2096752196495597e-06,
  "lr": 3.618731905252955e-06,
  "n_embd": 53,
  "n_head": 4,
  "n_layer": 3,
  "seed": 105231616,
  "weight_decay": 3.24581577862544e-05
}