{
  "batch_size": 69,
  "beta_1": 0.943186120619608,
  "beta_2": 0.8699712980209404,
  "block_size": 205,
  "dropout": 0.1778702590500251,
  "epsilon": 1.1226451e-09,
  "lr": 0.0016488070149655,
  "n_embd": 43,
  "n_head": 5,
  "n_layer": 3,
  "seed": 1249169274.5753813,
  "weight_decay": 6.84435895e-08
}