{
  "batch_size": 68,
  "beta_1": 0.6495484826556978,
  "beta_2": 0.8350135655778326,
  "block_size": 165,
  "dropout": 0.32635500839026244,
  "epsilon": 0.00018509595942433742,
  "lr": 0.00022041971926393413,
  "n_embd": 42,
  "n_head": 1,
  "n_layer": 6,
  "seed": 1924177943,
  "weight_decay": 7.513660359296948e-06
}