{
  "batch_size": 22.581653098726445,
  "beta_1": 0.9651073175925305,
  "beta_2": 0.21693468116753303,
  "block_size": 255.8862764528822,
  "dropout": 0.14349783400786534,
  "epsilon": 0.00017818312665356418,
  "lr": 0.007852913711870297,
  "n_embd": 43.373915476879795,
  "n_head": 1.8028009339470326,
  "n_layer": 6.939344147646407,
  "seed": 1382165055.825164,
  "weight_decay": 0.003559357991699753
}