{
  "batch_size": 47,
  "beta_1": 0.3034363230838872,
  "beta_2": 0.2295144112676482,
  "block_size": 328,
  "dropout": 0.4713033104535634,
  "epsilon": 1.19752998e-08,
  "lr": 0.000577279380722,
  "n_embd": 48,
  "n_head": 3,
  "n_layer": 6,
  "seed": 780760473.798326,
  "weight_decay": 5.24592129e-06
}