{
  "batch_size": 31.84832385119097,
  "beta_1": 0.2238301318692323,
  "beta_2": 0.3437181280489383,
  "block_size": 100.65879309033667,
  "dropout": 0.38780193112871386,
  "epsilon": 5.8883789464380863e-05,
  "lr": 0.004091336352526853,
  "n_embd": 4.539349151097471,
  "n_head": 2.1161069931245935,
  "n_layer": 5.2714068912049585,
  "seed": 531806348.3670253,
  "weight_decay": 0.006301472221942576
}