{
  "batch_size": 22,
  "beta_1": 0.7402854250437785,
  "beta_2": 0.19529104362033378,
  "block_size": 159,
  "dropout": 0.3648058772891727,
  "epsilon": 1.9759659162763792e-09,
  "lr": 0.001490850612976658,
  "n_embd": 20,
  "n_head": 5,
  "n_layer": 1,
  "seed": 1081764499,
  "weight_decay": 0.0007007408257530396
}