{
  "batch_size": 24,
  "beta_1": 0.15297064786401882,
  "beta_2": 0.6712908333697012,
  "block_size": 200,
  "dropout": 0.12170749281989009,
  "epsilon": 1.4302744761314964e-05,
  "lr": 0.001961576047257645,
  "n_embd": 27,
  "n_head": 5,
  "n_layer": 6,
  "seed": 658013567,
  "weight_decay": 0.0020127451679639477
}