{
  "batch_size": 92,
  "beta_1": 0.2765252601604808,
  "beta_2": 0.2717183264742178,
  "block_size": 76,
  "dropout": 0.1318378984070339,
  "epsilon": 4.533996334e-07,
  "lr": 0.0014943719010666,
  "n_embd": 34,
  "n_head": 3,
  "n_layer": 2,
  "seed": 1745507350.6554358,
  "weight_decay": 1.31519147e-08
}