{
  "batch_size": 21,
  "beta_1": 0.4321286184724002,
  "beta_2": 0.7609843883030178,
  "block_size": 342,
  "dropout": 0.1490796726810668,
  "epsilon": 1.4135309635e-06,
  "lr": 2.86589037343e-05,
  "n_embd": 42,
  "n_head": 4,
  "n_layer": 3,
  "seed": 38420175.08633997,
  "weight_decay": 0.0016451849440416
}