{
  "batch_size": 35,
  "beta_1": 0.7665727676629956,
  "beta_2": 0.9035716589393514,
  "block_size": 185,
  "dropout": 0.3726700401611732,
  "epsilon": 4.8249736e-08,
  "lr": 0.0025503414879887,
  "n_embd": 37,
  "n_head": 6,
  "n_layer": 4,
  "seed": 626900080.3585367,
  "weight_decay": 1.77954617e-08
}