{
  "batch_size": 40,
  "beta_1": 0.4864980828344198,
  "beta_2": 0.3168550660028427,
  "block_size": 116,
  "dropout": 0.1398752067803222,
  "epsilon": 2.6517391e-09,
  "lr": 3.787706592e-06,
  "n_embd": 34,
  "n_head": 5,
  "n_layer": 4,
  "seed": 2135442411.4661653,
  "weight_decay": 4.48809549318e-05
}