{
  "batch_size": 84.1526828218249,
  "beta_1": 0.26807377082406975,
  "beta_2": 0.589996844698369,
  "block_size": 181.6597810928655,
  "dropout": 0.3512614382868716,
  "epsilon": 0.0007176854294131048,
  "lr": 0.04640044807224305,
  "n_embd": 26.83097439365624,
  "n_head": 3.0124820874522764,
  "n_layer": 3.3756771571067388,
  "seed": 1483857784.1891198,
  "weight_decay": 0.003688779146608079
}