{
  "batch_size": 57.72281668059403,
  "beta_1": 0.49271719892566745,
  "beta_2": 0.4743228830093611,
  "block_size": 227.39141713763314,
  "dropout": 0.34356151768541215,
  "epsilon": 0.0008214341552687033,
  "lr": 0.041638112892577635,
  "n_embd": 23.508464467469796,
  "n_head": 2.862176181873328,
  "n_layer": 1.8567714182519608,
  "seed": 1336695158.3765104,
  "weight_decay": 0.004331682047579685
}