{
  "batch_size": 45,
  "beta_1": 0.1739851201556082,
  "beta_2": 0.4112025100386086,
  "block_size": 73,
  "dropout": 0.1882057044950459,
  "epsilon": 8.295971e-10,
  "lr": 0.0009079041881128,
  "n_embd": 51,
  "n_head": 5,
  "n_layer": 6,
  "seed": 1458678721.609575,
  "weight_decay": 0.0003006184583406
}