{
  "batch_size": 39.37569213070981,
  "beta_1": 0.7290399136619075,
  "beta_2": 0.6327960990888662,
  "block_size": 132.28185440842623,
  "dropout": 0.2909152128130892,
  "epsilon": 0.0005389665157932358,
  "lr": 0.047530077801441285,
  "n_embd": 17.041581194237825,
  "n_head": 5.017348714035063,
  "n_layer": 3.386081010822822,
  "seed": 31680672.93109958,
  "weight_decay": 0.0016111073615219797
}