{
  "batch_size": 51,
  "beta_1": 0.2767349469199439,
  "beta_2": 0.1686219703053489,
  "block_size": 191,
  "dropout": 0.08062979765549239,
  "epsilon": 1.6062243229845967e-06,
  "lr": 0.0002614367831624489,
  "n_embd": 40,
  "n_head": 1,
  "n_layer": 6,
  "seed": 245331181,
  "weight_decay": 9.502049404242983e-06
}