{
  "batch_size": 37,
  "beta_1": 0.9735520431157171,
  "beta_2": 0.17324048697769623,
  "block_size": 211,
  "dropout": 0.16467341808094593,
  "epsilon": 3.8400584931939705e-06,
  "lr": 0.0007404399939463024,
  "n_embd": 45,
  "n_head": 1,
  "n_layer": 5,
  "seed": 1900949136,
  "weight_decay": 1.1896567278505464e-08
}