{
  "batch_size": 38,
  "beta_1": 0.7845158146756169,
  "beta_2": 0.7727628291027643,
  "block_size": 255,
  "dropout": 0.2382060185799546,
  "epsilon": 6.05841489e-07,
  "lr": 0.0018685041493015,
  "n_embd": 7,
  "n_head": 5,
  "n_layer": 3,
  "seed": 791557156.9996238,
  "weight_decay": 8.0449720653e-06
}