{
  "batch_size": 48.6516413473162,
  "beta_1": 0.7475237513900232,
  "beta_2": 0.985348862997706,
  "block_size": 229.95371924194234,
  "dropout": 0.4998508779638512,
  "epsilon": 0.0007847219307934282,
  "lr": 0.019109209587802305,
  "n_embd": 10.846080611566714,
  "n_head": 2.204464064556018,
  "n_layer": 1.871657628531688,
  "seed": 311523762.0132027,
  "weight_decay": 0.007306911866941829
}