{
  "batch_size": 53,
  "beta_1": 0.26645712471178945,
  "beta_2": 0.9004672120449909,
  "block_size": 278,
  "dropout": 0.327096369820868,
  "epsilon": 2.6266185456683884e-07,
  "lr": 5.657194111795185e-05,
  "n_embd": 3,
  "n_head": 4,
  "n_layer": 2,
  "seed": 745508098,
  "weight_decay": 0.004432848520470032
}