{
  "batch_size": 63.45591814095598,
  "beta_1": 0.2660074041616892,
  "beta_2": 0.11295283944550408,
  "block_size": 287.5053113802259,
  "dropout": 0.12770071112552253,
  "epsilon": 0.00031881263857726677,
  "lr": 0.034716745850371045,
  "n_embd": 47.65025262679477,
  "n_head": 4.655206354538386,
  "n_layer": 5.606733628290492,
  "seed": 641964085.0216165,
  "weight_decay": 0.002133069962834225
}