{
  "batch_size": 71,
  "beta_1": 0.4025874820602555,
  "beta_2": 0.9915283728693912,
  "block_size": 316,
  "dropout": 0.2017613564941602,
  "epsilon": 2.062168e-10,
  "lr": 0.0512768982545312,
  "n_embd": 43,
  "n_head": 2,
  "n_layer": 6,
  "seed": 173118784.24870214,
  "weight_decay": 0.0005365985577413
}