{
  "batch_size": 59.15719578632138,
  "beta_1": 0.5142235067338576,
  "beta_2": 0.1449664298017021,
  "block_size": 218.44225937415843,
  "dropout": 0.3642054229391084,
  "epsilon": 0.0007460719364849533,
  "lr": 0.06335207932944703,
  "n_embd": 39.51585045557317,
  "n_head": 5.605489382343498,
  "n_layer": 1.628588639460168,
  "seed": 1681918707.3953943,
  "weight_decay": 0.002445623503638803
}