{
  "batch_size": 84,
  "beta_1": 0.5142234564779913,
  "beta_2": 0.26489234982624743,
  "block_size": 89,
  "dropout": 0.3257272428754907,
  "epsilon": 4.85616115240506e-06,
  "lr": 1.0967804924830499e-05,
  "n_embd": 4,
  "n_head": 3,
  "n_layer": 1,
  "seed": 1340648156,
  "weight_decay": 1.9393666721410322e-08
}