{
  "batch_size": 32,
  "beta_1": 0.8883769094581627,
  "beta_2": 0.5972012880491098,
  "block_size": 182,
  "dropout": 0.2076195145234101,
  "epsilon": 1.4654338742e-06,
  "lr": 0.0013390445617445,
  "n_embd": 12,
  "n_head": 3,
  "n_layer": 6,
  "seed": 1084204775.877889,
  "weight_decay": 3.2967197e-08
}