{
  "batch_size": 85.24451590223256,
  "beta_1": 0.9445671160058002,
  "beta_2": 0.9548735682886456,
  "block_size": 377.4914341450872,
  "dropout": 0.2632266424354387,
  "epsilon": 0.0009097324435329457,
  "lr": 0.06597339780036166,
  "n_embd": 24.38705590578342,
  "n_head": 4.887370872691536,
  "n_layer": 1.5064303386156501,
  "seed": 381174515.78489864,
  "weight_decay": 0.0015088063161328383
}