{
  "batch_size": 52,
  "beta_1": 0.30396854505623944,
  "beta_2": 0.6054345994508465,
  "block_size": 301,
  "dropout": 0.3411732028416933,
  "epsilon": 9.379311542924284e-10,
  "lr": 3.142120676409499e-05,
  "n_embd": 6,
  "n_head": 6,
  "n_layer": 4,
  "seed": 1210993859,
  "weight_decay": 0.00024827867134355794
}