{
  "batch_size": 42.34071924863274,
  "beta_1": 0.5624224016228045,
  "beta_2": 0.44427708908384345,
  "block_size": 234.1873613431674,
  "dropout": 0.16914716006059455,
  "epsilon": 0.0007975013443212185,
  "lr": 0.06203310593624095,
  "n_embd": 52.514730279204436,
  "n_head": 1.1354849063945567,
  "n_layer": 1.9120785469956176,
  "seed": 1053478089.336238,
  "weight_decay": 0.007538174097333594
}