{
  "batch_size": 48.508390787694694,
  "beta_1": 0.4087256745774075,
  "beta_2": 0.20454744169484623,
  "block_size": 361.03765096784684,
  "dropout": 0.373641887584066,
  "epsilon": 0.000913714640771526,
  "lr": 0.022237430122084748,
  "n_embd": 13.503856196822264,
  "n_head": 6.8357743420259665,
  "n_layer": 5.2325030824152465,
  "seed": 1574834961.6108975,
  "weight_decay": 0.009251820008202793
}