{
  "batch_size": 16.301996299383408,
  "beta_1": 0.7922767740606307,
  "beta_2": 0.3118467371630129,
  "block_size": 103.82787081496927,
  "dropout": 0.14407997288627958,
  "epsilon": 0.0002701699563082155,
  "lr": 0.07078459270488995,
  "n_embd": 52.66711594151479,
  "n_head": 2.505872988001804,
  "n_layer": 6.277143465735388,
  "seed": 1860362664.7171853,
  "weight_decay": 0.0033776164600853747
}