{
  "batch_size": 65,
  "beta_1": 0.7212084486859568,
  "beta_2": 0.3121704132248566,
  "block_size": 205,
  "dropout": 0.2146846605565385,
  "epsilon": 6.97586365115e-05,
  "lr": 0.0005790830809992,
  "n_embd": 34,
  "n_head": 1,
  "n_layer": 2,
  "seed": 2090153420.268763,
  "weight_decay": 3.871953538e-07
}