{
  "batch_size": 78,
  "beta_1": 0.5985113622945357,
  "beta_2": 0.6228266929358854,
  "block_size": 265,
  "dropout": 0.2958591438374282,
  "epsilon": 3.9097185622265694e-09,
  "lr": 2.792644084816629e-05,
  "n_embd": 6,
  "n_head": 1,
  "n_layer": 6,
  "seed": 1508348898,
  "weight_decay": 1.8331472363024558e-05
}