{
  "batch_size": 80,
  "beta_1": 0.8435926350621029,
  "beta_2": 0.3952571370205758,
  "block_size": 207,
  "dropout": 0.2190081769439678,
  "epsilon": 1.1545354548e-05,
  "lr": 0.0001824021278812,
  "n_embd": 38,
  "n_head": 6,
  "n_layer": 1,
  "seed": 625149802.1079978,
  "weight_decay": 4.64511793e-08
}