{
  "batch_size": 33.67123411396453,
  "beta_1": 0.3338475636825565,
  "beta_2": 0.3331867284688974,
  "block_size": 286.66109332262323,
  "dropout": 0.2762667495986534,
  "epsilon": 0.0008735031338648829,
  "lr": 0.030624300788148873,
  "n_embd": 8.167383686672562,
  "n_head": 5.342033300454279,
  "n_layer": 6.351442181170687,
  "seed": 74177726.53532735,
  "weight_decay": 0.00831510838477508
}