{
  "batch_size": 58.559764828602475,
  "beta_1": 0.39595630629109446,
  "beta_2": 0.6292774819933215,
  "block_size": 256.9066183237327,
  "dropout": 0.11296455796866045,
  "epsilon": 0.0006815295512418114,
  "lr": 0.028144440306822647,
  "n_embd": 14.802352716868167,
  "n_head": 1.567952617034985,
  "n_layer": 1.284596400271182,
  "seed": 309190259.6846232,
  "weight_decay": 0.006321080602651065
}