{
  "batch_size": 88,
  "beta_1": 0.8886158027203698,
  "beta_2": 0.7300446159880987,
  "block_size": 152,
  "dropout": 0.251492529876714,
  "epsilon": 0.0001399996572083,
  "lr": 0.0002451326623811,
  "n_embd": 26,
  "n_head": 6,
  "n_layer": 4,
  "seed": 929502732.1307061,
  "weight_decay": 1.45410460472e-05
}