{
  "batch_size": 47,
  "beta_1": 0.8343539194228082,
  "beta_2": 0.6320182632880021,
  "block_size": 212,
  "dropout": 0.2535620435207176,
  "epsilon": 2.82689089905e-05,
  "lr": 0.0009172772107744,
  "n_embd": 38,
  "n_head": 2,
  "n_layer": 3,
  "seed": 1448846186.9534545,
  "weight_decay": 3.98385281e-08
}