{
  "batch_size": 29,
  "beta_1": 0.31478478232747975,
  "beta_2": 0.6902893977180451,
  "block_size": 82,
  "dropout": 0.17179014521286998,
  "epsilon": 1.6421661893128402e-07,
  "lr": 0.00015068121100224189,
  "n_embd": 46,
  "n_head": 6,
  "n_layer": 3,
  "seed": 1327654998,
  "weight_decay": 0.008372015942726548
}