{
  "batch_size": 79,
  "beta_1": 0.7997704039158344,
  "beta_2": 0.9733159487717472,
  "block_size": 166,
  "dropout": 0.15904304121927373,
  "epsilon": 0.0001401942119524713,
  "lr": 7.927375822091555e-06,
  "n_embd": 50,
  "n_head": 6,
  "n_layer": 2,
  "seed": 912284819,
  "weight_decay": 9.239059986206267e-07
}