{
  "batch_size": 32.941202556669225,
  "beta_1": 0.6426434220451888,
  "beta_2": 0.7118762061986481,
  "block_size": 182.85730249465166,
  "dropout": 0.17309040313681812,
  "epsilon": 0.00024258573693999405,
  "lr": 0.0972791848760611,
  "n_embd": 7.119366677791754,
  "n_head": 2.315297810495085,
  "n_layer": 4.48494628310205,
  "seed": 1483274743.1174695,
  "weight_decay": 2.7907727380945476e-05
}