{
  "batch_size": 33,
  "beta_1": 0.6589078928574815,
  "beta_2": 0.7063196327885267,
  "block_size": 310,
  "dropout": 0.4008380763637866,
  "epsilon": 1.9361462e-09,
  "lr": 0.0007272875256641,
  "n_embd": 22,
  "n_head": 4,
  "n_layer": 4,
  "seed": 1836887319.1909223,
  "weight_decay": 0.0004335863244275
}