{
  "batch_size": 47.578100180747356,
  "beta_1": 0.6756169781182741,
  "beta_2": 0.6238366458381276,
  "block_size": 384.0754309413733,
  "dropout": 0.3255755763189365,
  "epsilon": 0.0006114569354714015,
  "lr": 0.029568270832742,
  "n_embd": 0.7965503347106837,
  "n_head": 1.7482494494059808,
  "n_layer": 2.0753409323445364,
  "seed": 1707004944.9231162,
  "weight_decay": 0.006629834883972108
}