{
  "batch_size": 83.67785728423578,
  "beta_1": 0.8772133315167264,
  "beta_2": 0.4660953699529148,
  "block_size": 108.79053497494974,
  "dropout": 0.33755593151594676,
  "epsilon": 0.0006471220978448687,
  "lr": 0.0816557168162501,
  "n_embd": 51.020071817294166,
  "n_head": 6.127610597761917,
  "n_layer": 6.426277631277133,
  "seed": 1484021536.4526684,
  "weight_decay": 0.0029564091187182506
}