{
  "batch_size": 29.0012398429935,
  "beta_1": 0.19132676018810557,
  "beta_2": 0.891220967370727,
  "block_size": 319.5706317888588,
  "dropout": 0.12830370844638894,
  "epsilon": 5.473972963651101e-05,
  "lr": 0.07512127567092358,
  "n_embd": 34.436798829153105,
  "n_head": 4.030092602056554,
  "n_layer": 1.7209815642202333,
  "seed": 1674465896.2568054,
  "weight_decay": 0.007227928564446425
}