{
  "batch_size": 47,
  "beta_1": 0.905061407755441,
  "beta_2": 0.7844956389293916,
  "block_size": 330,
  "dropout": 0.3679236708899668,
  "epsilon": 2.3480594731618577e-06,
  "lr": 0.03150792307534793,
  "n_embd": 26,
  "n_head": 2,
  "n_layer": 6,
  "seed": 1690878278,
  "weight_decay": 0.0002509092492191968
}