{
  "batch_size": 19,
  "beta_1": 0.8045643422257445,
  "beta_2": 0.35304546644990653,
  "block_size": 107,
  "dropout": 0.3843240531163977,
  "epsilon": 6.4874653034721956e-09,
  "lr": 0.00015995468058865704,
  "n_embd": 2,
  "n_head": 6,
  "n_layer": 1,
  "seed": 131091126,
  "weight_decay": 0.008816502127241185
}