{
  "batch_size": 88.31712162631199,
  "beta_1": 0.3227306271707179,
  "beta_2": 0.7000897206717434,
  "block_size": 122.27173037186174,
  "dropout": 0.12486740191186492,
  "epsilon": 0.0007164968051604001,
  "lr": 0.0703044645267046,
  "n_embd": 24.052539054428955,
  "n_head": 1.988838130584008,
  "n_layer": 5.670480868298778,
  "seed": 1044543536.8821974,
  "weight_decay": 0.0047363677832923026
}