{
  "batch_size": 28.587937888120827,
  "beta_1": 0.37300413636432217,
  "beta_2": 0.6145531801204156,
  "block_size": 357.10784636700714,
  "dropout": 0.26560166042969735,
  "epsilon": 0.0009236044614253743,
  "lr": 0.0398938671103211,
  "n_embd": 23.3733748485627,
  "n_head": 6.3518339666324435,
  "n_layer": 1.4367640077233692,
  "seed": 1681831348.284779,
  "weight_decay": 0.001713961707321353
}