{
  "batch_size": 82,
  "beta_1": 0.6922179468380357,
  "beta_2": 0.7169466024095004,
  "block_size": 334,
  "dropout": 0.2805354390268995,
  "epsilon": 1.2407592855429128e-07,
  "lr": 0.07160928138547942,
  "n_embd": 25,
  "n_head": 3,
  "n_layer": 6,
  "seed": 129959077,
  "weight_decay": 0.00010240669644521046
}