{
  "batch_size": 22,
  "beta_1": 0.23363419442755087,
  "beta_2": 0.7159193808363545,
  "block_size": 229,
  "dropout": 0.2686019888008111,
  "epsilon": 1.8489450385524682e-06,
  "lr": 0.00033658539846578763,
  "n_embd": 37,
  "n_head": 5,
  "n_layer": 5,
  "seed": 1159504132,
  "weight_decay": 0.00016859467766059522
}