{
  "batch_size": 51,
  "beta_1": 0.8627818790541854,
  "beta_2": 0.9129956458091694,
  "block_size": 266,
  "dropout": 0.4312497051532923,
  "epsilon": 9.10300369081474e-10,
  "lr": 3.038415137459013e-05,
  "n_embd": 41,
  "n_head": 6,
  "n_layer": 1,
  "seed": 859312517,
  "weight_decay": 0.001976224165690234
}