{
  "batch_size": 36.71460332527473,
  "beta_1": 0.9391611505144047,
  "beta_2": 0.2563654349788786,
  "block_size": 168.6826691665625,
  "dropout": 0.18694716458501748,
  "epsilon": 0.0001283343228060057,
  "lr": 0.0330187062888176,
  "n_embd": 52.899091505720236,
  "n_head": 3.332321991317354,
  "n_layer": 4.0804794068973695,
  "seed": 273919313.53975564,
  "weight_decay": 0.0038438305485483464
}