{
  "batch_size": 56,
  "beta_1": 0.7361316105588497,
  "beta_2": 0.29845751286830746,
  "block_size": 188,
  "dropout": 0.24405432123826284,
  "epsilon": 1.9061835361297504e-07,
  "lr": 0.00010088672419983786,
  "n_embd": 44,
  "n_head": 2,
  "n_layer": 4,
  "seed": 401773421,
  "weight_decay": 0.0011065173084637988
}