{
  "batch_size": 68,
  "beta_1": 0.1715347789925426,
  "beta_2": 0.5494941247997767,
  "block_size": 384,
  "dropout": 0.3019793495194678,
  "epsilon": 1.2988964766909336e-08,
  "lr": 2.785606326410595e-06,
  "n_embd": 46,
  "n_head": 3,
  "n_layer": 6,
  "seed": 1196187431,
  "weight_decay": 6.089784279395575e-05
}