{
  "batch_size": 19.648701586382785,
  "beta_1": 0.7983770195336114,
  "beta_2": 0.4753442306101985,
  "block_size": 200.7432855156291,
  "dropout": 0.4292335933032243,
  "epsilon": 0.0008856287480955465,
  "lr": 0.031280664286885744,
  "n_embd": 51.90480840126323,
  "n_head": 6.669152707002329,
  "n_layer": 1.0296407209831795,
  "seed": 1681882604.2057307,
  "weight_decay": 0.002393893075768908
}