{
  "batch_size": 83,
  "beta_1": 0.1901962007012483,
  "beta_2": 0.5034419433139097,
  "block_size": 71,
  "dropout": 0.3304565534237598,
  "epsilon": 9.703826593e-07,
  "lr": 0.0080737190816447,
  "n_embd": 45,
  "n_head": 4,
  "n_layer": 5,
  "seed": 1412474519.6531913,
  "weight_decay": 0.0097132207349741
}