{
  "batch_size": 92.35463768002033,
  "beta_1": 0.15907701178605055,
  "beta_2": 0.5672937667114388,
  "block_size": 254.5735570677011,
  "dropout": 0.4941599731912727,
  "epsilon": 0.0009201717348038879,
  "lr": 0.019441819043642387,
  "n_embd": 30.285485985263115,
  "n_head": 1.1027144735007681,
  "n_layer": 4.6310161694910175,
  "seed": 1860323309.6516023,
  "weight_decay": 0.00343185077556063
}