{
  "batch_size": 89,
  "beta_1": 0.6403605576452829,
  "beta_2": 0.10987903138744455,
  "block_size": 75,
  "dropout": 0.2904612591347039,
  "epsilon": 1.5371690616281192e-06,
  "lr": 2.166228681177167e-06,
  "n_embd": 41,
  "n_head": 4,
  "n_layer": 5,
  "seed": 891513972,
  "weight_decay": 5.065352883098093e-06
}