{
  "batch_size": 51.81276539319972,
  "beta_1": 0.11266429760562827,
  "beta_2": 0.13650193209984174,
  "block_size": 380.9307699835415,
  "dropout": 0.16420767259333657,
  "epsilon": 0.0008643747300389529,
  "lr": 0.05702182036955493,
  "n_embd": 36.86271428755794,
  "n_head": 5.611987673940497,
  "n_layer": 4.366668163592719,
  "seed": 729524896.362348,
  "weight_decay": 0.0015360461980794163
}