{
  "batch_size": 56,
  "beta_1": 0.6412344892111244,
  "beta_2": 0.8061355607370708,
  "block_size": 307,
  "dropout": 0.27162648000079653,
  "epsilon": 3.5727362897308266e-08,
  "lr": 0.0005730901292259978,
  "n_embd": 34,
  "n_head": 6,
  "n_layer": 6,
  "seed": 1837652676,
  "weight_decay": 1.8739105906468817e-06
}