{
  "batch_size": 28.32905434059606,
  "beta_1": 0.9069902259705825,
  "beta_2": 0.11149914348318941,
  "block_size": 341.33325561830657,
  "dropout": 0.13795897942568058,
  "epsilon": 0.0004218748706144363,
  "lr": 0.08025585324033739,
  "n_embd": 6.8152435462648375,
  "n_head": 6.002674829514938,
  "n_layer": 3.3411655920596983,
  "seed": 1860236281.8909872,
  "weight_decay": 0.00549236844630154
}