{
  "batch_size": 83,
  "beta_1": 0.9270949162470614,
  "beta_2": 0.68886153911012,
  "block_size": 66,
  "dropout": 0.110514452250865,
  "epsilon": 0.0007921025298771762,
  "lr": 0.0004899227233648954,
  "n_embd": 52,
  "n_head": 4,
  "n_layer": 6,
  "seed": 1800740359,
  "weight_decay": 1.222688272638806e-08
}