{
  "batch_size": 60,
  "beta_1": 0.12639379142577106,
  "beta_2": 0.23899538392619712,
  "block_size": 168,
  "dropout": 0.20396127781959456,
  "epsilon": 8.918999197216333e-07,
  "lr": 0.08272080627416842,
  "n_embd": 26,
  "n_head": 6,
  "n_layer": 1,
  "seed": 173038165,
  "weight_decay": 4.659415998091664e-06
}