{
  "batch_size": 52.03809369122302,
  "beta_1": 0.7997881848033204,
  "beta_2": 0.2973287434591437,
  "block_size": 363.5304577966633,
  "dropout": 0.2663801565351954,
  "epsilon": 0.0008631617961122907,
  "lr": 0.054391856252856564,
  "n_embd": 21.02097713765747,
  "n_head": 6.447704742311443,
  "n_layer": 4.330432449202421,
  "seed": 61209808.21987023,
  "weight_decay": 0.004227529324122809
}