{
  "batch_size": 75.80068718673812,
  "beta_1": 0.8515595530492002,
  "beta_2": 0.8333812958355674,
  "block_size": 289.4474974557713,
  "dropout": 0.15320057960899655,
  "epsilon": 0.0005467920263772445,
  "lr": 0.021085936495962368,
  "n_embd": 37.64501166810305,
  "n_head": 5.756783734008239,
  "n_layer": 5.8537869883864015,
  "seed": 1968755299.598972,
  "weight_decay": 0.007387884183649844
}