{
  "batch_size": 80.46043713088176,
  "beta_1": 0.9411463124355544,
  "beta_2": 0.7927188003153711,
  "block_size": 341.08450891314595,
  "dropout": 0.40375642333924433,
  "epsilon": 0.00041955102556675753,
  "lr": 0.021413918153300716,
  "n_embd": 29.57585542733811,
  "n_head": 3.73232527644169,
  "n_layer": 2.851622506932123,
  "seed": 1658235344.5004659,
  "weight_decay": 0.005381744870964197
}