{
  "batch_size": 20,
  "beta_1": 0.4633304171917021,
  "beta_2": 0.15487554003947737,
  "block_size": 328,
  "dropout": 0.18073621375890603,
  "epsilon": 3.167504503358766e-08,
  "lr": 0.00021567220811808297,
  "n_embd": 14,
  "n_head": 6,
  "n_layer": 1,
  "seed": 330966587,
  "weight_decay": 8.57501988291127e-06
}