{
  "batch_size": 18.38639901538562,
  "beta_1": 0.8733855115597735,
  "beta_2": 0.7606603731055511,
  "block_size": 201.19408044966048,
  "dropout": 0.17476705847915786,
  "epsilon": 0.0006821219619005324,
  "lr": 0.06944017549659225,
  "n_embd": 39.81715276279877,
  "n_head": 1.7552001872582152,
  "n_layer": 1.7113647520749233,
  "seed": 146493232.6921316,
  "weight_decay": 0.004833777533120161
}