{
  "batch_size": 87.8792532977641,
  "beta_1": 0.2705861824715007,
  "beta_2": 0.423119283971517,
  "block_size": 326.4623438501323,
  "dropout": 0.2258561630971535,
  "epsilon": 0.00017141017793909723,
  "lr": 0.035186419006217586,
  "n_embd": 24.822004833916953,
  "n_head": 6.191892669145655,
  "n_layer": 4.1135039327635745,
  "seed": 1746450503.9333951,
  "weight_decay": 0.0030119795295925505
}