{
  "batch_size": 21,
  "beta_1": 0.37850459262596126,
  "beta_2": 0.6780152222780046,
  "block_size": 247,
  "dropout": 0.2733193793339906,
  "epsilon": 7.800808660703811e-07,
  "lr": 0.0005948969299941235,
  "n_embd": 41,
  "n_head": 6,
  "n_layer": 2,
  "seed": 8691287,
  "weight_decay": 5.128206281096249e-08
}