{
  "batch_size": 35,
  "beta_1": 0.23597958963003526,
  "beta_2": 0.7232005590822961,
  "block_size": 349,
  "dropout": 0.4585757023560758,
  "epsilon": 4.04378707302167e-06,
  "lr": 0.06361450287252289,
  "n_embd": 9,
  "n_head": 4,
  "n_layer": 2,
  "seed": 1815029794,
  "weight_decay": 8.179653087538915e-08
}