{
  "batch_size": 64.16627848183026,
  "beta_1": 0.7283812899570214,
  "beta_2": 0.3403274293701167,
  "block_size": 322.2107837926292,
  "dropout": 0.41658403696257973,
  "epsilon": 6.951265083097098e-05,
  "lr": 0.008347944621470557,
  "n_embd": 26.61537605464753,
  "n_head": 2.191049448444642,
  "n_layer": 2.4514266017755073,
  "seed": 137875771.75514397,
  "weight_decay": 0.006213293785528297
}