{
  "batch_size": 70,
  "beta_1": 0.5800639831712339,
  "beta_2": 0.6768687604933915,
  "block_size": 325,
  "dropout": 0.12315777896515488,
  "epsilon": 8.005837348733546e-08,
  "lr": 0.0032187298144769117,
  "n_embd": 51,
  "n_head": 4,
  "n_layer": 4,
  "seed": 1013540138,
  "weight_decay": 0.0001842507401015869
}