{
  "batch_size": 79.30860244341636,
  "beta_1": 0.4320084747696675,
  "beta_2": 0.5774434506987178,
  "block_size": 296.6272621115345,
  "dropout": 0.37467614820280937,
  "epsilon": 0.0008527694645242162,
  "lr": 0.026269062979294426,
  "n_embd": 25.47247748606257,
  "n_head": 4.869439475356055,
  "n_layer": 2.011570201115682,
  "seed": 34043781.159522116,
  "weight_decay": 0.005915786051517428
}