{
  "batch_size": 96,
  "beta_1": 0.17812822495256142,
  "beta_2": 0.5854096752954537,
  "block_size": 294,
  "dropout": 0.4410565326061636,
  "epsilon": 3.0483291064592846e-07,
  "lr": 0.002327764139395103,
  "n_embd": 22,
  "n_head": 4,
  "n_layer": 4,
  "seed": 1766422489,
  "weight_decay": 2.669242176328178e-08
}