{
  "batch_size": 51.80844543935247,
  "beta_1": 0.6561632083829356,
  "beta_2": 0.84513246115737,
  "block_size": 67.25186783599771,
  "dropout": 0.3008922330599584,
  "epsilon": 0.00025032069013535555,
  "lr": 0.06141008817892118,
  "n_embd": 15.974482420451322,
  "n_head": 1.180499487390229,
  "n_layer": 1.221572808689878,
  "seed": 1651467936.6336358,
  "weight_decay": 0.00880578750921791
}