{
  "batch_size": 43.022755769076895,
  "beta_1": 0.8654707418408248,
  "beta_2": 0.6265511263074391,
  "block_size": 283.6918990143219,
  "dropout": 0.2511520880568142,
  "epsilon": 0.00037205024161255127,
  "lr": 0.0389257161563625,
  "n_embd": 3.34233916506992,
  "n_head": 1.3765852522048818,
  "n_layer": 3.6928675540014044,
  "seed": 1126156921.3304107,
  "weight_decay": 0.0010691075211216763
}