{
  "batch_size": 23.90438219439513,
  "beta_1": 0.13863615110485772,
  "beta_2": 0.9829362374553791,
  "block_size": 81.24499609480958,
  "dropout": 0.11339330365278913,
  "epsilon": 0.0002917040526059484,
  "lr": 0.009348875270778335,
  "n_embd": 29.997091669940822,
  "n_head": 4.080999570047245,
  "n_layer": 3.830391263156678,
  "seed": 218150199.58910546,
  "weight_decay": 0.0024322686345123147
}