{
  "batch_size": 90,
  "beta_1": 0.1969608019835861,
  "beta_2": 0.9274371930151128,
  "block_size": 351,
  "dropout": 0.357693243896508,
  "epsilon": 1.37399252475e-05,
  "lr": 0.0035001066871927,
  "n_embd": 38,
  "n_head": 5,
  "n_layer": 6,
  "seed": 1591371082.8615828,
  "weight_decay": 1.294477244e-07
}