{
  "batch_size": 84.37716130809194,
  "beta_1": 0.11639914252730615,
  "beta_2": 0.6493160896344823,
  "block_size": 164.32901477618452,
  "dropout": 0.3181753408786746,
  "epsilon": 0.0005877906790163485,
  "lr": 0.08530945988303726,
  "n_embd": 2.3079363714283954,
  "n_head": 2.3096858355802095,
  "n_layer": 5.924610055892725,
  "seed": 1798509688.091698,
  "weight_decay": 0.005740266322970028
}