{
  "batch_size": 94.45644015823996,
  "beta_1": 0.3046477656367032,
  "beta_2": 0.9867008051538082,
  "block_size": 307.64384911583966,
  "dropout": 0.35361240336126165,
  "epsilon": 0.00019554573039629101,
  "lr": 0.05958185292301246,
  "n_embd": 47.79527684710159,
  "n_head": 1.0142626347513812,
  "n_layer": 2.52913720207429,
  "seed": 1914773681.217873,
  "weight_decay": 0.0006827844742902436
}