{
  "batch_size": 66.87393320384635,
  "beta_1": 0.7351823581600055,
  "beta_2": 0.3704792103311346,
  "block_size": 360.89477614737467,
  "dropout": 0.19978490554114725,
  "epsilon": 0.0006452376195594452,
  "lr": 0.01344971486658369,
  "n_embd": 46.03317743921466,
  "n_head": 6.765272000155761,
  "n_layer": 3.967460268199595,
  "seed": 141954412.41420203,
  "weight_decay": 0.00987297658916569
}