{
  "batch_size": 95.98513634076393,
  "beta_1": 0.17047809157286326,
  "beta_2": 0.20368325776741725,
  "block_size": 350.4556712806256,
  "dropout": 0.4919777868667311,
  "epsilon": 0.00031673371964535864,
  "lr": 0.08946435987198516,
  "n_embd": 8.40220954685394,
  "n_head": 2.000956149924293,
  "n_layer": 3.9448819137142253,
  "seed": 68420943.48523936,
  "weight_decay": 0.004942747640171561
}