{
  "batch_size": 78.46209847772403,
  "beta_1": 0.934210362582758,
  "beta_2": 0.5401890674213897,
  "block_size": 326.8990661165408,
  "dropout": 0.3334129459806239,
  "epsilon": 0.0009779835802292316,
  "lr": 0.01161193216055766,
  "n_embd": 33.17224733046048,
  "n_head": 1.2102528714648666,
  "n_layer": 6.947264025937404,
  "seed": 1573059694.0222425,
  "weight_decay": 0.003919975375807153
}