{
  "batch_size": 80.01533875024369,
  "beta_1": 0.7384170364783436,
  "beta_2": 0.3597653490164868,
  "block_size": 206.7026325449676,
  "dropout": 0.20075547530322427,
  "epsilon": 0.00019567223267514757,
  "lr": 0.022115878741199545,
  "n_embd": 28.431317447371043,
  "n_head": 5.63338049225912,
  "n_layer": 4.455348558750892,
  "seed": 1802116549.6684594,
  "weight_decay": 0.008513562444792216
}