{
  "batch_size": 23,
  "beta_1": 0.893286341323014,
  "beta_2": 0.8438553550140626,
  "block_size": 285,
  "dropout": 0.07904258895051793,
  "epsilon": 6.353321075216272e-07,
  "lr": 0.0025115020658879393,
  "n_embd": 15,
  "n_head": 6,
  "n_layer": 1,
  "seed": 2115734680,
  "weight_decay": 0.00031759170513213583
}