{
  "batch_size": 48.6479680043475,
  "beta_1": 0.5456225255550635,
  "beta_2": 0.3664490994027334,
  "block_size": 107.38460153523467,
  "dropout": 0.18388594185720664,
  "epsilon": 0.00015782776414720404,
  "lr": 0.04335788489966319,
  "n_embd": 18.41014919602887,
  "n_head": 6.310377893774278,
  "n_layer": 4.278195757124122,
  "seed": 2092277946.125919,
  "weight_decay": 0.00558750819749854
}