{
  "batch_size": 67,
  "beta_1": 0.3174538178484067,
  "beta_2": 0.46631224449394404,
  "block_size": 316,
  "dropout": 0.1571023723952806,
  "epsilon": 1.781681562237251e-06,
  "lr": 1.8060953875904757e-05,
  "n_embd": 39,
  "n_head": 3,
  "n_layer": 5,
  "seed": 1769091817,
  "weight_decay": 3.1162225927151077e-07
}