{
  "batch_size": 79,
  "beta_1": 0.37935198176576,
  "beta_2": 0.9647284220829738,
  "block_size": 79,
  "dropout": 0.2190485737875895,
  "epsilon": 0.0005570800211614947,
  "lr": 4.945458390722168e-06,
  "n_embd": 0,
  "n_head": 6,
  "n_layer": 1,
  "seed": 254881160,
  "weight_decay": 2.075458577015227e-06
}