{
  "batch_size": 38,
  "beta_1": 0.8449888195542851,
  "beta_2": 0.3472778775155655,
  "block_size": 75,
  "dropout": 0.3891198992102466,
  "epsilon": 0.0002067700439533202,
  "lr": 0.007155361672742466,
  "n_embd": 49,
  "n_head": 3,
  "n_layer": 4,
  "seed": 290871544,
  "weight_decay": 0.0022500678421616058
}