{
  "batch_size": 58.248272388088985,
  "beta_1": 0.6569701530984146,
  "beta_2": 0.3900225576319385,
  "block_size": 108.32001476255687,
  "dropout": 0.10878677088154994,
  "epsilon": 0.0004196377773289697,
  "lr": 0.008519906702126438,
  "n_embd": 52.38696882030759,
  "n_head": 5.349700396481365,
  "n_layer": 6.108185656197139,
  "seed": 774493845.2415994,
  "weight_decay": 0.005820719591487858
}