{
  "batch_size": 95,
  "beta_1": 0.46252054888374317,
  "beta_2": 0.1537562627907796,
  "block_size": 113,
  "dropout": 0.18888714933612724,
  "epsilon": 1.0708441171081062e-08,
  "lr": 0.00011401633942155308,
  "n_embd": 28,
  "n_head": 3,
  "n_layer": 3,
  "seed": 293653163,
  "weight_decay": 3.204403787885289e-07
}