{
  "batch_size": 76.9581211470503,
  "beta_1": 0.8622777067944294,
  "beta_2": 0.31114785246173365,
  "block_size": 279.14138750271013,
  "dropout": 0.3441545094842201,
  "epsilon": 0.0003628703124103064,
  "lr": 0.04005334366485271,
  "n_embd": 12.000326861257577,
  "n_head": 1.3838816011562731,
  "n_layer": 5.984352754917631,
  "seed": 1196482335.875934,
  "weight_decay": 0.00506362535076302
}