{
  "batch_size": 91,
  "beta_1": 0.9431442005121394,
  "beta_2": 0.8366808931153371,
  "block_size": 224,
  "dropout": 0.3715059712575285,
  "epsilon": 1.2006857459e-06,
  "lr": 0.0001480805829998,
  "n_embd": 43,
  "n_head": 4,
  "n_layer": 5,
  "seed": 1332800606.744153,
  "weight_decay": 0.0015811394418204
}