{
  "batch_size": 34.52015928110145,
  "beta_1": 0.27127454411887186,
  "beta_2": 0.7068650645927275,
  "block_size": 336.10567937540895,
  "dropout": 0.10346402449248511,
  "epsilon": 0.0008632337397039697,
  "lr": 0.005193773847480673,
  "n_embd": 31.42491856014458,
  "n_head": 3.222378433824107,
  "n_layer": 3.7542702206783636,
  "seed": 130886198.3660793,
  "weight_decay": 0.006616006035941028
}