{
  "batch_size": 21,
  "beta_1": 0.2645866267236662,
  "beta_2": 0.840130666369757,
  "block_size": 108,
  "dropout": 0.22041161649194754,
  "epsilon": 2.743849676218002e-09,
  "lr": 1.0536904819526443e-05,
  "n_embd": 49,
  "n_head": 1,
  "n_layer": 1,
  "seed": 2110233222,
  "weight_decay": 1.11305018185279e-05
}