{
  "batch_size": 77.95805688100756,
  "beta_1": 0.28052506731017635,
  "beta_2": 0.3486720641722049,
  "block_size": 182.66227723370244,
  "dropout": 0.14981601255945584,
  "epsilon": 0.0005029209102553971,
  "lr": 0.09174163318499438,
  "n_embd": 32.57818327657971,
  "n_head": 5.355321622276276,
  "n_layer": 2.8469955133621156,
  "seed": 1588715854.7784765,
  "weight_decay": 0.00010299278049584816
}