{
  "batch_size": 75.62150728167109,
  "beta_1": 0.9169094542646409,
  "beta_2": 0.6858229978084417,
  "block_size": 191.76410996444403,
  "dropout": 0.36048045403815976,
  "epsilon": 0.0009962071857839564,
  "lr": 0.03952023235013702,
  "n_embd": 23.900681251537375,
  "n_head": 1.717744460522714,
  "n_layer": 1.29827993134634,
  "seed": 1681794407.5676749,
  "weight_decay": 0.004496467898534759
}