{
  "batch_size": 21,
  "beta_1": 0.2987034569546262,
  "beta_2": 0.3792153357360064,
  "block_size": 260,
  "dropout": 0.4877934049701069,
  "epsilon": 0.0007299471439115,
  "lr": 5.62121696658e-05,
  "n_embd": 29,
  "n_head": 2,
  "n_layer": 2,
  "seed": 1813003036.4563851,
  "weight_decay": 0.0006579473436481
}