{
  "batch_size": 80.56812492960097,
  "beta_1": 0.26171137982371895,
  "beta_2": 0.6385930837037084,
  "block_size": 245.36288988604866,
  "dropout": 0.37871628342945796,
  "epsilon": 0.00016937814677464854,
  "lr": 0.045681911681610676,
  "n_embd": 36.842669229949315,
  "n_head": 3.552629617438761,
  "n_layer": 6.174249014291687,
  "seed": 1681684047.7780073,
  "weight_decay": 0.006002422682685162
}