{
  "batch_size": 66,
  "beta_1": 0.6782296073866602,
  "beta_2": 0.5155187175548064,
  "block_size": 83,
  "dropout": 0.2489619937850264,
  "epsilon": 1.437591713e-07,
  "lr": 0.0070332651200849,
  "n_embd": 1,
  "n_head": 4,
  "n_layer": 1,
  "seed": 1703925907.8063622,
  "weight_decay": 2.811963004e-07
}