{
  "batch_size": 61.610739655668034,
  "beta_1": 0.9848126099177077,
  "beta_2": 0.8171367974688665,
  "block_size": 199.30888591122604,
  "dropout": 0.3927288026944886,
  "epsilon": 0.0008289666147626236,
  "lr": 0.09930961137338866,
  "n_embd": 42.430278945781254,
  "n_head": 6.879249110643788,
  "n_layer": 3.7725313280752957,
  "seed": 82653420.66563,
  "weight_decay": 0.007737434380175547
}