{
  "batch_size": 71,
  "beta_1": 0.6835898639003638,
  "beta_2": 0.9587181871748436,
  "block_size": 262,
  "dropout": 0.3636186236255985,
  "epsilon": 1.324174774277083e-06,
  "lr": 9.809664978966884e-05,
  "n_embd": 6,
  "n_head": 6,
  "n_layer": 6,
  "seed": 576345759,
  "weight_decay": 0.0001199432580876818
}