{
  "batch_size": 39.38834727015125,
  "beta_1": 0.2166838070936276,
  "beta_2": 0.9270834839096773,
  "block_size": 86.99344549841743,
  "dropout": 0.11805018069339389,
  "epsilon": 0.00039870152361322093,
  "lr": 0.09956546608188607,
  "n_embd": 29.945769895957124,
  "n_head": 6.392769382525751,
  "n_layer": 4.167033215404199,
  "seed": 892004849.0352733,
  "weight_decay": 0.008742551364244568
}