{
  "batch_size": 74.94674323406878,
  "beta_1": 0.2602129967446799,
  "beta_2": 0.4927677858382409,
  "block_size": 264.47101975773614,
  "dropout": 0.15097205892768792,
  "epsilon": 0.0003763621664766034,
  "lr": 0.03945604493358034,
  "n_embd": 0.32420543146845854,
  "n_head": 3.4221008770097034,
  "n_layer": 2.061621633426431,
  "seed": 1681846983.2725518,
  "weight_decay": 0.0009874205749469155
}