{
  "batch_size": 25,
  "beta_1": 0.15000798677695917,
  "beta_2": 0.8285027196611209,
  "block_size": 124,
  "dropout": 0.19986548293485515,
  "epsilon": 5.7683430015596404e-05,
  "lr": 0.0012989358059116505,
  "n_embd": 34,
  "n_head": 5,
  "n_layer": 5,
  "seed": 701448382,
  "weight_decay": 2.551107094692784e-07
}