{
  "batch_size": 18,
  "beta_1": 0.9394408760317108,
  "beta_2": 0.9576406616741332,
  "block_size": 84,
  "dropout": 0.23617569589385934,
  "epsilon": 7.673393388095862e-06,
  "lr": 0.0007098324704223337,
  "n_embd": 21,
  "n_head": 5,
  "n_layer": 1,
  "seed": 1933741117,
  "weight_decay": 0.0002381657076670779
}