{
  "batch_size": 21.834800730672715,
  "beta_1": 0.7447522347519608,
  "beta_2": 0.15340890707632493,
  "block_size": 237.48337484245835,
  "dropout": 0.13976587112286196,
  "epsilon": 0.0003348527812255735,
  "lr": 0.011002859318592417,
  "n_embd": 37.01042900380632,
  "n_head": 1.5870170303579796,
  "n_layer": 2.4459595177826174,
  "seed": 604559445.5872638,
  "weight_decay": 0.008013620118383968
}