{
  "batch_size": 29,
  "beta_1": 0.7455137642753875,
  "beta_2": 0.7558412644516012,
  "block_size": 250,
  "dropout": 0.25350612501116326,
  "epsilon": 4.094510743487255e-07,
  "lr": 0.0008648541358726462,
  "n_embd": 43,
  "n_head": 1,
  "n_layer": 4,
  "seed": 1631986074,
  "weight_decay": 5.5314819426156844e-05
}