{
  "batch_size": 41,
  "beta_1": 0.33066960701752907,
  "beta_2": 0.6066760214418389,
  "block_size": 339,
  "dropout": 0.3425998170211736,
  "epsilon": 3.1802047294599116e-05,
  "lr": 0.00048178187883637447,
  "n_embd": 10,
  "n_head": 3,
  "n_layer": 4,
  "seed": 499285223,
  "weight_decay": 6.81853835896042e-05
}