{
  "batch_size": 37.3706219658652,
  "beta_1": 0.45706483036995316,
  "beta_2": 0.7539318189787383,
  "block_size": 211.30231619877793,
  "dropout": 0.4762436235545857,
  "epsilon": 0.000451375661540283,
  "lr": 0.012008869175811442,
  "n_embd": 31.56168354439524,
  "n_head": 1.7098050633331097,
  "n_layer": 6.762202223099449,
  "seed": 687296374.4756826,
  "weight_decay": 0.007147134663101551
}