{
  "batch_size": 29.145304690017227,
  "beta_1": 0.4197255217752891,
  "beta_2": 0.3952837401390652,
  "block_size": 268.9627867810193,
  "dropout": 0.34702705546403256,
  "epsilon": 0.0008175446420246962,
  "lr": 0.08567516716388388,
  "n_embd": 39.41914611923388,
  "n_head": 1.433741749171403,
  "n_layer": 1.151209470519731,
  "seed": 1860261940.030447,
  "weight_decay": 0.0017928621905360402
}