{
  "batch_size": 30.143048042645162,
  "beta_1": 0.40032078954342154,
  "beta_2": 0.38358300042931226,
  "block_size": 68.7959503497736,
  "dropout": 0.12599299655400703,
  "epsilon": 0.0003156996338597849,
  "lr": 0.052841558998478096,
  "n_embd": 36.775066104378276,
  "n_head": 1.3790849177268742,
  "n_layer": 2.5515798040577176,
  "seed": 877589217.3516856,
  "weight_decay": 0.005015496518347027
}