{
  "batch_size": 69.01327184388172,
  "beta_1": 0.17272277640907246,
  "beta_2": 0.2839131830685855,
  "block_size": 98.55383521316321,
  "dropout": 0.2594122252686245,
  "epsilon": 8.577133180872334e-05,
  "lr": 0.07164228621345789,
  "n_embd": 43.12904096031128,
  "n_head": 3.7423084247229528,
  "n_layer": 3.310500073473658,
  "seed": 1681837311.7498767,
  "weight_decay": 0.004350189827079707
}