{
  "batch_size": 52.21842777315308,
  "beta_1": 0.4787326795046595,
  "beta_2": 0.9466710613617971,
  "block_size": 99.58178670557791,
  "dropout": 0.3081793334199767,
  "epsilon": 0.00023055361879001496,
  "lr": 0.027295934602899516,
  "n_embd": 13.662335556611287,
  "n_head": 2.2934113687438487,
  "n_layer": 5.576232000008487,
  "seed": 624618947.2726183,
  "weight_decay": 0.0010618447607065615
}