{
  "batch_size": 69,
  "beta_1": 0.5402633054340332,
  "beta_2": 0.5806663162899841,
  "block_size": 135,
  "dropout": 0.2778463051785621,
  "epsilon": 0.0006381184449877976,
  "lr": 0.019276923468450138,
  "n_embd": 50,
  "n_head": 4,
  "n_layer": 5,
  "seed": 68740890,
  "weight_decay": 0.0012117166595785715
}