{
  "batch_size": 27.35673870445548,
  "beta_1": 0.8826044559915822,
  "beta_2": 0.6907160625069889,
  "block_size": 287.6246054249855,
  "dropout": 0.32118278282541796,
  "epsilon": 0.00034464670345640504,
  "lr": 0.06175725422629382,
  "n_embd": 21.39935225024867,
  "n_head": 6.514605746889061,
  "n_layer": 4.513194550237253,
  "seed": 1881337745.197461,
  "weight_decay": 0.006188035004410758
}