{
  "batch_size": 20,
  "beta_1": 0.5395876476529639,
  "beta_2": 0.7330645549436331,
  "block_size": 285,
  "dropout": 0.1185638834257769,
  "epsilon": 3.176660537608136e-07,
  "lr": 0.0004185836776479899,
  "n_embd": 15,
  "n_head": 6,
  "n_layer": 1,
  "seed": 2115734680,
  "weight_decay": 5.231557639212416e-05
}