{
  "batch_size": 58,
  "beta_1": 0.5030681408522916,
  "beta_2": 0.8194469964322307,
  "block_size": 264,
  "dropout": 0.20586475690422057,
  "epsilon": 2.9399922887459973e-05,
  "lr": 0.068659383590039,
  "n_embd": 4,
  "n_head": 5,
  "n_layer": 2,
  "seed": 1988163125,
  "weight_decay": 1.7186082757666354e-08
}