{
  "batch_size": 19,
  "beta_1": 0.8254337827191799,
  "beta_2": 0.8859140380887922,
  "block_size": 261,
  "dropout": 0.4452242999081767,
  "epsilon": 6.741058673413735e-08,
  "lr": 1.86799640854431e-05,
  "n_embd": 11,
  "n_head": 6,
  "n_layer": 2,
  "seed": 282216959,
  "weight_decay": 6.015847393471203e-06
}