{
  "batch_size": 32,
  "beta_1": 0.1502590887182794,
  "beta_2": 0.2148637780334806,
  "block_size": 280,
  "dropout": 0.4848740414072259,
  "epsilon": 1.31181074e-08,
  "lr": 0.0011167674656013,
  "n_embd": 41,
  "n_head": 4,
  "n_layer": 2,
  "seed": 1411944977.877069,
  "weight_decay": 0.0058822164408482
}