{
  "batch_size": 62,
  "beta_1": 0.2558900389625578,
  "beta_2": 0.19139741717619163,
  "block_size": 207,
  "dropout": 0.07922017659233735,
  "epsilon": 2.5008364500017803e-10,
  "lr": 7.247073076830056e-06,
  "n_embd": 38,
  "n_head": 4,
  "n_layer": 4,
  "seed": 1517098975,
  "weight_decay": 1.749502719688623e-08
}