{
  "batch_size": 27,
  "beta_1": 0.9379814034510654,
  "beta_2": 0.7414049765094958,
  "block_size": 200,
  "dropout": 0.193313757510966,
  "epsilon": 3.535484e-10,
  "lr": 0.0005966736288876,
  "n_embd": 19,
  "n_head": 1,
  "n_layer": 4,
  "seed": 1348769427.443947,
  "weight_decay": 0.0011632144488481
}