{
  "batch_size": 74.84824302565254,
  "beta_1": 0.22524622527237367,
  "beta_2": 0.47908025785595143,
  "block_size": 307.5891552896426,
  "dropout": 0.46331623484323414,
  "epsilon": 0.0005600382652326155,
  "lr": 0.07128975793660108,
  "n_embd": 2.0322986197988326,
  "n_head": 3.1919695604207097,
  "n_layer": 6.064654311388876,
  "seed": 516473528.89050454,
  "weight_decay": 0.006050838661538515
}