{
  "batch_size": 88.30578516864877,
  "beta_1": 0.8234903908175397,
  "beta_2": 0.4205781697795662,
  "block_size": 137.00419757183818,
  "dropout": 0.23339997682552985,
  "epsilon": 0.0009001272924007648,
  "lr": 0.08272471432135615,
  "n_embd": 35.41415662202208,
  "n_head": 1.4865182581187062,
  "n_layer": 4.589645255569417,
  "seed": 992174748.9132584,
  "weight_decay": 0.009464018784481375
}