{
  "batch_size": 25.613845926696722,
  "beta_1": 0.8917973777183473,
  "beta_2": 0.8758301322028654,
  "block_size": 345.60147395586773,
  "dropout": 0.46095452518100843,
  "epsilon": 0.00021279831401442716,
  "lr": 0.038743468176180094,
  "n_embd": 20.472576996373643,
  "n_head": 5.946900509833116,
  "n_layer": 3.6016127528527266,
  "seed": 610816817.7908686,
  "weight_decay": 0.0025177624532658057
}