{
  "batch_size": 74.66161281891155,
  "beta_1": 0.3359566797405392,
  "beta_2": 0.3489754171844426,
  "block_size": 88.04458301602853,
  "dropout": 0.2209288459368069,
  "epsilon": 0.000613257135477018,
  "lr": 0.08968234510129643,
  "n_embd": 44.88615636917279,
  "n_head": 2.9967978571612983,
  "n_layer": 2.8384158674074005,
  "seed": 272036765.29103786,
  "weight_decay": 0.0026445119175931226
}