{
  "batch_size": 79.67676352584523,
  "beta_1": 0.3937707972623842,
  "beta_2": 0.499748199871329,
  "block_size": 106.95783000120994,
  "dropout": 0.2210926765191771,
  "epsilon": 0.0005053855344222476,
  "lr": 0.06988709617952814,
  "n_embd": 24.1574667734055,
  "n_head": 6.559865136464866,
  "n_layer": 2.889328109437452,
  "seed": 164723195.73582911,
  "weight_decay": 0.0021800206098182163
}