{
  "batch_size": 29.61241216057976,
  "beta_1": 0.31464101735178385,
  "beta_2": 0.24382672891262133,
  "block_size": 231.73572476055978,
  "dropout": 0.1071411013647313,
  "epsilon": 0.00036014221968597946,
  "lr": 0.09384979168006183,
  "n_embd": 33.68453152181737,
  "n_head": 2.882075841752929,
  "n_layer": 4.171641762576584,
  "seed": 515848176.75834775,
  "weight_decay": 0.006120309541905213
}