{
  "batch_size": 64,
  "beta_1": 0.8993595557677139,
  "beta_2": 0.6866815974354796,
  "block_size": 158,
  "dropout": 0.40399820258140284,
  "epsilon": 0.00037846182953238096,
  "lr": 0.019132691672106645,
  "n_embd": 7,
  "n_head": 2,
  "n_layer": 2,
  "seed": 1996531932,
  "weight_decay": 3.916352201165829e-06
}