{
  "batch_size": 89,
  "beta_1": 0.9475732155448018,
  "beta_2": 0.9809299009376744,
  "block_size": 377,
  "dropout": 0.2517316374154348,
  "epsilon": 1.1222424e-09,
  "lr": 0.0004277080715042,
  "n_embd": 46,
  "n_head": 4,
  "n_layer": 4,
  "seed": 1846902352.0271232,
  "weight_decay": 5.032542297e-07
}