{
  "batch_size": 19,
  "beta_1": 0.474329882468857,
  "beta_2": 0.6496421921884236,
  "block_size": 383,
  "dropout": 0.1162177947811218,
  "epsilon": 1.4117381095e-05,
  "lr": 0.0003378348784622,
  "n_embd": 51,
  "n_head": 2,
  "n_layer": 3,
  "seed": 1486910895.1207182,
  "weight_decay": 2.98038516e-08
}