{
  "batch_size": 16,
  "beta_1": 0.5502472522233707,
  "beta_2": 0.8838572052984682,
  "block_size": 271,
  "dropout": 0.4604518614304431,
  "epsilon": 1.328567e-09,
  "lr": 0.0003269515671977,
  "n_embd": 33,
  "n_head": 5,
  "n_layer": 5,
  "seed": 1105825621.8384705,
  "weight_decay": 0.0002420193284229
}