{
  "batch_size": 77,
  "beta_1": 0.5742225887022488,
  "beta_2": 0.6087254617799092,
  "block_size": 360,
  "dropout": 0.1077172802203596,
  "epsilon": 4.946552408991717e-06,
  "lr": 0.00040484669273814164,
  "n_embd": 22,
  "n_head": 3,
  "n_layer": 3,
  "seed": 1953498158,
  "weight_decay": 3.662644584064965e-05
}