{
  "batch_size": 38.247193924423165,
  "beta_1": 0.6326691452425561,
  "beta_2": 0.4016728694731776,
  "block_size": 193.88795474182848,
  "dropout": 0.3201966374544532,
  "epsilon": 0.0004262140794034712,
  "lr": 0.05293459109321288,
  "n_embd": 51.47604414330014,
  "n_head": 6.713984945643973,
  "n_layer": 5.205658025568523,
  "seed": 2234535.9226659946,
  "weight_decay": 0.0044605414947795395
}