{
  "batch_size": 87,
  "beta_1": 0.4116294552740588,
  "beta_2": 0.20370653076146933,
  "block_size": 307,
  "dropout": 0.17943709589225887,
  "epsilon": 8.186883367348574e-08,
  "lr": 0.00016079969955836075,
  "n_embd": 34,
  "n_head": 6,
  "n_layer": 6,
  "seed": 1837652676,
  "weight_decay": 0.0014153139042665246
}