{
  "batch_size": 80.75863763137393,
  "beta_1": 0.7933943071625176,
  "beta_2": 0.9160301815805786,
  "block_size": 201.47398528972766,
  "dropout": 0.2942140415041343,
  "epsilon": 0.00011752299932577911,
  "lr": 0.05860745253258524,
  "n_embd": 17.44453826118552,
  "n_head": 4.11548475746236,
  "n_layer": 1.1209772702417145,
  "seed": 1382191347.2275248,
  "weight_decay": 0.002765858740630247
}