{
  "batch_size": 69,
  "beta_1": 0.9039111739412127,
  "beta_2": 0.7558750528214798,
  "block_size": 144,
  "dropout": 0.2023191446317804,
  "epsilon": 9.263915589847249e-09,
  "lr": 0.0030062560286380664,
  "n_embd": 9,
  "n_head": 2,
  "n_layer": 5,
  "seed": 1984635409,
  "weight_decay": 1.6701745226866483e-08
}