{
  "batch_size": 93.72730353146555,
  "beta_1": 0.5762684350930157,
  "beta_2": 0.8899264892441884,
  "block_size": 201.73114683802206,
  "dropout": 0.2778341597610625,
  "epsilon": 0.00024854084083133116,
  "lr": 0.06476483657679763,
  "n_embd": 14.138506034220457,
  "n_head": 1.8409290072296427,
  "n_layer": 6.7688988481865495,
  "seed": 1907031296.4351504,
  "weight_decay": 0.0012018369813322528
}