{
  "batch_size": 74,
  "beta_1": 0.1065043341437406,
  "beta_2": 0.9335960933502228,
  "block_size": 299,
  "dropout": 0.1918588194921334,
  "epsilon": 2.5971659091e-06,
  "lr": 0.0005286864657322,
  "n_embd": 52,
  "n_head": 5,
  "n_layer": 2,
  "seed": 1985780256.347227,
  "weight_decay": 2.32161004728e-05
}