{
  "batch_size": 30.116702677765943,
  "beta_1": 0.16363475689928464,
  "beta_2": 0.9538589791058785,
  "block_size": 176.82884351192786,
  "dropout": 0.35550033257518054,
  "epsilon": 0.00011131955720093459,
  "lr": 0.08182683002198568,
  "n_embd": 33.45090356683057,
  "n_head": 1.5665433645423203,
  "n_layer": 4.218873291585334,
  "seed": 2124800457.7601848,
  "weight_decay": 7.630680856104665e-05
}