{
  "batch_size": 84,
  "beta_1": 0.49221643150529915,
  "beta_2": 0.5719081823835654,
  "block_size": 142,
  "dropout": 0.44987031129909727,
  "epsilon": 2.795201832271893e-07,
  "lr": 0.0003690395993617568,
  "n_embd": 11,
  "n_head": 3,
  "n_layer": 6,
  "seed": 1978225574,
  "weight_decay": 1.301853291302846e-05
}