{
  "batch_size": 71.89210579177796,
  "beta_1": 0.3255777204060496,
  "beta_2": 0.72488404021837,
  "block_size": 195.26409087257815,
  "dropout": 0.15199604058986138,
  "epsilon": 0.0008442548854206459,
  "lr": 0.050878255660707736,
  "n_embd": 27.047583455380593,
  "n_head": 1.671538252063002,
  "n_layer": 6.178765341574866,
  "seed": 1442710867.9949942,
  "weight_decay": 0.005207733633275051
}