{
  "batch_size": 31.636452041381975,
  "beta_1": 0.4105816861455758,
  "beta_2": 0.30207419579151173,
  "block_size": 209.06707822873483,
  "dropout": 0.49941328803482565,
  "epsilon": 3.912993412457207e-05,
  "lr": 0.04587140815401127,
  "n_embd": 32.47206447230273,
  "n_head": 6.1125740772395165,
  "n_layer": 3.146946173435054,
  "seed": 1758367856.0085638,
  "weight_decay": 0.009685990153530843
}