{
  "batch_size": 53.814327089039395,
  "beta_1": 0.42881560873917834,
  "beta_2": 0.5691237144639893,
  "block_size": 255.32493336849402,
  "dropout": 0.2582157076644126,
  "epsilon": 0.0005705353426284115,
  "lr": 0.07663628056814678,
  "n_embd": 6.581757932703919,
  "n_head": 6.8705723607233,
  "n_layer": 3.3568510674701413,
  "seed": 141824977.51017097,
  "weight_decay": 0.006048917326875678
}