{
  "batch_size": 36,
  "beta_1": 0.3325710324237818,
  "beta_2": 0.4263308162569639,
  "block_size": 138,
  "dropout": 0.4065751636970646,
  "epsilon": 3.878341273e-07,
  "lr": 0.0274622840821162,
  "n_embd": 12,
  "n_head": 5,
  "n_layer": 5,
  "seed": 1312400653.0597434,
  "weight_decay": 3.0758616132e-05
}