{
  "batch_size": 74.9965601270172,
  "beta_1": 0.8504126515957331,
  "beta_2": 0.21195198449721475,
  "block_size": 272.88464969475194,
  "dropout": 0.3410874311520734,
  "epsilon": 0.0006713402170730251,
  "lr": 0.009767089492478748,
  "n_embd": 21.295799553405182,
  "n_head": 6.987049743325145,
  "n_layer": 4.4863026232459315,
  "seed": 468030674.9722887,
  "weight_decay": 0.0033594105408016905
}