{
  "batch_size": 86.00052898553804,
  "beta_1": 0.6988026621905049,
  "beta_2": 0.3215002220248069,
  "block_size": 366.4800721661877,
  "dropout": 0.367150806269655,
  "epsilon": 0.0007981037676903971,
  "lr": 0.022551805191440406,
  "n_embd": 13.550461742267316,
  "n_head": 3.5777145242706534,
  "n_layer": 3.5408923433696735,
  "seed": 1280459364.5476685,
  "weight_decay": 0.006743530735804925
}