{
  "batch_size": 21.800544707526438,
  "beta_1": 0.2755245290945686,
  "beta_2": 0.21566399538178108,
  "block_size": 333.5414128083384,
  "dropout": 0.22643533420575143,
  "epsilon": 0.00035982181133277524,
  "lr": 0.07685159476908981,
  "n_embd": 15.350244759459692,
  "n_head": 4.612476106974594,
  "n_layer": 5.269554395705917,
  "seed": 1543967065.2996032,
  "weight_decay": 0.0019304897842287155
}