{
  "batch_size": 40.89681013075191,
  "beta_1": 0.4506167822740962,
  "beta_2": 0.8490097421183173,
  "block_size": 107.86791618949178,
  "dropout": 0.34897131897562217,
  "epsilon": 0.0007771636335112893,
  "lr": 0.027116960881799577,
  "n_embd": 36.95657875887717,
  "n_head": 5.823997745276217,
  "n_layer": 2.255792582404508,
  "seed": 245226612.46685952,
  "weight_decay": 0.002200179518559512
}