{
  "batch_size": 47,
  "beta_1": 0.6735286767287052,
  "beta_2": 0.8559310331525567,
  "block_size": 186,
  "dropout": 0.17499762129424493,
  "epsilon": 1.0358503622398891e-09,
  "lr": 0.018546340875856885,
  "n_embd": 35,
  "n_head": 5,
  "n_layer": 1,
  "seed": 62406409,
  "weight_decay": 4.158931835370558e-05
}