{
  "batch_size": 41,
  "beta_1": 0.6145506703066413,
  "beta_2": 0.2417333082497484,
  "block_size": 251,
  "dropout": 0.499486275735517,
  "epsilon": 3.0696396973e-06,
  "lr": 0.0004745127687623,
  "n_embd": 33,
  "n_head": 2,
  "n_layer": 2,
  "seed": 1989666261.5477536,
  "weight_decay": 5.921001451e-07
}