{
  "batch_size": 50,
  "beta_1": 0.8285630138225105,
  "beta_2": 0.7318907271452628,
  "block_size": 296,
  "dropout": 0.15642420043880412,
  "epsilon": 0.0005952939629227413,
  "lr": 0.00011369445521277951,
  "n_embd": 45,
  "n_head": 2,
  "n_layer": 6,
  "seed": 870624588,
  "weight_decay": 0.002517373173544161
}