{
  "batch_size": 65.32954739947891,
  "beta_1": 0.1775850747544026,
  "beta_2": 0.13482329377039584,
  "block_size": 196.0218568495046,
  "dropout": 0.22650315252099268,
  "epsilon": 0.0008890540139952918,
  "lr": 0.08856110652927666,
  "n_embd": 14.927052355976732,
  "n_head": 2.8632235120035996,
  "n_layer": 4.765875394437398,
  "seed": 1790266294.0837305,
  "weight_decay": 0.007997365170306235
}