{
  "batch_size": 32.757994193704775,
  "beta_1": 0.6935572847632032,
  "beta_2": 0.6756754136604984,
  "block_size": 310.90641968764714,
  "dropout": 0.38578041089078885,
  "epsilon": 0.0002926921569468444,
  "lr": 0.03368395695128926,
  "n_embd": 11.13841214271759,
  "n_head": 2.456084773050999,
  "n_layer": 5.889482061684892,
  "seed": 603715549.8499999,
  "weight_decay": 0.004190234627460736
}