{
  "batch_size": 37.90113032751891,
  "beta_1": 0.26954823378873694,
  "beta_2": 0.16330626387214497,
  "block_size": 142.02439638618654,
  "dropout": 0.10823646381328184,
  "epsilon": 0.0003876981763871192,
  "lr": 0.06057581626608262,
  "n_embd": 40.87205278114873,
  "n_head": 5.606972991287097,
  "n_layer": 6.116033089870757,
  "seed": 1575343783.1106908,
  "weight_decay": 0.0069930754810493805
}