{
  "batch_size": 42.59050914911741,
  "beta_1": 0.6152888954385941,
  "beta_2": 0.40452600820778783,
  "block_size": 64.30736210735812,
  "dropout": 0.25851301262248333,
  "epsilon": 0.0009282576644625358,
  "lr": 0.02745948959920029,
  "n_embd": 40.39004647908498,
  "n_head": 6.088571853955328,
  "n_layer": 2.1883680592483925,
  "seed": 711010168.8915001,
  "weight_decay": 0.007902572436204335
}