{
  "batch_size": 42.21746332416161,
  "beta_1": 0.10798116575157286,
  "beta_2": 0.48647192210209433,
  "block_size": 324.8193472847197,
  "dropout": 0.4250054301090719,
  "epsilon": 0.00028052691703869684,
  "lr": 0.01610072199549719,
  "n_embd": 53.57552855081112,
  "n_head": 1.9502284178127487,
  "n_layer": 6.494385786022775,
  "seed": 132456635.860984,
  "weight_decay": 0.0015625856737233811
}