{
  "batch_size": 91,
  "beta_1": 0.1695837009470078,
  "beta_2": 0.981928884320743,
  "block_size": 229,
  "dropout": 0.451464128546922,
  "epsilon": 1.075747e-10,
  "lr": 1.29907226444e-05,
  "n_embd": 42,
  "n_head": 3,
  "n_layer": 2,
  "seed": 664769656.9368317,
  "weight_decay": 1.4195235708e-06
}