{
  "batch_size": 89.88066469796294,
  "beta_1": 0.6172560726498314,
  "beta_2": 0.8965957591828323,
  "block_size": 328.77137459293584,
  "dropout": 0.1921158354117675,
  "epsilon": 0.000383820228293425,
  "lr": 0.012985523317817526,
  "n_embd": 26.430680476893908,
  "n_head": 6.123213466399879,
  "n_layer": 5.082262348783736,
  "seed": 2092287384.1520796,
  "weight_decay": 0.007477443066073519
}