{
  "batch_size": 79.76275653387708,
  "beta_1": 0.8757711169442001,
  "beta_2": 0.8123541961338555,
  "block_size": 165.60309176998703,
  "dropout": 0.17140616770942133,
  "epsilon": 0.000377200808303833,
  "lr": 0.03680964538305507,
  "n_embd": 35.545813318237784,
  "n_head": 1.3990741560354447,
  "n_layer": 2.6644155510762113,
  "seed": 1611685446.4566748,
  "weight_decay": 0.001648048265327073
}