{
  "batch_size": 89,
  "beta_1": 0.3921650122724267,
  "beta_2": 0.26086046535146734,
  "block_size": 144,
  "dropout": 0.20412373275105833,
  "epsilon": 4.6134364775472743e-08,
  "lr": 6.084291856410117e-05,
  "n_embd": 35,
  "n_head": 1,
  "n_layer": 4,
  "seed": 1785009749,
  "weight_decay": 2.850172529346764e-08
}