{
  "batch_size": 41,
  "beta_1": 0.8944330141510258,
  "beta_2": 0.8288736052472534,
  "block_size": 214,
  "dropout": 0.48938014030313826,
  "epsilon": 9.932212757881682e-06,
  "lr": 0.00972796265465141,
  "n_embd": 15,
  "n_head": 2,
  "n_layer": 1,
  "seed": 443939231,
  "weight_decay": 0.004229893021078286
}