{
  "batch_size": 65,
  "beta_1": 0.9708185242476293,
  "beta_2": 0.29208459721893476,
  "block_size": 139,
  "dropout": 0.2142627667797753,
  "epsilon": 1.998004369321537e-09,
  "lr": 1.680239374237471e-06,
  "n_embd": 31,
  "n_head": 6,
  "n_layer": 4,
  "seed": 339350861,
  "weight_decay": 1.9093004111459897e-07
}