{
  "batch_size": 60,
  "beta_1": 0.3326667627524826,
  "beta_2": 0.9292329288069112,
  "block_size": 329,
  "dropout": 0.1032049577108797,
  "epsilon": 4.70108632563e-05,
  "lr": 3.6958260259e-06,
  "n_embd": 40,
  "n_head": 3,
  "n_layer": 2,
  "seed": 1395314430.1555245,
  "weight_decay": 2.25518338e-08
}