{
  "batch_size": 22.072669369256666,
  "beta_1": 0.19350002846718237,
  "beta_2": 0.4910715627012181,
  "block_size": 376.68165347259844,
  "dropout": 0.4191907285571558,
  "epsilon": 0.00025182395775009107,
  "lr": 0.02854256733198091,
  "n_embd": 1.8745578839487242,
  "n_head": 4.968174276510345,
  "n_layer": 3.337178506852739,
  "seed": 489731377.89871275,
  "weight_decay": 0.0008711623853957057
}