{
  "batch_size": 96,
  "beta_1": 0.9841631317733932,
  "beta_2": 0.8023142258196181,
  "block_size": 80,
  "dropout": 0.2224861484595052,
  "epsilon": 5.87815e-10,
  "lr": 0.0138678528789346,
  "n_embd": 4,
  "n_head": 3,
  "n_layer": 2,
  "seed": 958664313.5771824,
  "weight_decay": 4.2718755e-08
}