{
  "batch_size": 17,
  "beta_1": 0.3357524799784477,
  "beta_2": 0.2109601601711405,
  "block_size": 293,
  "dropout": 0.25177162671416053,
  "epsilon": 4.635641895792083e-05,
  "lr": 0.00027903064459126225,
  "n_embd": 37,
  "n_head": 4,
  "n_layer": 6,
  "seed": 115762134,
  "weight_decay": 3.7300382074749975e-07
}