{
  "batch_size": 39.97595886764559,
  "beta_1": 0.8067990240232948,
  "beta_2": 0.36098029154998,
  "block_size": 380.54058208109984,
  "dropout": 0.4768658325084223,
  "epsilon": 0.0009941660018942863,
  "lr": 0.057864723544060796,
  "n_embd": 11.679422450156242,
  "n_head": 2.6728733207788427,
  "n_layer": 2.121688808962078,
  "seed": 1745107689.9094434,
  "weight_decay": 0.0009782249589826038
}