{
  "batch_size": 45.352176687953246,
  "beta_1": 0.5247642550218277,
  "beta_2": 0.4203085618171646,
  "block_size": 335.17173468698746,
  "dropout": 0.21590373767531884,
  "epsilon": 0.0002640724234126644,
  "lr": 0.04687870719871628,
  "n_embd": 3.4620712487674212,
  "n_head": 3.8990658250461583,
  "n_layer": 2.8805749991798244,
  "seed": 1686834170.4543247,
  "weight_decay": 0.000570131408282779
}