{
  "batch_size": 96.03069858203071,
  "beta_1": 0.12253021370611888,
  "beta_2": 0.3946981648673953,
  "block_size": 113.30247478343176,
  "dropout": 0.2824509216563409,
  "epsilon": 0.00019065429316622115,
  "lr": 0.08940346370550327,
  "n_embd": 38.01356004936024,
  "n_head": 1.799765173982186,
  "n_layer": 2.488706673177592,
  "seed": 624669409.2347208,
  "weight_decay": 0.0061893210462798595
}