{
  "batch_size": 17.78033410638356,
  "beta_1": 0.7983487282036621,
  "beta_2": 0.7443829919878752,
  "block_size": 287.81666123545335,
  "dropout": 0.11931378783564131,
  "epsilon": 0.0006853886113091414,
  "lr": 0.0428565097054444,
  "n_embd": 53.14807348613345,
  "n_head": 5.365710222956954,
  "n_layer": 3.057720717622008,
  "seed": 738298882.7661731,
  "weight_decay": 0.003339872493963702
}