{
  "batch_size": 90.41906577080542,
  "beta_1": 0.5860060442313372,
  "beta_2": 0.6922820173373148,
  "block_size": 237.42139994323438,
  "dropout": 0.21156214770569834,
  "epsilon": 0.000618043263915753,
  "lr": 0.09270325134923488,
  "n_embd": 39.94261538567455,
  "n_head": 4.487908044928176,
  "n_layer": 6.977751276691535,
  "seed": 9136138.877922768,
  "weight_decay": 0.004197995600533603
}