{
  "batch_size": 94,
  "beta_1": 0.8476706022532531,
  "beta_2": 0.6083132689362439,
  "block_size": 313,
  "dropout": 0.2447753700416669,
  "epsilon": 4.86455509976e-05,
  "lr": 0.0058347609510651,
  "n_embd": 22,
  "n_head": 4,
  "n_layer": 5,
  "seed": 2110518252.3377182,
  "weight_decay": 3.855342983e-06
}