{
  "batch_size": 77.145981790768,
  "beta_1": 0.9979275757643624,
  "beta_2": 0.7396732587585089,
  "block_size": 313.79154173524273,
  "dropout": 0.4562064812808385,
  "epsilon": 0.0003581295995686104,
  "lr": 0.04529408300912673,
  "n_embd": 35.31976641524105,
  "n_head": 1.8337071167912065,
  "n_layer": 1.2045188984845232,
  "seed": 1342324692.9899218,
  "weight_decay": 0.006456998821407471
}