{
  "batch_size": 94.49842159683665,
  "beta_1": 0.12636711918393925,
  "beta_2": 0.7130559476696907,
  "block_size": 380.50751472306786,
  "dropout": 0.478213817336954,
  "epsilon": 6.0099194208129635e-05,
  "lr": 0.05362680776368974,
  "n_embd": 29.64718636411477,
  "n_head": 2.2192298854303854,
  "n_layer": 3.7719171432580327,
  "seed": 488025639.98468375,
  "weight_decay": 0.004871425309485445
}