{
  "batch_size": 48.60340943659883,
  "beta_1": 0.6051642757728911,
  "beta_2": 0.24160522253699276,
  "block_size": 259.59864304259474,
  "dropout": 0.3810375077080256,
  "epsilon": 0.0006092796098702752,
  "lr": 0.05486777434547954,
  "n_embd": 13.153107307934375,
  "n_head": 2.195354118614822,
  "n_layer": 2.5706386353258823,
  "seed": 1609207948.822101,
  "weight_decay": 0.007768449521347757
}