{
  "batch_size": 25,
  "beta_1": 0.1189465664491092,
  "beta_2": 0.2397320277425834,
  "block_size": 223,
  "dropout": 0.2234108773915331,
  "epsilon": 1.789483321e-07,
  "lr": 0.0001967958450208,
  "n_embd": 32,
  "n_head": 2,
  "n_layer": 3,
  "seed": 659881120.6106315,
  "weight_decay": 2.95005349e-08
}