{
  "batch_size": 68.5740762043089,
  "beta_1": 0.9614659715718104,
  "beta_2": 0.48086993111585763,
  "block_size": 312.1333846628256,
  "dropout": 0.12580001148814302,
  "epsilon": 0.00010832837555058943,
  "lr": 0.012332919299776842,
  "n_embd": 11.766912086319353,
  "n_head": 3.6659267949950562,
  "n_layer": 4.474107047614294,
  "seed": 798145829.0850636,
  "weight_decay": 0.005526557769149051
}