{
  "batch_size": 86.77813688692713,
  "beta_1": 0.536720188787395,
  "beta_2": 0.7432751453822521,
  "block_size": 264.6091657819125,
  "dropout": 0.391316078450086,
  "epsilon": 0.0009938056837459739,
  "lr": 0.09573910553794931,
  "n_embd": 49.72242189518672,
  "n_head": 3.490114733188993,
  "n_layer": 5.2530957977203405,
  "seed": 1995929357.906529,
  "weight_decay": 0.006044939760552256
}