{
  "batch_size": 51.40408334279606,
  "beta_1": 0.42310805091990655,
  "beta_2": 0.1549296267840276,
  "block_size": 202.77045715290387,
  "dropout": 0.40488237681429706,
  "epsilon": 0.00012467683463632896,
  "lr": 0.05553796359278583,
  "n_embd": 10.674823609971673,
  "n_head": 2.5202130537876952,
  "n_layer": 6.28624580695283,
  "seed": 515841817.68627155,
  "weight_decay": 0.0029189954600912166
}