{
  "batch_size": 45.646868305156275,
  "beta_1": 0.8972546265913502,
  "beta_2": 0.5800064809969414,
  "block_size": 286.91862240764124,
  "dropout": 0.1263903459044515,
  "epsilon": 8.220540909163977e-05,
  "lr": 0.09193495184740795,
  "n_embd": 50.404255533306426,
  "n_head": 2.96073437344881,
  "n_layer": 5.0070377517446785,
  "seed": 321821124.15234065,
  "weight_decay": 0.0002137013496973824
}