{
  "batch_size": 92.36462825778362,
  "beta_1": 0.21545354215403562,
  "beta_2": 0.9298515147618461,
  "block_size": 86.7658988148888,
  "dropout": 0.16990166515865734,
  "epsilon": 0.0005426589974734527,
  "lr": 0.06481022671105205,
  "n_embd": 3.5854611252103754,
  "n_head": 1.4848625304320082,
  "n_layer": 1.4819734850644446,
  "seed": 1480277810.0617669,
  "weight_decay": 0.009404785572903333
}