{
  "batch_size": 25.957032574223394,
  "beta_1": 0.46997956214173675,
  "beta_2": 0.8454467532827479,
  "block_size": 360.480574244278,
  "dropout": 0.2308923573578272,
  "epsilon": 0.00033336001899237575,
  "lr": 0.0482768912359727,
  "n_embd": 2.9805256587087285,
  "n_head": 2.380941975033681,
  "n_layer": 6.451656814347563,
  "seed": 1723115336.0599067,
  "weight_decay": 0.009836660387076318
}