{
  "batch_size": 83.3681626504531,
  "beta_1": 0.8843714511225927,
  "beta_2": 0.5226898920889123,
  "block_size": 350.5658593024792,
  "dropout": 0.20024213354336706,
  "epsilon": 0.0009903806054325649,
  "lr": 0.05962747986485605,
  "n_embd": 15.166367871743887,
  "n_head": 5.454445322128658,
  "n_layer": 5.762707445488302,
  "seed": 641325169.4936366,
  "weight_decay": 0.002178401975916591
}