{
  "batch_size": 90.11319897534179,
  "beta_1": 0.21465118446726916,
  "beta_2": 0.3044817360727979,
  "block_size": 262.02482212818427,
  "dropout": 0.2942285520036466,
  "epsilon": 0.00043899746074068085,
  "lr": 0.002834300287022792,
  "n_embd": 43.05679415583249,
  "n_head": 4.877736451114787,
  "n_layer": 2.3899040469510586,
  "seed": 547595889.1950297,
  "weight_decay": 0.004319705815191095
}