{
  "batch_size": 17,
  "beta_1": 0.7963527693019979,
  "beta_2": 0.5896733472834127,
  "block_size": 101,
  "dropout": 0.1039273796725072,
  "epsilon": 2.898208255e-07,
  "lr": 0.0006821515382797,
  "n_embd": 8,
  "n_head": 4,
  "n_layer": 2,
  "seed": 1225787218.4378996,
  "weight_decay": 9.2830102528e-06
}