{
  "batch_size": 56.90012292430363,
  "beta_1": 0.30634502019309207,
  "beta_2": 0.4639942305328312,
  "block_size": 337.39617007502517,
  "dropout": 0.33136033356618133,
  "epsilon": 0.00038436855321984255,
  "lr": 0.09912752440923413,
  "n_embd": 30.127493160652886,
  "n_head": 3.8299490774009013,
  "n_layer": 3.444860945643847,
  "seed": 225894046.72176665,
  "weight_decay": 0.008661322162997562
}