{
  "batch_size": 22.005287191925945,
  "beta_1": 0.3740353129368458,
  "beta_2": 0.22838515154267885,
  "block_size": 218.78659743157078,
  "dropout": 0.2626430668663615,
  "epsilon": 0.0004610148980450351,
  "lr": 0.08418991690752674,
  "n_embd": 26.104639570312557,
  "n_head": 5.333285292092977,
  "n_layer": 4.486252581814394,
  "seed": 248462876.37974977,
  "weight_decay": 0.007830607189121484
}