{
  "batch_size": 56,
  "beta_1": 0.8747215205021824,
  "beta_2": 0.4449812318135197,
  "block_size": 265,
  "dropout": 0.1349645743287808,
  "epsilon": 7.024198396413796e-08,
  "lr": 0.00010401108126616873,
  "n_embd": 19,
  "n_head": 1,
  "n_layer": 3,
  "seed": 509758531,
  "weight_decay": 3.706177043439893e-07
}