{
  "batch_size": 65.5457410836369,
  "beta_1": 0.3053567194690301,
  "beta_2": 0.414282563970909,
  "block_size": 86.70225979197033,
  "dropout": 0.11252463970178278,
  "epsilon": 0.0005526164722601402,
  "lr": 0.07211788869357262,
  "n_embd": 3.709519980267208,
  "n_head": 6.695895775465578,
  "n_layer": 2.867328573702503,
  "seed": 1611627065.7832854,
  "weight_decay": 0.0013024290861000703
}