{
  "batch_size": 52,
  "beta_1": 0.5421402355096511,
  "beta_2": 0.752512493527887,
  "block_size": 236,
  "dropout": 0.24972565491974322,
  "epsilon": 0.0008271740007045858,
  "lr": 4.725012467314753e-06,
  "n_embd": 34,
  "n_head": 6,
  "n_layer": 1,
  "seed": 1791859323,
  "weight_decay": 0.0005377065924790449
}