{
  "batch_size": 65.3724978110996,
  "beta_1": 0.6846234188130483,
  "beta_2": 0.3541558519207719,
  "block_size": 187.54744701437863,
  "dropout": 0.42237345159617534,
  "epsilon": 0.0006435185362497077,
  "lr": 0.06950535772348121,
  "n_embd": 3.9198438168112233,
  "n_head": 4.143843255430106,
  "n_layer": 5.200191670366175,
  "seed": 1531963912.0384955,
  "weight_decay": 0.0037612293453125685
}