{
  "batch_size": 27,
  "beta_1": 0.580662408736266,
  "beta_2": 0.8076162434265285,
  "block_size": 177,
  "dropout": 0.32646263899915196,
  "epsilon": 2.7271613494445394e-05,
  "lr": 0.007336801396218722,
  "n_embd": 14,
  "n_head": 3,
  "n_layer": 2,
  "seed": 1860917592,
  "weight_decay": 6.811959134718304e-07
}