{
  "batch_size": 30.83854938904826,
  "beta_1": 0.6909991625516767,
  "beta_2": 0.6440515109790651,
  "block_size": 103.2481921610022,
  "dropout": 0.20386501611856345,
  "epsilon": 0.00034309941523303185,
  "lr": 0.09584788813287072,
  "n_embd": 42.54880046073017,
  "n_head": 1.0743996993807017,
  "n_layer": 4.16227034709768,
  "seed": 1856536186.5932515,
  "weight_decay": 0.007132894799480586
}