{
  "batch_size": 90,
  "beta_1": 0.395131887993998,
  "beta_2": 0.6796294528043989,
  "block_size": 126,
  "dropout": 0.24906574798186,
  "epsilon": 4.578841191890479e-09,
  "lr": 3.301346966504174e-05,
  "n_embd": 40,
  "n_head": 3,
  "n_layer": 1,
  "seed": 607528205,
  "weight_decay": 2.2813112601302277e-08
}