{
  "batch_size": 42,
  "beta_1": 0.8950559331931485,
  "beta_2": 0.11002571721724905,
  "block_size": 355,
  "dropout": 0.3955294756977069,
  "epsilon": 4.027151831437844e-08,
  "lr": 0.00012213943710296605,
  "n_embd": 47,
  "n_head": 2,
  "n_layer": 2,
  "seed": 468874606,
  "weight_decay": 5.895615773431793e-06
}