{
  "batch_size": 77.9049448888364,
  "beta_1": 0.6784035792080235,
  "beta_2": 0.46568042663358333,
  "block_size": 273.4774489860987,
  "dropout": 0.1138930142147209,
  "epsilon": 0.0007089434232391642,
  "lr": 0.0761438763792465,
  "n_embd": 32.07896403138553,
  "n_head": 2.1009716463789188,
  "n_layer": 3.998769373540548,
  "seed": 746490886.1761584,
  "weight_decay": 0.001760853233379299
}