{
  "batch_size": 20,
  "beta_1": 0.9783096193712654,
  "beta_2": 0.8804001199696628,
  "block_size": 151,
  "dropout": 0.29609556092006206,
  "epsilon": 1.420371949212048e-07,
  "lr": 0.0007905102888619494,
  "n_embd": 21,
  "n_head": 4,
  "n_layer": 3,
  "seed": 104055071,
  "weight_decay": 0.00012458781596590306
}