{
  "batch_size": 85,
  "beta_1": 0.2851640318681492,
  "beta_2": 0.6846468143017059,
  "block_size": 239,
  "dropout": 0.3408560961186388,
  "epsilon": 5.999545e-10,
  "lr": 8.77563357967e-05,
  "n_embd": 40,
  "n_head": 5,
  "n_layer": 6,
  "seed": 292613529.79458946,
  "weight_decay": 2.40779906e-07
}