{
  "batch_size": 74,
  "beta_1": 0.9071646583569978,
  "beta_2": 0.8593675439736844,
  "block_size": 335,
  "dropout": 0.2030850757906904,
  "epsilon": 1.363604186e-07,
  "lr": 0.000730249964721,
  "n_embd": 44,
  "n_head": 2,
  "n_layer": 5,
  "seed": 194719660.81808844,
  "weight_decay": 1.44356729e-08
}