{
  "batch_size": 71,
  "beta_1": 0.4560165536212649,
  "beta_2": 0.6623574179275828,
  "block_size": 201,
  "dropout": 0.1954445970496062,
  "epsilon": 9.5598278439328e-07,
  "lr": 3.709609187254838e-05,
  "n_embd": 13,
  "n_head": 6,
  "n_layer": 5,
  "seed": 1647886826,
  "weight_decay": 1.2303850534844104e-08
}