{
  "batch_size": 32.84429133142162,
  "beta_1": 0.6871604566281726,
  "beta_2": 0.754441748983491,
  "block_size": 288.29885294724477,
  "dropout": 0.36409490423328905,
  "epsilon": 0.00018182504496861354,
  "lr": 0.019184214368336346,
  "n_embd": 16.32388592755953,
  "n_head": 4.254098928495173,
  "n_layer": 1.8571698162166363,
  "seed": 1487551382.0226216,
  "weight_decay": 0.0026989624003780762
}