{
  "batch_size": 21,
  "beta_1": 0.1444148405763427,
  "beta_2": 0.8130340539770792,
  "block_size": 307,
  "dropout": 0.3877810713453853,
  "epsilon": 6.8432455e-09,
  "lr": 0.0015582718110029,
  "n_embd": 6,
  "n_head": 6,
  "n_layer": 2,
  "seed": 100964113.91609679,
  "weight_decay": 8.31045916436e-05
}