{
  "batch_size": 65.79967408542134,
  "beta_1": 0.6442683312777326,
  "beta_2": 0.18541613810999452,
  "block_size": 252.64909046245702,
  "dropout": 0.4389315746513054,
  "epsilon": 0.00023162805699392103,
  "lr": 0.08702098763532182,
  "n_embd": 47.29855308378315,
  "n_head": 3.6812937246372988,
  "n_layer": 2.5527929459247503,
  "seed": 2115123432.4493377,
  "weight_decay": 0.006676130838426444
}