{
  "batch_size": 77.23979484804485,
  "beta_1": 0.1449070446879936,
  "beta_2": 0.4392153527847068,
  "block_size": 95.72063817396375,
  "dropout": 0.40024584656515594,
  "epsilon": 0.0009063358712111154,
  "lr": 0.02735685201032783,
  "n_embd": 25.586579256129014,
  "n_head": 2.046915191752285,
  "n_layer": 3.1812392394902878,
  "seed": 2121052946.4321895,
  "weight_decay": 0.0034234580634270656
}