{
  "batch_size": 79,
  "beta_1": 0.7304109956832391,
  "beta_2": 0.6369312527021247,
  "block_size": 103,
  "dropout": 0.199662718589901,
  "epsilon": 6.018791325e-07,
  "lr": 0.0022008824094328,
  "n_embd": 44,
  "n_head": 2,
  "n_layer": 1,
  "seed": 1726748140.4341533,
  "weight_decay": 0.0001336563356754
}