{
  "batch_size": 91.49645883544059,
  "beta_1": 0.974048880542936,
  "beta_2": 0.1229704499655757,
  "block_size": 256.7400949873281,
  "dropout": 0.46111581671903745,
  "epsilon": 0.00023893891846740568,
  "lr": 0.011798630154217608,
  "n_embd": 51.05868234656788,
  "n_head": 2.415788766864603,
  "n_layer": 5.073733940420103,
  "seed": 1732553463.9801402,
  "weight_decay": 0.008956756530293934
}