{
  "batch_size": 44.473432761600684,
  "beta_1": 0.5880601782193806,
  "beta_2": 0.46734890961181474,
  "block_size": 145.0499975168962,
  "dropout": 0.43368732752211825,
  "epsilon": 0.0004119478064509275,
  "lr": 0.033074419144197585,
  "n_embd": 46.48309004486592,
  "n_head": 1.3423604900891073,
  "n_layer": 3.81171163199772,
  "seed": 2084927099.282581,
  "weight_decay": 0.009056439942704168
}