{
  "batch_size": 75,
  "beta_1": 0.9711794636378189,
  "beta_2": 0.4434779581962257,
  "block_size": 326,
  "dropout": 0.4213268823266967,
  "epsilon": 1.5767710114310715e-07,
  "lr": 0.002313460041501381,
  "n_embd": 22,
  "n_head": 1,
  "n_layer": 6,
  "seed": 361480898,
  "weight_decay": 6.478327222408168e-07
}