{
  "batch_size": 29.511203926078068,
  "beta_1": 0.10220729007895989,
  "beta_2": 0.6880146459583527,
  "block_size": 100.6184663575386,
  "dropout": 0.35982438662597827,
  "epsilon": 0.0008082644645757344,
  "lr": 0.016602401653122226,
  "n_embd": 35.805386070625524,
  "n_head": 3.22935693149663,
  "n_layer": 3.4768819817286536,
  "seed": 2143384062.9829197,
  "weight_decay": 0.003862976301773602
}