{
  "batch_size": 92,
  "beta_1": 0.2628640850950776,
  "beta_2": 0.2153515992036237,
  "block_size": 318,
  "dropout": 0.165322297099913,
  "epsilon": 8.07821472208e-05,
  "lr": 0.0026654167533368,
  "n_embd": 48,
  "n_head": 6,
  "n_layer": 2,
  "seed": 89823522.42539226,
  "weight_decay": 5.76590213e-08
}