{
  "batch_size": 54.352232155845435,
  "beta_1": 0.7382896440016884,
  "beta_2": 0.3876289260983725,
  "block_size": 328.7397201301824,
  "dropout": 0.3216765185441775,
  "epsilon": 0.00040967484701708387,
  "lr": 0.07839063004192304,
  "n_embd": 34.994349501239554,
  "n_head": 1.7027086706036256,
  "n_layer": 6.119006032575685,
  "seed": 676136802.985588,
  "weight_decay": 0.0012399846210075433
}