{
  "batch_size": 73,
  "beta_1": 0.30894309071514,
  "beta_2": 0.2744544360467776,
  "block_size": 361,
  "dropout": 0.3455929519302316,
  "epsilon": 6.6751917e-08,
  "lr": 0.0021771634702985,
  "n_embd": 45,
  "n_head": 6,
  "n_layer": 4,
  "seed": 2028056424.5364382,
  "weight_decay": 0.0026749197764868
}