{
  "batch_size": 84,
  "beta_1": 0.3688722906606196,
  "beta_2": 0.1188192740099196,
  "block_size": 112,
  "dropout": 0.1243740181744313,
  "epsilon": 1.194563471e-07,
  "lr": 0.0359714696873525,
  "n_embd": 9,
  "n_head": 1,
  "n_layer": 5,
  "seed": 551291425.9872954,
  "weight_decay": 0.0061137933905849
}