{
  "batch_size": 92,
  "beta_1": 0.8085713683153881,
  "beta_2": 0.5897348030157509,
  "block_size": 183,
  "dropout": 0.4191172708211177,
  "epsilon": 3.5366648235368047e-07,
  "lr": 0.007332707091329727,
  "n_embd": 0,
  "n_head": 3,
  "n_layer": 2,
  "seed": 1226243737,
  "weight_decay": 0.007935891742596237
}