{
  "batch_size": 63.6378518548679,
  "beta_1": 0.5269722558099703,
  "beta_2": 0.881669392579713,
  "block_size": 78.58886720076367,
  "dropout": 0.36942908046681533,
  "epsilon": 0.00045504345667442026,
  "lr": 0.05214251573479393,
  "n_embd": 36.83860986098676,
  "n_head": 6.860341728403704,
  "n_layer": 5.562453720016135,
  "seed": 725514234.698256,
  "weight_decay": 0.008932735697465496
}