{
  "batch_size": 93.36214392775675,
  "beta_1": 0.7203897416527623,
  "beta_2": 0.1833613296874697,
  "block_size": 209.7326315496598,
  "dropout": 0.32946764228347736,
  "epsilon": 0.0008274140288483987,
  "lr": 0.07117396273882365,
  "n_embd": 47.36334695012534,
  "n_head": 6.821866026400427,
  "n_layer": 2.5555667725655096,
  "seed": 1480524011.0585492,
  "weight_decay": 0.006558220216204072
}