{
  "batch_size": 54.95643660746806,
  "beta_1": 0.9253781108404022,
  "beta_2": 0.7078363804961157,
  "block_size": 285.96249864578203,
  "dropout": 0.404251626092886,
  "epsilon": 0.0007104374392649827,
  "lr": 0.09752526701318126,
  "n_embd": 13.055472807081637,
  "n_head": 1.4433720413190203,
  "n_layer": 5.446151273760467,
  "seed": 1907283439.8881276,
  "weight_decay": 0.00024344725819126436
}