{
  "batch_size": 26,
  "beta_1": 0.933358441567947,
  "beta_2": 0.8952626009980527,
  "block_size": 279,
  "dropout": 0.11480788440783529,
  "epsilon": 1.388461187976754e-08,
  "lr": 3.547005665692527e-06,
  "n_embd": 32,
  "n_head": 1,
  "n_layer": 2,
  "seed": 1400215960,
  "weight_decay": 1.7024558508169144e-05
}