{
  "batch_size": 26.792225197330332,
  "beta_1": 0.29581900868875044,
  "beta_2": 0.8477928431901807,
  "block_size": 307.4384396978961,
  "dropout": 0.22291984118508382,
  "epsilon": 0.00019795065950784513,
  "lr": 0.06412367934729048,
  "n_embd": 31.40490492144299,
  "n_head": 1.1258965061835973,
  "n_layer": 5.04561628644259,
  "seed": 183928487.23902884,
  "weight_decay": 0.0075789407158037645
}