{
  "batch_size": 30,
  "beta_1": 0.5868531602674922,
  "beta_2": 0.35068891552432047,
  "block_size": 266,
  "dropout": 0.40778322177850745,
  "epsilon": 3.680657701279552e-09,
  "lr": 0.002376852662539171,
  "n_embd": 41,
  "n_head": 3,
  "n_layer": 6,
  "seed": 742075311,
  "weight_decay": 5.288632912159662e-05
}