{
  "batch_size": 91,
  "beta_1": 0.9085948605025618,
  "beta_2": 0.8340981682381314,
  "block_size": 99,
  "dropout": 0.1765232365100096,
  "epsilon": 1.41043e-10,
  "lr": 0.0046664650419794,
  "n_embd": 2,
  "n_head": 4,
  "n_layer": 2,
  "seed": 747271118.7047093,
  "weight_decay": 1.297373601e-07
}