{
  "batch_size": 82,
  "beta_1": 0.864399628159905,
  "beta_2": 0.145737912555645,
  "block_size": 172,
  "dropout": 0.3329326065246847,
  "epsilon": 9.327558780154164e-07,
  "lr": 0.0013669668164606717,
  "n_embd": 26,
  "n_head": 5,
  "n_layer": 6,
  "seed": 212070312,
  "weight_decay": 0.0006195218887363892
}