{
  "batch_size": 53.64326814428621,
  "beta_1": 0.11759313479112803,
  "beta_2": 0.7653909326210682,
  "block_size": 337.7811017200767,
  "dropout": 0.4614506041674854,
  "epsilon": 0.0005347532392677738,
  "lr": 0.0775849174480352,
  "n_embd": 50.640429455628095,
  "n_head": 2.4868760652567343,
  "n_layer": 2.409614529592169,
  "seed": 273910295.5436349,
  "weight_decay": 0.005322231605890636
}