{
  "batch_size": 57,
  "beta_1": 0.2172959883850814,
  "beta_2": 0.2591508563132682,
  "block_size": 109,
  "dropout": 0.1588271453822799,
  "epsilon": 1.82907022451e-05,
  "lr": 0.0017878205460236,
  "n_embd": 47,
  "n_head": 1,
  "n_layer": 3,
  "seed": 826389698.7046223,
  "weight_decay": 0.0024783742911051
}