{
  "batch_size": 68,
  "beta_1": 0.7376454162943658,
  "beta_2": 0.7915382164746873,
  "block_size": 262,
  "dropout": 0.3583497529678634,
  "epsilon": 0.00013940008489892985,
  "lr": 0.0002227429939758836,
  "n_embd": 4,
  "n_head": 5,
  "n_layer": 4,
  "seed": 818736315,
  "weight_decay": 5.434214517932783e-06
}