{
  "batch_size": 71.38694542210055,
  "beta_1": 0.2161787868376514,
  "beta_2": 0.4238777894335092,
  "block_size": 363.17859718846165,
  "dropout": 0.300511300420105,
  "epsilon": 0.00035701509355932155,
  "lr": 0.07313605840444748,
  "n_embd": 36.21541039571645,
  "n_head": 4.359013146335647,
  "n_layer": 3.017258841187712,
  "seed": 1419426478.1533556,
  "weight_decay": 0.008776588202358469
}