{
  "batch_size": 81,
  "beta_1": 0.8345508476552026,
  "beta_2": 0.1436495527129032,
  "block_size": 283,
  "dropout": 0.16574888006275051,
  "epsilon": 0.00011265249822727407,
  "lr": 0.0008652682762104974,
  "n_embd": 21,
  "n_head": 3,
  "n_layer": 6,
  "seed": 403831920,
  "weight_decay": 2.032852887804456e-07
}