{
  "batch_size": 23,
  "beta_1": 0.2908777109060618,
  "beta_2": 0.1772791464023889,
  "block_size": 196,
  "dropout": 0.1719139730806486,
  "epsilon": 8.039872e-10,
  "lr": 4.3220083589e-06,
  "n_embd": 49,
  "n_head": 6,
  "n_layer": 5,
  "seed": 71684069.93056633,
  "weight_decay": 4.1318091959e-06
}