{
  "batch_size": 66,
  "beta_1": 0.9920450847185706,
  "beta_2": 0.7549635922616567,
  "block_size": 319,
  "dropout": 0.2038460731479349,
  "epsilon": 2.0650205147e-06,
  "lr": 0.0025046770933572,
  "n_embd": 22,
  "n_head": 5,
  "n_layer": 2,
  "seed": 1544763093.3478115,
  "weight_decay": 0.0076558366299323
}