{
  "batch_size": 91,
  "beta_1": 0.7256380653281624,
  "beta_2": 0.6862190862871282,
  "block_size": 154,
  "dropout": 0.4134443755222431,
  "epsilon": 0.0007300047486469263,
  "lr": 1.4124910889243535e-05,
  "n_embd": 30,
  "n_head": 2,
  "n_layer": 5,
  "seed": 1458939479,
  "weight_decay": 1.1729987859682486e-07
}