{
  "batch_size": 66.00356502471905,
  "beta_1": 0.5326375221786235,
  "beta_2": 0.16665812663794122,
  "block_size": 258.3726233889805,
  "dropout": 0.35101213421716726,
  "epsilon": 0.00027755984388231464,
  "lr": 0.0026627096212320507,
  "n_embd": 36.20468094837681,
  "n_head": 4.2883219040190195,
  "n_layer": 6.53062784812015,
  "seed": 1860226947.685143,
  "weight_decay": 0.006697348362759116
}