{
  "batch_size": 41.88261170272532,
  "beta_1": 0.6711511615608948,
  "beta_2": 0.1836057056554992,
  "block_size": 183.02811302960913,
  "dropout": 0.1603229475817996,
  "epsilon": 0.0005250843285300725,
  "lr": 0.07324835268713507,
  "n_embd": 2.1418349758625133,
  "n_head": 1.3085173106965586,
  "n_layer": 1.8182304980153208,
  "seed": 1907203961.8310485,
  "weight_decay": 0.0015346948150236363
}