{
  "batch_size": 50.26248014223279,
  "beta_1": 0.6383766357071292,
  "beta_2": 0.3152403182950574,
  "block_size": 67.02240639765695,
  "dropout": 0.16891906923164415,
  "epsilon": 5.2844479581385615e-05,
  "lr": 0.06584212796928483,
  "n_embd": 38.38141857347518,
  "n_head": 5.302185805453367,
  "n_layer": 1.083287590176245,
  "seed": 877638478.2280804,
  "weight_decay": 0.00068302485966122
}