{
  "batch_size": 47,
  "beta_1": 0.2455051307250125,
  "beta_2": 0.21636596285677145,
  "block_size": 297,
  "dropout": 0.04070434387835245,
  "epsilon": 1.492563756824944e-06,
  "lr": 3.81856933762923e-05,
  "n_embd": 14,
  "n_head": 6,
  "n_layer": 4,
  "seed": 2025373087,
  "weight_decay": 1.321024453555456e-07
}