{
  "batch_size": 40.712737356065546,
  "beta_1": 0.7519031683966632,
  "beta_2": 0.5770082695595953,
  "block_size": 298.365359247642,
  "dropout": 0.32131308906440204,
  "epsilon": 0.0005754041610326666,
  "lr": 0.06131271175757415,
  "n_embd": 53.0547262190705,
  "n_head": 6.095825209151953,
  "n_layer": 6.790920862187316,
  "seed": 157681436.31080067,
  "weight_decay": 0.006522631710936985
}