{
  "batch_size": 27,
  "beta_1": 0.9499346954586617,
  "beta_2": 0.21071486671936435,
  "block_size": 145,
  "dropout": 0.23043951700162704,
  "epsilon": 1.3984340545414933e-08,
  "lr": 6.098506084532545e-05,
  "n_embd": 42,
  "n_head": 4,
  "n_layer": 4,
  "seed": 1859034442,
  "weight_decay": 0.0005940054372857012
}