{
  "batch_size": 17,
  "beta_1": 0.5788023193819858,
  "beta_2": 0.6016181810688009,
  "block_size": 320,
  "dropout": 0.1517352746359685,
  "epsilon": 9.3277287831e-06,
  "lr": 0.0008725979629203,
  "n_embd": 17,
  "n_head": 4,
  "n_layer": 3,
  "seed": 1958047561.1550481,
  "weight_decay": 0.0086621593658658
}