{
  "batch_size": 54.82610256509105,
  "beta_1": 0.6120807210253457,
  "beta_2": 0.7325070000277576,
  "block_size": 64.89071374442021,
  "dropout": 0.31484341395393567,
  "epsilon": 0.0007206334362263142,
  "lr": 0.04320898610679873,
  "n_embd": 35.345537464425874,
  "n_head": 3.155710512770038,
  "n_layer": 1.1467251816511093,
  "seed": 1429806691.2063518,
  "weight_decay": 0.0038596787515756317
}