{
  "batch_size": 91.1856119054298,
  "beta_1": 0.4885849066950424,
  "beta_2": 0.3139369695778023,
  "block_size": 98.9617867488522,
  "dropout": 0.4875772562676728,
  "epsilon": 0.0003575111925017699,
  "lr": 0.013797147372358392,
  "n_embd": 37.46597266601981,
  "n_head": 3.117022588166023,
  "n_layer": 2.0888590011941077,
  "seed": 273899908.8604756,
  "weight_decay": 0.0025042206734466675
}