{
  "batch_size": 90,
  "beta_1": 0.5932441903307443,
  "beta_2": 0.21339508013860187,
  "block_size": 214,
  "dropout": 0.30869817454496784,
  "epsilon": 5.54100987713377e-07,
  "lr": 0.05576241764316803,
  "n_embd": 53,
  "n_head": 3,
  "n_layer": 3,
  "seed": 1763105827,
  "weight_decay": 4.2993651089208085e-07
}