{
  "batch_size": 22,
  "beta_1": 0.2595111663997,
  "beta_2": 0.6380793080731,
  "block_size": 204,
  "dropout": 0.1006737140210311,
  "epsilon": 5.541848943e-06,
  "lr": 0.0017166154244806,
  "n_embd": 18,
  "n_head": 4,
  "n_layer": 5,
  "seed": 1807042086.1100492,
  "weight_decay": 0.000532855491964
}