{
  "batch_size": 63.83757245223409,
  "beta_1": 0.9043735574606427,
  "beta_2": 0.9210881233560312,
  "block_size": 70.72617526903338,
  "dropout": 0.39969760208939875,
  "epsilon": 0.0009900059714578685,
  "lr": 0.0020733046628239396,
  "n_embd": 5.823267551303107,
  "n_head": 3.830482010654263,
  "n_layer": 2.848974676059174,
  "seed": 504683714.21787775,
  "weight_decay": 0.008210886245774303
}