{
  "batch_size": 40.42010091355138,
  "beta_1": 0.4329478649890931,
  "beta_2": 0.12291739475424875,
  "block_size": 322.0532774030631,
  "dropout": 0.39977089229002183,
  "epsilon": 0.00048617308930667166,
  "lr": 0.07637890711245424,
  "n_embd": 0.4241346976221358,
  "n_head": 4.4940354192045815,
  "n_layer": 5.190576589900514,
  "seed": 1425973263.1376948,
  "weight_decay": 0.006541442327624795
}