{
  "batch_size": 27,
  "beta_1": 0.85878712934532,
  "beta_2": 0.42925316780114153,
  "block_size": 82,
  "dropout": 0.3268363904507513,
  "epsilon": 1.5038655427549093e-07,
  "lr": 0.024467841721346435,
  "n_embd": 6,
  "n_head": 1,
  "n_layer": 6,
  "seed": 1447830102,
  "weight_decay": 0.00022299601483889177
}