{
  "batch_size": 46,
  "beta_1": 0.4345087772368311,
  "beta_2": 0.4203551435728141,
  "block_size": 317,
  "dropout": 0.20841128740696124,
  "epsilon": 2.2999442557701265e-06,
  "lr": 3.860991483106255e-05,
  "n_embd": 5,
  "n_head": 6,
  "n_layer": 3,
  "seed": 1522958862,
  "weight_decay": 1.2219056956080844e-06
}