{
  "batch_size": 91.15591975513905,
  "beta_1": 0.7502207362649652,
  "beta_2": 0.3916110671751285,
  "block_size": 246.75441648084563,
  "dropout": 0.2156731835485125,
  "epsilon": 0.0004733680371827515,
  "lr": 0.06216250049415727,
  "n_embd": 50.657902723107426,
  "n_head": 6.726210463779944,
  "n_layer": 2.580911341148105,
  "seed": 604486127.6742024,
  "weight_decay": 0.005564271580172914
}