{
  "batch_size": 22,
  "beta_1": 0.9019404955745404,
  "beta_2": 0.8102172236457575,
  "block_size": 247,
  "dropout": 0.2699450660088796,
  "epsilon": 1.4443599077929408e-08,
  "lr": 0.0008813287851764792,
  "n_embd": 41,
  "n_head": 6,
  "n_layer": 2,
  "seed": 8691287,
  "weight_decay": 5.495754484249059e-05
}