{
  "batch_size": 78,
  "beta_1": 0.5572445991239231,
  "beta_2": 0.6515495392794517,
  "block_size": 229,
  "dropout": 0.5916139077268994,
  "epsilon": 5.248555205177989e-05,
  "lr": 0.00015453875044342863,
  "n_embd": 37,
  "n_head": 5,
  "n_layer": 5,
  "seed": 1159504132,
  "weight_decay": 1.9216413957883644e-08
}