{
  "batch_size": 83,
  "beta_1": 0.6251667053241885,
  "beta_2": 0.937154084228026,
  "block_size": 121,
  "dropout": 0.3226755822649488,
  "epsilon": 8.408695137e-07,
  "lr": 0.01220357656241,
  "n_embd": 1,
  "n_head": 6,
  "n_layer": 5,
  "seed": 18381670.62502141,
  "weight_decay": 7.46323540561e-05
}