{
  "batch_size": 84,
  "beta_1": 0.3184759804741306,
  "beta_2": 0.6188193202733621,
  "block_size": 104,
  "dropout": 0.15622533398995841,
  "epsilon": 2.1387689438672487e-05,
  "lr": 0.0026623934238193467,
  "n_embd": 53,
  "n_head": 2,
  "n_layer": 4,
  "seed": 2080645197,
  "weight_decay": 0.004445706412758987
}