{
  "batch_size": 58.37589366294368,
  "beta_1": 0.4018388380169009,
  "beta_2": 0.9235305521628046,
  "block_size": 369.8942789931949,
  "dropout": 0.1646446480573868,
  "epsilon": 0.0004092492858462782,
  "lr": 0.033629474134599824,
  "n_embd": 20.43293883777368,
  "n_head": 5.228100250581139,
  "n_layer": 6.8713675269702765,
  "seed": 1196310654.073101,
  "weight_decay": 0.004986342536916594
}