{
  "batch_size": 85,
  "beta_1": 0.6846075142832977,
  "beta_2": 0.13769309358516965,
  "block_size": 282,
  "dropout": 0.31200077400762993,
  "epsilon": 6.464205290911823e-07,
  "lr": 5.581711655549083e-05,
  "n_embd": 39,
  "n_head": 3,
  "n_layer": 4,
  "seed": 1301374170,
  "weight_decay": 2.3942317565412266e-07
}