{
  "batch_size": 85.17086022453465,
  "beta_1": 0.9068320000362806,
  "beta_2": 0.2023797771455021,
  "block_size": 88.35669888960649,
  "dropout": 0.36115983255836104,
  "epsilon": 0.00010241314107157135,
  "lr": 0.06774561665921212,
  "n_embd": 44.53616431998243,
  "n_head": 3.1720119483305322,
  "n_layer": 6.641771318596124,
  "seed": 1662220349.4754975,
  "weight_decay": 0.006017687817912577
}