{
  "batch_size": 77,
  "beta_1": 0.4047931268611177,
  "beta_2": 0.6017152377203783,
  "block_size": 125,
  "dropout": 0.4501659070553431,
  "epsilon": 1.06268612367e-05,
  "lr": 0.0014712703637688,
  "n_embd": 22,
  "n_head": 4,
  "n_layer": 2,
  "seed": 622821966.5561457,
  "weight_decay": 1.47277166e-08
}