{
  "batch_size": 88,
  "beta_1": 0.25783183625308503,
  "beta_2": 0.39323933630438834,
  "block_size": 204,
  "dropout": 0.12112921228507381,
  "epsilon": 0.0002557104958936418,
  "lr": 0.0018209194921116312,
  "n_embd": 15,
  "n_head": 6,
  "n_layer": 2,
  "seed": 899664619,
  "weight_decay": 0.008388057911317857
}