{
  "batch_size": 74.29302726495621,
  "beta_1": 0.9029795579822081,
  "beta_2": 0.35271889560180647,
  "block_size": 321.36627292237534,
  "dropout": 0.17821087432085886,
  "epsilon": 0.0008475807243444447,
  "lr": 0.05440723816420158,
  "n_embd": 40.021829173968136,
  "n_head": 3.7977038204524756,
  "n_layer": 3.7949039300508067,
  "seed": 1243432669.7456152,
  "weight_decay": 0.0035871885243857833
}