{
  "batch_size": 43.40555605245863,
  "beta_1": 0.42702204151153766,
  "beta_2": 0.45054619091728043,
  "block_size": 277.87465795501817,
  "dropout": 0.373976551677891,
  "epsilon": 0.00072123001510292,
  "lr": 0.018643970551793777,
  "n_embd": 9.421565812954238,
  "n_head": 5.369017755963465,
  "n_layer": 2.1638135276335135,
  "seed": 1936802385.4652555,
  "weight_decay": 0.0018149063970746043
}