{
  "batch_size": 53,
  "beta_1": 0.5877591452540958,
  "beta_2": 0.4404968490346156,
  "block_size": 147,
  "dropout": 0.33396768774835384,
  "epsilon": 1.4368398260885298e-05,
  "lr": 3.655661144154579e-05,
  "n_embd": 31,
  "n_head": 5,
  "n_layer": 5,
  "seed": 1545999114,
  "weight_decay": 5.600746714653873e-05
}