{
  "batch_size": 86.64097375207386,
  "beta_1": 0.7662660904686435,
  "beta_2": 0.33296819864393157,
  "block_size": 274.0399363545107,
  "dropout": 0.2978287986827588,
  "epsilon": 0.0008048779395514636,
  "lr": 0.08317883001473804,
  "n_embd": 44.17730032315387,
  "n_head": 6.7938010941128475,
  "n_layer": 2.7771303684094355,
  "seed": 415512102.16880465,
  "weight_decay": 0.00489371638428018
}