{
  "batch_size": 58.90499431331683,
  "beta_1": 0.25399156471642076,
  "beta_2": 0.39980089939356267,
  "block_size": 141.4971240039199,
  "dropout": 0.2944741927325729,
  "epsilon": 0.0009162911142965319,
  "lr": 0.0922692519653609,
  "n_embd": 7.591360628391219,
  "n_head": 2.3665863476792297,
  "n_layer": 2.627691110030034,
  "seed": 1227419516.5983355,
  "weight_decay": 0.00763218304520301
}