{
  "batch_size": 24.782640098473905,
  "beta_1": 0.6072289777791852,
  "beta_2": 0.20448997856969042,
  "block_size": 243.24580443398628,
  "dropout": 0.2977279424692801,
  "epsilon": 0.00025606830033249913,
  "lr": 0.025709759963689804,
  "n_embd": 38.64497949044554,
  "n_head": 4.4996256814483475,
  "n_layer": 3.171838801751874,
  "seed": 1812119191.5058596,
  "weight_decay": 0.000852468117932041
}