{
  "batch_size": 50.59679891762199,
  "beta_1": 0.5018337523895179,
  "beta_2": 0.6434604152850172,
  "block_size": 218.62547401602603,
  "dropout": 0.4260075230160765,
  "epsilon": 0.00019577931697260011,
  "lr": 0.0516799278326269,
  "n_embd": 51.59180360339233,
  "n_head": 4.4483120360042765,
  "n_layer": 2.080688409809765,
  "seed": 761119284.8413439,
  "weight_decay": 0.008470556979390248
}