{
  "batch_size": 22,
  "beta_1": 0.3181419317922647,
  "beta_2": 0.9705034021430494,
  "block_size": 323,
  "dropout": 0.1865176172083014,
  "epsilon": 2.74094663e-08,
  "lr": 0.0010662729581844,
  "n_embd": 18,
  "n_head": 3,
  "n_layer": 6,
  "seed": 1940328737.1411076,
  "weight_decay": 0.0035466417437304
}