{
  "batch_size": 17.71338180100339,
  "beta_1": 0.8707802840520913,
  "beta_2": 0.18368289186390113,
  "block_size": 213.41384688660503,
  "dropout": 0.43922565263272795,
  "epsilon": 0.0005717526570676625,
  "lr": 0.0006253162258423829,
  "n_embd": 49.61670725801941,
  "n_head": 2.0512799285013488,
  "n_layer": 5.157990823304985,
  "seed": 624486379.8175101,
  "weight_decay": 0.007178370731808363
}