{
  "batch_size": 27.06263042217398,
  "beta_1": 0.9701027043894891,
  "beta_2": 0.5243447372498368,
  "block_size": 343.9093526460413,
  "dropout": 0.16496528672687294,
  "epsilon": 0.0004057092355626893,
  "lr": 0.09298482148266049,
  "n_embd": 24.963565901898974,
  "n_head": 3.885953132875189,
  "n_layer": 1.204130210027705,
  "seed": 10606688.00639768,
  "weight_decay": 0.0048402064458134665
}