{
  "batch_size": 84.64279690516781,
  "beta_1": 0.7615805838623362,
  "beta_2": 0.5074681774448121,
  "block_size": 298.5949290472997,
  "dropout": 0.13693522530504643,
  "epsilon": 0.00033892834092027433,
  "lr": 0.09270471431769689,
  "n_embd": 34.952244042449095,
  "n_head": 5.79983066018103,
  "n_layer": 6.505199747653947,
  "seed": 1020568778.447019,
  "weight_decay": 0.007796870892097928
}