{
  "batch_size": 66.3763944618237,
  "beta_1": 0.6904679070448045,
  "beta_2": 0.5811245482257703,
  "block_size": 208.51124499242493,
  "dropout": 0.3898833964708198,
  "epsilon": 0.00042565611839582993,
  "lr": 0.030890351053043417,
  "n_embd": 53.96228489417262,
  "n_head": 6.896639493305946,
  "n_layer": 5.506105687177285,
  "seed": 1531875980.7220073,
  "weight_decay": 0.0004566182060520254
}