{
  "batch_size": 63.825322519237616,
  "beta_1": 0.5769942822678689,
  "beta_2": 0.8722847798998897,
  "block_size": 139.98904499415158,
  "dropout": 0.49330286254890343,
  "epsilon": 0.000602844032214242,
  "lr": 0.06514507423674018,
  "n_embd": 45.29910996100186,
  "n_head": 4.016874796659582,
  "n_layer": 5.886217145742617,
  "seed": 1802173316.8778825,
  "weight_decay": 0.005723863324484835
}