{
  "batch_size": 27,
  "beta_1": 0.4119138646829434,
  "beta_2": 0.6263307393107839,
  "block_size": 189,
  "dropout": 0.1261744031966582,
  "epsilon": 1.04933068e-08,
  "lr": 7.69160309299e-05,
  "n_embd": 34,
  "n_head": 1,
  "n_layer": 6,
  "seed": 190016405.92682344,
  "weight_decay": 1.6099789043e-06
}