{
  "batch_size": 81,
  "beta_1": 0.4233078894230908,
  "beta_2": 0.9147195740677762,
  "block_size": 291,
  "dropout": 0.1520705661155042,
  "epsilon": 4.25190250203e-05,
  "lr": 0.0033851960035985,
  "n_embd": 9,
  "n_head": 5,
  "n_layer": 6,
  "seed": 739757562.4633521,
  "weight_decay": 3.264938496e-07
}