{
  "batch_size": 62.885523609649624,
  "beta_1": 0.43558916182529617,
  "beta_2": 0.9035674423925953,
  "block_size": 113.99772315842763,
  "dropout": 0.43816516414454487,
  "epsilon": 0.0009539787034932488,
  "lr": 0.03595675945196873,
  "n_embd": 41.07608665206453,
  "n_head": 1.5672947557714771,
  "n_layer": 6.73116482571433,
  "seed": 753492164.1928879,
  "weight_decay": 0.005675182881777687
}