{
  "batch_size": 76.76722470912688,
  "beta_1": 0.4759083645580582,
  "beta_2": 0.11502148910707148,
  "block_size": 179.64432450714142,
  "dropout": 0.4660326731481296,
  "epsilon": 0.00014790734690832817,
  "lr": 0.0374275861966768,
  "n_embd": 18.661295490014933,
  "n_head": 5.310696765273563,
  "n_layer": 3.4704161730532777,
  "seed": 1347538231.7152026,
  "weight_decay": 0.009648087479048715
}