{
  "batch_size": 36,
  "beta_1": 0.313240741820642,
  "beta_2": 0.9143997600822995,
  "block_size": 352,
  "dropout": 0.2678464928715605,
  "epsilon": 6.657901745869287e-06,
  "lr": 2.5563140762338304e-06,
  "n_embd": 10,
  "n_head": 6,
  "n_layer": 5,
  "seed": 1630773047,
  "weight_decay": 7.371674838542042e-08
}