{
  "batch_size": 30,
  "beta_1": 0.8061918624704426,
  "beta_2": 0.9935258633362934,
  "block_size": 123,
  "dropout": 0.3877791888245934,
  "epsilon": 0.00019891094211312184,
  "lr": 1.6782152533004273e-05,
  "n_embd": 13,
  "n_head": 4,
  "n_layer": 1,
  "seed": 1633150314,
  "weight_decay": 1.843034518856933e-05
}