{
  "batch_size": 34,
  "beta_1": 0.8191080752740695,
  "beta_2": 0.903689668048197,
  "block_size": 145,
  "dropout": 0.3583557870290706,
  "epsilon": 8.56208355921e-05,
  "lr": 1.63823297762e-05,
  "n_embd": 11,
  "n_head": 1,
  "n_layer": 1,
  "seed": 1492673368.530697,
  "weight_decay": 0.0010973114555811
}