{
  "batch_size": 33.6440820455661,
  "beta_1": 0.24716025837654215,
  "beta_2": 0.8069486530354332,
  "block_size": 147.77380726392542,
  "dropout": 0.4885271847060386,
  "epsilon": 0.0003228327474508006,
  "lr": 0.03206703148838038,
  "n_embd": 13.271061849910973,
  "n_head": 1.684829979560909,
  "n_layer": 1.7352568513342832,
  "seed": 1216060282.7420652,
  "weight_decay": 0.004484531213097712
}