{
  "batch_size": 23,
  "beta_1": 0.9918745911011624,
  "beta_2": 0.2048768267276896,
  "block_size": 326,
  "dropout": 0.3816806563215117,
  "epsilon": 1.8799221e-09,
  "lr": 0.0010077083042156,
  "n_embd": 45,
  "n_head": 1,
  "n_layer": 2,
  "seed": 709803643.8445358,
  "weight_decay": 0.0001052407147264
}