{
  "batch_size": 55,
  "beta_1": 0.6399010006340367,
  "beta_2": 0.19222835750397543,
  "block_size": 194,
  "dropout": 0.25668473385830476,
  "epsilon": 1.8009305208302612e-06,
  "lr": 0.010768683184017068,
  "n_embd": 33,
  "n_head": 3,
  "n_layer": 1,
  "seed": 91842880,
  "weight_decay": 0.0028947136227754004
}