{
  "batch_size": 61,
  "beta_1": 0.8136827124088974,
  "beta_2": 0.9775353206868628,
  "block_size": 334,
  "dropout": 0.277504771480495,
  "epsilon": 1.6374476774461432e-08,
  "lr": 0.045164928661118306,
  "n_embd": 46,
  "n_head": 2,
  "n_layer": 4,
  "seed": 948826412,
  "weight_decay": 2.2993382811600562e-08
}