{
  "batch_size": 66,
  "beta_1": 0.31571326898577884,
  "beta_2": 0.41835009810311763,
  "block_size": 160,
  "dropout": 0.16247046879512902,
  "epsilon": 0.0006281782423315373,
  "lr": 0.0001348724148922011,
  "n_embd": 49,
  "n_head": 5,
  "n_layer": 1,
  "seed": 607321830,
  "weight_decay": 0.0018882248710849563
}