{
  "batch_size": 32.403146873865026,
  "beta_1": 0.15147379048411638,
  "beta_2": 0.6250558881888599,
  "block_size": 224.99840859930572,
  "dropout": 0.32481094111139247,
  "epsilon": 0.0007415952374733882,
  "lr": 0.057871283868846775,
  "n_embd": 44.043362459925994,
  "n_head": 1.4656192459466735,
  "n_layer": 3.8903740991227362,
  "seed": 1811789954.0934358,
  "weight_decay": 0.008599636268078558
}