{
  "batch_size": 24.893946161842656,
  "beta_1": 0.4181273622448458,
  "beta_2": 0.4571424757630762,
  "block_size": 292.3957774461484,
  "dropout": 0.47328091223714175,
  "epsilon": 0.0007536049909868996,
  "lr": 0.0459107181675852,
  "n_embd": 9.998625754817152,
  "n_head": 2.3108230551396955,
  "n_layer": 1.040508084074643,
  "seed": 272039347.31315523,
  "weight_decay": 0.00912444770915497
}