{
  "batch_size": 82,
  "beta_1": 0.4774760946205139,
  "beta_2": 0.8281098296347286,
  "block_size": 207,
  "dropout": 0.1653698272209105,
  "epsilon": 0.000177616063114,
  "lr": 0.0005914231736843,
  "n_embd": 12,
  "n_head": 4,
  "n_layer": 2,
  "seed": 657357234.8966589,
  "weight_decay": 1.66388991e-08
}