{
  "batch_size": 22.154782690798292,
  "beta_1": 0.2566724229508409,
  "beta_2": 0.7973461097791008,
  "block_size": 383.3446275324729,
  "dropout": 0.15321872975398243,
  "epsilon": 0.0003517608691318,
  "lr": 0.0831407796568678,
  "n_embd": 23.358113721334277,
  "n_head": 1.3735154392068887,
  "n_layer": 3.9888079678377375,
  "seed": 1404284330.7929995,
  "weight_decay": 0.0022353164512228254
}