{
  "batch_size": 40,
  "beta_1": 0.875097984451777,
  "beta_2": 0.19957800364602266,
  "block_size": 228,
  "dropout": 0.340447949418796,
  "epsilon": 0.00049739669563161,
  "lr": 1.4035205443484515e-06,
  "n_embd": 35,
  "n_head": 1,
  "n_layer": 4,
  "seed": 1622303323,
  "weight_decay": 4.4961340740631835e-07
}