{
  "batch_size": 52.760005352664855,
  "beta_1": 0.7093938158013984,
  "beta_2": 0.16848067936912328,
  "block_size": 382.32821102574906,
  "dropout": 0.28040374181784633,
  "epsilon": 0.0006816819431136613,
  "lr": 0.07634812732303302,
  "n_embd": 4.704165369182329,
  "n_head": 5.443381653729078,
  "n_layer": 5.778063557839562,
  "seed": 1755824660.830503,
  "weight_decay": 0.0015718213558168577
}