{
  "batch_size": 63,
  "beta_1": 0.308162075965409,
  "beta_2": 0.5406364204763731,
  "block_size": 239,
  "dropout": 0.1208486507739841,
  "epsilon": 7.808993838e-07,
  "lr": 0.0002782180016442,
  "n_embd": 41,
  "n_head": 4,
  "n_layer": 4,
  "seed": 2065419616.9470916,
  "weight_decay": 4.1660774335e-06
}