{
  "batch_size": 76.37890174408301,
  "beta_1": 0.23338280844072706,
  "beta_2": 0.21139173221645535,
  "block_size": 161.97165914458975,
  "dropout": 0.4204003228914114,
  "epsilon": 0.0007944828750588718,
  "lr": 0.023387758937323457,
  "n_embd": 23.36900659174426,
  "n_head": 1.8138608529671765,
  "n_layer": 1.2893570826070924,
  "seed": 1710188941.436722,
  "weight_decay": 0.0008846520347046155
}