{
  "batch_size": 38.87953112694886,
  "beta_1": 0.9455550507940147,
  "beta_2": 0.812030857181554,
  "block_size": 293.75610604656305,
  "dropout": 0.4507597398826547,
  "epsilon": 3.671565344318535e-05,
  "lr": 0.030454123938818155,
  "n_embd": 51.95085578493709,
  "n_head": 2.696951798169567,
  "n_layer": 5.526134852158995,
  "seed": 1873372099.8089292,
  "weight_decay": 0.003134035465723519
}