{
  "batch_size": 74.79278909088626,
  "beta_1": 0.6818489535025033,
  "beta_2": 0.32518779653659824,
  "block_size": 162.9710271122681,
  "dropout": 0.2611061060789849,
  "epsilon": 0.0005765860188939743,
  "lr": 0.037448389473062255,
  "n_embd": 23.85659568184055,
  "n_head": 4.7134544771561995,
  "n_layer": 2.248850516848253,
  "seed": 1969671854.8239756,
  "weight_decay": 0.003226069710292915
}