{
  "batch_size": 90.48177714911274,
  "beta_1": 0.8409351678055664,
  "beta_2": 0.594574252029574,
  "block_size": 228.42431022475066,
  "dropout": 0.4130563568381318,
  "epsilon": 0.0007434529705742592,
  "lr": 0.09073622673696399,
  "n_embd": 7.266259852452011,
  "n_head": 6.381227904316947,
  "n_layer": 6.195067083021612,
  "seed": 1464276751.3846633,
  "weight_decay": 0.0006222542666177232
}