{
  "batch_size": 19,
  "beta_1": 0.7149723074391362,
  "beta_2": 0.1716077364741822,
  "block_size": 259,
  "dropout": 0.2027522348083286,
  "epsilon": 7.477012541e-07,
  "lr": 0.0001224912525723,
  "n_embd": 51,
  "n_head": 5,
  "n_layer": 4,
  "seed": 284233633.4838409,
  "weight_decay": 2.0246445983e-06
}