{
  "batch_size": 85,
  "beta_1": 0.104266175312202,
  "beta_2": 0.9682948641909354,
  "block_size": 95,
  "dropout": 0.2884495086671964,
  "epsilon": 1.12859874867e-05,
  "lr": 0.0009387537075751,
  "n_embd": 4,
  "n_head": 2,
  "n_layer": 1,
  "seed": 1048620000.9084128,
  "weight_decay": 3.6145141314e-06
}