{
  "batch_size": 65.16092719134389,
  "beta_1": 0.7485589327451655,
  "beta_2": 0.6018077641523524,
  "block_size": 128.426821800394,
  "dropout": 0.4803053676982497,
  "epsilon": 0.0006706131238576606,
  "lr": 0.06367836153785324,
  "n_embd": 39.31518047676398,
  "n_head": 5.494633374850726,
  "n_layer": 5.823192673423687,
  "seed": 1639317702.5367086,
  "weight_decay": 0.0022418136041594218
}