{
  "batch_size": 18,
  "beta_1": 0.5464052025753569,
  "beta_2": 0.6433866643722849,
  "block_size": 168,
  "dropout": 0.12545934284374086,
  "epsilon": 8.814895991404451e-07,
  "lr": 0.0011438690443333448,
  "n_embd": 50,
  "n_head": 5,
  "n_layer": 1,
  "seed": 394132466,
  "weight_decay": 0.00038705128590369115
}