{
  "batch_size": 59.63613355303125,
  "beta_1": 0.38088326589418653,
  "beta_2": 0.9327082680102078,
  "block_size": 212.02811673171698,
  "dropout": 0.3336642130907418,
  "epsilon": 0.00036700959214276327,
  "lr": 0.04303360814630456,
  "n_embd": 40.838227007250296,
  "n_head": 4.290889853970694,
  "n_layer": 5.95793682319652,
  "seed": 1802167704.3742626,
  "weight_decay": 0.00606263555846982
}