{
  "batch_size": 64.23134565423113,
  "beta_1": 0.33863082582797743,
  "beta_2": 0.42143362017012165,
  "block_size": 333.9761859757051,
  "dropout": 0.26254963905230577,
  "epsilon": 0.0002457051285787262,
  "lr": 0.07167700975546551,
  "n_embd": 23.323898758146118,
  "n_head": 4.053202406297342,
  "n_layer": 3.8565293755061973,
  "seed": 1563365728.648458,
  "weight_decay": 0.0038631968287373736
}