{
  "batch_size": 56.678615476680015,
  "beta_1": 0.24255687082403266,
  "beta_2": 0.1414577301673134,
  "block_size": 71.22506450831965,
  "dropout": 0.21879863135956518,
  "epsilon": 0.0006118343399612241,
  "lr": 0.045165821974601915,
  "n_embd": 42.17823762456599,
  "n_head": 4.481790273023817,
  "n_layer": 3.233889458893407,
  "seed": 1128452167.7021165,
  "weight_decay": 0.00382863670507806
}