{
  "batch_size": 19,
  "beta_1": 0.10114512654280025,
  "beta_2": 0.11610856003470048,
  "block_size": 264,
  "dropout": 0.32407402876706004,
  "epsilon": 1.3680985111000738e-08,
  "lr": 1.7859388658100684e-05,
  "n_embd": 26,
  "n_head": 5,
  "n_layer": 5,
  "seed": 1281582374,
  "weight_decay": 2.615811721291588e-07
}