{
  "batch_size": 24.91530161127161,
  "beta_1": 0.5371513155910641,
  "beta_2": 0.8904225989920245,
  "block_size": 372.3257937190327,
  "dropout": 0.16808889012192618,
  "epsilon": 5.327687775305272e-05,
  "lr": 0.0024749332857221945,
  "n_embd": 50.84070260257568,
  "n_head": 3.0778786884205442,
  "n_layer": 5.537203204481376,
  "seed": 437226613.19526905,
  "weight_decay": 0.009648252125119551
}