{
  "batch_size": 18.8698913216515,
  "beta_1": 0.4965594176235226,
  "beta_2": 0.5423215140483901,
  "block_size": 98.04532619639693,
  "dropout": 0.4176243346601073,
  "epsilon": 7.006042278652506e-05,
  "lr": 0.014542820381484942,
  "n_embd": 21.94256521171784,
  "n_head": 3.0756698346988314,
  "n_layer": 6.463041236072121,
  "seed": 1854624668.1562784,
  "weight_decay": 0.0015333042812072893
}