{
  "batch_size": 32.69895397508701,
  "beta_1": 0.3892936529458396,
  "beta_2": 0.5647639828159056,
  "block_size": 223.90146460735085,
  "dropout": 0.13874574227719166,
  "epsilon": 0.0007835486082892207,
  "lr": 0.06653258098223928,
  "n_embd": 33.09156993470209,
  "n_head": 2.707627633604447,
  "n_layer": 6.092529215680559,
  "seed": 1860335410.7795079,
  "weight_decay": 0.005030233529773175
}