{
  "batch_size": 19,
  "beta_1": 0.1526560066348113,
  "beta_2": 0.630440386544274,
  "block_size": 378,
  "dropout": 0.1328020250656577,
  "epsilon": 1.465885e-10,
  "lr": 4.70311313099e-05,
  "n_embd": 20,
  "n_head": 1,
  "n_layer": 4,
  "seed": 1956374595.2040706,
  "weight_decay": 1.004144922e-07
}