{
  "batch_size": 93,
  "beta_1": 0.2562269197693038,
  "beta_2": 0.4031008693326843,
  "block_size": 163,
  "dropout": 0.4466151964070674,
  "epsilon": 5.369225e-10,
  "lr": 0.0273423875463867,
  "n_embd": 20,
  "n_head": 6,
  "n_layer": 5,
  "seed": 1765124843.0219378,
  "weight_decay": 6.05809425198e-05
}