{
  "batch_size": 33.04764308179079,
  "beta_1": 0.8251784180306654,
  "beta_2": 0.8254219894864842,
  "block_size": 86.89022685464266,
  "dropout": 0.2849039348051926,
  "epsilon": 0.000395113014388313,
  "lr": 0.019496004311914367,
  "n_embd": 41.478381761836225,
  "n_head": 6.442072095564696,
  "n_layer": 3.3993564948249975,
  "seed": 1136721869.7272122,
  "weight_decay": 0.0065084041927770675
}