{
  "batch_size": 71.83124996430028,
  "beta_1": 0.5876761185581016,
  "beta_2": 0.3626908211338986,
  "block_size": 356.05725070558833,
  "dropout": 0.2374430710993433,
  "epsilon": 0.0007368760735271549,
  "lr": 0.087622670744805,
  "n_embd": 10.814573510330916,
  "n_head": 6.423641309130043,
  "n_layer": 4.528792757452103,
  "seed": 641629221.7958963,
  "weight_decay": 0.0039769336499325845
}