{
  "batch_size": 78,
  "beta_1": 0.1663430431053084,
  "beta_2": 0.941136818741558,
  "block_size": 248,
  "dropout": 0.1342201343208362,
  "epsilon": 4.716388148e-07,
  "lr": 0.0019184378749493,
  "n_embd": 16,
  "n_head": 5,
  "n_layer": 6,
  "seed": 71371766.79189515,
  "weight_decay": 7.190008362e-07
}