{
  "batch_size": 59.69009954027903,
  "beta_1": 0.317248797869318,
  "beta_2": 0.6095174588796662,
  "block_size": 102.41594002388017,
  "dropout": 0.16767698213803373,
  "epsilon": 0.00011528291536528891,
  "lr": 0.09012078184541412,
  "n_embd": 19.771113230154537,
  "n_head": 1.6938967176985837,
  "n_layer": 3.695961351935727,
  "seed": 1168662652.6353898,
  "weight_decay": 0.0031891972205449577
}