{
  "batch_size": 61.7203129561106,
  "beta_1": 0.39231950590075937,
  "beta_2": 0.8510305287945955,
  "block_size": 315.1157615219995,
  "dropout": 0.17383850028917414,
  "epsilon": 0.0006986891321695784,
  "lr": 0.02824105466620235,
  "n_embd": 50.426731188199476,
  "n_head": 1.353678254247148,
  "n_layer": 6.257804832537893,
  "seed": 753400510.6652259,
  "weight_decay": 0.009217303027819174
}