{
  "batch_size": 70,
  "beta_1": 0.5414921002537446,
  "beta_2": 0.1624688331436179,
  "block_size": 120,
  "dropout": 0.4799923541539248,
  "epsilon": 7.43885349e-08,
  "lr": 2.86159721845e-05,
  "n_embd": 13,
  "n_head": 2,
  "n_layer": 5,
  "seed": 1052647213.3254389,
  "weight_decay": 6.21476667769e-05
}