{
  "batch_size": 94.19904569884875,
  "beta_1": 0.9047609560286478,
  "beta_2": 0.9158046167270432,
  "block_size": 168.1856997366014,
  "dropout": 0.1368844201390619,
  "epsilon": 0.0007417024069537761,
  "lr": 0.09498514060571969,
  "n_embd": 13.25868178900283,
  "n_head": 3.7391719983818565,
  "n_layer": 6.919097023867719,
  "seed": 1618896803.0170813,
  "weight_decay": 0.003981613222099441
}