{
  "batch_size": 50.38862294665835,
  "beta_1": 0.5175132631833798,
  "beta_2": 0.3801372727046427,
  "block_size": 281.4631369344452,
  "dropout": 0.26992973156064737,
  "epsilon": 0.000467997768727705,
  "lr": 0.02390246733617997,
  "n_embd": 31.011445994084443,
  "n_head": 3.2045485437827215,
  "n_layer": 3.434226966506271,
  "seed": 1631586593.5770924,
  "weight_decay": 0.006292682599192096
}