{
  "batch_size": 24.227689231577024,
  "beta_1": 0.9498518401095232,
  "beta_2": 0.4602617505814084,
  "block_size": 273.73032150220354,
  "dropout": 0.12979833857654502,
  "epsilon": 0.00029727892726792775,
  "lr": 0.007898524271610316,
  "n_embd": 37.13316881362217,
  "n_head": 6.253322546258656,
  "n_layer": 3.9822372727834896,
  "seed": 1861966019.234192,
  "weight_decay": 0.001801698866803283
}