{
  "batch_size": 93,
  "beta_1": 0.2686184297529886,
  "beta_2": 0.9334790708000514,
  "block_size": 67,
  "dropout": 0.432209965422281,
  "epsilon": 1.4684427072e-06,
  "lr": 0.0006464420636358,
  "n_embd": 35,
  "n_head": 2,
  "n_layer": 1,
  "seed": 2035236013.3322136,
  "weight_decay": 1.164892893e-07
}