{
  "batch_size": 91.76187983681947,
  "beta_1": 0.6393649971300327,
  "beta_2": 0.8880477251177689,
  "block_size": 195.99948515263267,
  "dropout": 0.31612571151843594,
  "epsilon": 2.9301903160708452e-05,
  "lr": 0.07881408520376451,
  "n_embd": 16.807931723147014,
  "n_head": 5.389695777927455,
  "n_layer": 4.894985667853944,
  "seed": 1539826716.8633022,
  "weight_decay": 0.004724846391510908
}