{
  "batch_size": 76,
  "beta_1": 0.9060639765319914,
  "beta_2": 0.5245405035961591,
  "block_size": 364,
  "dropout": 0.122719270960594,
  "epsilon": 2.626357e-10,
  "lr": 0.006862534413683,
  "n_embd": 29,
  "n_head": 4,
  "n_layer": 4,
  "seed": 965168444.7511361,
  "weight_decay": 4.295488641e-07
}