{
  "batch_size": 51.61725250129941,
  "beta_1": 0.1844102667208578,
  "beta_2": 0.3894500498022355,
  "block_size": 213.7477695282644,
  "dropout": 0.38301942147817025,
  "epsilon": 0.000876716060211206,
  "lr": 0.05669874849783009,
  "n_embd": 31.75732257931819,
  "n_head": 6.705348180770475,
  "n_layer": 2.2347141241357527,
  "seed": 2053671455.091843,
  "weight_decay": 0.009444227811478089
}