{
  "batch_size": 39,
  "beta_1": 0.516399688803945,
  "beta_2": 0.5966333471495154,
  "block_size": 133,
  "dropout": 0.0359742845770175,
  "epsilon": 1.3600864490575563e-08,
  "lr": 0.0001273149949065147,
  "n_embd": 27,
  "n_head": 4,
  "n_layer": 3,
  "seed": 46736697,
  "weight_decay": 2.3480620875970417e-07
}