{
  "batch_size": 42.03696009879265,
  "beta_1": 0.9819109515843508,
  "beta_2": 0.5650207499794258,
  "block_size": 110.13402572136376,
  "dropout": 0.4684719355175154,
  "epsilon": 0.0005875645333116035,
  "lr": 0.0793455643910114,
  "n_embd": 43.930550749087594,
  "n_head": 5.882114255678707,
  "n_layer": 4.6444007682755695,
  "seed": 191983177.12528536,
  "weight_decay": 0.0009688284100693235
}