{
  "batch_size": 45,
  "beta_1": 0.8487660339147822,
  "beta_2": 0.7643474904091919,
  "block_size": 86,
  "dropout": 0.1790366284461292,
  "epsilon": 2.6124404e-09,
  "lr": 0.0014302647043335,
  "n_embd": 12,
  "n_head": 5,
  "n_layer": 2,
  "seed": 1704608261.7310011,
  "weight_decay": 3.54279661e-08
}