{
  "batch_size": 21,
  "beta_1": 0.3695095557327587,
  "beta_2": 0.5856094229722244,
  "block_size": 252,
  "dropout": 0.15776399842656025,
  "epsilon": 8.436602419575407e-09,
  "lr": 0.00013436853139358853,
  "n_embd": 10,
  "n_head": 1,
  "n_layer": 4,
  "seed": 1593240608,
  "weight_decay": 3.032063100259302e-06
}