{
  "batch_size": 86,
  "beta_1": 0.6652838508698168,
  "beta_2": 0.8525838823620249,
  "block_size": 91,
  "dropout": 0.463000668692273,
  "epsilon": 0.0003696359080354,
  "lr": 0.0046060438500146,
  "n_embd": 35,
  "n_head": 5,
  "n_layer": 4,
  "seed": 107350952.71086101,
  "weight_decay": 3.45479028163e-05
}