{
  "batch_size": 49.800745284518484,
  "beta_1": 0.9519773837227036,
  "beta_2": 0.7568610171112297,
  "block_size": 175.4506223604297,
  "dropout": 0.2565221389046767,
  "epsilon": 0.00024372317602628897,
  "lr": 0.05402577912975979,
  "n_embd": 23.30819817280531,
  "n_head": 5.4287297938753785,
  "n_layer": 4.106228736941711,
  "seed": 593872869.6411345,
  "weight_decay": 0.003978245316415679
}