{
  "batch_size": 78,
  "beta_1": 0.9529121613917616,
  "beta_2": 0.2669634135796405,
  "block_size": 174,
  "dropout": 0.30294587435207354,
  "epsilon": 8.018667219655695e-08,
  "lr": 7.988343640022396e-05,
  "n_embd": 30,
  "n_head": 4,
  "n_layer": 2,
  "seed": 1817196996,
  "weight_decay": 1.997643739149765e-05
}