{
  "batch_size": 52,
  "beta_1": 0.2291694501162822,
  "beta_2": 0.920686393092734,
  "block_size": 236,
  "dropout": 0.2045553454212846,
  "epsilon": 9.4756037e-09,
  "lr": 0.0024671752980195,
  "n_embd": 15,
  "n_head": 3,
  "n_layer": 4,
  "seed": 692464542.3295755,
  "weight_decay": 1.555848475e-07
}