{
  "batch_size": 48,
  "beta_1": 0.9527653420043815,
  "beta_2": 0.5870602135340542,
  "block_size": 242,
  "dropout": 0.5519533668892381,
  "epsilon": 1.0473117016800916e-08,
  "lr": 4.990904810183463e-05,
  "n_embd": 29,
  "n_head": 2,
  "n_layer": 2,
  "seed": 1705805858,
  "weight_decay": 8.705952336919287e-08
}