{
  "batch_size": 75.74915119248922,
  "beta_1": 0.5244244797019537,
  "beta_2": 0.60084129610445,
  "block_size": 185.74809901436277,
  "dropout": 0.46187780222745445,
  "epsilon": 0.00011018019708533895,
  "lr": 0.06906658629988964,
  "n_embd": 23.592534297623104,
  "n_head": 6.87980530227938,
  "n_layer": 6.868863853594473,
  "seed": 1196295973.6433544,
  "weight_decay": 0.007712245655586245
}