{
  "batch_size": 18,
  "beta_1": 0.7297304660196313,
  "beta_2": 0.8908294883995298,
  "block_size": 280,
  "dropout": 0.1451057215430024,
  "epsilon": 2.170669709e-07,
  "lr": 0.0004631825787998,
  "n_embd": 39,
  "n_head": 4,
  "n_layer": 4,
  "seed": 325264724.5034844,
  "weight_decay": 0.0084238549899366
}