{
  "batch_size": 74,
  "beta_1": 0.2639803142925332,
  "beta_2": 0.46605471806544074,
  "block_size": 239,
  "dropout": 0.24048589756629501,
  "epsilon": 0.000550164463401535,
  "lr": 0.03855502465533208,
  "n_embd": 51,
  "n_head": 5,
  "n_layer": 3,
  "seed": 445038200,
  "weight_decay": 0.00044443888286709753
}