{
  "batch_size": 62.24035765334653,
  "beta_1": 0.18576767597047045,
  "beta_2": 0.6843567291783206,
  "block_size": 158.76831080885108,
  "dropout": 0.28366719139349394,
  "epsilon": 0.00040684090326599683,
  "lr": 0.011361666981405335,
  "n_embd": 7.727489285725945,
  "n_head": 3.1952447697993254,
  "n_layer": 1.9732244734338127,
  "seed": 1078082756.6646006,
  "weight_decay": 0.00991542085050127
}