{
  "batch_size": 37.9299195438993,
  "beta_1": 0.17397755723863145,
  "beta_2": 0.16681203923742435,
  "block_size": 365.3017246380416,
  "dropout": 0.2354167475361386,
  "epsilon": 0.0007275528280611518,
  "lr": 0.08963886186269633,
  "n_embd": 13.470155863417231,
  "n_head": 4.934204063011568,
  "n_layer": 5.074560638810269,
  "seed": 1672197668.4959662,
  "weight_decay": 0.003142494820536219
}