{
  "batch_size": 93,
  "beta_1": 0.856446977486406,
  "beta_2": 0.8381288394574492,
  "block_size": 374,
  "dropout": 0.11080815739289385,
  "epsilon": 0.00014884947851942403,
  "lr": 0.0004413683403566554,
  "n_embd": 42,
  "n_head": 1,
  "n_layer": 3,
  "seed": 400826042,
  "weight_decay": 5.656609826532023e-06
}