{
  "batch_size": 58,
  "beta_1": 0.47127590127517194,
  "beta_2": 0.40625036105252843,
  "block_size": 293,
  "dropout": 0.13116215800113193,
  "epsilon": 3.500585234048879e-06,
  "lr": 0.000662805527431407,
  "n_embd": 0,
  "n_head": 2,
  "n_layer": 5,
  "seed": 1354813795,
  "weight_decay": 4.788257929927829e-05
}