{
  "batch_size": 70,
  "beta_1": 0.3116136785320055,
  "beta_2": 0.33556749079368164,
  "block_size": 98,
  "dropout": 0.22479075914948324,
  "epsilon": 4.0835416807098246e-10,
  "lr": 0.0003372308070549299,
  "n_embd": 26,
  "n_head": 4,
  "n_layer": 1,
  "seed": 1963669163,
  "weight_decay": 4.2793391591159397e-07
}