{
  "batch_size": 57,
  "beta_1": 0.5908056922390612,
  "beta_2": 0.36681364117170556,
  "block_size": 81,
  "dropout": 0.31368270024122746,
  "epsilon": 3.7118294880260487e-07,
  "lr": 0.003513040522940979,
  "n_embd": 5,
  "n_head": 3,
  "n_layer": 6,
  "seed": 189226240,
  "weight_decay": 9.747037446593445e-08
}