{
  "batch_size": 54.83869526103344,
  "beta_1": 0.3779800699881045,
  "beta_2": 0.25847299640609356,
  "block_size": 75.50850503883971,
  "dropout": 0.20362674231834388,
  "epsilon": 0.0007998393756634386,
  "lr": 0.03150477004212894,
  "n_embd": 22.247118993886826,
  "n_head": 4.097781391105034,
  "n_layer": 1.948146047807978,
  "seed": 1812176344.5731354,
  "weight_decay": 0.008638630589794692
}