{
  "batch_size": 52,
  "beta_1": 0.8399497674700267,
  "beta_2": 0.7199975418940393,
  "block_size": 65,
  "dropout": 0.2561647853017811,
  "epsilon": 7.514424952739999e-05,
  "lr": 1.1979557430900731e-05,
  "n_embd": 29,
  "n_head": 3,
  "n_layer": 6,
  "seed": 1054986987,
  "weight_decay": 4.0888387329782744e-07
}