{
  "batch_size": 50,
  "beta_1": 0.6031462997928323,
  "beta_2": 0.7770009795795839,
  "block_size": 374,
  "dropout": 0.13057074463764928,
  "epsilon": 6.391943064864104e-08,
  "lr": 0.002013072300011655,
  "n_embd": 37,
  "n_head": 6,
  "n_layer": 1,
  "seed": 1954767006,
  "weight_decay": 0.0018691714163271522
}