{
  "batch_size": 88,
  "beta_1": 0.5564543677261388,
  "beta_2": 0.14488934372672344,
  "block_size": 193,
  "dropout": 0.3318240340510363,
  "epsilon": 1.524163859445643e-05,
  "lr": 4.266375978420676e-05,
  "n_embd": 13,
  "n_head": 5,
  "n_layer": 2,
  "seed": 1699284216,
  "weight_decay": 0.001120306459602823
}