{
  "batch_size": 43.96433827864128,
  "beta_1": 0.18383170851980096,
  "beta_2": 0.4898232604994057,
  "block_size": 250.01249949949224,
  "dropout": 0.2992802626136704,
  "epsilon": 0.0003689948998137908,
  "lr": 0.07303150727198288,
  "n_embd": 28.22863405569926,
  "n_head": 4.084757923724023,
  "n_layer": 5.335902529322415,
  "seed": 2010269713.8162575,
  "weight_decay": 0.0003202690076359624
}