{
  "batch_size": 58,
  "beta_1": 0.356227322826327,
  "beta_2": 0.9878226484532102,
  "block_size": 383,
  "dropout": 0.2351398582027246,
  "epsilon": 5.449012279e-07,
  "lr": 0.000286635583721,
  "n_embd": 14,
  "n_head": 4,
  "n_layer": 2,
  "seed": 1615602026.7825773,
  "weight_decay": 1.774313327e-07
}