{
  "batch_size": 89,
  "beta_1": 0.39308650725632377,
  "beta_2": 0.9604397383706731,
  "block_size": 204,
  "dropout": 0.24225842457014762,
  "epsilon": 0.00017047366392909454,
  "lr": 0.0036418389842232625,
  "n_embd": 15,
  "n_head": 6,
  "n_layer": 2,
  "seed": 899664619,
  "weight_decay": 0.00036935448381138686
}