{
  "batch_size": 32.748517864370584,
  "beta_1": 0.22131301463064784,
  "beta_2": 0.47396252479437995,
  "block_size": 121.36751145016913,
  "dropout": 0.30946678154808693,
  "epsilon": 0.0008644477786002536,
  "lr": 0.08788684443172043,
  "n_embd": 34.59360554456641,
  "n_head": 1.4485278831024757,
  "n_layer": 6.762073829118879,
  "seed": 1503005563.9576652,
  "weight_decay": 0.0034167513391204305
}