{
  "batch_size": 64,
  "beta_1": 0.1928568736327847,
  "beta_2": 0.9771611100452517,
  "block_size": 288,
  "dropout": 0.2733933463536776,
  "epsilon": 4.543039683077812e-08,
  "lr": 0.02233550669138946,
  "n_embd": 48,
  "n_head": 6,
  "n_layer": 1,
  "seed": 152566175,
  "weight_decay": 1.4630376958538198e-08
}