{
  "batch_size": 25.761415561777667,
  "beta_1": 0.2362303602686799,
  "beta_2": 0.6376974430845523,
  "block_size": 261.2329536779549,
  "dropout": 0.4531830822455908,
  "epsilon": 0.0004775603448030693,
  "lr": 0.028021416310974837,
  "n_embd": 1.3104443363619882,
  "n_head": 6.443869058113016,
  "n_layer": 6.61347463442494,
  "seed": 1687710849.5987515,
  "weight_decay": 0.003975634842989405
}