{
  "batch_size": 25,
  "beta_1": 0.378068305232807,
  "beta_2": 0.514172790903683,
  "block_size": 96,
  "dropout": 0.1341928298560011,
  "epsilon": 0.0001604235103458212,
  "lr": 0.00020903835544581974,
  "n_embd": 41,
  "n_head": 6,
  "n_layer": 2,
  "seed": 981486121,
  "weight_decay": 0.00030567671839474154
}