{
  "batch_size": 61,
  "beta_1": 0.6578307142650109,
  "beta_2": 0.6680566918193525,
  "block_size": 326,
  "dropout": 0.3787622256400671,
  "epsilon": 2.404588e-10,
  "lr": 0.0035699380245028,
  "n_embd": 47,
  "n_head": 3,
  "n_layer": 1,
  "seed": 1653973118.1121917,
  "weight_decay": 0.0002810671121094
}