{
  "batch_size": 58,
  "beta_1": 0.10304613769766187,
  "beta_2": 0.8261595680207371,
  "block_size": 201,
  "dropout": 0.27490547438660784,
  "epsilon": 0.0001897909509637676,
  "lr": 0.0007971791911532617,
  "n_embd": 38,
  "n_head": 6,
  "n_layer": 6,
  "seed": 713108275,
  "weight_decay": 5.8736588168200235e-05
}