{
  "batch_size": 68.47396728245056,
  "beta_1": 0.9129713059692969,
  "beta_2": 0.11797028959702896,
  "block_size": 118.38106888402791,
  "dropout": 0.46727436003209677,
  "epsilon": 0.0007544637855514449,
  "lr": 0.030628427624039896,
  "n_embd": 50.5995210214156,
  "n_head": 2.949336524348243,
  "n_layer": 3.027348584830592,
  "seed": 624324316.3653377,
  "weight_decay": 0.007509922288942546
}