{
  "batch_size": 44.493269882108905,
  "beta_1": 0.12926277524520768,
  "beta_2": 0.10999006038380035,
  "block_size": 292.3570176012191,
  "dropout": 0.3303196296734524,
  "epsilon": 0.0009068506067107365,
  "lr": 0.06510514651721487,
  "n_embd": 27.115493634079044,
  "n_head": 6.376241341082453,
  "n_layer": 2.907353995374458,
  "seed": 1174497375.859632,
  "weight_decay": 0.004860721800813131
}