{
  "batch_size": 50.54577079987832,
  "beta_1": 0.6837876883964428,
  "beta_2": 0.9331278839975812,
  "block_size": 178.5019367902084,
  "dropout": 0.47822838105028065,
  "epsilon": 0.000320924585502106,
  "lr": 0.052358287273464796,
  "n_embd": 18.372357479071102,
  "n_head": 3.7171694880691595,
  "n_layer": 5.4370655675826045,
  "seed": 245752119.57470092,
  "weight_decay": 0.002267947525163953
}