{
  "batch_size": 30,
  "beta_1": 0.8714567349518736,
  "beta_2": 0.7803028959943753,
  "block_size": 70,
  "dropout": 0.1414406854948327,
  "epsilon": 0.0004769992417449,
  "lr": 0.0036192799032621,
  "n_embd": 21,
  "n_head": 4,
  "n_layer": 6,
  "seed": 1899807351.6726239,
  "weight_decay": 3.1600338228e-06
}