{
  "batch_size": 56.83669377011582,
  "beta_1": 0.5800312569393812,
  "beta_2": 0.9634885735198686,
  "block_size": 114.75846203682511,
  "dropout": 0.3656460718903821,
  "epsilon": 5.7661298211809775e-05,
  "lr": 0.04109580715556283,
  "n_embd": 28.348071243284963,
  "n_head": 2.1515966917547287,
  "n_layer": 5.005105522786672,
  "seed": 1483262720.1122358,
  "weight_decay": 0.007833326899285944
}