{
  "batch_size": 79.20913045434753,
  "beta_1": 0.25040115245440153,
  "beta_2": 0.7085483523077553,
  "block_size": 276.07246805144223,
  "dropout": 0.4633684396686788,
  "epsilon": 0.000659888552591638,
  "lr": 0.056010066568960216,
  "n_embd": 33.43093145237005,
  "n_head": 5.010032495759194,
  "n_layer": 2.7752219701330203,
  "seed": 1586752812.5746546,
  "weight_decay": 0.007473967978349265
}