{
  "batch_size": 35,
  "beta_1": 0.2509319155525754,
  "beta_2": 0.7784118491307451,
  "block_size": 373,
  "dropout": 0.1668609501881064,
  "epsilon": 3.7098573e-09,
  "lr": 6.10540811573e-05,
  "n_embd": 14,
  "n_head": 2,
  "n_layer": 3,
  "seed": 56602841.2333516,
  "weight_decay": 1.8049585268e-06
}