{
  "batch_size": 71.65663272988837,
  "beta_1": 0.3201594323880811,
  "beta_2": 0.11229544627355979,
  "block_size": 269.4950323729131,
  "dropout": 0.4178740575471688,
  "epsilon": 0.0002748990096322248,
  "lr": 0.04365875400885514,
  "n_embd": 24.280755825311836,
  "n_head": 3.882613641210098,
  "n_layer": 4.108549249689439,
  "seed": 1429681666.727784,
  "weight_decay": 0.006261507410906005
}