{
  "batch_size": 75.05333320394203,
  "beta_1": 0.3199184462573246,
  "beta_2": 0.24157515370263521,
  "block_size": 287.33055134433414,
  "dropout": 0.40564955502728883,
  "epsilon": 0.00028618786869417776,
  "lr": 0.004378921307156977,
  "n_embd": 30.138461863484576,
  "n_head": 4.835609473775282,
  "n_layer": 6.7389594945745666,
  "seed": 1288351290.0007272,
  "weight_decay": 0.009962066113881365
}