{
  "batch_size": 51.44747434260131,
  "beta_1": 0.15483458485503684,
  "beta_2": 0.9861109285256383,
  "block_size": 148.76114254294592,
  "dropout": 0.2956850177756932,
  "epsilon": 0.0007150842789725279,
  "lr": 0.0993902844614656,
  "n_embd": 10.812386237095813,
  "n_head": 2.537003829678963,
  "n_layer": 3.539337699239036,
  "seed": 2131625752.3268614,
  "weight_decay": 0.00574832096113233
}