{
  "batch_size": 40,
  "beta_1": 0.5571661351559962,
  "beta_2": 0.522603093542006,
  "block_size": 72,
  "dropout": 0.2420344727359176,
  "epsilon": 1.072551e-10,
  "lr": 8.5523913915e-06,
  "n_embd": 8,
  "n_head": 5,
  "n_layer": 5,
  "seed": 1520252247.510442,
  "weight_decay": 1.929161913e-06
}