{
  "batch_size": 84.36586648772031,
  "beta_1": 0.9394112386736633,
  "beta_2": 0.6017161283577036,
  "block_size": 104.87051383875439,
  "dropout": 0.3195848307966983,
  "epsilon": 0.0008347200394464759,
  "lr": 0.019457189980505194,
  "n_embd": 35.764915103065256,
  "n_head": 4.552536447193979,
  "n_layer": 2.4385354263703656,
  "seed": 2136428088.8964615,
  "weight_decay": 0.007876922738445365
}