{
  "batch_size": 32.27284633632813,
  "beta_1": 0.5995910882966305,
  "beta_2": 0.829983472680316,
  "block_size": 208.6995247702483,
  "dropout": 0.23812426410677834,
  "epsilon": 0.00010203534571863918,
  "lr": 0.08523907883514102,
  "n_embd": 18.3127670295931,
  "n_head": 3.5352423136367324,
  "n_layer": 1.9884017587940062,
  "seed": 2009411134.6111958,
  "weight_decay": 0.00926731799990152
}