{
  "batch_size": 90,
  "beta_1": 0.5485608371169899,
  "beta_2": 0.19492003461865703,
  "block_size": 328,
  "dropout": 0.15162218951664821,
  "epsilon": 2.0676848828887664e-08,
  "lr": 1.6493225329188508e-05,
  "n_embd": 14,
  "n_head": 6,
  "n_layer": 1,
  "seed": 330966587,
  "weight_decay": 3.5729249512130293e-06
}