{
  "batch_size": 56,
  "beta_1": 0.2406956087948557,
  "beta_2": 0.9916206142878952,
  "block_size": 198,
  "dropout": 0.1789462195294178,
  "epsilon": 9.988724e-09,
  "lr": 0.0003782695948716,
  "n_embd": 19,
  "n_head": 5,
  "n_layer": 2,
  "seed": 624261362.693145,
  "weight_decay": 2.79018395e-08
}