{
  "batch_size": 45.29818135032089,
  "beta_1": 0.3912197983029755,
  "beta_2": 0.8513847143627494,
  "block_size": 313.14709560642325,
  "dropout": 0.32197954699066456,
  "epsilon": 0.00012713770029183826,
  "lr": 0.06949712410802483,
  "n_embd": 27.013367449533533,
  "n_head": 6.410026533778057,
  "n_layer": 6.946282355967265,
  "seed": 604495248.4330475,
  "weight_decay": 0.004764932682861924
}