{
  "batch_size": 92,
  "beta_1": 0.7243737238730539,
  "beta_2": 0.320133854831843,
  "block_size": 328,
  "dropout": 0.16567486261233053,
  "epsilon": 2.3756283775190745e-08,
  "lr": 3.628509572421472e-05,
  "n_embd": 14,
  "n_head": 6,
  "n_layer": 1,
  "seed": 330966587,
  "weight_decay": 6.431264912183453e-06
}