{
  "batch_size": 66,
  "beta_1": 0.7575292296990284,
  "beta_2": 0.6346433709047093,
  "block_size": 101,
  "dropout": 0.3006737636813802,
  "epsilon": 1.10552103e-08,
  "lr": 0.0006373785168856,
  "n_embd": 22,
  "n_head": 2,
  "n_layer": 6,
  "seed": 1898882965.46236,
  "weight_decay": 2.583643687e-07
}