{
  "batch_size": 47,
  "beta_1": 0.872077420969694,
  "beta_2": 0.948298053044906,
  "block_size": 67,
  "dropout": 0.4309306226539973,
  "epsilon": 1.8556020946630714e-09,
  "lr": 0.0024943211845313536,
  "n_embd": 22,
  "n_head": 1,
  "n_layer": 5,
  "seed": 1792982670,
  "weight_decay": 3.399215118404334e-07
}