{
  "batch_size": 27,
  "beta_1": 0.4761407968393715,
  "beta_2": 0.38318264073059793,
  "block_size": 87,
  "dropout": 0.21632708440148135,
  "epsilon": 0.00011189705901034865,
  "lr": 0.0001217705512943851,
  "n_embd": 13,
  "n_head": 5,
  "n_layer": 5,
  "seed": 68626505,
  "weight_decay": 2.8201590500374368e-06
}