{
  "batch_size": 70.66497127618824,
  "beta_1": 0.10821282344921146,
  "beta_2": 0.741633865872463,
  "block_size": 358.63594285731364,
  "dropout": 0.432204790764676,
  "epsilon": 0.00029650060558497095,
  "lr": 0.004824402924193896,
  "n_embd": 1.503328157507549,
  "n_head": 2.4782038163977314,
  "n_layer": 4.129532690060929,
  "seed": 2098347970.157703,
  "weight_decay": 0.003519144805919242
}