{
  "batch_size": 43,
  "beta_1": 0.4177798080164948,
  "beta_2": 0.7407875584268543,
  "block_size": 192,
  "dropout": 0.1246460607918824,
  "epsilon": 1.009897e-10,
  "lr": 0.0004996493569462,
  "n_embd": 42,
  "n_head": 4,
  "n_layer": 4,
  "seed": 695211366.5349878,
  "weight_decay": 0.0003470180946596
}