{
  "batch_size": 76,
  "beta_1": 0.7652376531643634,
  "beta_2": 0.6285017756880656,
  "block_size": 229,
  "dropout": 0.36026813561893534,
  "epsilon": 1.5280537508698082e-06,
  "lr": 0.00027816975079817156,
  "n_embd": 37,
  "n_head": 5,
  "n_layer": 5,
  "seed": 1159504132,
  "weight_decay": 4.227611070734402e-08
}