{
  "batch_size": 22.028122093904578,
  "beta_1": 0.7893980640793514,
  "beta_2": 0.8137397920935477,
  "block_size": 259.4817742072114,
  "dropout": 0.4807980285257487,
  "epsilon": 0.00027550509371034504,
  "lr": 0.09237834517993632,
  "n_embd": 1.4685246872880233,
  "n_head": 4.299542069884067,
  "n_layer": 1.6207156636035482,
  "seed": 1856530139.3205671,
  "weight_decay": 0.00479460269624111
}