{
  "batch_size": 65.43900439539082,
  "beta_1": 0.2318152327119464,
  "beta_2": 0.496196264334815,
  "block_size": 265.4844904822787,
  "dropout": 0.3465611609550576,
  "epsilon": 0.0008528684395380479,
  "lr": 0.02317981974521358,
  "n_embd": 22.02903721383183,
  "n_head": 5.620615577474174,
  "n_layer": 4.21424519440085,
  "seed": 141872596.610966,
  "weight_decay": 0.004529456438161023
}