{
  "batch_size": 81.06142160736111,
  "beta_1": 0.9015922753989325,
  "beta_2": 0.7064411503598248,
  "block_size": 246.4835840473762,
  "dropout": 0.3732713409162448,
  "epsilon": 0.0004931615540248969,
  "lr": 0.016018854933960776,
  "n_embd": 42.78775617121715,
  "n_head": 3.152313683142943,
  "n_layer": 2.852061851607453,
  "seed": 1429722083.8832524,
  "weight_decay": 0.008324400804369234
}