{
  "batch_size": 89,
  "beta_1": 0.5946572137092734,
  "beta_2": 0.6630453994842818,
  "block_size": 350,
  "dropout": 0.1274801856703774,
  "epsilon": 2.0849730464e-06,
  "lr": 7.1757607093e-06,
  "n_embd": 28,
  "n_head": 2,
  "n_layer": 6,
  "seed": 2105401346.8967159,
  "weight_decay": 1.0808270272e-06
}