{
  "batch_size": 84.43677493227564,
  "beta_1": 0.11567899838286468,
  "beta_2": 0.5018958774428426,
  "block_size": 154.09495907063308,
  "dropout": 0.41115363870808863,
  "epsilon": 0.0006224815109105666,
  "lr": 0.09887219493761353,
  "n_embd": 16.598433199467493,
  "n_head": 5.544703442279266,
  "n_layer": 4.183086661816676,
  "seed": 1020514481.2550648,
  "weight_decay": 0.0068743557485098925
}