{
  "batch_size": 34,
  "beta_1": 0.2434335256674138,
  "beta_2": 0.1969607540522473,
  "block_size": 93,
  "dropout": 0.1569038337424036,
  "epsilon": 1.1540875e-09,
  "lr": 0.0023496842840637,
  "n_embd": 9,
  "n_head": 2,
  "n_layer": 6,
  "seed": 1875640908.9977465,
  "weight_decay": 5.65124186e-08
}