{
  "batch_size": 62,
  "beta_1": 0.7005725219094118,
  "beta_2": 0.5510283415918554,
  "block_size": 207,
  "dropout": 0.20280365207638362,
  "epsilon": 3.201070656002279e-10,
  "lr": 2.4353650274470232e-05,
  "n_embd": 38,
  "n_head": 4,
  "n_layer": 4,
  "seed": 1517098975,
  "weight_decay": 5.643535539119999e-08
}