{
  "batch_size": 94,
  "beta_1": 0.2084121995608766,
  "beta_2": 0.942611884073188,
  "block_size": 336,
  "dropout": 0.1299101305386092,
  "epsilon": 2.004987284e-07,
  "lr": 0.0048672582752684,
  "n_embd": 22,
  "n_head": 4,
  "n_layer": 4,
  "seed": 1985721357.951338,
  "weight_decay": 0.0082538623951903
}