{
  "batch_size": 71.51702037252605,
  "beta_1": 0.5373864317747304,
  "beta_2": 0.13474510777457224,
  "block_size": 348.60099788139973,
  "dropout": 0.12600070733888039,
  "epsilon": 9.142095242562651e-05,
  "lr": 0.09926788865355825,
  "n_embd": 14.805458542481626,
  "n_head": 1.2451441674093497,
  "n_layer": 4.286871850538434,
  "seed": 2002471040.1206825,
  "weight_decay": 0.007108682644542616
}