{
  "batch_size": 57,
  "beta_1": 0.3317049782957161,
  "beta_2": 0.2008891423079289,
  "block_size": 250,
  "dropout": 0.1612784987869518,
  "epsilon": 1.9137281e-09,
  "lr": 0.000326718871244,
  "n_embd": 50,
  "n_head": 2,
  "n_layer": 3,
  "seed": 1548783505.6231773,
  "weight_decay": 5.612420334e-07
}