{
  "batch_size": 18,
  "beta_1": 0.20188120923163835,
  "beta_2": 0.25456621480842134,
  "block_size": 374,
  "dropout": 0.06896956114562325,
  "epsilon": 8.269415473301335e-05,
  "lr": 4.5743195486037384e-05,
  "n_embd": 42,
  "n_head": 1,
  "n_layer": 3,
  "seed": 400826042,
  "weight_decay": 9.427683044220039e-06
}