{
  "batch_size": 48.40024114844541,
  "beta_1": 0.2934361976058686,
  "beta_2": 0.36761495104717734,
  "block_size": 239.04450309484122,
  "dropout": 0.323813911557876,
  "epsilon": 2.522041289573938e-05,
  "lr": 0.09105033511672819,
  "n_embd": 30.846090596322377,
  "n_head": 6.175165747618611,
  "n_layer": 3.882466079207678,
  "seed": 1486702017.9641483,
  "weight_decay": 0.0018374467038550265
}