{
  "batch_size": 77.50606483251428,
  "beta_1": 0.9501460215635077,
  "beta_2": 0.8442514917984301,
  "block_size": 218.44067366512346,
  "dropout": 0.33488826933055404,
  "epsilon": 0.00039622539741828323,
  "lr": 0.03796200654654122,
  "n_embd": 8.944551428587065,
  "n_head": 3.939085040202996,
  "n_layer": 1.3945141171307094,
  "seed": 1347525575.014612,
  "weight_decay": 0.002339136543602199
}