{
  "batch_size": 60,
  "beta_1": 0.9669662440622024,
  "beta_2": 0.8568737913246093,
  "block_size": 359,
  "dropout": 0.3018813968117296,
  "epsilon": 2.68913556516e-05,
  "lr": 2.0231005108e-06,
  "n_embd": 48,
  "n_head": 4,
  "n_layer": 6,
  "seed": 1207995840.7657888,
  "weight_decay": 9.401435859e-07
}