{
  "batch_size": 75.5639864279693,
  "beta_1": 0.9261651714911943,
  "beta_2": 0.7320816963308261,
  "block_size": 374.3383367716928,
  "dropout": 0.39994672583622115,
  "epsilon": 0.0008807720931787836,
  "lr": 0.029808419299750238,
  "n_embd": 13.567883784802179,
  "n_head": 4.965779502746455,
  "n_layer": 4.187247188911508,
  "seed": 223100328.3264008,
  "weight_decay": 0.00916415712654381
}