{
  "batch_size": 85.22339952606303,
  "beta_1": 0.5885420443321578,
  "beta_2": 0.4302727337149116,
  "block_size": 196.11534444241462,
  "dropout": 0.39841032916061103,
  "epsilon": 0.0008355612285105145,
  "lr": 0.05799681947277394,
  "n_embd": 27.367567814968243,
  "n_head": 1.0163852383276657,
  "n_layer": 1.3148212627808329,
  "seed": 624452090.601217,
  "weight_decay": 0.009746902278834508
}