{
  "batch_size": 91,
  "beta_1": 0.1716066334557662,
  "beta_2": 0.3963681654529224,
  "block_size": 262,
  "dropout": 0.4752926544136813,
  "epsilon": 1.54483894e-08,
  "lr": 0.0132431995527717,
  "n_embd": 39,
  "n_head": 1,
  "n_layer": 2,
  "seed": 1423844749.1522682,
  "weight_decay": 3.737854107e-07
}