{
  "batch_size": 28.813331941923337,
  "beta_1": 0.576876483801828,
  "beta_2": 0.7507330324080228,
  "block_size": 367.2337401581132,
  "dropout": 0.29448635617609537,
  "epsilon": 0.0002296866152126643,
  "lr": 0.07119389913794556,
  "n_embd": 36.659799634522095,
  "n_head": 6.4515202294697005,
  "n_layer": 2.320298585101306,
  "seed": 666511238.519839,
  "weight_decay": 0.002352218508015075
}