{
  "batch_size": 37.02310259211837,
  "beta_1": 0.2888745913107311,
  "beta_2": 0.20025932534073804,
  "block_size": 73.64503051972834,
  "dropout": 0.4518092457933558,
  "epsilon": 0.0006366378059613952,
  "lr": 0.0702801316726428,
  "n_embd": 42.43587644842561,
  "n_head": 6.037707756292917,
  "n_layer": 1.1464825468134736,
  "seed": 1588789103.8166215,
  "weight_decay": 0.007461329978967034
}