{
  "batch_size": 21,
  "beta_1": 0.1343598958585474,
  "beta_2": 0.5996634203945237,
  "block_size": 277,
  "dropout": 0.2549643830030758,
  "epsilon": 1.25581788e-08,
  "lr": 0.0014868629952483,
  "n_embd": 25,
  "n_head": 5,
  "n_layer": 3,
  "seed": 2052018580.2088044,
  "weight_decay": 0.0052909787167426
}