{
  "batch_size": 63,
  "beta_1": 0.4739588506965061,
  "beta_2": 0.2973692264476102,
  "block_size": 229,
  "dropout": 0.36788951258158176,
  "epsilon": 1.853089268236511e-08,
  "lr": 6.3414157304702e-06,
  "n_embd": 37,
  "n_head": 5,
  "n_layer": 5,
  "seed": 1159504132,
  "weight_decay": 1.295075176849692e-05
}