{
  "batch_size": 96.62946958328959,
  "beta_1": 0.766237786721895,
  "beta_2": 0.8583551017856806,
  "block_size": 71.81828948659225,
  "dropout": 0.4787204732873357,
  "epsilon": 6.434911696491362e-05,
  "lr": 0.05453357238345286,
  "n_embd": 42.066747692586425,
  "n_head": 1.2082377433618086,
  "n_layer": 3.19904408399509,
  "seed": 681327228.4817889,
  "weight_decay": 0.004842648805584522
}