{
  "batch_size": 58.55682588158135,
  "beta_1": 0.3594079368923484,
  "beta_2": 0.7714551731026761,
  "block_size": 280.27522103923616,
  "dropout": 0.3153544517430298,
  "epsilon": 0.0006642646564363843,
  "lr": 0.03681876660741439,
  "n_embd": 23.105040766744768,
  "n_head": 1.1454309712161044,
  "n_layer": 2.1963831674284107,
  "seed": 621354662.74042,
  "weight_decay": 0.009654679670983792
}