{
  "batch_size": 77.39148394111885,
  "beta_1": 0.7714525179874572,
  "beta_2": 0.6635700712781615,
  "block_size": 260.73291028654273,
  "dropout": 0.3455533735871317,
  "epsilon": 0.0005968771884982753,
  "lr": 0.040451771182607385,
  "n_embd": 9.075848529951639,
  "n_head": 2.8737033948138087,
  "n_layer": 6.1928720191295445,
  "seed": 624460886.1499467,
  "weight_decay": 0.006009955424065548
}