{
  "batch_size": 79.57115636218663,
  "beta_1": 0.41231782648393145,
  "beta_2": 0.22047125283529037,
  "block_size": 365.35762321277565,
  "dropout": 0.11210067544280095,
  "epsilon": 0.0005447189575579243,
  "lr": 0.0053177114219735205,
  "n_embd": 47.13767677767077,
  "n_head": 1.7901312081992455,
  "n_layer": 5.194088649605986,
  "seed": 1995955875.2223532,
  "weight_decay": 0.0026036288985207905
}