{
  "batch_size": 93,
  "beta_1": 0.9614682790739831,
  "beta_2": 0.2893186642160607,
  "block_size": 364,
  "dropout": 0.1103428343154565,
  "epsilon": 1.4277813551437052e-09,
  "lr": 1.9820412924710343e-06,
  "n_embd": 20,
  "n_head": 1,
  "n_layer": 5,
  "seed": 670873325,
  "weight_decay": 0.0008568446589650312
}