{
  "batch_size": 82.34730521674932,
  "beta_1": 0.4033339322109275,
  "beta_2": 0.15517898241277472,
  "block_size": 328.31886669520003,
  "dropout": 0.364942136849017,
  "epsilon": 6.632678553086526e-05,
  "lr": 0.05492572504667267,
  "n_embd": 37.01596982309147,
  "n_head": 1.5626973092951206,
  "n_layer": 1.885298040974595,
  "seed": 1136630485.795356,
  "weight_decay": 0.008427282051234006
}