{
  "batch_size": 52,
  "beta_1": 0.4467274694156574,
  "beta_2": 0.859076292133635,
  "block_size": 309,
  "dropout": 0.304880806463683,
  "epsilon": 2.479246e-10,
  "lr": 0.0010546804398748,
  "n_embd": 9,
  "n_head": 6,
  "n_layer": 6,
  "seed": 1440711175.6936448,
  "weight_decay": 0.0020549792998727
}