{
  "batch_size": 34,
  "beta_1": 0.7659990235818591,
  "beta_2": 0.1703512787527278,
  "block_size": 108,
  "dropout": 0.2127706164304077,
  "epsilon": 6.872789975891669e-06,
  "lr": 0.0007201015984770548,
  "n_embd": 49,
  "n_head": 1,
  "n_layer": 2,
  "seed": 1496271648,
  "weight_decay": 1.3255810007403897e-07
}