{
  "batch_size": 53,
  "beta_1": 0.7131900382016158,
  "beta_2": 0.76088408076438,
  "block_size": 186,
  "dropout": 0.3793200902517866,
  "epsilon": 4.390447006075027e-09,
  "lr": 0.014543207549989055,
  "n_embd": 51,
  "n_head": 5,
  "n_layer": 2,
  "seed": 295770383,
  "weight_decay": 1.0058761036072537e-08
}