{
  "batch_size": 17,
  "beta_1": 0.4673712250001856,
  "beta_2": 0.6372227123874358,
  "block_size": 67,
  "dropout": 0.3604611213855956,
  "epsilon": 0.0005388978901032,
  "lr": 0.0265931236159592,
  "n_embd": 16,
  "n_head": 1,
  "n_layer": 3,
  "seed": 877607796.0577815,
  "weight_decay": 0.0001255348719898
}