{
  "batch_size": 51,
  "beta_1": 0.342700066630369,
  "beta_2": 0.6486663590717201,
  "block_size": 154,
  "dropout": 0.1185015931748949,
  "epsilon": 1.5591771079030991e-10,
  "lr": 0.0011305048732366085,
  "n_embd": 26,
  "n_head": 5,
  "n_layer": 3,
  "seed": 863766197,
  "weight_decay": 2.6767813800209113e-08
}