{
  "batch_size": 20.68414773407701,
  "beta_1": 0.74188616692517,
  "beta_2": 0.7661170464848469,
  "block_size": 76.92657372047162,
  "dropout": 0.14130625662153282,
  "epsilon": 0.0009262630855720184,
  "lr": 0.06054945113636731,
  "n_embd": 16.003181846278746,
  "n_head": 5.124625163433891,
  "n_layer": 2.7472256880225476,
  "seed": 1421985048.3408427,
  "weight_decay": 0.000856859294557604
}