{
  "batch_size": 30,
  "beta_1": 0.9876475607211206,
  "beta_2": 0.838886431177491,
  "block_size": 235,
  "dropout": 0.1821101303038293,
  "epsilon": 7.556528419e-05,
  "lr": 0.0006328836293036,
  "n_embd": 42,
  "n_head": 3,
  "n_layer": 2,
  "seed": 179566356.6860847,
  "weight_decay": 5.76223233403e-05
}