{
  "batch_size": 87,
  "beta_1": 0.666309486189243,
  "beta_2": 0.7735892653405874,
  "block_size": 270,
  "dropout": 0.46636382652739294,
  "epsilon": 0.0001506848533916472,
  "lr": 0.00011059105093833859,
  "n_embd": 20,
  "n_head": 2,
  "n_layer": 2,
  "seed": 1467621906,
  "weight_decay": 1.0890544617916467e-07
}