{
  "batch_size": 43,
  "beta_1": 0.28918946475925333,
  "beta_2": 0.37142233244306866,
  "block_size": 245,
  "dropout": 0.3945208438703607,
  "epsilon": 2.377754563910114e-06,
  "lr": 0.0002760351998788024,
  "n_embd": 10,
  "n_head": 1,
  "n_layer": 5,
  "seed": 1260446013,
  "weight_decay": 0.002946901493528522
}