{
  "batch_size": 81,
  "beta_1": 0.1758109643376201,
  "beta_2": 0.7815307356176774,
  "block_size": 284,
  "dropout": 0.360613998792529,
  "epsilon": 2.09559587e-08,
  "lr": 0.0109879676255848,
  "n_embd": 5,
  "n_head": 5,
  "n_layer": 4,
  "seed": 329886050.1036804,
  "weight_decay": 1.2054868124e-06
}