{
  "batch_size": 64.35035384873112,
  "beta_1": 0.1594714408409812,
  "beta_2": 0.7637377775405145,
  "block_size": 201.42929555217324,
  "dropout": 0.3556643379199048,
  "epsilon": 0.0006665241962516425,
  "lr": 0.09459083443573793,
  "n_embd": 19.55953464336701,
  "n_head": 2.9530095653066946,
  "n_layer": 1.9323784312039602,
  "seed": 1140512405.3471313,
  "weight_decay": 0.0037614145862655203
}