{
  "batch_size": 89,
  "beta_1": 0.671486372506622,
  "beta_2": 0.1938032895251412,
  "block_size": 192,
  "dropout": 0.021983287435100765,
  "epsilon": 4.521606646978814e-05,
  "lr": 7.609350941851718e-06,
  "n_embd": 13,
  "n_head": 1,
  "n_layer": 4,
  "seed": 2116691318,
  "weight_decay": 8.168177565183815e-05
}