{
  "batch_size": 55.07030823509028,
  "beta_1": 0.916508351779124,
  "beta_2": 0.3340770264270093,
  "block_size": 105.7750507545135,
  "dropout": 0.42538989032529295,
  "epsilon": 0.0006623385379927533,
  "lr": 0.03870369581437294,
  "n_embd": 11.767376578719581,
  "n_head": 1.342469074644225,
  "n_layer": 6.920467998968145,
  "seed": 2124748271.8631022,
  "weight_decay": 0.0016812693687151116
}