{
  "batch_size": 22,
  "beta_1": 0.258005575430679,
  "beta_2": 0.22523573776742625,
  "block_size": 306,
  "dropout": 0.48681767121734076,
  "epsilon": 1.6355231200943631e-06,
  "lr": 0.0008583454118912277,
  "n_embd": 21,
  "n_head": 4,
  "n_layer": 2,
  "seed": 1958188658,
  "weight_decay": 5.0026758863066114e-05
}