{
  "batch_size": 30,
  "beta_1": 0.4087279808815016,
  "beta_2": 0.4012521393847167,
  "block_size": 234,
  "dropout": 0.391400914644683,
  "epsilon": 6.24025184946e-05,
  "lr": 0.0002964147401979,
  "n_embd": 40,
  "n_head": 3,
  "n_layer": 3,
  "seed": 882858186.5621978,
  "weight_decay": 2.120126937e-07
}