{
  "batch_size": 47,
  "beta_1": 0.5966127054413061,
  "beta_2": 0.22489693647724052,
  "block_size": 261,
  "dropout": 0.29406573531754365,
  "epsilon": 3.994358504956864e-05,
  "lr": 0.00019698292649348437,
  "n_embd": 37,
  "n_head": 3,
  "n_layer": 3,
  "seed": 2147069544,
  "weight_decay": 2.6189485406468302e-05
}