{
  "batch_size": 93,
  "beta_1": 0.37863837828194935,
  "beta_2": 0.38118784624610724,
  "block_size": 101,
  "dropout": 0.11181472192141464,
  "epsilon": 1.116395129629337e-06,
  "lr": 3.830985544422579e-06,
  "n_embd": 10,
  "n_head": 3,
  "n_layer": 3,
  "seed": 835331354,
  "weight_decay": 1.587282823361972e-05
}