{
  "batch_size": 34.68443242385547,
  "beta_1": 0.3261383545895043,
  "beta_2": 0.8213214068283794,
  "block_size": 257.7139290754578,
  "dropout": 0.40200265002726565,
  "epsilon": 0.0004050290256783935,
  "lr": 0.09359754775240738,
  "n_embd": 9.077127165311818,
  "n_head": 2.1221565788140406,
  "n_layer": 3.190795589742757,
  "seed": 31687397.61296762,
  "weight_decay": 0.0018936122932095819
}