{
  "batch_size": 56.07623473674518,
  "beta_1": 0.8083610338715684,
  "beta_2": 0.7163055510050952,
  "block_size": 353.87485941814447,
  "dropout": 0.4433384685961378,
  "epsilon": 0.00016098976889482457,
  "lr": 0.015581019464579179,
  "n_embd": 24.14956792746404,
  "n_head": 5.524856327174914,
  "n_layer": 4.185601781020663,
  "seed": 1136597728.9811845,
  "weight_decay": 0.008505610252111672
}