{
  "batch_size": 62,
  "beta_1": 0.6711045656894956,
  "beta_2": 0.9568458163633812,
  "block_size": 249,
  "dropout": 0.3469735456076624,
  "epsilon": 0.000638809625254,
  "lr": 0.0186068491025716,
  "n_embd": 0,
  "n_head": 4,
  "n_layer": 5,
  "seed": 1905947513.8753881,
  "weight_decay": 0.00120532816983
}