{
  "batch_size": 19,
  "beta_1": 0.8570394833794244,
  "beta_2": 0.9254425617583144,
  "block_size": 154,
  "dropout": 0.3921599764903344,
  "epsilon": 8.769614252252232e-08,
  "lr": 0.00010099788246126833,
  "n_embd": 23,
  "n_head": 1,
  "n_layer": 5,
  "seed": 247802305,
  "weight_decay": 9.646794958168361e-08
}