{
  "batch_size": 52,
  "beta_1": 0.20077905002903929,
  "beta_2": 0.12662314132858268,
  "block_size": 209,
  "dropout": 0.43455964339125785,
  "epsilon": 2.517949598796663e-06,
  "lr": 6.086092769406931e-05,
  "n_embd": 5,
  "n_head": 6,
  "n_layer": 1,
  "seed": 157515783,
  "weight_decay": 1.7715439748336328e-07
}