{
  "batch_size": 39,
  "beta_1": 0.7403427295883362,
  "beta_2": 0.8986557763321478,
  "block_size": 370,
  "dropout": 0.1840739745258332,
  "epsilon": 3.0798605321972206e-07,
  "lr": 0.014398982336106056,
  "n_embd": 8,
  "n_head": 4,
  "n_layer": 5,
  "seed": 1764432448,
  "weight_decay": 9.124967679684506e-05
}