{
  "batch_size": 23.58945914767775,
  "beta_1": 0.6840196003700205,
  "beta_2": 0.6298399940220499,
  "block_size": 186.83626633180882,
  "dropout": 0.2984586572856574,
  "epsilon": 0.00048127197139569676,
  "lr": 0.04414774745627708,
  "n_embd": 31.237130923130064,
  "n_head": 6.114809034443865,
  "n_layer": 4.171203903985757,
  "seed": 91306813.49406633,
  "weight_decay": 0.0065665602983204395
}