{
  "batch_size": 16.60202783775187,
  "beta_1": 0.8013218800303452,
  "beta_2": 0.5889788166287955,
  "block_size": 166.31624816546002,
  "dropout": 0.24698161589596365,
  "epsilon": 0.0002457505449343554,
  "lr": 0.028995781354576703,
  "n_embd": 6.7077598258149065,
  "n_head": 1.16391865458913,
  "n_layer": 4.492504770836547,
  "seed": 1054624609.068175,
  "weight_decay": 0.00576779777586819
}