{
  "batch_size": 19,
  "beta_1": 0.8008530241368659,
  "beta_2": 0.6946150150045366,
  "block_size": 261,
  "dropout": 0.44089088718208747,
  "epsilon": 1.884371856860332e-09,
  "lr": 4.044459783887465e-05,
  "n_embd": 36,
  "n_head": 3,
  "n_layer": 2,
  "seed": 1548400049,
  "weight_decay": 0.0005883334008253915
}