{
  "batch_size": 71.02437370318697,
  "beta_1": 0.7176065658287971,
  "beta_2": 0.5276758962813004,
  "block_size": 113.83393943281442,
  "dropout": 0.21626295067231302,
  "epsilon": 0.0009505678391045937,
  "lr": 0.06309033995814402,
  "n_embd": 0.3203761368708136,
  "n_head": 2.361112643484243,
  "n_layer": 4.12590225896998,
  "seed": 920332443.0621501,
  "weight_decay": 0.004997567466406966
}