{
  "batch_size": 90,
  "beta_1": 0.1208589502357743,
  "beta_2": 0.5862691577154157,
  "block_size": 215,
  "dropout": 0.210170679661641,
  "epsilon": 3.096396e-10,
  "lr": 0.0007376964468377,
  "n_embd": 50,
  "n_head": 5,
  "n_layer": 3,
  "seed": 1547931034.8316977,
  "weight_decay": 3.6272205894e-06
}