{
  "batch_size": 19.853443507723703,
  "beta_1": 0.5194032492542215,
  "beta_2": 0.19451165735933423,
  "block_size": 71.28398799450876,
  "dropout": 0.4088367038390701,
  "epsilon": 0.0006657244991000203,
  "lr": 0.01190974472462245,
  "n_embd": 50.44435701514191,
  "n_head": 6.39835493385095,
  "n_layer": 3.9283372876486866,
  "seed": 1811529483.9738913,
  "weight_decay": 0.0023292316957749986
}