{
  "batch_size": 90,
  "beta_1": 0.6417594900299106,
  "beta_2": 0.14547050898165256,
  "block_size": 256,
  "dropout": 0.23815296862290847,
  "epsilon": 7.671486261769884e-07,
  "lr": 0.08182744548853142,
  "n_embd": 13,
  "n_head": 6,
  "n_layer": 5,
  "seed": 1078773033,
  "weight_decay": 1.8363649126549207e-07
}