{
  "batch_size": 27,
  "beta_1": 0.5380670732629238,
  "beta_2": 0.9141766482830906,
  "block_size": 177,
  "dropout": 0.34506902292329,
  "epsilon": 1.042344e-10,
  "lr": 0.0028929803267755,
  "n_embd": 24,
  "n_head": 5,
  "n_layer": 4,
  "seed": 1462114520.0636482,
  "weight_decay": 2.29608958263e-05
}