{
  "batch_size": 29.963972511960836,
  "beta_1": 0.5352506320437622,
  "beta_2": 0.24678126874569226,
  "block_size": 304.9856776270809,
  "dropout": 0.3942382328839742,
  "epsilon": 0.0009206722606375199,
  "lr": 0.09835484207539331,
  "n_embd": 47.91886777709602,
  "n_head": 3.1791016414043676,
  "n_layer": 3.9466456443491444,
  "seed": 1910616913.0805004,
  "weight_decay": 0.0005197442209984414
}