{
  "batch_size": 93.25295353488909,
  "beta_1": 0.7634702437187493,
  "beta_2": 0.19559103175822604,
  "block_size": 319.7339843249655,
  "dropout": 0.10018931677355646,
  "epsilon": 0.00015741830975056283,
  "lr": 0.017749656613385834,
  "n_embd": 26.491959121034867,
  "n_head": 5.783022911786595,
  "n_layer": 2.6919275031571592,
  "seed": 82586736.28862184,
  "weight_decay": 0.007305856651551123
}