{
  "batch_size": 20,
  "beta_1": 0.245841602805334,
  "beta_2": 0.8370146636325516,
  "block_size": 235,
  "dropout": 0.1203609820952426,
  "epsilon": 1.90639025e-08,
  "lr": 0.0005251018822677,
  "n_embd": 9,
  "n_head": 4,
  "n_layer": 5,
  "seed": 948081884.7909428,
  "weight_decay": 0.0023139201282338
}