{
  "batch_size": 40.06384282810952,
  "beta_1": 0.8132220335302023,
  "beta_2": 0.8783575691724868,
  "block_size": 90.60229003729346,
  "dropout": 0.295726010235202,
  "epsilon": 0.0001893985784575567,
  "lr": 0.07780002913141808,
  "n_embd": 8.832420751323635,
  "n_head": 3.485180035177088,
  "n_layer": 6.674694068643492,
  "seed": 1607469488.5083373,
  "weight_decay": 0.0021201138831212036
}