{
  "batch_size": 71.88677648811273,
  "beta_1": 0.6379440651616984,
  "beta_2": 0.34429518545142673,
  "block_size": 130.1011076339332,
  "dropout": 0.4772372246040034,
  "epsilon": 0.0007272604646130878,
  "lr": 0.0847483484705026,
  "n_embd": 26.946970631347032,
  "n_head": 4.173320950263253,
  "n_layer": 4.784894730871994,
  "seed": 767053170.1845943,
  "weight_decay": 0.007059337539431368
}