{
  "batch_size": 72.45177154785544,
  "beta_1": 0.22852495787234203,
  "beta_2": 0.7342466870268776,
  "block_size": 88.18985403930739,
  "dropout": 0.2587649739061231,
  "epsilon": 0.00039368331276170605,
  "lr": 0.030047198953264662,
  "n_embd": 21.91511189840364,
  "n_head": 5.8757352326424845,
  "n_layer": 3.6737853108742367,
  "seed": 1053430961.7196783,
  "weight_decay": 0.005028577534335394
}