{
  "batch_size": 18,
  "beta_1": 0.8291716629531461,
  "beta_2": 0.8767027016496522,
  "block_size": 149,
  "dropout": 0.2067258655309927,
  "epsilon": 8.82010245538e-05,
  "lr": 0.0042043165924208,
  "n_embd": 25,
  "n_head": 6,
  "n_layer": 5,
  "seed": 296425313.42665917,
  "weight_decay": 1.508474069e-07
}