{
  "batch_size": 26,
  "beta_1": 0.5895647337997206,
  "beta_2": 0.2966291966721752,
  "block_size": 362,
  "dropout": 0.1530353520554114,
  "epsilon": 7.98384837178e-05,
  "lr": 0.0008392666542608,
  "n_embd": 17,
  "n_head": 5,
  "n_layer": 5,
  "seed": 1105853137.5964239,
  "weight_decay": 0.0087195040094473
}