{
  "batch_size": 55,
  "beta_1": 0.8263192700241213,
  "beta_2": 0.9420042000014512,
  "block_size": 225,
  "dropout": 0.1919564523933318,
  "epsilon": 0.000147923336847,
  "lr": 0.0046854640665142,
  "n_embd": 48,
  "n_head": 2,
  "n_layer": 2,
  "seed": 503114067.0735503,
  "weight_decay": 2.03672373e-08
}