{
  "batch_size": 72,
  "beta_1": 0.31647392423107834,
  "beta_2": 0.8714461553576769,
  "block_size": 142,
  "dropout": 0.1789611333713572,
  "epsilon": 1.769351677574523e-08,
  "lr": 0.0008348278757844441,
  "n_embd": 46,
  "n_head": 1,
  "n_layer": 5,
  "seed": 1650082446,
  "weight_decay": 9.76506352827139e-06
}