{
  "batch_size": 36.60966126455325,
  "beta_1": 0.924739933121414,
  "beta_2": 0.9334182876347663,
  "block_size": 266.3958575092872,
  "dropout": 0.41881729636277565,
  "epsilon": 4.226819726850286e-06,
  "lr": 0.0014110971320361273,
  "n_embd": 44.70954840344957,
  "n_head": 2.585240081381574,
  "n_layer": 3.3155257654126036,
  "seed": 1611701642.6364484,
  "weight_decay": 0.009478250853495315
}