{
  "batch_size": 23,
  "beta_1": 0.3108466622021466,
  "beta_2": 0.5395197399906757,
  "block_size": 167,
  "dropout": 0.4605001533618731,
  "epsilon": 0.0001136706805058,
  "lr": 0.0055528700918362,
  "n_embd": 35,
  "n_head": 3,
  "n_layer": 6,
  "seed": 1019690071.8377212,
  "weight_decay": 7.73452627e-08
}