{
  "batch_size": 87,
  "beta_1": 0.7215313712499345,
  "beta_2": 0.5129960791041465,
  "block_size": 248,
  "dropout": 0.22536781265311023,
  "epsilon": 7.810912482801311e-10,
  "lr": 0.021166259143651073,
  "n_embd": 34,
  "n_head": 4,
  "n_layer": 4,
  "seed": 513294626,
  "weight_decay": 3.891387301313425e-06
}