{
  "batch_size": 71,
  "beta_1": 0.1688283695746779,
  "beta_2": 0.5234642635635266,
  "block_size": 384,
  "dropout": 0.2715715717994232,
  "epsilon": 6.7761491785e-06,
  "lr": 0.0001728572248919,
  "n_embd": 3,
  "n_head": 4,
  "n_layer": 4,
  "seed": 647543013.0954257,
  "weight_decay": 3.067095256e-07
}