{
  "batch_size": 76,
  "beta_1": 0.10149649620244723,
  "beta_2": 0.6431859979782146,
  "block_size": 183,
  "dropout": 0.40102266881479853,
  "epsilon": 4.2475125359944925e-09,
  "lr": 0.00023387510786861005,
  "n_embd": 23,
  "n_head": 1,
  "n_layer": 5,
  "seed": 817392769,
  "weight_decay": 4.028122010132152e-07
}