{
  "batch_size": 66,
  "beta_1": 0.1370830090866496,
  "beta_2": 0.8585750709568702,
  "block_size": 341,
  "dropout": 0.1089274983917848,
  "epsilon": 3.56936406e-08,
  "lr": 0.0007322082461044,
  "n_embd": 41,
  "n_head": 4,
  "n_layer": 4,
  "seed": 1811010870.436507,
  "weight_decay": 0.0085497843755954
}