{
  "batch_size": 64,
  "beta_1": 0.6844667347622586,
  "beta_2": 0.3157933553782546,
  "block_size": 158,
  "dropout": 0.228633994743881,
  "epsilon": 6.3402231e-09,
  "lr": 0.0006197407113491,
  "n_embd": 46,
  "n_head": 4,
  "n_layer": 6,
  "seed": 1608889386.5459251,
  "weight_decay": 2.581064631e-07
}