{
  "batch_size": 45.0562436513582,
  "beta_1": 0.32458392974896,
  "beta_2": 0.15333756113462307,
  "block_size": 95.36885852146331,
  "dropout": 0.17711048110690109,
  "epsilon": 0.0001875734857348697,
  "lr": 0.02652141116948085,
  "n_embd": 3.61699932528753,
  "n_head": 4.4064829502434275,
  "n_layer": 6.283773608335011,
  "seed": 559590273.7125766,
  "weight_decay": 0.006221227245201654
}