{
  "batch_size": 95.65583479891876,
  "beta_1": 0.5748721807225021,
  "beta_2": 0.5940661846760044,
  "block_size": 92.93725674238519,
  "dropout": 0.28808578387255723,
  "epsilon": 0.0003691080650411365,
  "lr": 0.005890057470577625,
  "n_embd": 33.691089415133355,
  "n_head": 4.109040992221482,
  "n_layer": 6.6628258689012805,
  "seed": 1608835303.4423509,
  "weight_decay": 0.0016874984224518727
}