{
  "batch_size": 88,
  "beta_1": 0.4133838011636497,
  "beta_2": 0.9881035629814791,
  "block_size": 204,
  "dropout": 0.17660639151163762,
  "epsilon": 6.206100211599081e-05,
  "lr": 0.000793435939696845,
  "n_embd": 15,
  "n_head": 6,
  "n_layer": 2,
  "seed": 899664619,
  "weight_decay": 0.00040222703287060035
}