{
  "batch_size": 95.25516313786328,
  "beta_1": 0.8666985409273332,
  "beta_2": 0.6592920803043468,
  "block_size": 101.99903393664212,
  "dropout": 0.16472926479204833,
  "epsilon": 0.0003695531434721068,
  "lr": 0.061478826801016545,
  "n_embd": 36.63237809654922,
  "n_head": 5.4938962779956455,
  "n_layer": 6.945124404835585,
  "seed": 1404930847.086006,
  "weight_decay": 0.0022040290717506676
}