{
  "batch_size": 57.72288064285867,
  "beta_1": 0.23362471224160655,
  "beta_2": 0.6706863345676047,
  "block_size": 240.55796147190483,
  "dropout": 0.21802026130430027,
  "epsilon": 0.0006307182191874272,
  "lr": 0.09999647352268407,
  "n_embd": 28.685925737497627,
  "n_head": 2.3428425751384703,
  "n_layer": 3.71559745958111,
  "seed": 1665831663.2709641,
  "weight_decay": 0.008433366869423956
}