{
  "batch_size": 66,
  "beta_1": 0.7748300817942871,
  "beta_2": 0.1991666773136821,
  "block_size": 367,
  "dropout": 0.5027275853540569,
  "epsilon": 0.00037531203186906136,
  "lr": 0.004461291041772381,
  "n_embd": 36,
  "n_head": 5,
  "n_layer": 3,
  "seed": 680510024,
  "weight_decay": 0.002412322492460261
}