{
  "batch_size": 83.62667957868902,
  "beta_1": 0.33355138675688234,
  "beta_2": 0.8474698181355956,
  "block_size": 286.901830226667,
  "dropout": 0.11740100151087468,
  "epsilon": 0.0007106827365236826,
  "lr": 0.0756669548294699,
  "n_embd": 12.472097077052046,
  "n_head": 5.427205504693977,
  "n_layer": 6.669151080299121,
  "seed": 1451838232.2600367,
  "weight_decay": 0.0012697614475408667
}