{
  "batch_size": 84,
  "beta_1": 0.1415765557207324,
  "beta_2": 0.5833095352597409,
  "block_size": 367,
  "dropout": 0.3990896835881025,
  "epsilon": 3.762299e-10,
  "lr": 3.39057495603e-05,
  "n_embd": 15,
  "n_head": 1,
  "n_layer": 3,
  "seed": 548321331.2052121,
  "weight_decay": 5.79670149935e-05
}