{
  "batch_size": 27.910225734862546,
  "beta_1": 0.41122090187990334,
  "beta_2": 0.6763024598941187,
  "block_size": 254.4996535108905,
  "dropout": 0.24116953218008394,
  "epsilon": 0.0007177146300819809,
  "lr": 0.06183282455677822,
  "n_embd": 29.121426083891738,
  "n_head": 3.213386313793327,
  "n_layer": 3.2685044481014267,
  "seed": 1419892010.4085412,
  "weight_decay": 0.007624885444857741
}