{
  "batch_size": 86.79148101254752,
  "beta_1": 0.6048713158159561,
  "beta_2": 0.6284660966194039,
  "block_size": 98.90660380743185,
  "dropout": 0.3053834017852959,
  "epsilon": 0.0005808683865411376,
  "lr": 0.09696006611394477,
  "n_embd": 22.23761095490617,
  "n_head": 4.66293023774648,
  "n_layer": 3.911710155722021,
  "seed": 781635744.2717339,
  "weight_decay": 0.0030505543991425745
}