{
  "batch_size": 77,
  "beta_1": 0.8122942697098945,
  "beta_2": 0.4365005451351968,
  "block_size": 162,
  "dropout": 0.4608281298394875,
  "epsilon": 9.24664646779e-05,
  "lr": 0.0006737905283565,
  "n_embd": 37,
  "n_head": 4,
  "n_layer": 2,
  "seed": 1269860195.5664344,
  "weight_decay": 0.0049928205864022
}