{
  "batch_size": 82,
  "beta_1": 0.6786021225155924,
  "beta_2": 0.715985024874333,
  "block_size": 325,
  "dropout": 0.282212902948852,
  "epsilon": 3.1908584e-09,
  "lr": 0.0037109620310047,
  "n_embd": 6,
  "n_head": 2,
  "n_layer": 2,
  "seed": 1399420366.1310098,
  "weight_decay": 0.0010800741976821
}