{
  "batch_size": 85,
  "beta_1": 0.7565424614072659,
  "beta_2": 0.9374565648688251,
  "block_size": 222,
  "dropout": 0.3297384177097169,
  "epsilon": 4.155116011128743e-09,
  "lr": 0.0008705927048401464,
  "n_embd": 43,
  "n_head": 1,
  "n_layer": 6,
  "seed": 1750785508,
  "weight_decay": 0.002796376156033435
}