{
  "batch_size": 69,
  "beta_1": 0.7335276113410251,
  "beta_2": 0.23793178830197273,
  "block_size": 220,
  "dropout": 0.3218917060162847,
  "epsilon": 1.1140681151610432e-10,
  "lr": 0.00109098319287174,
  "n_embd": 37,
  "n_head": 6,
  "n_layer": 1,
  "seed": 92508348,
  "weight_decay": 2.651016253315599e-08
}