{
  "batch_size": 55,
  "beta_1": 0.8564351078326079,
  "beta_2": 0.8881882858903181,
  "block_size": 208,
  "dropout": 0.2617241543609144,
  "epsilon": 6.658278e-10,
  "lr": 0.0019733515914838,
  "n_embd": 30,
  "n_head": 5,
  "n_layer": 4,
  "seed": 1215886307.7783093,
  "weight_decay": 0.0009492787324346
}