{
  "batch_size": 67,
  "beta_1": 0.9653018306973334,
  "beta_2": 0.7037424227583293,
  "block_size": 132,
  "dropout": 0.1190932174288244,
  "epsilon": 3.8374408404e-06,
  "lr": 8.17686725811e-05,
  "n_embd": 42,
  "n_head": 6,
  "n_layer": 6,
  "seed": 405232799.689547,
  "weight_decay": 8.82445941e-08
}