{
  "batch_size": 60,
  "beta_1": 0.7231250251187814,
  "beta_2": 0.6174233151747899,
  "block_size": 347,
  "dropout": 0.1272374368325692,
  "epsilon": 0.0001804286674090233,
  "lr": 0.02195259084161726,
  "n_embd": 45,
  "n_head": 4,
  "n_layer": 5,
  "seed": 152598773,
  "weight_decay": 5.1146603722306264e-08
}