{
  "batch_size": 52.20365060419902,
  "beta_1": 0.6095432725103227,
  "beta_2": 0.37241428861382353,
  "block_size": 261.03912261617165,
  "dropout": 0.45134588449901714,
  "epsilon": 0.0005305191267609944,
  "lr": 0.08119636963070628,
  "n_embd": 13.488599460451345,
  "n_head": 3.2361969982828156,
  "n_layer": 1.014297690700611,
  "seed": 624649612.2773664,
  "weight_decay": 0.003388790839249675
}