{
  "batch_size": 90,
  "beta_1": 0.4674702699753526,
  "beta_2": 0.5854229985275249,
  "block_size": 160,
  "dropout": 0.200077825929404,
  "epsilon": 4.5059407275e-06,
  "lr": 0.0047497577208583,
  "n_embd": 48,
  "n_head": 3,
  "n_layer": 2,
  "seed": 9027971.608143149,
  "weight_decay": 0.0033016947882954
}