{
  "batch_size": 36.905026138459355,
  "beta_1": 0.8573719430315245,
  "beta_2": 0.8456653146389795,
  "block_size": 274.04607580831316,
  "dropout": 0.46601476644381423,
  "epsilon": 0.00030249856128329204,
  "lr": 0.061066550727249334,
  "n_embd": 44.38934343249838,
  "n_head": 3.2317287905798295,
  "n_layer": 4.780592331329478,
  "seed": 1748023331.333288,
  "weight_decay": 0.008528526005490209
}