{
  "batch_size": 27,
  "beta_1": 0.144224580286041,
  "beta_2": 0.5493627460011841,
  "block_size": 228,
  "dropout": 0.323867676225632,
  "epsilon": 4.10540986116e-05,
  "lr": 0.0005755694224499,
  "n_embd": 28,
  "n_head": 5,
  "n_layer": 5,
  "seed": 281020836.5518536,
  "weight_decay": 1.99388930273e-05
}