{
  "batch_size": 95,
  "beta_1": 0.8347884552804503,
  "beta_2": 0.241396419452973,
  "block_size": 377,
  "dropout": 0.1266486839722322,
  "epsilon": 7.425410423942134e-08,
  "lr": 0.005573205363616803,
  "n_embd": 19,
  "n_head": 2,
  "n_layer": 4,
  "seed": 619530259,
  "weight_decay": 1.332342916872749e-07
}