{
  "batch_size": 48,
  "beta_1": 0.3951648445472159,
  "beta_2": 0.5988828134296572,
  "block_size": 236,
  "dropout": 0.4192634824791776,
  "epsilon": 5.6828081e-09,
  "lr": 0.003035756857734,
  "n_embd": 28,
  "n_head": 5,
  "n_layer": 3,
  "seed": 850920159.6450917,
  "weight_decay": 1.064274291e-07
}