{
  "batch_size": 67.65057707544386,
  "beta_1": 0.5802422299711001,
  "beta_2": 0.22503714105451644,
  "block_size": 339.6641871512049,
  "dropout": 0.24596753766606186,
  "epsilon": 0.0002845799639124248,
  "lr": 0.014093661861942748,
  "n_embd": 0.2535063224836975,
  "n_head": 3.537202592687471,
  "n_layer": 3.903811802327499,
  "seed": 1475955043.3582582,
  "weight_decay": 0.006111114425764788
}