{
  "batch_size": 67.72544524863372,
  "beta_1": 0.6438156242372907,
  "beta_2": 0.39410295248645655,
  "block_size": 280.0834784490124,
  "dropout": 0.3896742395625965,
  "epsilon": 0.0003624174982584276,
  "lr": 0.05903791039684484,
  "n_embd": 18.06492759476728,
  "n_head": 3.7768154302435226,
  "n_layer": 3.8378027553024268,
  "seed": 1483896500.1158023,
  "weight_decay": 0.0015349815347972591
}