{
  "batch_size": 53,
  "beta_1": 0.7653568099224366,
  "beta_2": 0.6201759314401688,
  "block_size": 242,
  "dropout": 0.3725685226502357,
  "epsilon": 1.5006313233714328e-09,
  "lr": 6.176244702602035e-05,
  "n_embd": 29,
  "n_head": 2,
  "n_layer": 2,
  "seed": 1705805858,
  "weight_decay": 1.1652626115471135e-08
}