{
  "batch_size": 16.853920951316564,
  "beta_1": 0.10971228694043998,
  "beta_2": 0.9303660177177698,
  "block_size": 371.3483574306861,
  "dropout": 0.41843879571801634,
  "epsilon": 0.0007362703891649823,
  "lr": 0.0545099288097727,
  "n_embd": 41.27717160969703,
  "n_head": 3.1080496684710424,
  "n_layer": 6.363304809562782,
  "seed": 1303529036.756008,
  "weight_decay": 0.0010898817343068198
}