{
  "batch_size": 49,
  "beta_1": 0.4338550237385169,
  "beta_2": 0.5558562137793446,
  "block_size": 335,
  "dropout": 0.447721080649475,
  "epsilon": 1.037833346329525e-05,
  "lr": 3.7870761150741315e-06,
  "n_embd": 37,
  "n_head": 5,
  "n_layer": 3,
  "seed": 871977839,
  "weight_decay": 3.199725651460351e-08
}