{
  "batch_size": 53,
  "beta_1": 0.7703854109683498,
  "beta_2": 0.5046594162390522,
  "block_size": 125,
  "dropout": 0.3241438183233295,
  "epsilon": 5.5622783031480345e-08,
  "lr": 0.00022340042661680724,
  "n_embd": 47,
  "n_head": 1,
  "n_layer": 5,
  "seed": 1164257578,
  "weight_decay": 0.00018954103169109557
}