{
  "batch_size": 96,
  "beta_1": 0.6298625347000695,
  "beta_2": 0.9250594807052244,
  "block_size": 113,
  "dropout": 0.04850460946673011,
  "epsilon": 7.138960780720707e-09,
  "lr": 7.601089294770205e-05,
  "n_embd": 28,
  "n_head": 3,
  "n_layer": 3,
  "seed": 293653163,
  "weight_decay": 0.00397291793034381
}