{
  "batch_size": 90,
  "beta_1": 0.43322831145546814,
  "beta_2": 0.22157131108205053,
  "block_size": 135,
  "dropout": 0.3429026545800249,
  "epsilon": 9.075577769289709e-08,
  "lr": 0.02656675796718902,
  "n_embd": 3,
  "n_head": 2,
  "n_layer": 3,
  "seed": 1752642262,
  "weight_decay": 0.006357343678669909
}