{
  "batch_size": 42,
  "beta_1": 0.3024411075077188,
  "beta_2": 0.3148710791996056,
  "block_size": 177,
  "dropout": 0.2520447243951548,
  "epsilon": 3.1821567124043587e-10,
  "lr": 2.303381831906209e-05,
  "n_embd": 52,
  "n_head": 2,
  "n_layer": 4,
  "seed": 1344813195,
  "weight_decay": 1.5908519272578278e-06
}