{
  "batch_size": 63.93914256356526,
  "beta_1": 0.27111340078066803,
  "beta_2": 0.8415197834421552,
  "block_size": 87.35599827190262,
  "dropout": 0.16687130069616435,
  "epsilon": 0.0007922179033562739,
  "lr": 0.0015472745079314078,
  "n_embd": 32.68334383058277,
  "n_head": 3.2994947578120364,
  "n_layer": 3.1562251024769328,
  "seed": 1163707398.276857,
  "weight_decay": 0.008914126208598777
}