{
  "batch_size": 38,
  "beta_1": 0.6056448417220636,
  "beta_2": 0.4740787260807876,
  "block_size": 195,
  "dropout": 0.4102705666200148,
  "epsilon": 5.0340662e-09,
  "lr": 1.1407013181e-06,
  "n_embd": 48,
  "n_head": 2,
  "n_layer": 3,
  "seed": 349307590.9128076,
  "weight_decay": 0.00705506693689
}