{
  "batch_size": 64,
  "beta_1": 0.5914162942383681,
  "beta_2": 0.9333271217189512,
  "block_size": 201,
  "dropout": 0.16042335805544666,
  "epsilon": 1.2328775854515453e-08,
  "lr": 0.006376773118977894,
  "n_embd": 12,
  "n_head": 1,
  "n_layer": 1,
  "seed": 2124432527,
  "weight_decay": 3.937706830461587e-05
}