{
  "batch_size": 74.99739879008709,
  "beta_1": 0.8470618033059103,
  "beta_2": 0.5156517731451198,
  "block_size": 111.11537970822862,
  "dropout": 0.38709560585587344,
  "epsilon": 0.0004027073560399418,
  "lr": 0.04165554924896586,
  "n_embd": 46.462782840491364,
  "n_head": 5.214115795737487,
  "n_layer": 6.371502083765177,
  "seed": 93582643.78608021,
  "weight_decay": 0.008901222874186748
}