{
  "batch_size": 88,
  "beta_1": 0.9370157674890695,
  "beta_2": 0.6427659259318331,
  "block_size": 116,
  "dropout": 0.3031452912092377,
  "epsilon": 1.567180315e-07,
  "lr": 0.0017006754380644,
  "n_embd": 13,
  "n_head": 6,
  "n_layer": 4,
  "seed": 961914188.8123991,
  "weight_decay": 5.2645151657e-06
}