{
  "batch_size": 21,
  "beta_1": 0.6982075938254936,
  "beta_2": 0.26701964475008494,
  "block_size": 151,
  "dropout": 0.25458023882126646,
  "epsilon": 0.0003103862000945335,
  "lr": 4.76206887623698e-05,
  "n_embd": 17,
  "n_head": 3,
  "n_layer": 3,
  "seed": 2025309933,
  "weight_decay": 4.1607985713814325e-06
}