{
  "batch_size": 34.475366737435266,
  "beta_1": 0.8401894949166574,
  "beta_2": 0.9938332427305518,
  "block_size": 106.13430871324972,
  "dropout": 0.3019948067380292,
  "epsilon": 0.0008900166304617057,
  "lr": 0.07835030372882289,
  "n_embd": 3.68572994690145,
  "n_head": 4.193440803752117,
  "n_layer": 1.1028102155242558,
  "seed": 1168149440.3106756,
  "weight_decay": 0.002031119155169076
}