{
  "batch_size": 51.19585050546797,
  "beta_1": 0.9986359662738244,
  "beta_2": 0.459818723870436,
  "block_size": 338.9916920331897,
  "dropout": 0.36566517923708697,
  "epsilon": 0.00028549684944242156,
  "lr": 0.04063779348973723,
  "n_embd": 23.018895536795874,
  "n_head": 2.448865035692199,
  "n_layer": 3.892235827955639,
  "seed": 328184313.3960917,
  "weight_decay": 0.001028786572399975
}