{
  "batch_size": 89,
  "beta_1": 0.7427971768817219,
  "beta_2": 0.1536956640366942,
  "block_size": 369,
  "dropout": 0.3449411158340954,
  "epsilon": 1.4961336462428336e-10,
  "lr": 0.016426803644191492,
  "n_embd": 21,
  "n_head": 4,
  "n_layer": 4,
  "seed": 1279670509,
  "weight_decay": 0.0007943415306402764
}