{
  "batch_size": 68,
  "beta_1": 0.8104615062607291,
  "beta_2": 0.3101075719429526,
  "block_size": 272,
  "dropout": 0.27047331348139414,
  "epsilon": 1.279465712509184e-09,
  "lr": 3.859004252412445e-06,
  "n_embd": 48,
  "n_head": 4,
  "n_layer": 5,
  "seed": 2059255246,
  "weight_decay": 0.00031550211046284964
}