{
  "batch_size": 31,
  "beta_1": 0.37830097251317474,
  "beta_2": 0.13595619777609524,
  "block_size": 247,
  "dropout": 0.40829191233843043,
  "epsilon": 6.382479813303118e-07,
  "lr": 0.0005948969299941235,
  "n_embd": 41,
  "n_head": 6,
  "n_layer": 2,
  "seed": 8691287,
  "weight_decay": 6.267807676895415e-08
}