{
  "batch_size": 29,
  "beta_1": 0.5510576172328491,
  "beta_2": 0.8387241809842131,
  "block_size": 88,
  "dropout": 0.3447946554086667,
  "epsilon": 0.00013004349768633186,
  "lr": 0.004903897509578874,
  "n_embd": 37,
  "n_head": 6,
  "n_layer": 3,
  "seed": 1350891827,
  "weight_decay": 1.0775178926627584e-08
}