{
  "batch_size": 59,
  "beta_1": 0.42984932550824784,
  "beta_2": 0.5408121987247422,
  "block_size": 108,
  "dropout": 0.38063858416024865,
  "epsilon": 2.397520157064728e-10,
  "lr": 0.087671121497452,
  "n_embd": 16,
  "n_head": 2,
  "n_layer": 2,
  "seed": 1859084373,
  "weight_decay": 2.0959933184619785e-05
}