{
  "batch_size": 38.21063872379966,
  "beta_1": 0.985059781661071,
  "beta_2": 0.8002587498164303,
  "block_size": 366.5764208843379,
  "dropout": 0.2518279554703545,
  "epsilon": 0.0009198614289629621,
  "lr": 0.05611466984318859,
  "n_embd": 50.7922530568667,
  "n_head": 2.2364977258452066,
  "n_layer": 4.1453830820605475,
  "seed": 1283255642.9337873,
  "weight_decay": 0.0014695318334787353
}