{
  "batch_size": 18,
  "beta_1": 0.2918320000905934,
  "beta_2": 0.28815805071502754,
  "block_size": 313,
  "dropout": 0.4734949693889807,
  "epsilon": 5.6264826831489514e-09,
  "lr": 1.1212610620114919e-06,
  "n_embd": 14,
  "n_head": 1,
  "n_layer": 4,
  "seed": 537893960,
  "weight_decay": 4.704057700303199e-06
}