{
  "batch_size": 40.91218106333032,
  "beta_1": 0.16668360900377024,
  "beta_2": 0.9884493944419687,
  "block_size": 383.42004425788065,
  "dropout": 0.4167792059379175,
  "epsilon": 3.803412505263136e-05,
  "lr": 0.055058176667077956,
  "n_embd": 13.03862606901539,
  "n_head": 3.089189517601484,
  "n_layer": 5.697862989614341,
  "seed": 473244595.1596232,
  "weight_decay": 0.00940602583816891
}