{
  "batch_size": 49.89236600990105,
  "beta_1": 0.508868934947183,
  "beta_2": 0.6694039499365552,
  "block_size": 195.88522510175812,
  "dropout": 0.16572020863461645,
  "epsilon": 0.0003390095241904666,
  "lr": 0.08756238059136812,
  "n_embd": 37.623379485191094,
  "n_head": 3.144732061119782,
  "n_layer": 6.775272248741335,
  "seed": 677056449.3822701,
  "weight_decay": 0.007061316164478813
}