{
  "batch_size": 39,
  "beta_1": 0.21604757978446076,
  "beta_2": 0.8530831704537125,
  "block_size": 378,
  "dropout": 0.11635316483541316,
  "epsilon": 8.389003731455036e-10,
  "lr": 0.0010831819023656001,
  "n_embd": 19,
  "n_head": 1,
  "n_layer": 5,
  "seed": 430859600,
  "weight_decay": 2.665570545594914e-08
}