{
  "batch_size": 43.94121151225568,
  "beta_1": 0.21270684483992697,
  "beta_2": 0.14043660493054225,
  "block_size": 252.81767639546794,
  "dropout": 0.4352391297285859,
  "epsilon": 0.0005753336287563479,
  "lr": 0.05516440002321036,
  "n_embd": 20.03232752859907,
  "n_head": 2.524536141528156,
  "n_layer": 6.691683806605161,
  "seed": 198229982.23094133,
  "weight_decay": 0.003724196529140569
}