{
  "batch_size": 38.83419844382015,
  "beta_1": 0.9607241678938822,
  "beta_2": 0.4893554819921143,
  "block_size": 148.82190646852266,
  "dropout": 0.458548045006561,
  "epsilon": 0.0003603126945758542,
  "lr": 0.08425931987827263,
  "n_embd": 14.662975389294408,
  "n_head": 3.409804319902209,
  "n_layer": 6.813174811000616,
  "seed": 1968331391.082862,
  "weight_decay": 0.009442215861250885
}