{
  "batch_size": 44.71412835964115,
  "beta_1": 0.3571984744437098,
  "beta_2": 0.20714190510074226,
  "block_size": 235.4210387514437,
  "dropout": 0.33403127708107055,
  "epsilon": 0.00014052516640972095,
  "lr": 0.032405970591411655,
  "n_embd": 39.1871921310973,
  "n_head": 5.4103886406561434,
  "n_layer": 2.974058121001975,
  "seed": 1128069219.114709,
  "weight_decay": 0.006474888868103298
}