{
  "batch_size": 45.750381574453996,
  "beta_1": 0.49279197605582625,
  "beta_2": 0.7647207506593953,
  "block_size": 154.94806813304106,
  "dropout": 0.4449121165065233,
  "epsilon": 0.0009639693971846364,
  "lr": 0.08449224453263936,
  "n_embd": 34.76396361544359,
  "n_head": 6.324698962875347,
  "n_layer": 3.976226968265061,
  "seed": 141887684.0164596,
  "weight_decay": 0.006927310432376851
}