{
  "batch_size": 88,
  "beta_1": 0.4764115432193319,
  "beta_2": 0.6295492648347268,
  "block_size": 78,
  "dropout": 0.3800647522943923,
  "epsilon": 1.747001656e-07,
  "lr": 1.09805050518e-05,
  "n_embd": 13,
  "n_head": 4,
  "n_layer": 3,
  "seed": 28292442.992542583,
  "weight_decay": 2.57565491e-08
}