{
  "batch_size": 42.083370876030884,
  "beta_1": 0.9538717683704254,
  "beta_2": 0.5473979981261439,
  "block_size": 118.78442578007056,
  "dropout": 0.3129709395475839,
  "epsilon": 0.0001394922350051418,
  "lr": 0.03419247276231872,
  "n_embd": 18.797906587816648,
  "n_head": 6.598239357242066,
  "n_layer": 5.609201314768667,
  "seed": 1004744000.8836225,
  "weight_decay": 0.009643452008523117
}