{
  "batch_size": 44,
  "beta_1": 0.9816260766231215,
  "beta_2": 0.3791904335304246,
  "block_size": 112,
  "dropout": 0.3689778093076883,
  "epsilon": 7.060946075795756e-05,
  "lr": 1.9592452381025443e-05,
  "n_embd": 9,
  "n_head": 3,
  "n_layer": 1,
  "seed": 1912009780,
  "weight_decay": 3.0159544497135877e-05
}