{
  "batch_size": 57,
  "beta_1": 0.5397617025234736,
  "beta_2": 0.11341885550548667,
  "block_size": 263,
  "dropout": 0.359158578034275,
  "epsilon": 5.30178915238515e-10,
  "lr": 0.003461118622032871,
  "n_embd": 36,
  "n_head": 1,
  "n_layer": 5,
  "seed": 1692489708,
  "weight_decay": 0.007871419600215071
}