{
  "batch_size": 74.28185891562212,
  "beta_1": 0.6222564545325958,
  "beta_2": 0.6911335354575335,
  "block_size": 246.50214410131346,
  "dropout": 0.13397054129545927,
  "epsilon": 0.0004861641022744194,
  "lr": 0.04739892824471791,
  "n_embd": 5.483768576725337,
  "n_head": 2.986079895150417,
  "n_layer": 4.19892916960399,
  "seed": 1250622103.4933202,
  "weight_decay": 0.00248361999302362
}