{
  "batch_size": 57.777495654941106,
  "beta_1": 0.6090015806449285,
  "beta_2": 0.6611718156262576,
  "block_size": 372.64345235592987,
  "dropout": 0.43950531880547816,
  "epsilon": 0.0003425485345334054,
  "lr": 0.023911332754687792,
  "n_embd": 17.039456314004024,
  "n_head": 3.68074300894315,
  "n_layer": 2.295131730933595,
  "seed": 1618776559.1968865,
  "weight_decay": 0.0023843497720379718
}