{
  "batch_size": 25,
  "beta_1": 0.8371562081504276,
  "beta_2": 0.5206384265787284,
  "block_size": 137,
  "dropout": 0.2112030955750522,
  "epsilon": 2.374584e-10,
  "lr": 0.002919498387607,
  "n_embd": 21,
  "n_head": 3,
  "n_layer": 1,
  "seed": 434261655.47547543,
  "weight_decay": 5.24473125395e-05
}