{
  "batch_size": 92,
  "beta_1": 0.40956509577720634,
  "beta_2": 0.7231309720092172,
  "block_size": 172,
  "dropout": 0.41200410057429737,
  "epsilon": 8.534626996397337e-06,
  "lr": 0.0016916214353700813,
  "n_embd": 26,
  "n_head": 5,
  "n_layer": 6,
  "seed": 212070312,
  "weight_decay": 1.8449803088316777e-05
}