{
  "batch_size": 94,
  "beta_1": 0.7644722336796402,
  "beta_2": 0.6420736482989362,
  "block_size": 232,
  "dropout": 0.2011628946119359,
  "epsilon": 1.43290659607e-05,
  "lr": 8.92203182721e-05,
  "n_embd": 30,
  "n_head": 5,
  "n_layer": 4,
  "seed": 121520143.74802399,
  "weight_decay": 0.0009247724944509
}