{
  "batch_size": 61.1349649801197,
  "beta_1": 0.5915795666812774,
  "beta_2": 0.5637937062464506,
  "block_size": 319.5689270749848,
  "dropout": 0.46896651065704265,
  "epsilon": 0.00034731574859999146,
  "lr": 0.09764558193632611,
  "n_embd": 47.140599404932644,
  "n_head": 4.578715573280247,
  "n_layer": 5.7509065568315965,
  "seed": 1967106152.7755003,
  "weight_decay": 0.004214885462556609
}