{
  "batch_size": 51,
  "beta_1": 0.7039483340807976,
  "beta_2": 0.6295758037455016,
  "block_size": 198,
  "dropout": 0.11253039594803918,
  "epsilon": 5.872554206678571e-08,
  "lr": 1.6446699802281554e-05,
  "n_embd": 52,
  "n_head": 1,
  "n_layer": 4,
  "seed": 1649617274,
  "weight_decay": 0.0034327790726640848
}