{
  "batch_size": 67,
  "beta_1": 0.23434276769936307,
  "beta_2": 0.3523150081263443,
  "block_size": 98,
  "dropout": 0.1529406201458309,
  "epsilon": 1.0208854201774561e-10,
  "lr": 0.04030761426264352,
  "n_embd": 26,
  "n_head": 4,
  "n_layer": 1,
  "seed": 1963669163,
  "weight_decay": 9.628513108010864e-07
}