{
  "batch_size": 32,
  "beta_1": 0.9278346701203476,
  "beta_2": 0.9051619242187644,
  "block_size": 181,
  "dropout": 0.2005840401511677,
  "epsilon": 0.0005247694615587,
  "lr": 0.000959891110673,
  "n_embd": 21,
  "n_head": 2,
  "n_layer": 4,
  "seed": 812176010.6055365,
  "weight_decay": 7.67198216887e-05
}