{
  "batch_size": 54.91768762250271,
  "beta_1": 0.10734219343552877,
  "beta_2": 0.42718238661112484,
  "block_size": 68.53888498116126,
  "dropout": 0.12904365176358562,
  "epsilon": 0.00011797333061295648,
  "lr": 0.07583800408106676,
  "n_embd": 5.840722281300231,
  "n_head": 1.8300002932045274,
  "n_layer": 6.651350954084558,
  "seed": 2117881491.7624679,
  "weight_decay": 0.008066832066224884
}