{
  "batch_size": 68.09539558510356,
  "beta_1": 0.6194354446508702,
  "beta_2": 0.24992688418783185,
  "block_size": 278.53601434329454,
  "dropout": 0.18227584418046183,
  "epsilon": 0.000982913143847227,
  "lr": 0.02362682512271539,
  "n_embd": 25.144628270061553,
  "n_head": 5.299857556939006,
  "n_layer": 2.5682796158605172,
  "seed": 1053510877.2506264,
  "weight_decay": 0.005704896204012168
}