{
  "batch_size": 89,
  "beta_1": 0.6056781516031836,
  "beta_2": 0.250487385054017,
  "block_size": 258,
  "dropout": 0.15020359273669417,
  "epsilon": 6.530317600765575e-06,
  "lr": 1.2110574758107585e-06,
  "n_embd": 52,
  "n_head": 3,
  "n_layer": 2,
  "seed": 1396094472,
  "weight_decay": 7.881036787174867e-07
}