{
  "batch_size": 39,
  "beta_1": 0.6005318907165672,
  "beta_2": 0.9197383725172384,
  "block_size": 378,
  "dropout": 0.188511287457733,
  "epsilon": 3.1122946198e-06,
  "lr": 0.0008878775659911,
  "n_embd": 50,
  "n_head": 5,
  "n_layer": 3,
  "seed": 1260386538.218167,
  "weight_decay": 0.0067352362805027
}