{
  "batch_size": 32,
  "beta_1": 0.4136227403917712,
  "beta_2": 0.9820572997695242,
  "block_size": 123,
  "dropout": 0.1182418553339935,
  "epsilon": 5.426002193e-06,
  "lr": 0.0180461132677912,
  "n_embd": 52,
  "n_head": 5,
  "n_layer": 2,
  "seed": 88646266.78404349,
  "weight_decay": 9.65480972029e-05
}