{
  "batch_size": 92.80073505729571,
  "beta_1": 0.9345722993264579,
  "beta_2": 0.10269837497230938,
  "block_size": 353.7784242191162,
  "dropout": 0.41494888821424225,
  "epsilon": 0.00026145858784887044,
  "lr": 0.03313301154810324,
  "n_embd": 16.437131499159157,
  "n_head": 2.480683508383723,
  "n_layer": 5.518184290897993,
  "seed": 473206402.1858105,
  "weight_decay": 0.0022541375905773898
}