{
  "batch_size": 85,
  "beta_1": 0.9076196776642094,
  "beta_2": 0.5255664556143698,
  "block_size": 106,
  "dropout": 0.3523324028377768,
  "epsilon": 1.8521276e-09,
  "lr": 0.005195880455444,
  "n_embd": 11,
  "n_head": 3,
  "n_layer": 2,
  "seed": 1072215229.5871426,
  "weight_decay": 2.374103293e-07
}