{
  "batch_size": 47,
  "beta_1": 0.4766036819820003,
  "beta_2": 0.36278457656700003,
  "block_size": 345,
  "dropout": 0.3438681226815013,
  "epsilon": 1.4793835369901896e-09,
  "lr": 1.6173919811704324e-05,
  "n_embd": 16,
  "n_head": 1,
  "n_layer": 1,
  "seed": 409683756,
  "weight_decay": 0.005801820307827887
}