{
  "batch_size": 93,
  "beta_1": 0.9467970658154298,
  "beta_2": 0.2636963942528624,
  "block_size": 185,
  "dropout": 0.2813814366392802,
  "epsilon": 9.16948178386e-05,
  "lr": 0.0003681954311073,
  "n_embd": 17,
  "n_head": 5,
  "n_layer": 5,
  "seed": 1908658758.9732404,
  "weight_decay": 8.686503869e-07
}