{
  "batch_size": 47,
  "beta_1": 0.38300197414500525,
  "beta_2": 0.6439097075152705,
  "block_size": 232,
  "dropout": 0.32956732021079893,
  "epsilon": 2.917528309803033e-05,
  "lr": 0.0037851493842170226,
  "n_embd": 45,
  "n_head": 5,
  "n_layer": 1,
  "seed": 1913113699,
  "weight_decay": 6.902597123898308e-07
}