{
  "batch_size": 71,
  "beta_1": 0.4318474946558652,
  "beta_2": 0.375209736123484,
  "block_size": 141,
  "dropout": 0.1494166499866208,
  "epsilon": 6.62461692713e-05,
  "lr": 0.0009406451748575,
  "n_embd": 48,
  "n_head": 4,
  "n_layer": 2,
  "seed": 2099229444.4707973,
  "weight_decay": 0.0015070126138108
}