{
  "batch_size": 57.42119492878655,
  "beta_1": 0.7807949958401981,
  "beta_2": 0.4407672278321586,
  "block_size": 94.51393637093535,
  "dropout": 0.3404696823832264,
  "epsilon": 0.0004744967160735509,
  "lr": 3.425973110094195e-05,
  "n_embd": 24.019056106694485,
  "n_head": 1.7897547569806807,
  "n_layer": 2.7260640113634924,
  "seed": 69255123.01943351,
  "weight_decay": 0.002467073139038522
}