{
  "batch_size": 81,
  "beta_1": 0.4767388506389071,
  "beta_2": 0.9677366927565577,
  "block_size": 256,
  "dropout": 0.44515755792643286,
  "epsilon": 1.660961256582007e-09,
  "lr": 6.774793445156128e-05,
  "n_embd": 43,
  "n_head": 4,
  "n_layer": 5,
  "seed": 151916954,
  "weight_decay": 2.417831383802331e-07
}