{
  "batch_size": 63.70465598329321,
  "beta_1": 0.9559211792801582,
  "beta_2": 0.7132984189469467,
  "block_size": 112.82886827982756,
  "dropout": 0.28384480461392947,
  "epsilon": 0.00039942786694375983,
  "lr": 0.08322316985151866,
  "n_embd": 24.15907031245018,
  "n_head": 2.3511113773904917,
  "n_layer": 3.1321923655877986,
  "seed": 137947637.0328157,
  "weight_decay": 0.0037936013025093324
}