{
  "batch_size": 39.23444587096459,
  "beta_1": 0.775077182819679,
  "beta_2": 0.2976694044936442,
  "block_size": 384.7102084334193,
  "dropout": 0.3677500122837837,
  "epsilon": 0.000911238563761735,
  "lr": 0.04966943355517096,
  "n_embd": 7.649514809595763,
  "n_head": 5.623678614174722,
  "n_layer": 2.8775609894158602,
  "seed": 141854301.11381695,
  "weight_decay": 0.003124479356129511
}