{
  "batch_size": 30.293546098229932,
  "beta_1": 0.5248430528153007,
  "beta_2": 0.1999395513739297,
  "block_size": 113.11870323183322,
  "dropout": 0.4734442164267464,
  "epsilon": 0.0005043876858241906,
  "lr": 0.021545435427577465,
  "n_embd": 8.962532017727655,
  "n_head": 6.53415104122357,
  "n_layer": 1.0240149207843725,
  "seed": 617260126.5748508,
  "weight_decay": 0.009188249670288345
}