{
  "batch_size": 33,
  "beta_1": 0.298387193751283,
  "beta_2": 0.2000382577481006,
  "block_size": 164,
  "dropout": 0.3199955058619337,
  "epsilon": 3.0290444e-09,
  "lr": 0.0009657692227125,
  "n_embd": 44,
  "n_head": 4,
  "n_layer": 5,
  "seed": 153844716.3743524,
  "weight_decay": 1.99155602148e-05
}