{
  "batch_size": 35.35926153200692,
  "beta_1": 0.507639047144948,
  "beta_2": 0.9707100879145547,
  "block_size": 381.2140709255257,
  "dropout": 0.19314070949229542,
  "epsilon": 0.00027813525475693147,
  "lr": 0.05885213049608862,
  "n_embd": 50.79772203260575,
  "n_head": 5.696595091627855,
  "n_layer": 3.2649683440428783,
  "seed": 1531863714.0032194,
  "weight_decay": 0.005825862053688556
}