{
  "batch_size": 28,
  "beta_1": 0.2265633306901915,
  "beta_2": 0.7393603126936557,
  "block_size": 255,
  "dropout": 0.2830562505738897,
  "epsilon": 1.77592809434e-05,
  "lr": 0.0002080895717538,
  "n_embd": 4,
  "n_head": 2,
  "n_layer": 1,
  "seed": 82193360.96819891,
  "weight_decay": 0.0001433039646912
}