{
  "batch_size": 59,
  "beta_1": 0.9128947105497278,
  "beta_2": 0.910008946722832,
  "block_size": 232,
  "dropout": 0.42239746399888267,
  "epsilon": 2.9190378328320947e-09,
  "lr": 2.2745611338925425e-06,
  "n_embd": 48,
  "n_head": 5,
  "n_layer": 1,
  "seed": 2027939523,
  "weight_decay": 4.442860404943283e-06
}