{
  "batch_size": 33,
  "beta_1": 0.6883119659918733,
  "beta_2": 0.7937790386150532,
  "block_size": 348,
  "dropout": 0.2829293808325636,
  "epsilon": 5.0838079e-09,
  "lr": 0.0011886531809474,
  "n_embd": 45,
  "n_head": 5,
  "n_layer": 4,
  "seed": 842211868.7987691,
  "weight_decay": 1.61935981e-07
}