{
  "batch_size": 29,
  "beta_1": 0.3492834656283388,
  "beta_2": 0.4888364342341907,
  "block_size": 141,
  "dropout": 0.3330184748193598,
  "epsilon": 2.543769e-10,
  "lr": 0.0003225067397408,
  "n_embd": 44,
  "n_head": 6,
  "n_layer": 4,
  "seed": 1637907020.2987444,
  "weight_decay": 1.20052338265e-05
}