{
  "batch_size": 27.676597058721956,
  "beta_1": 0.44041862006277066,
  "beta_2": 0.608095376703664,
  "block_size": 258.9745982187113,
  "dropout": 0.14480594127534588,
  "epsilon": 0.0009589631874152363,
  "lr": 0.02702822471659243,
  "n_embd": 33.77522974093708,
  "n_head": 2.2129234810284606,
  "n_layer": 4.3018165082006545,
  "seed": 1545853716.9248319,
  "weight_decay": 0.009678799821847972
}