{
  "batch_size": 31.950638628493532,
  "beta_1": 0.7553008989844402,
  "beta_2": 0.508358007904917,
  "block_size": 267.3815479860877,
  "dropout": 0.46499304825897714,
  "epsilon": 0.0007784033880626416,
  "lr": 0.016996977622508517,
  "n_embd": 26.55704217631184,
  "n_head": 3.387874900518093,
  "n_layer": 4.683849052378999,
  "seed": 810018391.6941633,
  "weight_decay": 0.000489270170860367
}