{
  "batch_size": 62,
  "beta_1": 0.9261283152974092,
  "beta_2": 0.6659499644507295,
  "block_size": 177,
  "dropout": 0.1604018809006686,
  "epsilon": 1.37504693e-08,
  "lr": 0.0008335304921655,
  "n_embd": 36,
  "n_head": 2,
  "n_layer": 3,
  "seed": 1855788274.4742897,
  "weight_decay": 3.1251060665e-06
}