{
  "batch_size": 92,
  "beta_1": 0.21989483555875838,
  "beta_2": 0.4667859947356565,
  "block_size": 383,
  "dropout": 0.19723124232846645,
  "epsilon": 2.0629494608301296e-06,
  "lr": 1.4864048456535327e-06,
  "n_embd": 52,
  "n_head": 1,
  "n_layer": 2,
  "seed": 1377243875,
  "weight_decay": 5.552610292350651e-08
}