{
  "batch_size": 42.56884285005046,
  "beta_1": 0.9754400705841582,
  "beta_2": 0.22346041382139012,
  "block_size": 159.53402763801324,
  "dropout": 0.4716800043356534,
  "epsilon": 0.0004268574911203881,
  "lr": 0.07877040194588336,
  "n_embd": 48.93689256311872,
  "n_head": 3.458293392767764,
  "n_layer": 5.412355327494774,
  "seed": 1588664091.7352953,
  "weight_decay": 0.005465474403843113
}