{
  "batch_size": 75,
  "beta_1": 0.10781912400809134,
  "beta_2": 0.5469050433651806,
  "block_size": 100,
  "dropout": 0.2058939920944245,
  "epsilon": 0.00040456015451825143,
  "lr": 0.0002270335697693446,
  "n_embd": 28,
  "n_head": 3,
  "n_layer": 2,
  "seed": 2142420696,
  "weight_decay": 2.7532857913435998e-05
}