{
  "batch_size": 60,
  "beta_1": 0.5189990811552534,
  "beta_2": 0.5219823432370134,
  "block_size": 245,
  "dropout": 0.3819787839786599,
  "epsilon": 2.9149960710449058e-09,
  "lr": 0.002049311956741761,
  "n_embd": 53,
  "n_head": 3,
  "n_layer": 4,
  "seed": 1410512718,
  "weight_decay": 1.2896078424667778e-05
}