{
  "batch_size": 41,
  "beta_1": 0.585921040182091,
  "beta_2": 0.33804207802259845,
  "block_size": 92,
  "dropout": 0.11045129937678753,
  "epsilon": 8.079518300009776e-09,
  "lr": 9.0776750534986e-06,
  "n_embd": 17,
  "n_head": 2,
  "n_layer": 1,
  "seed": 1496903512,
  "weight_decay": 4.098643607216718e-06
}