{
  "batch_size": 85.53251166839901,
  "beta_1": 0.7871483019198525,
  "beta_2": 0.2591093642481205,
  "block_size": 215.8100035245697,
  "dropout": 0.28471266226367475,
  "epsilon": 0.00022548575188160666,
  "lr": 0.027990393397766142,
  "n_embd": 0.2857702494061366,
  "n_head": 5.497847500254211,
  "n_layer": 3.5117460974959207,
  "seed": 531766314.5224469,
  "weight_decay": 0.004220972800880913
}