{
  "batch_size": 87,
  "beta_1": 0.6409544166081524,
  "beta_2": 0.1901313998101662,
  "block_size": 332,
  "dropout": 0.1309363634817574,
  "epsilon": 1.16507411e-08,
  "lr": 0.0014253198347283,
  "n_embd": 14,
  "n_head": 6,
  "n_layer": 3,
  "seed": 128931687.38338572,
  "weight_decay": 1.3344504494e-06
}