{
  "batch_size": 29,
  "beta_1": 0.6458346297887566,
  "beta_2": 0.6452523757800338,
  "block_size": 258,
  "dropout": 0.3521772646878386,
  "epsilon": 5.2297482566684594e-05,
  "lr": 0.0002845024667263325,
  "n_embd": 49,
  "n_head": 5,
  "n_layer": 4,
  "seed": 30856764,
  "weight_decay": 2.0609670653716885e-08
}