{
  "batch_size": 87.38667141205661,
  "beta_1": 0.63163217453185,
  "beta_2": 0.9616389222517113,
  "block_size": 150.93106982077637,
  "dropout": 0.3119940038595993,
  "epsilon": 0.0008615410901331778,
  "lr": 0.07138296499059804,
  "n_embd": 20.323873023086424,
  "n_head": 4.327014894127772,
  "n_layer": 3.8984495222722555,
  "seed": 951743115.1478244,
  "weight_decay": 0.007705676872194255
}