{
  "batch_size": 51,
  "beta_1": 0.9975745254441829,
  "beta_2": 0.9838163401440032,
  "block_size": 158,
  "dropout": 0.20624201396279812,
  "epsilon": 3.625938897607621e-06,
  "lr": 0.025456260727210876,
  "n_embd": 12,
  "n_head": 6,
  "n_layer": 2,
  "seed": 1710984339,
  "weight_decay": 7.109956392120256e-08
}