{
  "batch_size": 53,
  "beta_1": 0.12252343845520408,
  "beta_2": 0.6138216378145578,
  "block_size": 263,
  "dropout": 0.1614157117227853,
  "epsilon": 1.0920088316295444e-05,
  "lr": 0.00045153071917031093,
  "n_embd": 35,
  "n_head": 4,
  "n_layer": 3,
  "seed": 416548013,
  "weight_decay": 5.039513982089189e-06
}