{
  "batch_size": 46,
  "beta_1": 0.546709009582782,
  "beta_2": 0.1753793137675131,
  "block_size": 80,
  "dropout": 0.3461082093268362,
  "epsilon": 3.902178e-10,
  "lr": 0.0594742963428473,
  "n_embd": 39,
  "n_head": 3,
  "n_layer": 2,
  "seed": 1278598670.297598,
  "weight_decay": 0.0003486356321602
}