{
  "batch_size": 49,
  "beta_1": 0.39619225350521114,
  "beta_2": 0.6144482103607387,
  "block_size": 249,
  "dropout": 0.27327523599710357,
  "epsilon": 4.605286142323809e-08,
  "lr": 3.1479999176488294e-05,
  "n_embd": 4,
  "n_head": 2,
  "n_layer": 4,
  "seed": 899878446,
  "weight_decay": 0.00016417439105228656
}