{
  "batch_size": 81.34902115095214,
  "beta_1": 0.6417106425773458,
  "beta_2": 0.5519810739103069,
  "block_size": 112.84038315906754,
  "dropout": 0.4723561315931637,
  "epsilon": 0.00029884436515775683,
  "lr": 0.0413487526073882,
  "n_embd": 28.328936141172672,
  "n_head": 4.186715150448174,
  "n_layer": 5.836302970441114,
  "seed": 1995948406.8638632,
  "weight_decay": 0.0038214197979791957
}