{
  "batch_size": 81.61664950246463,
  "beta_1": 0.27532678226139257,
  "beta_2": 0.6251804354607298,
  "block_size": 240.5054480510797,
  "dropout": 0.38071972075284033,
  "epsilon": 0.0006720698227864545,
  "lr": 0.012726458967796188,
  "n_embd": 14.941930845415751,
  "n_head": 6.247404629571386,
  "n_layer": 2.2538871069886985,
  "seed": 463828339.9790707,
  "weight_decay": 0.008945523727877536
}