{
  "batch_size": 25.52680275814587,
  "beta_1": 0.9545595960294138,
  "beta_2": 0.6001154908849572,
  "block_size": 249.1289994368271,
  "dropout": 0.3679022919581446,
  "epsilon": 0.0004873366444936548,
  "lr": 0.05797404955566569,
  "n_embd": 1.789617111758216,
  "n_head": 6.051323174616457,
  "n_layer": 5.254455022425488,
  "seed": 1798521630.0154428,
  "weight_decay": 0.007445029624893743
}