{
  "batch_size": 74,
  "beta_1": 0.49964173750426977,
  "beta_2": 0.4036253987642072,
  "block_size": 143,
  "dropout": 0.28064664339950984,
  "epsilon": 1.8958678767401504e-07,
  "lr": 0.004214094328597687,
  "n_embd": 26,
  "n_head": 5,
  "n_layer": 1,
  "seed": 1541599886,
  "weight_decay": 9.008134981605847e-05
}