{
  "batch_size": 73.9398829158473,
  "beta_1": 0.10704324200934462,
  "beta_2": 0.9410794680499966,
  "block_size": 81.83430570594322,
  "dropout": 0.1249140155519485,
  "epsilon": 0.00012497394942495487,
  "lr": 0.09513314438155543,
  "n_embd": 18.070070258976166,
  "n_head": 5.428113061681736,
  "n_layer": 1.6423759210985185,
  "seed": 42681357.59180259,
  "weight_decay": 0.005428256423302798
}