{
  "batch_size": 61,
  "beta_1": 0.1724182701115078,
  "beta_2": 0.8438328774055078,
  "block_size": 191,
  "dropout": 0.29412930645419033,
  "epsilon": 1.6254748626726933e-09,
  "lr": 0.00034858237754993186,
  "n_embd": 40,
  "n_head": 1,
  "n_layer": 6,
  "seed": 245331181,
  "weight_decay": 3.207567610076868e-08
}