{
  "batch_size": 74,
  "beta_1": 0.7094762593686955,
  "beta_2": 0.6978338772898919,
  "block_size": 354,
  "dropout": 0.4536628473369305,
  "epsilon": 8.3403e-10,
  "lr": 0.000593707682341,
  "n_embd": 29,
  "n_head": 3,
  "n_layer": 5,
  "seed": 273133137.38160414,
  "weight_decay": 2.635899512e-07
}