{
  "batch_size": 48,
  "beta_1": 0.9469075179390862,
  "beta_2": 0.9601141057060206,
  "block_size": 99,
  "dropout": 0.4703785079051802,
  "epsilon": 2.63877479672e-05,
  "lr": 4.0324308882e-06,
  "n_embd": 51,
  "n_head": 3,
  "n_layer": 1,
  "seed": 1013631509.211818,
  "weight_decay": 0.0003609871985373
}