{
  "batch_size": 17,
  "beta_1": 0.2766875023164761,
  "beta_2": 0.1984749661425339,
  "block_size": 207,
  "dropout": 0.36494226760768356,
  "epsilon": 4.15835368998456e-09,
  "lr": 9.547973262217942e-05,
  "n_embd": 28,
  "n_head": 1,
  "n_layer": 4,
  "seed": 2003386930,
  "weight_decay": 0.0003820882702260164
}