{
  "batch_size": 48,
  "beta_1": 0.5572229157939267,
  "beta_2": 0.9977692879240408,
  "block_size": 337,
  "dropout": 0.28865282059214226,
  "epsilon": 2.226194984620374e-08,
  "lr": 8.568799458377184e-06,
  "n_embd": 28,
  "n_head": 5,
  "n_layer": 6,
  "seed": 1364041332,
  "weight_decay": 3.4900124528547358e-06
}