{
  "batch_size": 39.94905708322861,
  "beta_1": 0.7818007951725374,
  "beta_2": 0.14948545757469606,
  "block_size": 285.47779033512495,
  "dropout": 0.3766691062607922,
  "epsilon": 0.0008651206094865132,
  "lr": 0.06966073304531069,
  "n_embd": 5.1289891980964555,
  "n_head": 3.988288719659649,
  "n_layer": 3.351416407904668,
  "seed": 1963663870.4971676,
  "weight_decay": 0.008005946333428363
}