{
  "batch_size": 60.289606107151656,
  "beta_1": 0.8745894558632779,
  "beta_2": 0.2354476596888715,
  "block_size": 358.92463437701326,
  "dropout": 0.3699318907910034,
  "epsilon": 0.00040625832229405136,
  "lr": 0.05554583922404245,
  "n_embd": 44.96148425088048,
  "n_head": 2.2937630803499998,
  "n_layer": 4.364573659268731,
  "seed": 879635236.3478934,
  "weight_decay": 0.006604326993853394
}