{
  "batch_size": 69,
  "beta_1": 0.276915090455315,
  "beta_2": 0.5568578628757841,
  "block_size": 90,
  "dropout": 0.357082391784748,
  "epsilon": 3.84737309178e-05,
  "lr": 0.0081655051077861,
  "n_embd": 6,
  "n_head": 4,
  "n_layer": 3,
  "seed": 1110485738.6708083,
  "weight_decay": 2.23462354008e-05
}