{
  "batch_size": 48,
  "beta_1": 0.6867971712413123,
  "beta_2": 0.6893223135616532,
  "block_size": 132,
  "dropout": 0.16613492581133227,
  "epsilon": 2.0986156826792588e-10,
  "lr": 8.200528010235179e-06,
  "n_embd": 52,
  "n_head": 5,
  "n_layer": 6,
  "seed": 681350337,
  "weight_decay": 3.550982547241777e-05
}