{
  "batch_size": 61,
  "beta_1": 0.8859886389186836,
  "beta_2": 0.9934441426004776,
  "block_size": 348,
  "dropout": 0.1323421340436958,
  "epsilon": 4.23703e-10,
  "lr": 0.0018971844606031,
  "n_embd": 3,
  "n_head": 4,
  "n_layer": 2,
  "seed": 600423159.2247738,
  "weight_decay": 4.933049616e-07
}