{
  "batch_size": 20,
  "beta_1": 0.8102031352578669,
  "beta_2": 0.27528501610693557,
  "block_size": 349,
  "dropout": 0.41327977437201324,
  "epsilon": 5.16264513695376e-11,
  "lr": 0.025459012127498896,
  "n_embd": 21,
  "n_head": 4,
  "n_layer": 6,
  "seed": 260279834,
  "weight_decay": 2.990905694132098e-07
}