{
  "batch_size": 26,
  "beta_1": 0.11948326473279273,
  "beta_2": 0.29243353552341556,
  "block_size": 96,
  "dropout": 0.16209719494372055,
  "epsilon": 1.7233187064130612e-10,
  "lr": 0.00010532935846923987,
  "n_embd": 41,
  "n_head": 6,
  "n_layer": 2,
  "seed": 981486121,
  "weight_decay": 0.0004585150775921123
}