{
  "batch_size": 60,
  "beta_1": 0.25091858692356894,
  "beta_2": 0.5517323985508225,
  "block_size": 250,
  "dropout": 0.23570650619185918,
  "epsilon": 1.6613365939993334e-09,
  "lr": 0.0006899916499331848,
  "n_embd": 51,
  "n_head": 4,
  "n_layer": 3,
  "seed": 1438851640,
  "weight_decay": 1.0855058286663845e-06
}