{
  "batch_size": 73.92459495965754,
  "beta_1": 0.6563398582552064,
  "beta_2": 0.49205817593621015,
  "block_size": 189.9102878046649,
  "dropout": 0.21768994554464058,
  "epsilon": 0.0006725157298328295,
  "lr": 0.0162457632598851,
  "n_embd": 30.618953451527215,
  "n_head": 6.971363015295491,
  "n_layer": 3.4317277238632204,
  "seed": 1020555396.7169653,
  "weight_decay": 0.003074635411456361
}