{
  "batch_size": 17,
  "beta_1": 0.4585091222148505,
  "beta_2": 0.3171625440669338,
  "block_size": 127,
  "dropout": 0.2147365022514149,
  "epsilon": 1.1907188293815166e-08,
  "lr": 0.0021500581610294305,
  "n_embd": 53,
  "n_head": 4,
  "n_layer": 1,
  "seed": 1977366288,
  "weight_decay": 3.7931790852046997e-06
}