{
  "batch_size": 25.88854369154635,
  "beta_1": 0.6076912705363703,
  "beta_2": 0.4449860762934339,
  "block_size": 143.9097117931126,
  "dropout": 0.3851119532068632,
  "epsilon": 4.7418796491827826e-06,
  "lr": 0.05230867283812237,
  "n_embd": 10.905475419592378,
  "n_head": 1.4966478755444874,
  "n_layer": 5.587997751460384,
  "seed": 687005197.0780816,
  "weight_decay": 0.009174773502888593
}