{
  "batch_size": 45.15897411023795,
  "beta_1": 0.33895364505958225,
  "beta_2": 0.6481776580961716,
  "block_size": 242.23201803213388,
  "dropout": 0.3319665571562389,
  "epsilon": 0.0005258546152093553,
  "lr": 0.05776447183482181,
  "n_embd": 18.131943820417202,
  "n_head": 1.7042197872483555,
  "n_layer": 6.0306403717985555,
  "seed": 1621786985.2904863,
  "weight_decay": 0.002082851976459398
}