{
  "batch_size": 75.99611531971371,
  "beta_1": 0.63778336203515,
  "beta_2": 0.510140853503909,
  "block_size": 328.8608421172724,
  "dropout": 0.10578439205471,
  "epsilon": 0.00010039756333070567,
  "lr": 0.0025873740022504714,
  "n_embd": 33.020026734646706,
  "n_head": 3.386691498576168,
  "n_layer": 5.694796939354187,
  "seed": 1407178136.1327746,
  "weight_decay": 0.0067083514892166945
}