{
  "batch_size": 72,
  "beta_1": 0.8869212606243836,
  "beta_2": 0.35063149917364744,
  "block_size": 199,
  "dropout": 0.24703492025223356,
  "epsilon": 0.0004919072553842915,
  "lr": 0.03517972856570769,
  "n_embd": 19,
  "n_head": 1,
  "n_layer": 5,
  "seed": 1083407530,
  "weight_decay": 4.987792580610998e-08
}