{
  "batch_size": 60.83612015317505,
  "beta_1": 0.879125479410978,
  "beta_2": 0.43453133253180265,
  "block_size": 243.4558235723893,
  "dropout": 0.2761748430281219,
  "epsilon": 0.0009127845029216918,
  "lr": 0.0964832247893913,
  "n_embd": 16.802330168413977,
  "n_head": 4.8656978457530915,
  "n_layer": 5.169656525299898,
  "seed": 905538808.6148885,
  "weight_decay": 0.007533930470138278
}