{
  "batch_size": 17,
  "beta_1": 0.2576861808131946,
  "beta_2": 0.7529917022383037,
  "block_size": 271,
  "dropout": 0.14314600951959455,
  "epsilon": 0.00040882883383419534,
  "lr": 0.0008649054319418759,
  "n_embd": 7,
  "n_head": 6,
  "n_layer": 6,
  "seed": 2066338461,
  "weight_decay": 0.0007355070717927944
}