{
  "batch_size": 47.47028593414598,
  "beta_1": 0.8010146883115431,
  "beta_2": 0.4954448470370971,
  "block_size": 288.83946608439373,
  "dropout": 0.26947421996687804,
  "epsilon": 0.0005352885677077481,
  "lr": 0.0903891697138508,
  "n_embd": 5.476084058472511,
  "n_head": 3.9729552261242818,
  "n_layer": 2.9275263592848857,
  "seed": 2010314708.3383367,
  "weight_decay": 0.004915840613340087
}