{
  "batch_size": 46,
  "beta_1": 0.8406252572587631,
  "beta_2": 0.45985647933693174,
  "block_size": 117,
  "dropout": 0.3307544412452643,
  "epsilon": 5.816437979695112e-06,
  "lr": 5.0809330824537685e-06,
  "n_embd": 8,
  "n_head": 1,
  "n_layer": 3,
  "seed": 1878108114,
  "weight_decay": 2.572705422376926e-07
}