{
  "batch_size": 54,
  "beta_1": 0.5229862616225087,
  "beta_2": 0.2683541870989503,
  "block_size": 150,
  "dropout": 0.1938564769598318,
  "epsilon": 8.785625e-10,
  "lr": 0.0008796336901225,
  "n_embd": 39,
  "n_head": 5,
  "n_layer": 5,
  "seed": 782155597.3259664,
  "weight_decay": 0.0028439781255341
}