{
  "batch_size": 60,
  "beta_1": 0.8230008190213509,
  "beta_2": 0.6646623418469768,
  "block_size": 201,
  "dropout": 0.10185959602417861,
  "epsilon": 0.00021050979644397896,
  "lr": 1.8353293176724836e-05,
  "n_embd": 38,
  "n_head": 6,
  "n_layer": 6,
  "seed": 713108275,
  "weight_decay": 5.73037479304101e-07
}