{
  "batch_size": 68.64322667982202,
  "beta_1": 0.16465745689544622,
  "beta_2": 0.3411346793138623,
  "block_size": 269.9095675263168,
  "dropout": 0.2899175834240093,
  "epsilon": 0.00025613017371354244,
  "lr": 0.08282535079970525,
  "n_embd": 48.397125464999505,
  "n_head": 3.14692084685702,
  "n_layer": 4.55097989796063,
  "seed": 1995954293.3138628,
  "weight_decay": 0.0018873398399834884
}