{
  "batch_size": 86,
  "beta_1": 0.6057353691543585,
  "beta_2": 0.47755427495960956,
  "block_size": 211,
  "dropout": 0.19772300444557517,
  "epsilon": 6.107425707659657e-10,
  "lr": 0.05406766638882031,
  "n_embd": 24,
  "n_head": 1,
  "n_layer": 4,
  "seed": 1615432795,
  "weight_decay": 3.820946886763019e-05
}