{
  "batch_size": 84,
  "beta_1": 0.340562388893671,
  "beta_2": 0.3263048471066453,
  "block_size": 285,
  "dropout": 0.2244810206843938,
  "epsilon": 2.8502675e-09,
  "lr": 0.0003516012896015,
  "n_embd": 36,
  "n_head": 2,
  "n_layer": 3,
  "seed": 1140600174.55879,
  "weight_decay": 3.208777462e-07
}