{
  "batch_size": 33,
  "beta_1": 0.6113104634111298,
  "beta_2": 0.797845660082177,
  "block_size": 202,
  "dropout": 0.19319667453063954,
  "epsilon": 0.0001588851826271799,
  "lr": 7.217608683660636e-07,
  "n_embd": 20,
  "n_head": 6,
  "n_layer": 3,
  "seed": 298534386,
  "weight_decay": 0.003995285501690433
}