{
  "batch_size": 43.49295632124975,
  "beta_1": 0.3234229455686131,
  "beta_2": 0.8454276176258259,
  "block_size": 237.1534420740985,
  "dropout": 0.1531294934961301,
  "epsilon": 0.0005280606044156482,
  "lr": 0.06866198086129871,
  "n_embd": 48.32552966508131,
  "n_head": 4.353296930769899,
  "n_layer": 6.790720626555722,
  "seed": 31767878.25448021,
  "weight_decay": 0.0032791907976971683
}