{
  "batch_size": 58,
  "beta_1": 0.2794481289496389,
  "beta_2": 0.1500258326478062,
  "block_size": 367,
  "dropout": 0.3407387458281842,
  "epsilon": 2.27960118e-08,
  "lr": 0.000397726830991,
  "n_embd": 52,
  "n_head": 5,
  "n_layer": 6,
  "seed": 809431756.6497291,
  "weight_decay": 3.0487884945e-06
}