{
  "batch_size": 76,
  "beta_1": 0.38758569675754073,
  "beta_2": 0.8068958583972584,
  "block_size": 243,
  "dropout": 0.4733046164900695,
  "epsilon": 6.216150624436894e-10,
  "lr": 2.6846840253336453e-05,
  "n_embd": 47,
  "n_head": 3,
  "n_layer": 3,
  "seed": 777031923,
  "weight_decay": 0.0026595808913374526
}