{
  "batch_size": 81.55236196025652,
  "beta_1": 0.6746228700832062,
  "beta_2": 0.500518010014657,
  "block_size": 68.45139846995703,
  "dropout": 0.2885542953802456,
  "epsilon": 0.00027404006387534606,
  "lr": 0.042756231984031993,
  "n_embd": 22.51226131022499,
  "n_head": 1.636701400368004,
  "n_layer": 4.243424894447836,
  "seed": 688861775.8244817,
  "weight_decay": 0.003655104432308269
}