{
  "batch_size": 51.92345132207674,
  "beta_1": 0.9353062945085479,
  "beta_2": 0.35830181674979433,
  "block_size": 303.16946160442683,
  "dropout": 0.18557845828018987,
  "epsilon": 7.408798768726322e-05,
  "lr": 0.010942972542801405,
  "n_embd": 21.90328556761676,
  "n_head": 3.803280141055029,
  "n_layer": 5.451974275578842,
  "seed": 1334539991.3718467,
  "weight_decay": 0.009655062374164632
}