{
  "batch_size": 74,
  "beta_1": 0.19015646701057393,
  "beta_2": 0.8514765603150832,
  "block_size": 225,
  "dropout": 0.43343602925931757,
  "epsilon": 4.3494543905700305e-08,
  "lr": 0.009770572482229982,
  "n_embd": 6,
  "n_head": 5,
  "n_layer": 3,
  "seed": 2020641507,
  "weight_decay": 0.0019506219285220965
}