{
  "batch_size": 67,
  "beta_1": 0.8108238082317107,
  "beta_2": 0.7797473807202572,
  "block_size": 378,
  "dropout": 0.1006542197701191,
  "epsilon": 3.21618465e-08,
  "lr": 5.39642835081e-05,
  "n_embd": 29,
  "n_head": 2,
  "n_layer": 4,
  "seed": 1354605328.5577488,
  "weight_decay": 0.0002464609399394
}