{
  "batch_size": 47.849904889538365,
  "beta_1": 0.2648612629660737,
  "beta_2": 0.5750896544317663,
  "block_size": 148.4943557154046,
  "dropout": 0.3620331525797733,
  "epsilon": 0.00026574482830920247,
  "lr": 0.08607718233970171,
  "n_embd": 15.586944491884466,
  "n_head": 2.8449139825721472,
  "n_layer": 5.423980239064326,
  "seed": 1960836432.0499732,
  "weight_decay": 0.0009627521445864505
}