{
  "batch_size": 47.067713956061965,
  "beta_1": 0.5020808776871453,
  "beta_2": 0.9946084558611593,
  "block_size": 237.4715280828592,
  "dropout": 0.3608582288455807,
  "epsilon": 0.0009008812009931008,
  "lr": 0.049335379768060066,
  "n_embd": 3.5093116780532267,
  "n_head": 2.1070465845371507,
  "n_layer": 3.472402735816113,
  "seed": 1766250321.6020412,
  "weight_decay": 0.009423718190839816
}