{
  "batch_size": 73.23858039906895,
  "beta_1": 0.7752622883754513,
  "beta_2": 0.4593793466109414,
  "block_size": 373.7785577647603,
  "dropout": 0.2429812722819493,
  "epsilon": 0.0007563206030646547,
  "lr": 0.08856429199636749,
  "n_embd": 51.67910309997192,
  "n_head": 6.37723996803155,
  "n_layer": 6.456499827420251,
  "seed": 2031013171.483401,
  "weight_decay": 0.00894569362083119
}