{
  "batch_size": 83.89856338077682,
  "beta_1": 0.8332176497481663,
  "beta_2": 0.9929242999094617,
  "block_size": 276.88789925798164,
  "dropout": 0.22646143869535865,
  "epsilon": 0.00031555208859296047,
  "lr": 0.0272903757828191,
  "n_embd": 13.437476891095828,
  "n_head": 4.288736921865077,
  "n_layer": 2.999119672657036,
  "seed": 1291909510.983271,
  "weight_decay": 0.0004866559289569545
}