{
  "batch_size": 44,
  "beta_1": 0.9220233699773768,
  "beta_2": 0.7507577262181518,
  "block_size": 95,
  "dropout": 0.2579199133084452,
  "epsilon": 0.0002556571094701,
  "lr": 0.0097726842597112,
  "n_embd": 18,
  "n_head": 2,
  "n_layer": 1,
  "seed": 2122581513.4575572,
  "weight_decay": 7.05109121e-08
}