{
  "batch_size": 42,
  "beta_1": 0.7598728064939773,
  "beta_2": 0.5301219771087077,
  "block_size": 113,
  "dropout": 0.38235615718491667,
  "epsilon": 0.0003247562310214031,
  "lr": 1.602176069539815e-05,
  "n_embd": 47,
  "n_head": 4,
  "n_layer": 6,
  "seed": 979570444,
  "weight_decay": 6.858702350549678e-05
}