{
  "batch_size": 68,
  "beta_1": 0.1781554734700318,
  "beta_2": 0.7915610349559693,
  "block_size": 306,
  "dropout": 0.1807237049128336,
  "epsilon": 1.00214566e-08,
  "lr": 0.0002726573262136,
  "n_embd": 49,
  "n_head": 1,
  "n_layer": 5,
  "seed": 1274879713.1884718,
  "weight_decay": 8.14201601e-08
}