{
  "batch_size": 52.72316987735798,
  "beta_1": 0.2696326369389792,
  "beta_2": 0.17161460904927595,
  "block_size": 229.0435737231905,
  "dropout": 0.30543207650618026,
  "epsilon": 0.0006990720772161402,
  "lr": 0.06421205554422657,
  "n_embd": 14.343722657277938,
  "n_head": 6.8632731935380855,
  "n_layer": 6.0285284047576475,
  "seed": 473316864.5110016,
  "weight_decay": 0.0026615470685365165
}