{
  "batch_size": 19.258949456814705,
  "beta_1": 0.5171504848062775,
  "beta_2": 0.41659120803416416,
  "block_size": 209.64298851648354,
  "dropout": 0.25978842345828024,
  "epsilon": 0.0007490979723486994,
  "lr": 0.06996075789112971,
  "n_embd": 22.173982335208652,
  "n_head": 4.733770229076786,
  "n_layer": 3.8194140394010203,
  "seed": 1802411014.5867848,
  "weight_decay": 0.009554416817284776
}