{
  "batch_size": 38.91771416391667,
  "beta_1": 0.7059313708589756,
  "beta_2": 0.5048516053749127,
  "block_size": 310.81518711007266,
  "dropout": 0.190844902062703,
  "epsilon": 0.0008782620298252846,
  "lr": 0.0364839746996256,
  "n_embd": 34.55845923106974,
  "n_head": 2.9561214729654925,
  "n_layer": 6.570048642428705,
  "seed": 1936424694.5790482,
  "weight_decay": 0.007928611275645252
}