{
  "batch_size": 75,
  "beta_1": 0.6418809463513666,
  "beta_2": 0.1234868028026225,
  "block_size": 197,
  "dropout": 0.43580857086218316,
  "epsilon": 2.6546510844594597e-06,
  "lr": 0.001031730489322074,
  "n_embd": 30,
  "n_head": 1,
  "n_layer": 5,
  "seed": 1417167657,
  "weight_decay": 0.007455058268443269
}