{
  "batch_size": 21,
  "beta_1": 0.4068475321610229,
  "beta_2": 0.25868426846034265,
  "block_size": 363,
  "dropout": 0.2701478586013043,
  "epsilon": 0.0008758579606289356,
  "lr": 1.1579444147687145e-05,
  "n_embd": 0,
  "n_head": 3,
  "n_layer": 4,
  "seed": 1507202030,
  "weight_decay": 3.2981518954452234e-05
}