{
  "batch_size": 71,
  "beta_1": 0.521492799219321,
  "beta_2": 0.5082322199070145,
  "block_size": 152,
  "dropout": 0.4472300485826802,
  "epsilon": 4.291327576e-07,
  "lr": 0.0007997268266298,
  "n_embd": 6,
  "n_head": 3,
  "n_layer": 1,
  "seed": 1204950034.3387127,
  "weight_decay": 5.14126295e-08
}