{
  "batch_size": 65,
  "beta_1": 0.7892774997133801,
  "beta_2": 0.9005132302567711,
  "block_size": 65,
  "dropout": 0.12901341648821416,
  "epsilon": 9.652712010105503e-05,
  "lr": 0.00402431042192122,
  "n_embd": 31,
  "n_head": 6,
  "n_layer": 3,
  "seed": 1706486499,
  "weight_decay": 3.605456580109726e-05
}