{
  "batch_size": 92.06414000969855,
  "beta_1": 0.9630034365352199,
  "beta_2": 0.10465202845028829,
  "block_size": 383.2112717114431,
  "dropout": 0.33851211021318073,
  "epsilon": 0.000562049106163822,
  "lr": 0.042937508860546446,
  "n_embd": 47.67227358936869,
  "n_head": 5.815216560900077,
  "n_layer": 5.869249094463643,
  "seed": 1043791205.0133113,
  "weight_decay": 0.001753165318609203
}