{
  "batch_size": 95,
  "beta_1": 0.9804687580496548,
  "beta_2": 0.19339878718166212,
  "block_size": 83,
  "dropout": 0.4244927324551575,
  "epsilon": 3.6629720880409964e-08,
  "lr": 8.36408659391006e-05,
  "n_embd": 53,
  "n_head": 4,
  "n_layer": 3,
  "seed": 1625344522,
  "weight_decay": 1.4120592403229378e-07
}