{
  "batch_size": 42.992362296784904,
  "beta_1": 0.16082714737037507,
  "beta_2": 0.9952240450058188,
  "block_size": 282.35415067383224,
  "dropout": 0.1943837785685707,
  "epsilon": 0.00037632251505469134,
  "lr": 0.03116648771690406,
  "n_embd": 18.27088207579844,
  "n_head": 2.9729695580778226,
  "n_layer": 4.783030795084168,
  "seed": 916990207.5607315,
  "weight_decay": 0.0044569634379805646
}