{
  "batch_size": 16.342603751973513,
  "beta_1": 0.6444898664925514,
  "beta_2": 0.5905523516512142,
  "block_size": 271.55576047907476,
  "dropout": 0.33540108373003413,
  "epsilon": 0.0008925441989555291,
  "lr": 0.0527301086647377,
  "n_embd": 26.02098566628882,
  "n_head": 2.341732061123138,
  "n_layer": 1.7709278003897833,
  "seed": 1053400807.9959627,
  "weight_decay": 0.0023832253780103944
}