{
  "batch_size": 95.14606204994786,
  "beta_1": 0.305889699342748,
  "beta_2": 0.42136005050526526,
  "block_size": 120.63422487600369,
  "dropout": 0.4068109180741525,
  "epsilon": 0.000553521101095683,
  "lr": 0.08823329794913216,
  "n_embd": 5.393650041552437,
  "n_head": 2.829165443966688,
  "n_layer": 5.5881694500556245,
  "seed": 994785832.6405735,
  "weight_decay": 0.005284724770736082
}