{
  "batch_size": 51,
  "beta_1": 0.18995307204903383,
  "beta_2": 0.3233665540242453,
  "block_size": 121,
  "dropout": 0.12727313912815208,
  "epsilon": 9.160244681302372e-10,
  "lr": 8.064660462975461e-06,
  "n_embd": 24,
  "n_head": 2,
  "n_layer": 5,
  "seed": 1694501714,
  "weight_decay": 0.0019243179992778957
}