{
  "batch_size": 95,
  "beta_1": 0.6289515851169908,
  "beta_2": 0.8203291530825855,
  "block_size": 214,
  "dropout": 0.3215455221534764,
  "epsilon": 9.477358199275217e-10,
  "lr": 1.6994845366130812e-06,
  "n_embd": 27,
  "n_head": 6,
  "n_layer": 5,
  "seed": 401860240,
  "weight_decay": 1.19529137346683e-07
}