{
  "batch_size": 72,
  "beta_1": 0.7360561179453889,
  "beta_2": 0.4302277807141912,
  "block_size": 83,
  "dropout": 0.2023839460378684,
  "epsilon": 5.4387264727e-06,
  "lr": 0.0002994025903261,
  "n_embd": 7,
  "n_head": 1,
  "n_layer": 3,
  "seed": 1820778096.2571084,
  "weight_decay": 4.464292525e-07
}