{
  "batch_size": 43,
  "beta_1": 0.7115167348949635,
  "beta_2": 0.7940137470248773,
  "block_size": 294,
  "dropout": 0.4243288311939554,
  "epsilon": 0.0007465849148507,
  "lr": 0.0055969938898831,
  "n_embd": 18,
  "n_head": 5,
  "n_layer": 4,
  "seed": 278417462.6831998,
  "weight_decay": 5.22923982e-08
}