{
  "batch_size": 53.35910922557374,
  "beta_1": 0.655048377064026,
  "beta_2": 0.7029179779267928,
  "block_size": 369.31871407914963,
  "dropout": 0.4772327390826814,
  "epsilon": 0.0006322360685663312,
  "lr": 0.09226971351005105,
  "n_embd": 46.294280313935175,
  "n_head": 6.148430766900213,
  "n_layer": 4.063145200287362,
  "seed": 628079218.0072596,
  "weight_decay": 0.005277934173404202
}