{
  "batch_size": 23.65433316723515,
  "beta_1": 0.9508629499378333,
  "beta_2": 0.9835182597756738,
  "block_size": 127.0267939398511,
  "dropout": 0.24791305896467747,
  "epsilon": 0.0008964159678458742,
  "lr": 0.00150689374536496,
  "n_embd": 45.01066199947005,
  "n_head": 3.327663439603982,
  "n_layer": 1.0640231581680888,
  "seed": 82617021.21941414,
  "weight_decay": 0.004848390611504005
}