{
  "batch_size": 93.84584333326765,
  "beta_1": 0.4047535319310316,
  "beta_2": 0.6615902832749684,
  "block_size": 359.19094808648157,
  "dropout": 0.41050439084054846,
  "epsilon": 0.0006011142500617851,
  "lr": 0.09595098164172008,
  "n_embd": 23.237916696390325,
  "n_head": 2.865033820079404,
  "n_layer": 4.99272332416154,
  "seed": 1969542948.47985,
  "weight_decay": 0.007459402490097199
}