{
  "batch_size": 31.594905223524655,
  "beta_1": 0.12113250524381057,
  "beta_2": 0.7019185006081001,
  "block_size": 138.5056240536191,
  "dropout": 0.42530014228371826,
  "epsilon": 0.0006706008134131687,
  "lr": 0.06830059161910312,
  "n_embd": 29.002968357745807,
  "n_head": 6.639131356101344,
  "n_layer": 1.0839307679546737,
  "seed": 1876097702.039423,
  "weight_decay": 0.0001717447873110947
}