{
  "batch_size": 55.96634213943748,
  "beta_1": 0.4611741671604894,
  "beta_2": 0.8878265293091793,
  "block_size": 183.91296437109298,
  "dropout": 0.17338444935422137,
  "epsilon": 0.00016581520322104883,
  "lr": 0.05813407567942775,
  "n_embd": 38.62195426705583,
  "n_head": 2.667228024416433,
  "n_layer": 4.966952908441234,
  "seed": 1587161903.0398445,
  "weight_decay": 0.008101599699982562
}