{
  "batch_size": 63.08414735806819,
  "beta_1": 0.6286200884550379,
  "beta_2": 0.8016027310866284,
  "block_size": 169.68566763410956,
  "dropout": 0.49048982431284427,
  "epsilon": 0.00012435112523549532,
  "lr": 0.0012444595776640152,
  "n_embd": 36.093650267914526,
  "n_head": 3.3660119075355834,
  "n_layer": 3.6279726623586694,
  "seed": 1655467071.0678349,
  "weight_decay": 0.004316114334791686
}