{
  "batch_size": 59,
  "beta_1": 0.3874638896597401,
  "beta_2": 0.7363878660675993,
  "block_size": 120,
  "dropout": 0.17508564300665308,
  "epsilon": 4.01916675790051e-06,
  "lr": 0.07231416461080362,
  "n_embd": 26,
  "n_head": 2,
  "n_layer": 1,
  "seed": 931990891,
  "weight_decay": 4.5992060220343203e-07
}