{
  "batch_size": 95,
  "beta_1": 0.2922247317372472,
  "beta_2": 0.8268555908323495,
  "block_size": 102,
  "dropout": 0.220478189520894,
  "epsilon": 3.812610751e-07,
  "lr": 0.0004388635198474,
  "n_embd": 3,
  "n_head": 2,
  "n_layer": 4,
  "seed": 148254962.0874251,
  "weight_decay": 0.0002188005224057
}