{
  "batch_size": 75,
  "beta_1": 0.3859761528411932,
  "beta_2": 0.7990850744283514,
  "block_size": 354,
  "dropout": 0.4492912487477696,
  "epsilon": 5.07731635e-08,
  "lr": 0.0008628648102883,
  "n_embd": 44,
  "n_head": 4,
  "n_layer": 4,
  "seed": 831102810.6920875,
  "weight_decay": 0.005038993813749
}