{
  "batch_size": 59,
  "beta_1": 0.7586020152507261,
  "beta_2": 0.29050148890505745,
  "block_size": 295,
  "dropout": 0.3544394845846951,
  "epsilon": 0.0001999690783012706,
  "lr": 0.0014551368934342408,
  "n_embd": 2,
  "n_head": 1,
  "n_layer": 1,
  "seed": 1094731504,
  "weight_decay": 0.00035589750370010657
}