{
  "batch_size": 64,
  "beta_1": 0.5403975393318968,
  "beta_2": 0.48228061949320344,
  "block_size": 360,
  "dropout": 0.10856359590257625,
  "epsilon": 6.8427616569080165e-06,
  "lr": 0.0001135933481307917,
  "n_embd": 22,
  "n_head": 3,
  "n_layer": 3,
  "seed": 1953498158,
  "weight_decay": 3.7681528642643665e-05
}