{
  "batch_size": 86.14522508293763,
  "beta_1": 0.59322300899453,
  "beta_2": 0.33097556176152365,
  "block_size": 190.44924020464518,
  "dropout": 0.3517626220113642,
  "epsilon": 0.000379413845275386,
  "lr": 0.0920376836636102,
  "n_embd": 39.41374056688814,
  "n_head": 5.061862699139308,
  "n_layer": 4.547664644550367,
  "seed": 443908220.86203164,
  "weight_decay": 0.00010721675152350666
}