{
  "batch_size": 20.39500713508777,
  "beta_1": 0.42708244173172794,
  "beta_2": 0.1436993725181753,
  "block_size": 142.35838185046373,
  "dropout": 0.2471643895010782,
  "epsilon": 0.0007655476280731483,
  "lr": 0.08688191677221643,
  "n_embd": 46.269370943531115,
  "n_head": 2.2471315552870497,
  "n_layer": 5.763789219542421,
  "seed": 378961011.6447813,
  "weight_decay": 0.0060577513014788585
}