{
  "batch_size": 75,
  "beta_1": 0.7920137986463883,
  "beta_2": 0.7942116383691538,
  "block_size": 273,
  "dropout": 0.38943927098245157,
  "epsilon": 6.067263748333788e-08,
  "lr": 0.00021889470559688108,
  "n_embd": 35,
  "n_head": 4,
  "n_layer": 5,
  "seed": 2040964982,
  "weight_decay": 0.00013203860413269576
}