{
  "batch_size": 68,
  "beta_1": 0.27253697675790745,
  "beta_2": 0.6385299079997186,
  "block_size": 95,
  "dropout": 0.3045664318014612,
  "epsilon": 2.6832316552618245e-05,
  "lr": 3.762238951099037e-05,
  "n_embd": 42,
  "n_head": 3,
  "n_layer": 2,
  "seed": 2002871049,
  "weight_decay": 0.004101816438323377
}