{
  "batch_size": 70,
  "beta_1": 0.7395977169510557,
  "beta_2": 0.33106836447012267,
  "block_size": 188,
  "dropout": 0.46491108956238614,
  "epsilon": 4.433852127031579e-08,
  "lr": 0.0649296048070871,
  "n_embd": 40,
  "n_head": 4,
  "n_layer": 5,
  "seed": 1011519781,
  "weight_decay": 0.00016506355028075278
}