{
  "batch_size": 62,
  "beta_1": 0.7642765876937505,
  "beta_2": 0.12812535938671804,
  "block_size": 334,
  "dropout": 0.06166772699566556,
  "epsilon": 9.824686064676859e-08,
  "lr": 0.0009135625030419445,
  "n_embd": 46,
  "n_head": 2,
  "n_layer": 4,
  "seed": 948826412,
  "weight_decay": 5.040595913980706e-07
}