{
  "batch_size": 91,
  "beta_1": 0.30927470907235177,
  "beta_2": 0.4076225851596792,
  "block_size": 135,
  "dropout": 0.10647500819522433,
  "epsilon": 1.2924914930551076e-07,
  "lr": 0.009079212594366465,
  "n_embd": 41,
  "n_head": 6,
  "n_layer": 2,
  "seed": 769794225,
  "weight_decay": 4.695682380118914e-07
}