{
  "batch_size": 78.9259837977324,
  "beta_1": 0.18656876063309236,
  "beta_2": 0.45733133559271644,
  "block_size": 311.6014907911509,
  "dropout": 0.16235020890843513,
  "epsilon": 0.0009597991322650032,
  "lr": 0.06977688868303619,
  "n_embd": 6.62523981447106,
  "n_head": 2.9545528740680282,
  "n_layer": 1.5556729071038427,
  "seed": 272062762.1806427,
  "weight_decay": 0.005639346974133656
}