{
  "batch_size": 38.41233880741734,
  "beta_1": 0.9459707102872117,
  "beta_2": 0.6439388070716981,
  "block_size": 111.48183677706767,
  "dropout": 0.37995680763372175,
  "epsilon": 0.0006749304554671979,
  "lr": 0.00917954727008931,
  "n_embd": 3.1425060932730187,
  "n_head": 6.074188493533769,
  "n_layer": 5.229337475704348,
  "seed": 1791749723.9646046,
  "weight_decay": 0.008318137801172661
}