{
  "batch_size": 89.2444988345085,
  "beta_1": 0.8416482628938353,
  "beta_2": 0.3373329972236405,
  "block_size": 202.5280389207273,
  "dropout": 0.29958896415448333,
  "epsilon": 0.0001503008478323848,
  "lr": 0.04064294829303208,
  "n_embd": 3.0712018003924095,
  "n_head": 4.861080845644009,
  "n_layer": 4.9463347266711075,
  "seed": 141874302.0090999,
  "weight_decay": 0.0064535977472671546
}