{
  "batch_size": 42,
  "beta_1": 0.6883144916718327,
  "beta_2": 0.9998569263614003,
  "block_size": 210,
  "dropout": 0.05615983339614823,
  "epsilon": 2.383934890862226e-09,
  "lr": 0.00013319514693792614,
  "n_embd": 15,
  "n_head": 1,
  "n_layer": 5,
  "seed": 64927895,
  "weight_decay": 0.00023639403643343872
}