{
  "batch_size": 57,
  "beta_1": 0.45616337537336116,
  "beta_2": 0.5950943424653552,
  "block_size": 355,
  "dropout": 0.18540444173330012,
  "epsilon": 1.7735000364771659e-07,
  "lr": 1.0763833660314332e-06,
  "n_embd": 47,
  "n_head": 2,
  "n_layer": 2,
  "seed": 468874606,
  "weight_decay": 0.0008007159937070101
}