{
  "batch_size": 63.485856166020966,
  "beta_1": 0.5525010478259164,
  "beta_2": 0.9997398283091873,
  "block_size": 129.7896914238775,
  "dropout": 0.17696149100876513,
  "epsilon": 6.785891653059152e-05,
  "lr": 0.05077558736712101,
  "n_embd": 2.141307930088086,
  "n_head": 1.4464492851995936,
  "n_layer": 2.489615396241426,
  "seed": 548697487.1008554,
  "weight_decay": 0.0028923359836441342
}