{
  "batch_size": 47.34840744650684,
  "beta_1": 0.3927450515033297,
  "beta_2": 0.5742495145544757,
  "block_size": 340.11309387929646,
  "dropout": 0.2444867348917814,
  "epsilon": 0.00031236963985555006,
  "lr": 0.060733372124122886,
  "n_embd": 47.55251699959632,
  "n_head": 2.9165607978803108,
  "n_layer": 1.7555394385116547,
  "seed": 1585101019.4367936,
  "weight_decay": 0.0007621834570943785
}