{
  "batch_size": 89,
  "beta_1": 0.6922297398029105,
  "beta_2": 0.3111129320136177,
  "block_size": 199,
  "dropout": 0.36957328676309675,
  "epsilon": 8.268794587132957e-05,
  "lr": 4.601762151993689e-06,
  "n_embd": 9,
  "n_head": 4,
  "n_layer": 2,
  "seed": 1613444360,
  "weight_decay": 0.000144683727222586
}