{
  "batch_size": 43,
  "beta_1": 0.7308786281534748,
  "beta_2": 0.32294215801700726,
  "block_size": 208,
  "dropout": 0.4980967600197759,
  "epsilon": 5.307455357395124e-09,
  "lr": 2.3935407087096115e-06,
  "n_embd": 19,
  "n_head": 3,
  "n_layer": 3,
  "seed": 1515665870,
  "weight_decay": 1.130845187723356e-05
}