{
  "batch_size": 76.27810106952242,
  "beta_1": 0.2463669682535455,
  "beta_2": 0.38569208617973383,
  "block_size": 379.25243226216435,
  "dropout": 0.37151212217032914,
  "epsilon": 0.0007046699936620325,
  "lr": 0.029945731383379522,
  "n_embd": 1.0801213271285783,
  "n_head": 3.573294332546071,
  "n_layer": 6.61340931715355,
  "seed": 612888071.384661,
  "weight_decay": 0.002265489504872645
}