{
  "batch_size": 88.70756593446521,
  "beta_1": 0.7109384312069642,
  "beta_2": 0.44824554111871484,
  "block_size": 294.1620107329147,
  "dropout": 0.45838752677859584,
  "epsilon": 0.0004497149168240865,
  "lr": 0.06525663096222566,
  "n_embd": 4.809300763284556,
  "n_head": 2.602599380876038,
  "n_layer": 6.989463905985206,
  "seed": 68405833.38617584,
  "weight_decay": 0.0006359025244471859
}