{
  "batch_size": 56,
  "beta_1": 0.6731651360997,
  "beta_2": 0.5153734810439249,
  "block_size": 120,
  "dropout": 0.260337451758337,
  "epsilon": 1.5899946248771716e-05,
  "lr": 1.862541725470147e-05,
  "n_embd": 38,
  "n_head": 3,
  "n_layer": 3,
  "seed": 2010966391,
  "weight_decay": 1.558708648421948e-08
}