{
  "batch_size": 35.27919166565758,
  "beta_1": 0.43807349862678,
  "beta_2": 0.81881362555216,
  "block_size": 172.3777340273133,
  "dropout": 0.4704337352239619,
  "epsilon": 9.172177755090157e-05,
  "lr": 0.035298247915969826,
  "n_embd": 23.136225429943835,
  "n_head": 2.3395419418478527,
  "n_layer": 5.332848536636308,
  "seed": 107991474.53911403,
  "weight_decay": 0.0037709208927767077
}