{
  "batch_size": 87,
  "beta_1": 0.5447273822655786,
  "beta_2": 0.7227996170963299,
  "block_size": 294,
  "dropout": 0.25786176158852403,
  "epsilon": 6.302926617903045e-08,
  "lr": 0.021674573039320355,
  "n_embd": 8,
  "n_head": 6,
  "n_layer": 1,
  "seed": 480390720,
  "weight_decay": 1.2607479631482338e-07
}