{
  "batch_size": 37.17584312751613,
  "beta_1": 0.6347315276975575,
  "beta_2": 0.5695004235808843,
  "block_size": 370.14950705989975,
  "dropout": 0.2603778874461118,
  "epsilon": 7.593948538067797e-05,
  "lr": 0.06691553642199087,
  "n_embd": 32.86552652913828,
  "n_head": 2.9905131494664228,
  "n_layer": 6.359450048330058,
  "seed": 1613744447.0336983,
  "weight_decay": 0.008496429001316757
}