{
  "batch_size": 16,
  "beta_1": 0.6836426175214102,
  "beta_2": 0.1209578291192722,
  "block_size": 112,
  "dropout": 0.2832439939931942,
  "epsilon": 1.92710637229e-05,
  "lr": 1.35702566703e-05,
  "n_embd": 40,
  "n_head": 3,
  "n_layer": 3,
  "seed": 114866036.48720747,
  "weight_decay": 0.0076255584057903
}