{
  "batch_size": 76.75061088364879,
  "beta_1": 0.6744103787490779,
  "beta_2": 0.7348214230533324,
  "block_size": 70.62103325627326,
  "dropout": 0.4300749149053231,
  "epsilon": 0.0007192448754814873,
  "lr": 0.01395556782792023,
  "n_embd": 42.22295449101154,
  "n_head": 4.54184787374345,
  "n_layer": 1.7322516938478558,
  "seed": 1995957965.865767,
  "weight_decay": 0.0066038368561451375
}