{
  "batch_size": 33,
  "beta_1": 0.377323586267218,
  "beta_2": 0.7442778407358064,
  "block_size": 174,
  "dropout": 0.2077786662102138,
  "epsilon": 1.8965309e-09,
  "lr": 0.0022999462036001,
  "n_embd": 9,
  "n_head": 4,
  "n_layer": 1,
  "seed": 2076019506.1319125,
  "weight_decay": 0.001535281192803
}