{
  "batch_size": 93,
  "beta_1": 0.1523967774148734,
  "beta_2": 0.3644105966740697,
  "block_size": 296,
  "dropout": 0.2280300130852306,
  "epsilon": 4.2900972e-09,
  "lr": 7.8138581191e-05,
  "n_embd": 13,
  "n_head": 4,
  "n_layer": 1,
  "seed": 1065787284.4160635,
  "weight_decay": 0.0020438591766669
}