{
  "batch_size": 82,
  "beta_1": 0.5895332107463827,
  "beta_2": 0.7331909608413307,
  "block_size": 209,
  "dropout": 0.4590614592729714,
  "epsilon": 3.049877e-10,
  "lr": 0.0006900985754746,
  "n_embd": 33,
  "n_head": 1,
  "n_layer": 4,
  "seed": 647872591.2030685,
  "weight_decay": 3.13324859e-07
}