{
  "batch_size": 29,
  "beta_1": 0.30683594132390235,
  "beta_2": 0.9644791114538255,
  "block_size": 369,
  "dropout": 0.2610214697327147,
  "epsilon": 1.9863077247889043e-07,
  "lr": 0.0010270482060788105,
  "n_embd": 51,
  "n_head": 3,
  "n_layer": 6,
  "seed": 1224348857,
  "weight_decay": 1.4635331124256239e-05
}