{
  "batch_size": 21,
  "beta_1": 0.4645679768079214,
  "beta_2": 0.1020521339677042,
  "block_size": 99,
  "dropout": 0.3389221268987898,
  "epsilon": 8.8273782158e-05,
  "lr": 0.0005286899676506,
  "n_embd": 2,
  "n_head": 3,
  "n_layer": 3,
  "seed": 1222235366.0684905,
  "weight_decay": 0.0072573401004363
}