{
  "batch_size": 86,
  "beta_1": 0.1563716434216803,
  "beta_2": 0.23081335829478064,
  "block_size": 148,
  "dropout": 0.3028445417637243,
  "epsilon": 0.0002611060281521808,
  "lr": 0.023618077295381786,
  "n_embd": 53,
  "n_head": 1,
  "n_layer": 1,
  "seed": 2002023824,
  "weight_decay": 0.000930863918891017
}