{
  "batch_size": 42.385438031290235,
  "beta_1": 0.43259486564012406,
  "beta_2": 0.44226477870231107,
  "block_size": 157.37186190177013,
  "dropout": 0.3707910935015012,
  "epsilon": 0.0009763029737518048,
  "lr": 0.09592542718044651,
  "n_embd": 41.11426146058972,
  "n_head": 6.413786551045155,
  "n_layer": 3.442542798826462,
  "seed": 603151620.5185441,
  "weight_decay": 0.0008983497885682415
}