{
  "batch_size": 55,
  "beta_1": 0.2446384664559022,
  "beta_2": 0.2391769737995574,
  "block_size": 115,
  "dropout": 0.1720807801571247,
  "epsilon": 3.530537e-10,
  "lr": 0.0132958064162041,
  "n_embd": 48,
  "n_head": 5,
  "n_layer": 5,
  "seed": 838082265.6224796,
  "weight_decay": 5.486897122e-07
}