{
  "batch_size": 36,
  "beta_1": 0.6915100796832052,
  "beta_2": 0.9599454736417695,
  "block_size": 283,
  "dropout": 0.4118675528372191,
  "epsilon": 3.0910636915685594e-09,
  "lr": 8.677008816977652e-06,
  "n_embd": 44,
  "n_head": 5,
  "n_layer": 6,
  "seed": 865721814,
  "weight_decay": 9.023964470582093e-07
}