{
  "batch_size": 54.82414733036817,
  "beta_1": 0.5599977972355059,
  "beta_2": 0.49107759675311247,
  "block_size": 237.8470155745381,
  "dropout": 0.21360909089511876,
  "epsilon": 0.0008536447835104006,
  "lr": 0.019942669217929858,
  "n_embd": 48.8471156010849,
  "n_head": 6.435742354811955,
  "n_layer": 1.2616284214478182,
  "seed": 572251554.799525,
  "weight_decay": 0.00653190053704429
}