{
  "batch_size": 91,
  "beta_1": 0.9399130040601038,
  "beta_2": 0.3665365584723436,
  "block_size": 113,
  "dropout": 0.2026320749844767,
  "epsilon": 0.0001881947362508,
  "lr": 0.0006843178958771,
  "n_embd": 23,
  "n_head": 5,
  "n_layer": 5,
  "seed": 1830344238.8826697,
  "weight_decay": 9.693218246e-06
}