{
  "batch_size": 87.58051689680498,
  "beta_1": 0.4612822251089257,
  "beta_2": 0.9943914952430455,
  "block_size": 343.5732033665903,
  "dropout": 0.22737955554447567,
  "epsilon": 0.0003542825141511052,
  "lr": 0.03124203954034731,
  "n_embd": 24.15482498941217,
  "n_head": 4.221253777478715,
  "n_layer": 4.151463544195562,
  "seed": 877735497.3612077,
  "weight_decay": 0.0029586267780848784
}