{
  "batch_size": 39.59579791563095,
  "beta_1": 0.5414700130093273,
  "beta_2": 0.46049582218446994,
  "block_size": 109.87380235124112,
  "dropout": 0.41245608497799635,
  "epsilon": 0.00031776739771154593,
  "lr": 0.03371978349161799,
  "n_embd": 50.40999738476621,
  "n_head": 2.6077650110684956,
  "n_layer": 4.517891978038424,
  "seed": 1798469407.2704864,
  "weight_decay": 0.0036984844627342695
}