{
  "batch_size": 42,
  "beta_1": 0.929149166514744,
  "beta_2": 0.9336984607322418,
  "block_size": 239,
  "dropout": 0.3057989864773996,
  "epsilon": 1.969391e-10,
  "lr": 0.0104965864073148,
  "n_embd": 16,
  "n_head": 5,
  "n_layer": 5,
  "seed": 851842460.8726525,
  "weight_decay": 1.3054709833e-06
}