{
  "batch_size": 86,
  "beta_1": 0.681586306448496,
  "beta_2": 0.5687086545350055,
  "block_size": 105,
  "dropout": 0.2355645080965732,
  "epsilon": 4.5349037208e-06,
  "lr": 0.0054289109965332,
  "n_embd": 16,
  "n_head": 2,
  "n_layer": 3,
  "seed": 1340149273.3511586,
  "weight_decay": 1.2622120901e-05
}