{
  "batch_size": 20,
  "beta_1": 0.32948752474690957,
  "beta_2": 0.8460218094398904,
  "block_size": 285,
  "dropout": 0.2542929365374468,
  "epsilon": 7.449611159631654e-10,
  "lr": 1.8790686214896387e-05,
  "n_embd": 48,
  "n_head": 3,
  "n_layer": 3,
  "seed": 1458757808,
  "weight_decay": 2.3877104348463282e-08
}