{
  "batch_size": 61.592588855757505,
  "beta_1": 0.8703354544895306,
  "beta_2": 0.46462212918209433,
  "block_size": 271.25741698442005,
  "dropout": 0.39441254513863455,
  "epsilon": 0.000527729877430808,
  "lr": 0.05734948967843336,
  "n_embd": 4.045874040534408,
  "n_head": 1.4735574362041715,
  "n_layer": 6.602852565686068,
  "seed": 1741690139.9002905,
  "weight_decay": 0.00573534317114613
}