{
  "batch_size": 74,
  "beta_1": 0.5584324841611494,
  "beta_2": 0.19933471281798157,
  "block_size": 158,
  "dropout": 0.37987411216280653,
  "epsilon": 2.179152577186639e-09,
  "lr": 0.004836678282513631,
  "n_embd": 46,
  "n_head": 3,
  "n_layer": 3,
  "seed": 1555134017,
  "weight_decay": 0.00011004707077729013
}