{
  "batch_size": 36.54714614307387,
  "beta_1": 0.8469483352933116,
  "beta_2": 0.1502506309156556,
  "block_size": 274.6153035404175,
  "dropout": 0.28709743059724013,
  "epsilon": 0.0003078510082612204,
  "lr": 0.09451994389581062,
  "n_embd": 36.55853084441013,
  "n_head": 6.605811355059664,
  "n_layer": 2.510280102657556,
  "seed": 1532089554.1448894,
  "weight_decay": 0.0009297656028101066
}