{
  "batch_size": 34,
  "beta_1": 0.8923804436548244,
  "beta_2": 0.1149474125896693,
  "block_size": 145,
  "dropout": 0.3429196673167764,
  "epsilon": 1.04243e-10,
  "lr": 0.0116516563528042,
  "n_embd": 28,
  "n_head": 6,
  "n_layer": 5,
  "seed": 721216893.3014315,
  "weight_decay": 9.72364045e-08
}