{
  "batch_size": 59.77501815714064,
  "beta_1": 0.3340502252057126,
  "beta_2": 0.5148799216650479,
  "block_size": 78.70897266901369,
  "dropout": 0.3399456992127714,
  "epsilon": 0.0003697775119848956,
  "lr": 0.08868508694517657,
  "n_embd": 1.0106077613680509,
  "n_head": 5.373675411824771,
  "n_layer": 4.066173601971297,
  "seed": 1681683291.5732038,
  "weight_decay": 0.0016267317600203246
}