{
  "batch_size": 90.35519776712803,
  "beta_1": 0.6233575359707602,
  "beta_2": 0.22404785404157462,
  "block_size": 95.28785024143463,
  "dropout": 0.10842200616641158,
  "epsilon": 0.0006063318370577799,
  "lr": 0.08108361912392749,
  "n_embd": 11.87560160117699,
  "n_head": 6.352193711085549,
  "n_layer": 1.4721538564539904,
  "seed": 1856291623.3423095,
  "weight_decay": 0.001855325449164889
}