{
  "batch_size": 82,
  "beta_1": 0.3016679531920881,
  "beta_2": 0.3288784417724653,
  "block_size": 193,
  "dropout": 0.1674290939096848,
  "epsilon": 3.1897121943367533e-06,
  "lr": 0.001794688951527896,
  "n_embd": 27,
  "n_head": 4,
  "n_layer": 6,
  "seed": 290787391,
  "weight_decay": 3.0578596368308534e-06
}