{
  "batch_size": 20.33816867578501,
  "beta_1": 0.3339931832713622,
  "beta_2": 0.2134886417585377,
  "block_size": 121.05642868516604,
  "dropout": 0.36549487717463924,
  "epsilon": 1.5568708460313798e-05,
  "lr": 0.09472709723782582,
  "n_embd": 31.002310217480424,
  "n_head": 2.833576048286211,
  "n_layer": 1.9191692175922896,
  "seed": 986592928.4330672,
  "weight_decay": 0.004503264174338673
}