{
  "batch_size": 70,
  "beta_1": 0.13616055235292907,
  "beta_2": 0.12237062795220022,
  "block_size": 84,
  "dropout": 0.43530088820973056,
  "epsilon": 6.806485988653335e-10,
  "lr": 0.0058726619570650404,
  "n_embd": 37,
  "n_head": 2,
  "n_layer": 3,
  "seed": 493650657,
  "weight_decay": 1.3176942917868e-08
}