{
  "batch_size": 60.54296062343148,
  "beta_1": 0.42422119365717714,
  "beta_2": 0.3343938452993598,
  "block_size": 332.9830619956427,
  "dropout": 0.13455428595438068,
  "epsilon": 0.0005823615810415138,
  "lr": 0.05174071808464443,
  "n_embd": 4.714908630604197,
  "n_head": 2.5068644232078183,
  "n_layer": 6.352329259323193,
  "seed": 1245407802.2281976,
  "weight_decay": 0.0064331608595096755
}