{
  "batch_size": 54,
  "beta_1": 0.9041166354749635,
  "beta_2": 0.500782001039862,
  "block_size": 328,
  "dropout": 0.420544725280084,
  "epsilon": 2.351872093743884e-08,
  "lr": 3.592224476697257e-05,
  "n_embd": 14,
  "n_head": 6,
  "n_layer": 1,
  "seed": 330966587,
  "weight_decay": 5.914321776794643e-07
}