{
  "batch_size": 72.5414952872494,
  "beta_1": 0.5421814358338259,
  "beta_2": 0.7786750821446073,
  "block_size": 99.5642735213606,
  "dropout": 0.36543430364882146,
  "epsilon": 0.00048410289553118565,
  "lr": 0.06743829558110928,
  "n_embd": 8.214490553653965,
  "n_head": 2.0585635692020574,
  "n_layer": 4.843815025461464,
  "seed": 397003205.0298135,
  "weight_decay": 0.00012208205809744545
}