{
  "batch_size": 19.210360413712873,
  "beta_1": 0.7574017427077634,
  "beta_2": 0.11556649727353914,
  "block_size": 334.9802958286004,
  "dropout": 0.3297856701386719,
  "epsilon": 9.075751497472597e-05,
  "lr": 0.013124517347443652,
  "n_embd": 18.854225587726553,
  "n_head": 6.948543621314351,
  "n_layer": 4.010025516947742,
  "seed": 1722854192.8033268,
  "weight_decay": 0.008667450954326826
}