{
  "batch_size": 37,
  "beta_1": 0.6344052027154579,
  "beta_2": 0.3364292812960098,
  "block_size": 219,
  "dropout": 0.294702532756933,
  "epsilon": 0.0003651355516367,
  "lr": 0.0004836763045323,
  "n_embd": 18,
  "n_head": 5,
  "n_layer": 5,
  "seed": 2137567140.2445483,
  "weight_decay": 3.29187672e-08
}