{
  "batch_size": 16,
  "beta_1": 0.5646308044960846,
  "beta_2": 0.4768874766458546,
  "block_size": 130,
  "dropout": 0.2824502794718076,
  "epsilon": 1.50442675e-08,
  "lr": 7.10889516767e-05,
  "n_embd": 46,
  "n_head": 3,
  "n_layer": 4,
  "seed": 380937564.59001315,
  "weight_decay": 0.0067982156959423
}