{
  "batch_size": 35,
  "beta_1": 0.1610362584122199,
  "beta_2": 0.1643181513955702,
  "block_size": 298,
  "dropout": 0.4494438392992864,
  "epsilon": 3.525989e-10,
  "lr": 2.5275435347e-06,
  "n_embd": 40,
  "n_head": 6,
  "n_layer": 2,
  "seed": 1506872668.0682435,
  "weight_decay": 0.0012016579340274
}