{
  "batch_size": 80,
  "beta_1": 0.7872727865223899,
  "beta_2": 0.25951905479242454,
  "block_size": 89,
  "dropout": 0.2509804072372223,
  "epsilon": 3.3180731150829094e-08,
  "lr": 0.005042906702886382,
  "n_embd": 9,
  "n_head": 6,
  "n_layer": 1,
  "seed": 34348625,
  "weight_decay": 4.458032370109328e-06
}