{
  "batch_size": 16.240630843032378,
  "beta_1": 0.29883974806340846,
  "beta_2": 0.17732289422191172,
  "block_size": 135.23508863124096,
  "dropout": 0.4715088519269922,
  "epsilon": 0.0007647228222985127,
  "lr": 0.04392752064618527,
  "n_embd": 19.380023945676868,
  "n_head": 2.025240015767097,
  "n_layer": 1.572245054829574,
  "seed": 1936945824.5124156,
  "weight_decay": 0.006031969249775049
}