{
  "batch_size": 27,
  "beta_1": 0.36244952556557386,
  "beta_2": 0.5484822872716377,
  "block_size": 375,
  "dropout": 0.40619401395000143,
  "epsilon": 2.2635677658655762e-05,
  "lr": 0.0009327665802483171,
  "n_embd": 18,
  "n_head": 5,
  "n_layer": 4,
  "seed": 5997660,
  "weight_decay": 5.8408379660834886e-06
}