{
  "batch_size": 33.61949186671792,
  "beta_1": 0.27506014329002704,
  "beta_2": 0.40742556484847037,
  "block_size": 238.40442501951716,
  "dropout": 0.1533108660353827,
  "epsilon": 0.00028315093212061466,
  "lr": 0.0898847416435255,
  "n_embd": 33.999219538335325,
  "n_head": 5.217741195406644,
  "n_layer": 1.8189998627530566,
  "seed": 206622542.95823464,
  "weight_decay": 0.0035944503767873647
}