{
  "batch_size": 23.252540117711455,
  "beta_1": 0.36372900370354966,
  "beta_2": 0.6050634609473281,
  "block_size": 215.18509742605846,
  "dropout": 0.2266447772995219,
  "epsilon": 0.0009911630396905909,
  "lr": 0.008751558147683391,
  "n_embd": 16.36337237709314,
  "n_head": 4.591285025134037,
  "n_layer": 6.566611888227763,
  "seed": 1856347231.947913,
  "weight_decay": 0.00788313599555482
}