{
  "batch_size": 26,
  "beta_1": 0.2206540517088115,
  "beta_2": 0.9794370475299083,
  "block_size": 354,
  "dropout": 0.2766964964535072,
  "epsilon": 2.07853352042e-05,
  "lr": 0.0003853542547703,
  "n_embd": 2,
  "n_head": 3,
  "n_layer": 1,
  "seed": 848104933.931344,
  "weight_decay": 1.8148506914e-06
}