{
  "batch_size": 34,
  "beta_1": 0.8049725418932353,
  "beta_2": 0.4914246626522204,
  "block_size": 233,
  "dropout": 0.4419005293743738,
  "epsilon": 2.065957e-10,
  "lr": 0.0003765787108911,
  "n_embd": 42,
  "n_head": 6,
  "n_layer": 1,
  "seed": 104553173.07060088,
  "weight_decay": 3.17026710991e-05
}