{
  "batch_size": 32,
  "beta_1": 0.3496610300766,
  "beta_2": 0.17787888530126,
  "block_size": 224,
  "dropout": 0.390354668821924,
  "epsilon": 6.03491979832e-05,
  "lr": 0.0010126048008227,
  "n_embd": 29,
  "n_head": 3,
  "n_layer": 5,
  "seed": 677048312.517515,
  "weight_decay": 2.01205150649e-05
}