{
  "batch_size": 19,
  "beta_1": 0.24934008306398442,
  "beta_2": 0.8126076659907789,
  "block_size": 283,
  "dropout": 0.14429565688483456,
  "epsilon": 1.6302745865052947e-07,
  "lr": 9.586735961604594e-05,
  "n_embd": 45,
  "n_head": 2,
  "n_layer": 4,
  "seed": 1439355366,
  "weight_decay": 0.006431654602789001
}