{
  "batch_size": 64,
  "beta_1": 0.13361458799149645,
  "beta_2": 0.9960412762452914,
  "block_size": 159,
  "dropout": 0.21894694855825036,
  "epsilon": 8.268682864462035e-08,
  "lr": 9.948884830968901e-05,
  "n_embd": 36,
  "n_head": 5,
  "n_layer": 1,
  "seed": 164257513,
  "weight_decay": 1.269968352463515e-08
}