{
  "batch_size": 72,
  "beta_1": 0.42778470984534434,
  "beta_2": 0.7641791719569321,
  "block_size": 270,
  "dropout": 0.23234239907501425,
  "epsilon": 8.09369544261084e-08,
  "lr": 0.021583038524244143,
  "n_embd": 22,
  "n_head": 1,
  "n_layer": 1,
  "seed": 2007549485,
  "weight_decay": 0.0017364588356767498
}