{
  "batch_size": 23.128388196168444,
  "beta_1": 0.6234595168006609,
  "beta_2": 0.466463708682054,
  "block_size": 286.65779718329236,
  "dropout": 0.3373984182041612,
  "epsilon": 0.0006040622316735243,
  "lr": 0.05906061062562879,
  "n_embd": 43.859560456159386,
  "n_head": 1.6064525343481888,
  "n_layer": 3.2232441577668904,
  "seed": 1608858316.3137662,
  "weight_decay": 0.004267850717992137
}