{
  "batch_size": 83,
  "beta_1": 0.47130685819928364,
  "beta_2": 0.32379186625785783,
  "block_size": 179,
  "dropout": 0.2100674986332734,
  "epsilon": 4.280668449422354e-07,
  "lr": 0.007167876401201258,
  "n_embd": 46,
  "n_head": 2,
  "n_layer": 6,
  "seed": 1221466790,
  "weight_decay": 3.06369049894698e-05
}