{
  "batch_size": 51,
  "beta_1": 0.7763766398828464,
  "beta_2": 0.6840559870670374,
  "block_size": 129,
  "dropout": 0.1139554668783633,
  "epsilon": 7.58162775397e-05,
  "lr": 0.0003786303729913,
  "n_embd": 1,
  "n_head": 4,
  "n_layer": 3,
  "seed": 1824115302.2390258,
  "weight_decay": 2.40708446e-08
}