{
  "batch_size": 16,
  "beta_1": 0.7264912508588739,
  "beta_2": 0.9119964709512035,
  "block_size": 242,
  "dropout": 0.38138762429512085,
  "epsilon": 3.903991844313486e-06,
  "lr": 2.116061861710344e-06,
  "n_embd": 1,
  "n_head": 6,
  "n_layer": 5,
  "seed": 1460332410,
  "weight_decay": 2.0258934766927443e-07
}