{
  "batch_size": 85,
  "beta_1": 0.39500274068175256,
  "beta_2": 0.12678670193591118,
  "block_size": 336,
  "dropout": 0.19594620970783172,
  "epsilon": 0.0002956094215537508,
  "lr": 0.0001538401614353683,
  "n_embd": 20,
  "n_head": 3,
  "n_layer": 5,
  "seed": 574278372,
  "weight_decay": 3.0942235583874054e-06
}