{
  "batch_size": 67.57832073729529,
  "beta_1": 0.8672693604190832,
  "beta_2": 0.7687244362027819,
  "block_size": 369.482934293144,
  "dropout": 0.3608036808609417,
  "epsilon": 0.00048533882111925016,
  "lr": 0.040756855396178036,
  "n_embd": 26.92593099314784,
  "n_head": 4.914534168477989,
  "n_layer": 1.3373896358803803,
  "seed": 955513103.6906911,
  "weight_decay": 0.0033047694981695676
}