{
  "batch_size": 74.69574828560187,
  "beta_1": 0.9220026258363571,
  "beta_2": 0.6228486819123477,
  "block_size": 79.95956777095647,
  "dropout": 0.3921930144318406,
  "epsilon": 0.000863243611079173,
  "lr": 0.04007514873506324,
  "n_embd": 27.17928494616393,
  "n_head": 5.409987350558137,
  "n_layer": 5.601127446629488,
  "seed": 141927811.71948558,
  "weight_decay": 0.004267839081107739
}