{
  "batch_size": 17.57829560145521,
  "beta_1": 0.7944201146177804,
  "beta_2": 0.10763322740993735,
  "block_size": 213.58005206850734,
  "dropout": 0.2686272784721825,
  "epsilon": 0.0009807946520158665,
  "lr": 0.05427899684587595,
  "n_embd": 14.31463515846276,
  "n_head": 1.7608651806515956,
  "n_layer": 1.6074434858066966,
  "seed": 2143370726.8149798,
  "weight_decay": 0.000539575334560941
}