{
  "batch_size": 95,
  "beta_1": 0.7236565753437337,
  "beta_2": 0.5008339052430618,
  "block_size": 309,
  "dropout": 0.185269354908074,
  "epsilon": 1.1958514863e-06,
  "lr": 0.0003072746808786,
  "n_embd": 50,
  "n_head": 2,
  "n_layer": 5,
  "seed": 545816692.4860954,
  "weight_decay": 1.6571504e-08
}