{
  "batch_size": 73,
  "beta_1": 0.46708324011175806,
  "beta_2": 0.93869332516033,
  "block_size": 261,
  "dropout": 0.46200071047315483,
  "epsilon": 4.245002091573495e-07,
  "lr": 0.00010738984374263167,
  "n_embd": 8,
  "n_head": 2,
  "n_layer": 1,
  "seed": 1311775206,
  "weight_decay": 2.5874406230102054e-07
}