{
  "batch_size": 70,
  "beta_1": 0.7634619224271567,
  "beta_2": 0.9562884357414886,
  "block_size": 296,
  "dropout": 0.1146804087968934,
  "epsilon": 1.2857856352e-06,
  "lr": 0.0012443794450365,
  "n_embd": 23,
  "n_head": 5,
  "n_layer": 2,
  "seed": 2054164605.288149,
  "weight_decay": 2.38021134981e-05
}