{
  "batch_size": 84,
  "beta_1": 0.8620277959327454,
  "beta_2": 0.14257485217679106,
  "block_size": 282,
  "dropout": 0.3973634007907585,
  "epsilon": 4.964135285531028e-06,
  "lr": 0.013709751609265873,
  "n_embd": 10,
  "n_head": 6,
  "n_layer": 5,
  "seed": 587540543,
  "weight_decay": 2.930168735886625e-05
}