{
  "batch_size": 58,
  "beta_1": 0.3828898336272316,
  "beta_2": 0.819271256807695,
  "block_size": 92,
  "dropout": 0.4271484990589671,
  "epsilon": 3.716065e-10,
  "lr": 0.0004227250746284,
  "n_embd": 37,
  "n_head": 5,
  "n_layer": 5,
  "seed": 807497491.0880706,
  "weight_decay": 1.32689707e-08
}