{
  "batch_size": 84,
  "beta_1": 0.5342963451718347,
  "beta_2": 0.6239083792350543,
  "block_size": 66,
  "dropout": 0.27628613062716245,
  "epsilon": 0.0005400699067344383,
  "lr": 0.0008445389662870545,
  "n_embd": 52,
  "n_head": 4,
  "n_layer": 6,
  "seed": 1800740359,
  "weight_decay": 5.130437773358027e-07
}