{
  "batch_size": 73.43661500790043,
  "beta_1": 0.5839598658872787,
  "beta_2": 0.8138144050398399,
  "block_size": 335.83615839711285,
  "dropout": 0.26829811567907946,
  "epsilon": 0.0005773098370283982,
  "lr": 0.057292332578324445,
  "n_embd": 9.360947750198662,
  "n_head": 5.436711601328761,
  "n_layer": 3.039307003654304,
  "seed": 1964869706.5857458,
  "weight_decay": 0.00016963102878599762
}