{
  "batch_size": 50.62340555285697,
  "beta_1": 0.6394018680765577,
  "beta_2": 0.4649115826058937,
  "block_size": 235.10167742021406,
  "dropout": 0.40612915094548196,
  "epsilon": 0.0002594640313140122,
  "lr": 0.0010371696352973264,
  "n_embd": 12.360404814896732,
  "n_head": 1.3680478165626997,
  "n_layer": 5.209237861814151,
  "seed": 1381565742.144719,
  "weight_decay": 0.007499506467192123
}