{
  "batch_size": 76.13138891403491,
  "beta_1": 0.8863888777744091,
  "beta_2": 0.30448976345309875,
  "block_size": 365.7619128914127,
  "dropout": 0.46920898549390644,
  "epsilon": 0.0009334069150971819,
  "lr": 0.0030648808897768827,
  "n_embd": 15.90076645228095,
  "n_head": 4.925265261130997,
  "n_layer": 5.313174300202368,
  "seed": 509017180.57683724,
  "weight_decay": 0.002836053020681515
}