{
  "batch_size": 65,
  "beta_1": 0.8263397304380601,
  "beta_2": 0.4212018702700224,
  "block_size": 102,
  "dropout": 0.19468848514602574,
  "epsilon": 4.083144569196346e-06,
  "lr": 4.135263821234264e-05,
  "n_embd": 1,
  "n_head": 4,
  "n_layer": 3,
  "seed": 1158587463,
  "weight_decay": 3.1146019727934446e-07
}