{
  "batch_size": 36.83587899942698,
  "beta_1": 0.35093321555265544,
  "beta_2": 0.6045847194103183,
  "block_size": 324.6162153674587,
  "dropout": 0.3884503372169017,
  "epsilon": 0.0004766599367722203,
  "lr": 0.08661707887411063,
  "n_embd": 17.81101537833811,
  "n_head": 3.9691961808496665,
  "n_layer": 5.015645743573907,
  "seed": 1146110234.1038353,
  "weight_decay": 0.0018294569917424518
}