{
  "batch_size": 96,
  "beta_1": 0.3867935638732996,
  "beta_2": 0.5027395126644431,
  "block_size": 121,
  "dropout": 0.2227503685243201,
  "epsilon": 1.030989984e-06,
  "lr": 0.0058453152182214,
  "n_embd": 41,
  "n_head": 2,
  "n_layer": 5,
  "seed": 1181003378.9831905,
  "weight_decay": 2.22253576e-08
}