{
  "batch_size": 86,
  "beta_1": 0.837487475915893,
  "beta_2": 0.979731455224474,
  "block_size": 372,
  "dropout": 0.2676399634256668,
  "epsilon": 2.37369960006201e-06,
  "lr": 6.700518278249876e-05,
  "n_embd": 45,
  "n_head": 3,
  "n_layer": 6,
  "seed": 295140822,
  "weight_decay": 0.001377074227749545
}