{
  "batch_size": 24,
  "beta_1": 0.16191297967313706,
  "beta_2": 0.8156167901314614,
  "block_size": 362,
  "dropout": 0.2237056068446142,
  "epsilon": 7.961878084262139e-08,
  "lr": 1.6783070534988435e-05,
  "n_embd": 14,
  "n_head": 3,
  "n_layer": 6,
  "seed": 1071786483,
  "weight_decay": 1.397535055643668e-05
}