{
  "batch_size": 69.93156529864245,
  "beta_1": 0.6084323403066662,
  "beta_2": 0.9152912856250369,
  "block_size": 354.3914055443624,
  "dropout": 0.20613347656760334,
  "epsilon": 0.000941154786191516,
  "lr": 0.03810393585642436,
  "n_embd": 32.734346409848555,
  "n_head": 4.576953701899358,
  "n_layer": 6.009583976892285,
  "seed": 1618812499.231781,
  "weight_decay": 0.0062531073824385434
}