{
  "batch_size": 48.41725053002614,
  "beta_1": 0.2521152365946397,
  "beta_2": 0.3550409158271507,
  "block_size": 257.8460577221261,
  "dropout": 0.4520320679671249,
  "epsilon": 0.0005471331609226842,
  "lr": 0.04735057709578298,
  "n_embd": 24.00343470343109,
  "n_head": 6.826873373590103,
  "n_layer": 1.9363704218526663,
  "seed": 679147192.1546596,
  "weight_decay": 0.008441898699052597
}