{
  "batch_size": 26.185128257599708,
  "beta_1": 0.7354479901630132,
  "beta_2": 0.9107267384411265,
  "block_size": 217.64425536680378,
  "dropout": 0.1715987433413117,
  "epsilon": 0.0002150080233279163,
  "lr": 0.09327352002985258,
  "n_embd": 47.867386294950975,
  "n_head": 6.114196561790986,
  "n_layer": 3.508609015834481,
  "seed": 340335859.29819167,
  "weight_decay": 0.002958306972009049
}