{
  "batch_size": 17,
  "beta_1": 0.9043311313853746,
  "beta_2": 0.6705382915875587,
  "block_size": 104,
  "dropout": 0.28906406818460806,
  "epsilon": 8.403263728473813e-10,
  "lr": 1.1703940262758086e-05,
  "n_embd": 24,
  "n_head": 1,
  "n_layer": 2,
  "seed": 1022981533,
  "weight_decay": 1.1949705733155216e-05
}