{
  "batch_size": 39.176329152904046,
  "beta_1": 0.17682785949392482,
  "beta_2": 0.41279438642254174,
  "block_size": 118.62285879720993,
  "dropout": 0.4588233623147594,
  "epsilon": 0.000890977988074711,
  "lr": 0.0273453789932248,
  "n_embd": 17.503480506567012,
  "n_head": 1.8157780912334032,
  "n_layer": 2.087794039292479,
  "seed": 206661261.3035211,
  "weight_decay": 0.004127443619395471
}