{
  "batch_size": 73,
  "beta_1": 0.9962030960540535,
  "beta_2": 0.9133641319603226,
  "block_size": 347,
  "dropout": 0.1265785597133001,
  "epsilon": 7.57373512846e-05,
  "lr": 0.0022030915040726,
  "n_embd": 31,
  "n_head": 4,
  "n_layer": 4,
  "seed": 1555700867.704314,
  "weight_decay": 1.174856274e-07
}