{
  "batch_size": 51,
  "beta_1": 0.18199969207998162,
  "beta_2": 0.5088048442627359,
  "block_size": 210,
  "dropout": 0.3442499586697637,
  "epsilon": 1.5527333529777286e-10,
  "lr": 0.002318542243579003,
  "n_embd": 34,
  "n_head": 6,
  "n_layer": 5,
  "seed": 1650195083,
  "weight_decay": 0.00029639516794438835
}