{
  "batch_size": 63.32068372136735,
  "beta_1": 0.13513171556286735,
  "beta_2": 0.8025342280387597,
  "block_size": 144.60310299375564,
  "dropout": 0.4531313355226333,
  "epsilon": 0.0006961019849708305,
  "lr": 0.04078429317646624,
  "n_embd": 1.6560063223931574,
  "n_head": 2.6708124746300754,
  "n_layer": 2.6607557370963044,
  "seed": 473176719.57920355,
  "weight_decay": 0.00923370216775237
}