{
  "batch_size": 46,
  "beta_1": 0.8296342285505051,
  "beta_2": 0.13817750160047843,
  "block_size": 65,
  "dropout": 0.13733872001430694,
  "epsilon": 0.00019053988835253329,
  "lr": 0.00031646963416902366,
  "n_embd": 23,
  "n_head": 3,
  "n_layer": 3,
  "seed": 2088410246,
  "weight_decay": 4.883842643507499e-07
}