{
  "batch_size": 46.910678834756176,
  "beta_1": 0.4189879258060921,
  "beta_2": 0.6980483291082116,
  "block_size": 221.3790462156295,
  "dropout": 0.2716426181020075,
  "epsilon": 0.0007272475029229975,
  "lr": 0.00012582675060130512,
  "n_embd": 39.81715847430726,
  "n_head": 4.387231178828139,
  "n_layer": 6.598759970587719,
  "seed": 684962399.5734689,
  "weight_decay": 0.008874044552616374
}