{
  "batch_size": 86.1406751328154,
  "beta_1": 0.9182351863186001,
  "beta_2": 0.7914796445849471,
  "block_size": 297.8365648963969,
  "dropout": 0.44878251882476106,
  "epsilon": 0.0007155892735071965,
  "lr": 0.07193811061792893,
  "n_embd": 35.98101614059608,
  "n_head": 6.515911300354273,
  "n_layer": 4.704277616412828,
  "seed": 1613837586.7302847,
  "weight_decay": 0.009162762330419133
}