{
  "batch_size": 87.90775821906053,
  "beta_1": 0.5186392464458001,
  "beta_2": 0.7423096342032117,
  "block_size": 71.72299983067897,
  "dropout": 0.32683791414648655,
  "epsilon": 0.000971191883936046,
  "lr": 0.04275542809655833,
  "n_embd": 25.512675429132393,
  "n_head": 1.0318192716676418,
  "n_layer": 1.5889753759575478,
  "seed": 1686815363.5779486,
  "weight_decay": 0.009721906334378638
}