{
  "batch_size": 34,
  "beta_1": 0.9212923080117729,
  "beta_2": 0.8475343567611351,
  "block_size": 180,
  "dropout": 0.16423581300048173,
  "epsilon": 2.034027781753116e-08,
  "lr": 0.0005249100473089264,
  "n_embd": 40,
  "n_head": 3,
  "n_layer": 4,
  "seed": 2097001867,
  "weight_decay": 3.673384037148159e-07
}