{
  "batch_size": 86.11040749875932,
  "beta_1": 0.7728139673919677,
  "beta_2": 0.6114690747358437,
  "block_size": 74.28833465891104,
  "dropout": 0.29606283790866494,
  "epsilon": 0.000557406364739884,
  "lr": 0.04348192096134343,
  "n_embd": 15.736973036399615,
  "n_head": 6.451410400997336,
  "n_layer": 2.691354591100838,
  "seed": 1732366476.0105515,
  "weight_decay": 0.0033494569261008048
}