{
  "batch_size": 48,
  "beta_1": 0.7339579127685878,
  "beta_2": 0.5393433161980149,
  "block_size": 117,
  "dropout": 0.20726944555333882,
  "epsilon": 3.10854848245033e-10,
  "lr": 0.00039836543955284933,
  "n_embd": 38,
  "n_head": 1,
  "n_layer": 2,
  "seed": 196395235,
  "weight_decay": 0.00015990612524128205
}