{
  "batch_size": 49.66240572488528,
  "beta_1": 0.20468768667669412,
  "beta_2": 0.5487490476764865,
  "block_size": 276.0575293275085,
  "dropout": 0.18344389867560829,
  "epsilon": 0.00037672029656356265,
  "lr": 0.06852196766828217,
  "n_embd": 41.414038937249586,
  "n_head": 1.5077538565110975,
  "n_layer": 6.171363841368538,
  "seed": 753533539.1182952,
  "weight_decay": 0.00010799473753428572
}