{
  "batch_size": 68,
  "beta_1": 0.5093077251485798,
  "beta_2": 0.7515526449999121,
  "block_size": 207,
  "dropout": 0.10118674817160152,
  "epsilon": 1.2504182250008902e-10,
  "lr": 9.567498505979323e-06,
  "n_embd": 38,
  "n_head": 4,
  "n_layer": 4,
  "seed": 1517098975,
  "weight_decay": 6.831851127065341e-06
}