{
  "batch_size": 42.931791250066496,
  "beta_1": 0.6072156671232491,
  "beta_2": 0.8241569764391294,
  "block_size": 372.85348152529053,
  "dropout": 0.20348471719843642,
  "epsilon": 0.0006614303281540216,
  "lr": 0.08169144980828341,
  "n_embd": 31.116103563803783,
  "n_head": 1.0787562347495843,
  "n_layer": 4.166402052850776,
  "seed": 590024078.4778748,
  "weight_decay": 0.006946676638887008
}