{
  "batch_size": 83.61893953185705,
  "beta_1": 0.8822344793100725,
  "beta_2": 0.34385147196461496,
  "block_size": 184.4138966991353,
  "dropout": 0.2113878940346453,
  "epsilon": 0.0009179605676479333,
  "lr": 0.05338671078474937,
  "n_embd": 29.40838933413435,
  "n_head": 6.3234457371185,
  "n_layer": 3.1354642701770876,
  "seed": 1618628669.3300526,
  "weight_decay": 0.008398234810598723
}