{
  "batch_size": 44,
  "beta_1": 0.6744529809909039,
  "beta_2": 0.8557787204622304,
  "block_size": 102,
  "dropout": 0.3564915436202152,
  "epsilon": 4.6934382471565585e-07,
  "lr": 1.0458488402864722e-06,
  "n_embd": 29,
  "n_head": 5,
  "n_layer": 5,
  "seed": 1424856814,
  "weight_decay": 0.000627675034983723
}