{
  "batch_size": 28.98463820088486,
  "beta_1": 0.8818264946665192,
  "beta_2": 0.5633136674350171,
  "block_size": 187.76779560908182,
  "dropout": 0.14013444798409846,
  "epsilon": 0.0006263672887374228,
  "lr": 0.09015384683321387,
  "n_embd": 40.78871770648237,
  "n_head": 3.1194923144242677,
  "n_layer": 3.948509257301688,
  "seed": 174513288.65013522,
  "weight_decay": 0.006331538539657547
}