{
  "batch_size": 29,
  "beta_1": 0.5878132595212636,
  "beta_2": 0.5385736685219754,
  "block_size": 354,
  "dropout": 0.3954403498898914,
  "epsilon": 2.954069e-09,
  "lr": 0.0010184307777511,
  "n_embd": 50,
  "n_head": 6,
  "n_layer": 2,
  "seed": 1717354135.185467,
  "weight_decay": 0.0001711011870081
}