{
  "batch_size": 65,
  "beta_1": 0.9249466757754575,
  "beta_2": 0.6219540838087778,
  "block_size": 139,
  "dropout": 0.3471111719872617,
  "epsilon": 3.508695596515103e-06,
  "lr": 0.0009174153204431646,
  "n_embd": 24,
  "n_head": 1,
  "n_layer": 1,
  "seed": 1384040484,
  "weight_decay": 0.005613855130297221
}