{
  "batch_size": 49.56060940905729,
  "beta_1": 0.881837778275923,
  "beta_2": 0.4433043679438956,
  "block_size": 292.41160727241333,
  "dropout": 0.43173893716903156,
  "epsilon": 0.0003997440824992284,
  "lr": 0.06528950823355807,
  "n_embd": 52.68806319348354,
  "n_head": 2.279083097549326,
  "n_layer": 3.0602907693695456,
  "seed": 2120307319.666117,
  "weight_decay": 0.0064612028623746995
}