{
  "batch_size": 30.62583995760915,
  "beta_1": 0.9375508622630964,
  "beta_2": 0.24288694739712333,
  "block_size": 305.2159051011165,
  "dropout": 0.4347581738917313,
  "epsilon": 0.00032227159028922045,
  "lr": 0.07231305026460465,
  "n_embd": 39.32501763348913,
  "n_head": 5.047925125452636,
  "n_layer": 1.5137839030465545,
  "seed": 1141210235.8992016,
  "weight_decay": 0.006767946150673321
}