{
  "batch_size": 83.98086713640382,
  "beta_1": 0.8308090654306447,
  "beta_2": 0.7474570780464809,
  "block_size": 376.003109747415,
  "dropout": 0.451590175702431,
  "epsilon": 0.0004138699178767541,
  "lr": 0.0009616669423880138,
  "n_embd": 39.51517067003225,
  "n_head": 2.86124982366277,
  "n_layer": 1.2405547870824043,
  "seed": 206642618.6317661,
  "weight_decay": 0.005760103639825795
}