{
  "batch_size": 54,
  "beta_1": 0.61371439948341,
  "beta_2": 0.928305557538375,
  "block_size": 350,
  "dropout": 0.22343044944737614,
  "epsilon": 0.00022507599656746956,
  "lr": 0.003047151442453442,
  "n_embd": 8,
  "n_head": 3,
  "n_layer": 1,
  "seed": 1616000427,
  "weight_decay": 8.94141981036655e-07
}