{
  "batch_size": 33,
  "beta_1": 0.99317505368707,
  "beta_2": 0.1610957705627874,
  "block_size": 324,
  "dropout": 0.20353581998520986,
  "epsilon": 4.001118144895598e-10,
  "lr": 0.0025065330981695745,
  "n_embd": 34,
  "n_head": 4,
  "n_layer": 6,
  "seed": 445015460,
  "weight_decay": 0.001183687492834226
}