{
  "batch_size": 96,
  "beta_1": 0.47102536785965987,
  "beta_2": 0.6831348140386525,
  "block_size": 114,
  "dropout": 0.283450904542327,
  "epsilon": 1.1776424050448786e-08,
  "lr": 2.179679545427073e-05,
  "n_embd": 13,
  "n_head": 2,
  "n_layer": 5,
  "seed": 512911135,
  "weight_decay": 2.1917172496178982e-07
}