{
  "batch_size": 31.206864695671058,
  "beta_1": 0.8499785288115412,
  "beta_2": 0.41997414890285467,
  "block_size": 330.19510667184716,
  "dropout": 0.2577765372321925,
  "epsilon": 0.0007250578870435829,
  "lr": 0.05537568260172318,
  "n_embd": 20.460817258957594,
  "n_head": 3.2891202610989034,
  "n_layer": 4.354370379869261,
  "seed": 1315519723.6311193,
  "weight_decay": 0.004555255609250639
}