{
  "batch_size": 54,
  "beta_1": 0.2274383675452006,
  "beta_2": 0.45311492388698416,
  "block_size": 344,
  "dropout": 0.35566184775241283,
  "epsilon": 8.3735973652393e-06,
  "lr": 0.00012417483262327546,
  "n_embd": 52,
  "n_head": 1,
  "n_layer": 5,
  "seed": 809758859,
  "weight_decay": 0.0038842673405687653
}