{
  "batch_size": 95.69370350391134,
  "beta_1": 0.4182516101369036,
  "beta_2": 0.7079496551757344,
  "block_size": 99.05625761154985,
  "dropout": 0.13447133913454606,
  "epsilon": 0.0008733337325874648,
  "lr": 0.036539894137617046,
  "n_embd": 50.79468629734654,
  "n_head": 6.377368930298143,
  "n_layer": 4.949687914042184,
  "seed": 416026793.02029055,
  "weight_decay": 0.003751526430157405
}