{
  "batch_size": 74,
  "beta_1": 0.15522672078908592,
  "beta_2": 0.9674561469098335,
  "block_size": 330,
  "dropout": 0.2178216265940371,
  "epsilon": 4.947646815800737e-06,
  "lr": 0.004469459235571387,
  "n_embd": 12,
  "n_head": 5,
  "n_layer": 1,
  "seed": 1452772234,
  "weight_decay": 9.859036224423829e-06
}