{
  "batch_size": 41,
  "beta_1": 0.1404094389577617,
  "beta_2": 0.7129425271874056,
  "block_size": 182,
  "dropout": 0.3612093966870606,
  "epsilon": 2.72782325433e-05,
  "lr": 0.0001825587313861,
  "n_embd": 9,
  "n_head": 2,
  "n_layer": 5,
  "seed": 121450461.17925169,
  "weight_decay": 8.452739941e-07
}