{
  "batch_size": 69,
  "beta_1": 0.1750372844322697,
  "beta_2": 0.673020222915016,
  "block_size": 83,
  "dropout": 0.1553781557093434,
  "epsilon": 4.3922373775e-06,
  "lr": 0.0023711075449463,
  "n_embd": 47,
  "n_head": 5,
  "n_layer": 2,
  "seed": 1682377772.7340827,
  "weight_decay": 1.9656521438e-06
}