{
  "batch_size": 64,
  "beta_1": 0.2830419926300475,
  "beta_2": 0.6818304273649242,
  "block_size": 175,
  "dropout": 0.2606839704576551,
  "epsilon": 1.0353623490283392e-05,
  "lr": 0.00874698636483474,
  "n_embd": 32,
  "n_head": 5,
  "n_layer": 5,
  "seed": 688291291,
  "weight_decay": 2.9983719213326184e-07
}