{
  "batch_size": 24.067217405834796,
  "beta_1": 0.15146876871953613,
  "beta_2": 0.2610143971689409,
  "block_size": 229.8586048219176,
  "dropout": 0.41649240435322155,
  "epsilon": 0.0009204891242088577,
  "lr": 0.03584157379448122,
  "n_embd": 50.28212630797814,
  "n_head": 6.137363012468105,
  "n_layer": 5.477654907795684,
  "seed": 1020571940.5873114,
  "weight_decay": 0.006493970870715313
}