{
  "batch_size": 69.45836720424973,
  "beta_1": 0.9810555175971117,
  "beta_2": 0.1625291219093158,
  "block_size": 292.80901670961407,
  "dropout": 0.1430612676830784,
  "epsilon": 0.0009240424466798841,
  "lr": 0.09788480094490429,
  "n_embd": 1.529783966570402,
  "n_head": 6.476514114282418,
  "n_layer": 2.2829803450037307,
  "seed": 604468854.6643171,
  "weight_decay": 0.0003062284141032021
}