{
  "batch_size": 87.02509267080049,
  "beta_1": 0.8706745675379289,
  "beta_2": 0.5792352664083029,
  "block_size": 168.08107601058165,
  "dropout": 0.49820183099303805,
  "epsilon": 0.0005673732281498277,
  "lr": 0.02281744052765445,
  "n_embd": 24.59101413797791,
  "n_head": 1.2028521464326463,
  "n_layer": 5.33082945455969,
  "seed": 1758371344.4296494,
  "weight_decay": 0.004342410824882868
}