{
  "batch_size": 29.53717707563722,
  "beta_1": 0.17281723516276026,
  "beta_2": 0.9641071434456623,
  "block_size": 365.2425283729918,
  "dropout": 0.3483435416449301,
  "epsilon": 0.00042560202496574526,
  "lr": 0.06897843919946169,
  "n_embd": 13.069869572221062,
  "n_head": 3.199603810198078,
  "n_layer": 1.8517061617536221,
  "seed": 451384397.93944186,
  "weight_decay": 0.009079446089902792
}