{
  "batch_size": 42.542900032344605,
  "beta_1": 0.5847332386408823,
  "beta_2": 0.29051283975602044,
  "block_size": 147.4466366852926,
  "dropout": 0.4213745362191891,
  "epsilon": 0.0008149800159963609,
  "lr": 0.012132013221388174,
  "n_embd": 22.99757959480158,
  "n_head": 2.627343077310784,
  "n_layer": 6.831578109320843,
  "seed": 1156074499.0043736,
  "weight_decay": 0.0014153513488538235
}