{
  "batch_size": 28.25386236866785,
  "beta_1": 0.1365582538049483,
  "beta_2": 0.10069039967267861,
  "block_size": 226.78961612813794,
  "dropout": 0.11368046412055516,
  "epsilon": 0.0005312476944276372,
  "lr": 0.007620906333303868,
  "n_embd": 14.34081530366213,
  "n_head": 4.635288548251687,
  "n_layer": 4.950155356911036,
  "seed": 830978564.5962477,
  "weight_decay": 0.0024778273447374987
}