{
  "batch_size": 33.1101513404689,
  "beta_1": 0.13986419660323962,
  "beta_2": 0.7011990827040354,
  "block_size": 78.71811748571227,
  "dropout": 0.3456385257359864,
  "epsilon": 0.000853981210421767,
  "lr": 0.08048902497133388,
  "n_embd": 14.518676373269079,
  "n_head": 6.121440977421395,
  "n_layer": 2.900552769929148,
  "seed": 1681764718.6244276,
  "weight_decay": 0.006889253153893628
}