{
  "batch_size": 16.083420941163652,
  "beta_1": 0.8493315499004844,
  "beta_2": 0.5089161177539561,
  "block_size": 98.55729577703953,
  "dropout": 0.4427349866932563,
  "epsilon": 0.0005824125477525338,
  "lr": 0.05358063608441539,
  "n_embd": 34.19376404504872,
  "n_head": 6.5031981636329705,
  "n_layer": 2.5489780923937535,
  "seed": 992189340.8747449,
  "weight_decay": 0.008232727636696007
}