{
  "batch_size": 63.87386340618485,
  "beta_1": 0.8445791033966147,
  "beta_2": 0.5619773257646773,
  "block_size": 217.5687017419751,
  "dropout": 0.23379812996085514,
  "epsilon": 0.0002730738603345842,
  "lr": 0.09073167649557426,
  "n_embd": 20.520143955792207,
  "n_head": 4.8397507094107555,
  "n_layer": 4.3426030131505176,
  "seed": 1573121862.6803184,
  "weight_decay": 0.0032702901337196876
}