{
  "batch_size": 82.1114274315913,
  "beta_1": 0.737866673050339,
  "beta_2": 0.3881984814205526,
  "block_size": 122.28344080937339,
  "dropout": 0.4044100421897455,
  "epsilon": 0.0009377671519697697,
  "lr": 0.0253305098442298,
  "n_embd": 22.776978184201436,
  "n_head": 4.016679088903231,
  "n_layer": 3.54958847548439,
  "seed": 1255752631.626332,
  "weight_decay": 0.008400893082170601
}