{
  "batch_size": 69.70477777719395,
  "beta_1": 0.19663026087479557,
  "beta_2": 0.7598743948360092,
  "block_size": 144.6734221420681,
  "dropout": 0.25678064947241747,
  "epsilon": 0.0006152297890002393,
  "lr": 0.0644676924525836,
  "n_embd": 0.938569326230839,
  "n_head": 2.4219226944324346,
  "n_layer": 1.9642619123583236,
  "seed": 1574669619.999916,
  "weight_decay": 0.006176585884230639
}