{
  "batch_size": 31,
  "beta_1": 0.7571867408064018,
  "beta_2": 0.7218376293281438,
  "block_size": 110,
  "dropout": 0.39541813332795,
  "epsilon": 3.88730950905e-05,
  "lr": 0.001022714601826,
  "n_embd": 44,
  "n_head": 6,
  "n_layer": 5,
  "seed": 877329987.0557692,
  "weight_decay": 0.0001770304688631
}