{
  "batch_size": 42,
  "beta_1": 0.8180579185811854,
  "beta_2": 0.12146201148247768,
  "block_size": 200,
  "dropout": 0.104061138721322,
  "epsilon": 4.404136652793132e-05,
  "lr": 0.0020125835108557046,
  "n_embd": 23,
  "n_head": 5,
  "n_layer": 1,
  "seed": 104431677,
  "weight_decay": 2.2717611230576742e-08
}