{
  "batch_size": 79,
  "beta_1": 0.5207792431819318,
  "beta_2": 0.339861066897983,
  "block_size": 258,
  "dropout": 0.4577029236339065,
  "epsilon": 1.6850853e-09,
  "lr": 0.0015208358143028,
  "n_embd": 17,
  "n_head": 6,
  "n_layer": 4,
  "seed": 134388177.82998374,
  "weight_decay": 2.1840304577e-06
}