{
  "batch_size": 57,
  "beta_1": 0.3814525124836632,
  "beta_2": 0.3869737569544264,
  "block_size": 201,
  "dropout": 0.34363184298325977,
  "epsilon": 0.00015815912580313966,
  "lr": 0.001999827857150234,
  "n_embd": 38,
  "n_head": 6,
  "n_layer": 6,
  "seed": 713108275,
  "weight_decay": 4.8947156806833534e-05
}