{
  "batch_size": 43.6252351057351,
  "beta_1": 0.8420088659624952,
  "beta_2": 0.746518872589512,
  "block_size": 198.55249870741892,
  "dropout": 0.4042065697795526,
  "epsilon": 5.871239432681872e-05,
  "lr": 0.03954598571538853,
  "n_embd": 33.00683781023772,
  "n_head": 5.541800526570461,
  "n_layer": 4.480129251188778,
  "seed": 603396827.4477097,
  "weight_decay": 0.009887313417245008
}