{
  "batch_size": 85.49170507458535,
  "beta_1": 0.9495749397120621,
  "beta_2": 0.22550480802925274,
  "block_size": 74.78923227834707,
  "dropout": 0.38739162942157046,
  "epsilon": 2.3402104499011326e-05,
  "lr": 0.07485052602594955,
  "n_embd": 36.39160146342379,
  "n_head": 5.810442397244014,
  "n_layer": 3.623284138528048,
  "seed": 2054186608.9008346,
  "weight_decay": 0.008499636713247393
}