{
  "batch_size": 89,
  "beta_1": 0.2107965240751756,
  "beta_2": 0.7416443547766863,
  "block_size": 376,
  "dropout": 0.4289181552778794,
  "epsilon": 8.2771385e-09,
  "lr": 0.0003150467716687,
  "n_embd": 37,
  "n_head": 1,
  "n_layer": 3,
  "seed": 656365028.1561685,
  "weight_decay": 9.933695779e-07
}