{
  "batch_size": 82.5341121734311,
  "beta_1": 0.4126900452412918,
  "beta_2": 0.12670127637298834,
  "block_size": 158.02128229705755,
  "dropout": 0.4020383608226581,
  "epsilon": 0.0005661656611773229,
  "lr": 0.07698959648212439,
  "n_embd": 29.282140370371415,
  "n_head": 4.659099649143311,
  "n_layer": 4.282911938613832,
  "seed": 492143031.82802063,
  "weight_decay": 0.007324236953802716
}