{
  "batch_size": 84,
  "beta_1": 0.33144234645828885,
  "beta_2": 0.9412908668388904,
  "block_size": 98,
  "dropout": 0.1843582948995064,
  "epsilon": 6.625499208561019e-10,
  "lr": 5.764524974436161e-05,
  "n_embd": 37,
  "n_head": 2,
  "n_layer": 5,
  "seed": 1153622546,
  "weight_decay": 4.2747114669572413e-08
}