{
  "batch_size": 43.75817991755113,
  "beta_1": 0.9367249583644384,
  "beta_2": 0.4689683561066609,
  "block_size": 311.78087074145685,
  "dropout": 0.23871749079707538,
  "epsilon": 0.00042066788738743133,
  "lr": 0.05287321052293391,
  "n_embd": 33.02912726480078,
  "n_head": 6.675396542519092,
  "n_layer": 5.536962934408507,
  "seed": 1451849437.497854,
  "weight_decay": 0.0029752892973167523
}