{
  "batch_size": 23,
  "beta_1": 0.3122219408175972,
  "beta_2": 0.4959264970552419,
  "block_size": 313,
  "dropout": 0.2618312126768386,
  "epsilon": 1.651101552e-07,
  "lr": 0.0003949348583392,
  "n_embd": 49,
  "n_head": 4,
  "n_layer": 6,
  "seed": 621402358.4460908,
  "weight_decay": 0.0016406854152087
}