{
  "batch_size": 28.179880686815856,
  "beta_1": 0.16001319151036142,
  "beta_2": 0.19220578071766986,
  "block_size": 343.3451346012901,
  "dropout": 0.31507115958205173,
  "epsilon": 0.00028087252299229405,
  "lr": 0.06590364516195268,
  "n_embd": 14.48307452637109,
  "n_head": 4.308729801659126,
  "n_layer": 3.3131235535639814,
  "seed": 1146092698.6807215,
  "weight_decay": 0.009893392936665182
}