{
  "batch_size": 72.65619947552037,
  "beta_1": 0.7972482366109707,
  "beta_2": 0.5293055035869255,
  "block_size": 366.6773487205691,
  "dropout": 0.49913757553236004,
  "epsilon": 0.00040950802769857965,
  "lr": 0.008149151111841073,
  "n_embd": 9.341278131432603,
  "n_head": 6.548886831331616,
  "n_layer": 2.3034777022060684,
  "seed": 1681684983.4304144,
  "weight_decay": 0.006384971708821042
}