{
  "batch_size": 40.642506710496654,
  "beta_1": 0.11178356780811932,
  "beta_2": 0.42224881075100507,
  "block_size": 374.8988364570204,
  "dropout": 0.2500486788656471,
  "epsilon": 0.00017622820288424367,
  "lr": 0.039401151876364,
  "n_embd": 12.165480660607798,
  "n_head": 4.260031905111106,
  "n_layer": 6.409819278534105,
  "seed": 1741700679.8184257,
  "weight_decay": 0.0026626335324852076
}