{
  "batch_size": 89,
  "beta_1": 0.319584878059642,
  "beta_2": 0.2820759256447472,
  "block_size": 360,
  "dropout": 0.351637144191285,
  "epsilon": 1.764760268e-07,
  "lr": 0.0007112057285797,
  "n_embd": 39,
  "n_head": 1,
  "n_layer": 5,
  "seed": 1046103348.6341783,
  "weight_decay": 0.000899429535867
}