{
  "batch_size": 96.1340876984301,
  "beta_1": 0.5842328702646168,
  "beta_2": 0.5209797999273259,
  "block_size": 121.05741014843869,
  "dropout": 0.2704670063906116,
  "epsilon": 0.0007570998154929765,
  "lr": 0.07338120904692659,
  "n_embd": 21.39491850548107,
  "n_head": 4.07746384046512,
  "n_layer": 3.3002162180911583,
  "seed": 145381324.99053434,
  "weight_decay": 0.008973897147283921
}