{
  "batch_size": 28.85927685703131,
  "beta_1": 0.9048769881924529,
  "beta_2": 0.48272836616230963,
  "block_size": 71.94560057894915,
  "dropout": 0.16240726186095428,
  "epsilon": 0.0004522528817766159,
  "lr": 0.011876175487210698,
  "n_embd": 3.7833918542691554,
  "n_head": 5.260762258279406,
  "n_layer": 4.0608784593800245,
  "seed": 141927136.86873543,
  "weight_decay": 0.005891267420834823
}