{
  "batch_size": 66.62134018962911,
  "beta_1": 0.6906657577559497,
  "beta_2": 0.3522310951831995,
  "block_size": 204.19055184161965,
  "dropout": 0.15461305805371822,
  "epsilon": 0.00018910171108815925,
  "lr": 0.06366144575288304,
  "n_embd": 45.05806795838803,
  "n_head": 4.079829135132145,
  "n_layer": 1.0550690555142523,
  "seed": 1503058474.5135071,
  "weight_decay": 0.0029034407981008543
}