{
  "batch_size": 31.896100984678306,
  "beta_1": 0.5304998529995663,
  "beta_2": 0.25459949492648215,
  "block_size": 376.6239847841073,
  "dropout": 0.27922313435830165,
  "epsilon": 0.0007827348542168468,
  "lr": 0.06647557820757113,
  "n_embd": 43.4623702903408,
  "n_head": 1.2951489641810954,
  "n_layer": 3.8127450502682643,
  "seed": 1666118936.8393688,
  "weight_decay": 0.0008607178123195857
}