{
  "batch_size": 67,
  "beta_1": 0.28062472650666104,
  "beta_2": 0.9354339310542177,
  "block_size": 115,
  "dropout": 0.4240143026299289,
  "epsilon": 9.371999383048396e-05,
  "lr": 0.0147816581156171,
  "n_embd": 26,
  "n_head": 4,
  "n_layer": 4,
  "seed": 1791317656,
  "weight_decay": 9.58564899158386e-07
}