{
  "batch_size": 67.20295946466402,
  "beta_1": 0.2543564702682488,
  "beta_2": 0.8801981945524724,
  "block_size": 282.2741806966492,
  "dropout": 0.19958802409262996,
  "epsilon": 0.0009727843891228093,
  "lr": 0.026174877009414062,
  "n_embd": 35.67821668291973,
  "n_head": 4.181244111598537,
  "n_layer": 2.2669368023854055,
  "seed": 1316282323.0721622,
  "weight_decay": 0.003262172560575064
}