{
  "batch_size": 76.93555599964873,
  "beta_1": 0.2526203325687274,
  "beta_2": 0.7226234827737454,
  "block_size": 353.1701385203734,
  "dropout": 0.3628193194009758,
  "epsilon": 0.0007074462384680366,
  "lr": 0.04494820565901276,
  "n_embd": 32.71031316074389,
  "n_head": 3.242947639369996,
  "n_layer": 1.0132918251927387,
  "seed": 1303529431.0779412,
  "weight_decay": 0.00880342099077799
}