{
  "batch_size": 81.51614756369153,
  "beta_1": 0.473751785051549,
  "beta_2": 0.318627989470057,
  "block_size": 303.4535755403549,
  "dropout": 0.4103480367893162,
  "epsilon": 0.0007439625132939681,
  "lr": 0.0429599151248174,
  "n_embd": 38.014350096872,
  "n_head": 2.5790672393565393,
  "n_layer": 3.125326779825602,
  "seed": 578141034.7754682,
  "weight_decay": 0.0039050791451994593
}