{
  "batch_size": 17.05810372832509,
  "beta_1": 0.5452419245946712,
  "beta_2": 0.24038810772952704,
  "block_size": 327.85480575083665,
  "dropout": 0.15374858767092597,
  "epsilon": 0.00044256948986040774,
  "lr": 0.07334625543506951,
  "n_embd": 10.849704142337774,
  "n_head": 4.6950934258767365,
  "n_layer": 6.900607879142001,
  "seed": 628161540.0321791,
  "weight_decay": 0.0025925107714303386
}