{
  "batch_size": 72.44320668923174,
  "beta_1": 0.3692565865015096,
  "beta_2": 0.7638313832259565,
  "block_size": 216.69977006239017,
  "dropout": 0.11413384701311423,
  "epsilon": 0.0003357858708224494,
  "lr": 0.027033033466262103,
  "n_embd": 4.364189155699708,
  "n_head": 3.4060629415009527,
  "n_layer": 3.3665345886998166,
  "seed": 284416054.0735781,
  "weight_decay": 0.005886227695439632
}