{
  "batch_size": 28.709717901848755,
  "beta_1": 0.3807315820941142,
  "beta_2": 0.4657089072153435,
  "block_size": 293.9641888576067,
  "dropout": 0.2323262523841093,
  "epsilon": 0.0001379943370885446,
  "lr": 0.05829714918176655,
  "n_embd": 39.304420000447045,
  "n_head": 3.466372245700111,
  "n_layer": 4.5160720446954095,
  "seed": 1508287830.9011354,
  "weight_decay": 0.005774099996424011
}