{
  "batch_size": 29,
  "beta_1": 0.613673051608547,
  "beta_2": 0.656457005453375,
  "block_size": 335,
  "dropout": 0.3108106590162888,
  "epsilon": 1.2330553e-09,
  "lr": 0.0237822392582814,
  "n_embd": 8,
  "n_head": 5,
  "n_layer": 2,
  "seed": 1991384549.1011336,
  "weight_decay": 0.0014946068298745
}