{
  "batch_size": 66.63135580334674,
  "beta_1": 0.5118449590359817,
  "beta_2": 0.7791860100666751,
  "block_size": 302.29740517516217,
  "dropout": 0.4146387547118128,
  "epsilon": 0.0009237455807753486,
  "lr": 0.011268309847502747,
  "n_embd": 33.404224386823245,
  "n_head": 5.136594744183999,
  "n_layer": 6.695991857388939,
  "seed": 1292016374.3228965,
  "weight_decay": 0.0046299413266919255
}