{
  "batch_size": 67,
  "beta_1": 0.7670339748496787,
  "beta_2": 0.8516342104015532,
  "block_size": 325,
  "dropout": 0.301725269851406,
  "epsilon": 2.023797e-10,
  "lr": 0.004010680089013,
  "n_embd": 44,
  "n_head": 3,
  "n_layer": 5,
  "seed": 271242830.08104116,
  "weight_decay": 1.8296534498e-06
}