{
  "batch_size": 46.76020171794838,
  "beta_1": 0.6633301257505614,
  "beta_2": 0.41033039277610883,
  "block_size": 377.41908839946933,
  "dropout": 0.2557008412836522,
  "epsilon": 0.0008754211989620309,
  "lr": 0.00541099653408047,
  "n_embd": 27.893903628093053,
  "n_head": 6.6371980198305325,
  "n_layer": 6.752784473056824,
  "seed": 624614383.4961526,
  "weight_decay": 0.0008544562010040043
}