{
  "batch_size": 56.68625535128468,
  "beta_1": 0.9628517902984902,
  "beta_2": 0.40384072187653075,
  "block_size": 194.45911379658946,
  "dropout": 0.3309060569966478,
  "epsilon": 0.0005576375808617454,
  "lr": 0.013637840789196677,
  "n_embd": 45.97161023131515,
  "n_head": 3.380190624183163,
  "n_layer": 2.1885347497531655,
  "seed": 1250427323.3749619,
  "weight_decay": 0.0045870798011789365
}