{
  "batch_size": 38.695059409924355,
  "beta_1": 0.2845048588901058,
  "beta_2": 0.6561311249713129,
  "block_size": 354.2484365631649,
  "dropout": 0.3742437155368995,
  "epsilon": 0.0009907317272381541,
  "lr": 0.00829934774661528,
  "n_embd": 1.9868779787756283,
  "n_head": 1.4828965576677189,
  "n_layer": 3.2048069482247716,
  "seed": 669744768.2282857,
  "weight_decay": 0.001107311886697952
}