{
  "batch_size": 74,
  "beta_1": 0.1053893828343101,
  "beta_2": 0.4948732546002703,
  "block_size": 75,
  "dropout": 0.2285676379586106,
  "epsilon": 7.0927855e-09,
  "lr": 0.0409542995214576,
  "n_embd": 11,
  "n_head": 1,
  "n_layer": 2,
  "seed": 1465791703.5083065,
  "weight_decay": 2.702005875e-07
}