{
  "batch_size": 49.278852668676414,
  "beta_1": 0.8474857843360816,
  "beta_2": 0.5224390475910827,
  "block_size": 223.76364234931683,
  "dropout": 0.2674780940889505,
  "epsilon": 0.00031232706498231715,
  "lr": 0.07712567105425061,
  "n_embd": 15.529867291588326,
  "n_head": 6.565086319731732,
  "n_layer": 6.865416523853074,
  "seed": 925706519.9178797,
  "weight_decay": 0.00692248395932994
}