{
  "batch_size": 34,
  "beta_1": 0.8190988482659685,
  "beta_2": 0.10445007095233852,
  "block_size": 360,
  "dropout": 0.10856359590257625,
  "epsilon": 0.0004907520726636307,
  "lr": 0.0010223401331771252,
  "n_embd": 22,
  "n_head": 3,
  "n_layer": 3,
  "seed": 1953498158,
  "weight_decay": 0.001937828697150289
}