{
  "batch_size": 89.86552882530542,
  "beta_1": 0.7474759790591403,
  "beta_2": 0.34675529896072554,
  "block_size": 292.516251692168,
  "dropout": 0.2623438868367836,
  "epsilon": 0.000426028223208137,
  "lr": 0.028486780160790176,
  "n_embd": 29.947932286861604,
  "n_head": 2.4973270460788735,
  "n_layer": 3.691233479550849,
  "seed": 1491157262.4095347,
  "weight_decay": 0.0007299759600722956
}