{
  "batch_size": 22.258226784914427,
  "beta_1": 0.9987893426434311,
  "beta_2": 0.32276502168951826,
  "block_size": 264.588542014489,
  "dropout": 0.35953645991772387,
  "epsilon": 0.0004904857142510832,
  "lr": 0.07236017891372214,
  "n_embd": 14.731140831418296,
  "n_head": 5.48436250585673,
  "n_layer": 2.838278201255955,
  "seed": 1531815873.9897404,
  "weight_decay": 0.008908206828844837
}