{
  "batch_size": 87,
  "beta_1": 0.8974195599099708,
  "beta_2": 0.12696980805771274,
  "block_size": 204,
  "dropout": 0.1942670306628014,
  "epsilon": 5.585490190439174e-05,
  "lr": 0.0039875779360436184,
  "n_embd": 15,
  "n_head": 6,
  "n_layer": 2,
  "seed": 899664619,
  "weight_decay": 0.0004424497361576604
}