{
  "batch_size": 67,
  "beta_1": 0.3571555993861947,
  "beta_2": 0.3831989823394814,
  "block_size": 268,
  "dropout": 0.4721209840053725,
  "epsilon": 1.3945916e-09,
  "lr": 0.0226611828286097,
  "n_embd": 25,
  "n_head": 3,
  "n_layer": 2,
  "seed": 1905745344.8954968,
  "weight_decay": 4.056288654e-07
}