{
  "batch_size": 62,
  "beta_1": 0.9613081388165626,
  "beta_2": 0.8302120557360367,
  "block_size": 73,
  "dropout": 0.1778340338044414,
  "epsilon": 2.3998049102276446e-08,
  "lr": 8.775930514944036e-06,
  "n_embd": 10,
  "n_head": 4,
  "n_layer": 6,
  "seed": 1823606195,
  "weight_decay": 0.002554552902042632
}