{
  "batch_size": 44.791467608883224,
  "beta_1": 0.5874466633144152,
  "beta_2": 0.6250739756399365,
  "block_size": 319.24712856297856,
  "dropout": 0.4296071342202411,
  "epsilon": 0.0009397969178134229,
  "lr": 0.04217529693083052,
  "n_embd": 50.32368833779851,
  "n_head": 1.034983322878908,
  "n_layer": 1.011473292778066,
  "seed": 676126882.3909227,
  "weight_decay": 0.0072005677946213546
}