{
  "batch_size": 31.447098023234197,
  "beta_1": 0.645792534406241,
  "beta_2": 0.5806345379617607,
  "block_size": 72.31329084589909,
  "dropout": 0.1816305719010524,
  "epsilon": 0.00046599853565596427,
  "lr": 0.07655802508761794,
  "n_embd": 30.74858150493584,
  "n_head": 1.8240200785693583,
  "n_layer": 3.0792671498561894,
  "seed": 1196334580.6773,
  "weight_decay": 0.005853533174106754
}