{
  "batch_size": 91.8605618338588,
  "beta_1": 0.1497600126716503,
  "beta_2": 0.36158141455451376,
  "block_size": 152.48334565703846,
  "dropout": 0.12113750430742783,
  "epsilon": 0.0006841036906856776,
  "lr": 0.06305184731888226,
  "n_embd": 15.938004813239319,
  "n_head": 2.6389490256239725,
  "n_layer": 3.4795732667020283,
  "seed": 1390241954.740453,
  "weight_decay": 0.005006570355811436
}