{
  "batch_size": 96,
  "beta_1": 0.7329432487557799,
  "beta_2": 0.585186064310607,
  "block_size": 235,
  "dropout": 0.18683436208383264,
  "epsilon": 6.461083745510678e-10,
  "lr": 0.08280271183589327,
  "n_embd": 18,
  "n_head": 3,
  "n_layer": 4,
  "seed": 1944850772,
  "weight_decay": 2.9036139261372136e-07
}