{
  "batch_size": 28,
  "beta_1": 0.10181395233725878,
  "beta_2": 0.6502193417581356,
  "block_size": 99,
  "dropout": 0.3232186229832113,
  "epsilon": 8.346398972413448e-07,
  "lr": 0.0008442857612000309,
  "n_embd": 21,
  "n_head": 3,
  "n_layer": 2,
  "seed": 2129862953,
  "weight_decay": 0.001196953437826488
}