{
  "batch_size": 92,
  "beta_1": 0.5399819022882999,
  "beta_2": 0.968392612189877,
  "block_size": 118,
  "dropout": 0.1998138414634528,
  "epsilon": 2.084577e-10,
  "lr": 0.0010864865381046,
  "n_embd": 22,
  "n_head": 3,
  "n_layer": 3,
  "seed": 115849771.68982063,
  "weight_decay": 1.830834763e-07
}