{
  "batch_size": 65,
  "beta_1": 0.37169350385899225,
  "beta_2": 0.3276552694856954,
  "block_size": 345,
  "dropout": 0.25307274768446525,
  "epsilon": 1.4421599844570313e-06,
  "lr": 0.0001460817029394218,
  "n_embd": 40,
  "n_head": 2,
  "n_layer": 4,
  "seed": 289004254,
  "weight_decay": 5.635594041211504e-05
}