{
  "batch_size": 76.06122968214281,
  "beta_1": 0.22159956449021317,
  "beta_2": 0.8291931585889936,
  "block_size": 101.30897481135304,
  "dropout": 0.12301756677010839,
  "epsilon": 0.0007022824845587866,
  "lr": 0.06670942738304377,
  "n_embd": 5.581761685089486,
  "n_head": 1.3739084540324678,
  "n_layer": 1.988782191918709,
  "seed": 1968356515.180871,
  "weight_decay": 0.009534855079591863
}