{
  "batch_size": 19.160384025679274,
  "beta_1": 0.671169505395649,
  "beta_2": 0.5364580484196527,
  "block_size": 316.50119149474085,
  "dropout": 0.13959654738606228,
  "epsilon": 0.0006494782016444804,
  "lr": 0.06290618154651069,
  "n_embd": 43.54497308853387,
  "n_head": 5.875217151645145,
  "n_layer": 4.682076263418471,
  "seed": 981842139.6482531,
  "weight_decay": 0.00613230560408122
}