{
  "batch_size": 80,
  "beta_1": 0.5233320487129527,
  "beta_2": 0.7694122870303378,
  "block_size": 330,
  "dropout": 0.18728344766727947,
  "epsilon": 3.8888140883300174e-08,
  "lr": 1.0010234939520911e-05,
  "n_embd": 41,
  "n_head": 5,
  "n_layer": 6,
  "seed": 841012874,
  "weight_decay": 7.6100747536568135e-06
}