{
  "batch_size": 85.13079598084728,
  "beta_1": 0.1642518647098174,
  "beta_2": 0.18823336147426523,
  "block_size": 116.56676151717949,
  "dropout": 0.30353465844438265,
  "epsilon": 0.0009460146016698347,
  "lr": 0.042831312939478755,
  "n_embd": 14.12131737419247,
  "n_head": 1.6224013163820168,
  "n_layer": 3.2432846277785727,
  "seed": 1144558849.5163832,
  "weight_decay": 0.006999288320689417
}