{
  "batch_size": 29,
  "beta_1": 0.1380424075363771,
  "beta_2": 0.8635498322689759,
  "block_size": 179,
  "dropout": 0.2979127047600214,
  "epsilon": 1.81053092e-08,
  "lr": 2.78598814548e-05,
  "n_embd": 45,
  "n_head": 4,
  "n_layer": 2,
  "seed": 1238989118.2501624,
  "weight_decay": 6.914567803e-07
}