{
  "batch_size": 77.00268157928568,
  "beta_1": 0.9514768894117696,
  "beta_2": 0.431907374798259,
  "block_size": 202.31632375656517,
  "dropout": 0.4530709502667527,
  "epsilon": 0.0005500772049250998,
  "lr": 0.04504135475099842,
  "n_embd": 26.28112396669408,
  "n_head": 2.9539162128309293,
  "n_layer": 3.044318287154599,
  "seed": 1907031534.1375875,
  "weight_decay": 0.007274974394672649
}