{
  "batch_size": 67,
  "beta_1": 0.6419303763136581,
  "beta_2": 0.6500905314680773,
  "block_size": 316,
  "dropout": 0.23774000814048196,
  "epsilon": 1.781681562237251e-06,
  "lr": 0.08524194163107464,
  "n_embd": 39,
  "n_head": 3,
  "n_layer": 5,
  "seed": 1769091817,
  "weight_decay": 3.466474564133178e-07
}