{
  "batch_size": 33.164716299438844,
  "beta_1": 0.991078300992629,
  "beta_2": 0.28829941866122466,
  "block_size": 139.6283970217338,
  "dropout": 0.35347263595942324,
  "epsilon": 0.00025712802331015597,
  "lr": 0.04149283291791546,
  "n_embd": 38.09163207490075,
  "n_head": 2.503098247050829,
  "n_layer": 2.1659711742972734,
  "seed": 206698790.08889064,
  "weight_decay": 0.0064747531976505615
}