{
  "batch_size": 57,
  "beta_1": 0.5565836754417799,
  "beta_2": 0.982445520563132,
  "block_size": 356,
  "dropout": 0.192812033842935,
  "epsilon": 6.8209121125e-06,
  "lr": 0.0005460337727591,
  "n_embd": 7,
  "n_head": 3,
  "n_layer": 4,
  "seed": 1501921034.6319203,
  "weight_decay": 1.94695238581e-05
}