{
  "batch_size": 44,
  "beta_1": 0.9172767171708516,
  "beta_2": 0.991017483307861,
  "block_size": 93,
  "dropout": 0.20495177862689104,
  "epsilon": 1.830155548948147e-07,
  "lr": 0.04005667068933112,
  "n_embd": 2,
  "n_head": 5,
  "n_layer": 3,
  "seed": 1152823331,
  "weight_decay": 0.0012771689672056072
}