{
  "batch_size": 73.55813590509291,
  "beta_1": 0.9728156174938153,
  "beta_2": 0.9794034092910857,
  "block_size": 276.7193745158397,
  "dropout": 0.250221089856318,
  "epsilon": 2.6676246262590086e-05,
  "lr": 0.06235052420591193,
  "n_embd": 28.810089829328884,
  "n_head": 4.098438314335901,
  "n_layer": 3.7247470012348702,
  "seed": 890088201.0898091,
  "weight_decay": 0.008994146738765942
}