{
  "batch_size": 57.54711450478525,
  "beta_1": 0.9735885925441454,
  "beta_2": 0.35270200693777465,
  "block_size": 381.0925169071394,
  "dropout": 0.22364493200014313,
  "epsilon": 0.00018820168576237208,
  "lr": 0.05685062146055418,
  "n_embd": 29.296269379790616,
  "n_head": 6.26331763945937,
  "n_layer": 5.909810737375,
  "seed": 1507327671.8590553,
  "weight_decay": 0.009802235493135195
}