{
  "batch_size": 52,
  "beta_1": 0.751367359530409,
  "beta_2": 0.4676476160808759,
  "block_size": 257,
  "dropout": 0.48855732245060446,
  "epsilon": 1.416562214576877e-08,
  "lr": 7.393985918191644e-06,
  "n_embd": 50,
  "n_head": 6,
  "n_layer": 1,
  "seed": 834670308,
  "weight_decay": 0.00010055863143533995
}