{
  "batch_size": 87.25806751832424,
  "beta_1": 0.8039738997681101,
  "beta_2": 0.16663653646545845,
  "block_size": 365.6667353048977,
  "dropout": 0.22746551659554146,
  "epsilon": 0.0008619434529430401,
  "lr": 0.05700022579516823,
  "n_embd": 17.831139263474626,
  "n_head": 5.213711532870458,
  "n_layer": 6.685650679719139,
  "seed": 1639345154.611914,
  "weight_decay": 0.002160649752632588
}