{
  "batch_size": 45.77652834753182,
  "beta_1": 0.926441692442354,
  "beta_2": 0.5158805829860811,
  "block_size": 310.72949832425763,
  "dropout": 0.20928016627457297,
  "epsilon": 0.0008153088800424855,
  "lr": 0.07377471123300554,
  "n_embd": 18.538227448145726,
  "n_head": 5.147330665646612,
  "n_layer": 1.544739151631911,
  "seed": 1347519714.0042675,
  "weight_decay": 0.00892471893053404
}