{
  "batch_size": 19.971325680835786,
  "beta_1": 0.7709158084857134,
  "beta_2": 0.4373481480542899,
  "block_size": 236.62991013585062,
  "dropout": 0.3386110868348602,
  "epsilon": 7.211383393590419e-06,
  "lr": 0.08967812622481022,
  "n_embd": 22.61039621686903,
  "n_head": 5.520880008147805,
  "n_layer": 1.5157125518866081,
  "seed": 986556364.265243,
  "weight_decay": 0.0075722499837014385
}