{
  "batch_size": 64.24122198988177,
  "beta_1": 0.49190711632935724,
  "beta_2": 0.26786943851099076,
  "block_size": 169.16665155612856,
  "dropout": 0.2179969974134159,
  "epsilon": 9.846060593190674e-06,
  "lr": 0.026912829710473814,
  "n_embd": 26.500961711204592,
  "n_head": 6.702492450244252,
  "n_layer": 5.660944774088041,
  "seed": 475969500.1141963,
  "weight_decay": 0.0019241480336175236
}