{
  "batch_size": 42,
  "beta_1": 0.3085491284698624,
  "beta_2": 0.11403472682573122,
  "block_size": 256,
  "dropout": 0.23349807290970326,
  "epsilon": 0.000383063679181976,
  "lr": 0.007914485303242782,
  "n_embd": 52,
  "n_head": 6,
  "n_layer": 1,
  "seed": 311286872,
  "weight_decay": 1.1078122379554286e-06
}