{
  "batch_size": 88.64079042221776,
  "beta_1": 0.39058188479577083,
  "beta_2": 0.3770640937059859,
  "block_size": 89.70483457525907,
  "dropout": 0.3269634190713586,
  "epsilon": 5.187629315377828e-05,
  "lr": 0.059960878249852245,
  "n_embd": 30.106331274498512,
  "n_head": 6.8563011815184325,
  "n_layer": 4.597118383864453,
  "seed": 877783408.1045347,
  "weight_decay": 0.005899336482292446
}