{
  "batch_size": 82.83053251315708,
  "beta_1": 0.6534572916141408,
  "beta_2": 0.5710221035519529,
  "block_size": 210.29394056503804,
  "dropout": 0.3148420060501873,
  "epsilon": 0.00038357894608485,
  "lr": 0.08648084945725051,
  "n_embd": 27.467263422303542,
  "n_head": 2.080338670277432,
  "n_layer": 5.435926897887563,
  "seed": 492165672.993531,
  "weight_decay": 0.00967258422492393
}