{
  "batch_size": 18,
  "beta_1": 0.8927594201034423,
  "beta_2": 0.44009913526730926,
  "block_size": 317,
  "dropout": 0.15661983902945675,
  "epsilon": 5.081113555755627e-09,
  "lr": 0.0007582006695311766,
  "n_embd": 34,
  "n_head": 3,
  "n_layer": 1,
  "seed": 801153713,
  "weight_decay": 0.004024856407113042
}