{
  "batch_size": 28,
  "beta_1": 0.8726225015023525,
  "beta_2": 0.6212111065918469,
  "block_size": 65,
  "dropout": 0.4416642429216745,
  "epsilon": 7.527880346e-07,
  "lr": 0.0011248757403501,
  "n_embd": 50,
  "n_head": 1,
  "n_layer": 2,
  "seed": 222495990.82242858,
  "weight_decay": 0.0030357982360547
}