{
  "batch_size": 75.49170710695137,
  "beta_1": 0.7720587401571084,
  "beta_2": 0.6114594498231373,
  "block_size": 89.42719114797418,
  "dropout": 0.3470113456566347,
  "epsilon": 2.8154644647076353e-05,
  "lr": 0.013560186726849019,
  "n_embd": 20.52045897099921,
  "n_head": 4.440017686517534,
  "n_layer": 5.216168342354828,
  "seed": 1966093441.58231,
  "weight_decay": 0.003314142789533146
}