{
  "batch_size": 29.657364042700088,
  "beta_1": 0.43486853516389046,
  "beta_2": 0.22490496666571477,
  "block_size": 319.1069952693196,
  "dropout": 0.2195132353601173,
  "epsilon": 0.0007128025443610057,
  "lr": 0.016076276552265276,
  "n_embd": 28.019244830777847,
  "n_head": 3.3802772270249197,
  "n_layer": 2.356231667457666,
  "seed": 889817021.9318185,
  "weight_decay": 0.005366601293315042
}