{
  "batch_size": 72,
  "beta_1": 0.46938220340931436,
  "beta_2": 0.23554476305744604,
  "block_size": 92,
  "dropout": 0.377342019887529,
  "epsilon": 4.360793709219075e-08,
  "lr": 0.08279762864664786,
  "n_embd": 5,
  "n_head": 3,
  "n_layer": 2,
  "seed": 583671857,
  "weight_decay": 0.0002379512540462503
}