{
  "batch_size": 88,
  "beta_1": 0.4044643081541731,
  "beta_2": 0.7058916644031551,
  "block_size": 204,
  "dropout": 0.1972573821065472,
  "epsilon": 1.5697351329473404e-08,
  "lr": 2.35447605171167e-06,
  "n_embd": 25,
  "n_head": 2,
  "n_layer": 1,
  "seed": 706083591,
  "weight_decay": 0.007758366427231769
}