{
  "batch_size": 93,
  "beta_1": 0.7945866045445414,
  "beta_2": 0.5596607736780207,
  "block_size": 96,
  "dropout": 0.3223294830345252,
  "epsilon": 0.0006178322086937,
  "lr": 0.0037961675307291,
  "n_embd": 17,
  "n_head": 4,
  "n_layer": 3,
  "seed": 1098829986.385054,
  "weight_decay": 2.39973556744e-05
}