{
  "batch_size": 43,
  "beta_1": 0.4375476313905823,
  "beta_2": 0.5198473371707149,
  "block_size": 350,
  "dropout": 0.348667728951345,
  "epsilon": 6.64469818e-08,
  "lr": 0.0002191375500246,
  "n_embd": 50,
  "n_head": 4,
  "n_layer": 6,
  "seed": 75106749.15082648,
  "weight_decay": 6.95563973e-08
}