{
  "batch_size": 83.12708622051646,
  "beta_1": 0.3497959610297421,
  "beta_2": 0.8830567722492079,
  "block_size": 102.64595927830618,
  "dropout": 0.23019134006882444,
  "epsilon": 0.00042448358879836116,
  "lr": 0.021764197816237642,
  "n_embd": 48.28763965896123,
  "n_head": 4.309632490746694,
  "n_layer": 4.351192847695024,
  "seed": 141489774.64901012,
  "weight_decay": 0.005518249512123775
}