{
  "batch_size": 85,
  "beta_1": 0.3932750955376928,
  "beta_2": 0.3941316286702518,
  "block_size": 153,
  "dropout": 0.4253942352158844,
  "epsilon": 3.759175e-10,
  "lr": 0.0008572381508229,
  "n_embd": 20,
  "n_head": 3,
  "n_layer": 6,
  "seed": 1057996753.0736092,
  "weight_decay": 0.0014741080630292
}