{
  "batch_size": 73.37370426567409,
  "beta_1": 0.46676230387535367,
  "beta_2": 0.847933886136807,
  "block_size": 195.69517086116562,
  "dropout": 0.25837431653242465,
  "epsilon": 0.0007398540093355134,
  "lr": 0.09105264663136842,
  "n_embd": 8.085959871151113,
  "n_head": 5.331852326991845,
  "n_layer": 3.2568894685742658,
  "seed": 877637762.4971968,
  "weight_decay": 0.008861200852410845
}