{
  "batch_size": 34,
  "beta_1": 0.31243746126120986,
  "beta_2": 0.434048347459836,
  "block_size": 162,
  "dropout": 0.11012464578768953,
  "epsilon": 6.567618654094972e-08,
  "lr": 0.016964830050132645,
  "n_embd": 0,
  "n_head": 4,
  "n_layer": 2,
  "seed": 874913273,
  "weight_decay": 0.00010115600595897015
}