{
  "batch_size": 50,
  "beta_1": 0.3956810313733228,
  "beta_2": 0.2493807211667958,
  "block_size": 270,
  "dropout": 0.2982571768326498,
  "epsilon": 3.7497148403e-06,
  "lr": 7.53965860878e-05,
  "n_embd": 23,
  "n_head": 2,
  "n_layer": 1,
  "seed": 1475679970.9952338,
  "weight_decay": 0.0005772115850115
}