{
  "batch_size": 41.20411019571674,
  "beta_1": 0.7040042730775674,
  "beta_2": 0.5522614329774733,
  "block_size": 185.9582770790165,
  "dropout": 0.4547650630482988,
  "epsilon": 0.0007954501283177388,
  "lr": 0.037058700475978604,
  "n_embd": 24.22751167821037,
  "n_head": 5.608411236416229,
  "n_layer": 1.7814682505974433,
  "seed": 305549690.78869754,
  "weight_decay": 0.00384877844071951
}