{
  "batch_size": 80,
  "beta_1": 0.758956070406377,
  "beta_2": 0.4437639486117977,
  "block_size": 132,
  "dropout": 0.34644250899720197,
  "epsilon": 0.0001089659912877615,
  "lr": 0.0003360472068373527,
  "n_embd": 7,
  "n_head": 6,
  "n_layer": 3,
  "seed": 895940073,
  "weight_decay": 9.255986153458463e-06
}