{
  "batch_size": 64.65386465315714,
  "beta_1": 0.20352676853469884,
  "beta_2": 0.7723779166524516,
  "block_size": 240.78930000070483,
  "dropout": 0.2774102883681029,
  "epsilon": 0.00034422325048788505,
  "lr": 0.022879433808121612,
  "n_embd": 51.32343936808104,
  "n_head": 1.4590000110507897,
  "n_layer": 6.832875634685623,
  "seed": 1963762958.6468499,
  "weight_decay": 0.0035468708422837798
}