{
  "batch_size": 86,
  "beta_1": 0.7657939941968961,
  "beta_2": 0.48938257278389885,
  "block_size": 150,
  "dropout": 0.38510931862855846,
  "epsilon": 5.339474153226118e-06,
  "lr": 9.186641275740671e-05,
  "n_embd": 44,
  "n_head": 4,
  "n_layer": 2,
  "seed": 1474777474,
  "weight_decay": 1.3941677002904716e-08
}