{
  "batch_size": 20.561577365239675,
  "beta_1": 0.23427211813043158,
  "beta_2": 0.9780415543839999,
  "block_size": 134.278640180482,
  "dropout": 0.44155823359145174,
  "epsilon": 6.012990972966107e-05,
  "lr": 0.05571872381313617,
  "n_embd": 50.150288704570244,
  "n_head": 6.781923038073319,
  "n_layer": 5.643791669284798,
  "seed": 1611709417.1053803,
  "weight_decay": 0.004727027572249195
}