{
  "batch_size": 41.07065665545138,
  "beta_1": 0.823852030134488,
  "beta_2": 0.3493658586518321,
  "block_size": 96.12830178595824,
  "dropout": 0.3784288589317809,
  "epsilon": 0.00017766484091391257,
  "lr": 0.08481932680932715,
  "n_embd": 6.8499426452458545,
  "n_head": 1.4342813782074968,
  "n_layer": 3.885724097167331,
  "seed": 44492686.418821864,
  "weight_decay": 0.0018228484857204096
}