{
  "batch_size": 41.39468560923956,
  "beta_1": 0.9717235619567418,
  "beta_2": 0.3099597910277967,
  "block_size": 331.70297834236925,
  "dropout": 0.462181186812164,
  "epsilon": 7.50610104404722e-05,
  "lr": 0.048592238674509666,
  "n_embd": 21.733844399206802,
  "n_head": 2.417724603075802,
  "n_layer": 4.399697349797659,
  "seed": 1448583709.5243554,
  "weight_decay": 0.00467934862661625
}