{
  "batch_size": 23,
  "beta_1": 0.37175168230286726,
  "beta_2": 0.1769412916654663,
  "block_size": 153,
  "dropout": 0.4176625060479585,
  "epsilon": 5.092021969591601e-10,
  "lr": 0.0009903455007734955,
  "n_embd": 2,
  "n_head": 6,
  "n_layer": 3,
  "seed": 1416956862,
  "weight_decay": 0.0010669232630791132
}