{
  "batch_size": 68,
  "beta_1": 0.8159564892863731,
  "beta_2": 0.6580290112079417,
  "block_size": 152,
  "dropout": 0.15045669021862856,
  "epsilon": 2.145761211293249e-05,
  "lr": 0.00024750289726021906,
  "n_embd": 34,
  "n_head": 5,
  "n_layer": 6,
  "seed": 999858172,
  "weight_decay": 0.007649946902875437
}