{
  "batch_size": 29.176493181387674,
  "beta_1": 0.1198294583947299,
  "beta_2": 0.964248216371403,
  "block_size": 348.46566547257663,
  "dropout": 0.14446408167721617,
  "epsilon": 0.00048725325552868517,
  "lr": 0.0289238470656184,
  "n_embd": 42.96519707708823,
  "n_head": 6.683118957260406,
  "n_layer": 1.1663482115145214,
  "seed": 218345151.5386106,
  "weight_decay": 0.0001939089556160392
}