{
  "batch_size": 64,
  "beta_1": 0.6448456492891222,
  "beta_2": 0.26156795330380245,
  "block_size": 159,
  "dropout": 0.24857493027702993,
  "epsilon": 8.268682864462035e-08,
  "lr": 0.00012159748126739769,
  "n_embd": 36,
  "n_head": 5,
  "n_layer": 1,
  "seed": 164257513,
  "weight_decay": 1.0390650156519668e-08
}