{
  "batch_size": 25.298469634775167,
  "beta_1": 0.3145281820919235,
  "beta_2": 0.783765877517708,
  "block_size": 151.3150375504785,
  "dropout": 0.35122520578440986,
  "epsilon": 0.00026846663487362175,
  "lr": 0.019458475296354978,
  "n_embd": 29.201859253508747,
  "n_head": 2.144800324982817,
  "n_layer": 4.573450207192948,
  "seed": 624680456.7141979,
  "weight_decay": 0.005826321284478004
}