{
  "batch_size": 42.79418582743092,
  "beta_1": 0.34934534378194737,
  "beta_2": 0.8492809685105316,
  "block_size": 102.73181651735956,
  "dropout": 0.47457053450775555,
  "epsilon": 0.0009737995438073591,
  "lr": 0.04742522651570944,
  "n_embd": 0.9741923483831308,
  "n_head": 2.9881273322860844,
  "n_layer": 6.240586225596313,
  "seed": 1362167536.1572177,
  "weight_decay": 0.00888290614072294
}