{
  "batch_size": 90.72868223811177,
  "beta_1": 0.36427211201225695,
  "beta_2": 0.6292141609575888,
  "block_size": 290.8209932418258,
  "dropout": 0.3813902959847184,
  "epsilon": 0.00038652472166779417,
  "lr": 0.034755366150670215,
  "n_embd": 31.507547361479826,
  "n_head": 4.0397296519062715,
  "n_layer": 1.380236787364805,
  "seed": 130898593.75071637,
  "weight_decay": 0.0013788146223046207
}