{
  "batch_size": 92.9556148124964,
  "beta_1": 0.7894777595821095,
  "beta_2": 0.6170325358846861,
  "block_size": 193.84846271840286,
  "dropout": 0.27078698108512383,
  "epsilon": 0.0008376038315816655,
  "lr": 0.03440428889831249,
  "n_embd": 21.694236145915557,
  "n_head": 1.3408679647155635,
  "n_layer": 4.05855602188198,
  "seed": 2115086980.2475924,
  "weight_decay": 0.009676802997240044
}