{
  "batch_size": 17,
  "beta_1": 0.4567087226106641,
  "beta_2": 0.45453926183717075,
  "block_size": 260,
  "dropout": 0.21417224308803948,
  "epsilon": 9.126324338802714e-05,
  "lr": 0.00019965183221617717,
  "n_embd": 20,
  "n_head": 1,
  "n_layer": 4,
  "seed": 123866205,
  "weight_decay": 0.0001860719851800242
}