{
  "batch_size": 59.98093375032323,
  "beta_1": 0.5638489460267742,
  "beta_2": 0.6082540771740883,
  "block_size": 244.1506677395801,
  "dropout": 0.1312943068378362,
  "epsilon": 0.0005592801656736825,
  "lr": 0.003950428150357938,
  "n_embd": 16.579330317959744,
  "n_head": 1.018868154973975,
  "n_layer": 6.026699393646719,
  "seed": 1422002876.9580686,
  "weight_decay": 0.001939274553801352
}