{
  "batch_size": 37.68459732162695,
  "beta_1": 0.3089838830198721,
  "beta_2": 0.8303888824574005,
  "block_size": 380.40097788191395,
  "dropout": 0.22493962386061958,
  "epsilon": 0.0008377823000669313,
  "lr": 0.09387760013070202,
  "n_embd": 26.189448497467396,
  "n_head": 6.1879646296949655,
  "n_layer": 1.693285335201133,
  "seed": 390969160.511344,
  "weight_decay": 0.0001719175940892854
}