{
  "batch_size": 55,
  "beta_1": 0.5585592887728378,
  "beta_2": 0.3590908681963252,
  "block_size": 235,
  "dropout": 0.3887894226457713,
  "epsilon": 0.0001414799995545683,
  "lr": 0.00032075303810560977,
  "n_embd": 45,
  "n_head": 4,
  "n_layer": 4,
  "seed": 604385762,
  "weight_decay": 3.9510683727115977e-07
}