{
  "batch_size": 75,
  "beta_1": 0.5279793031313695,
  "beta_2": 0.24704551262092564,
  "block_size": 351,
  "dropout": 0.2669094430003256,
  "epsilon": 2.1170810767063314e-05,
  "lr": 0.0024377645507317547,
  "n_embd": 50,
  "n_head": 2,
  "n_layer": 4,
  "seed": 1446119642,
  "weight_decay": 0.0003104840268412516
}