{
  "batch_size": 26,
  "beta_1": 0.6985023705413114,
  "beta_2": 0.124315652094663,
  "block_size": 71,
  "dropout": 0.3758416620835787,
  "epsilon": 2.399934e-10,
  "lr": 0.0024007689016856,
  "n_embd": 43,
  "n_head": 3,
  "n_layer": 2,
  "seed": 910097224.5471948,
  "weight_decay": 3.8121305076e-06
}