{
  "batch_size": 41.657572918817706,
  "beta_1": 0.3698858650371586,
  "beta_2": 0.8520518949556071,
  "block_size": 178.75184059466363,
  "dropout": 0.45391552172546323,
  "epsilon": 0.0007573342715550965,
  "lr": 0.017976418459380514,
  "n_embd": 47.03341916067393,
  "n_head": 4.522918783725654,
  "n_layer": 2.7009484490061606,
  "seed": 1139689513.5336058,
  "weight_decay": 0.00016829647031971334
}