{
  "batch_size": 76.18185631375528,
  "beta_1": 0.27438072601547076,
  "beta_2": 0.40684414631436727,
  "block_size": 271.487555099371,
  "dropout": 0.3338154213578499,
  "epsilon": 0.000677900152449752,
  "lr": 0.04790338230373706,
  "n_embd": 45.80925664156203,
  "n_head": 6.023484532049636,
  "n_layer": 6.3937401443512325,
  "seed": 1860342488.1049905,
  "weight_decay": 0.001088455385500998
}