{
  "batch_size": 63,
  "beta_1": 0.5208610335434218,
  "beta_2": 0.7510133152334066,
  "block_size": 298,
  "dropout": 0.1151522835269135,
  "epsilon": 0.0001168631714324,
  "lr": 0.0004981838341652,
  "n_embd": 29,
  "n_head": 5,
  "n_layer": 4,
  "seed": 1995315437.753398,
  "weight_decay": 3.833048886e-07
}