{
  "batch_size": 50,
  "beta_1": 0.2929704682319196,
  "beta_2": 0.4339718231207922,
  "block_size": 365,
  "dropout": 0.2252570626202989,
  "epsilon": 4.78160678e-08,
  "lr": 0.0003605824242199,
  "n_embd": 50,
  "n_head": 5,
  "n_layer": 5,
  "seed": 238762546.07271928,
  "weight_decay": 2.15121229918e-05
}