{
  "batch_size": 36,
  "beta_1": 0.5381779580049737,
  "beta_2": 0.10265631910990031,
  "block_size": 300,
  "dropout": 0.4336286098748203,
  "epsilon": 1.9107721495186396e-06,
  "lr": 0.00042270093222535586,
  "n_embd": 28,
  "n_head": 5,
  "n_layer": 5,
  "seed": 195263718,
  "weight_decay": 1.813567200371022e-08
}