{
  "batch_size": 92.74817694016788,
  "beta_1": 0.2252949424255342,
  "beta_2": 0.5063624572714143,
  "block_size": 143.99778840612802,
  "dropout": 0.4201131615394139,
  "epsilon": 0.000144812823903633,
  "lr": 0.03691377430544285,
  "n_embd": 9.31973454482697,
  "n_head": 2.3691374453450917,
  "n_layer": 5.629631628177005,
  "seed": 699053922.293274,
  "weight_decay": 0.007584950600043275
}