{
  "batch_size": 20.865628875895773,
  "beta_1": 0.531447686511692,
  "beta_2": 0.9903260192823837,
  "block_size": 194.8102049954397,
  "dropout": 0.18033618487938974,
  "epsilon": 0.0007925824026875941,
  "lr": 0.06008035561753921,
  "n_embd": 51.84753702156924,
  "n_head": 6.622599183057479,
  "n_layer": 5.224741161981329,
  "seed": 1963689234.0010033,
  "weight_decay": 0.00854246977164144
}