{
  "batch_size": 55,
  "beta_1": 0.6825158893647335,
  "beta_2": 0.105961526102795,
  "block_size": 360,
  "dropout": 0.1481310794360922,
  "epsilon": 3.5594345433e-06,
  "lr": 0.0246188154257287,
  "n_embd": 30,
  "n_head": 6,
  "n_layer": 1,
  "seed": 1875425847.2903643,
  "weight_decay": 6.62212937e-08
}