{
  "batch_size": 88,
  "beta_1": 0.7325831960598612,
  "beta_2": 0.9247964849701626,
  "block_size": 144,
  "dropout": 0.4902084608418459,
  "epsilon": 0.0003323544524844,
  "lr": 0.0013188630761737,
  "n_embd": 41,
  "n_head": 1,
  "n_layer": 6,
  "seed": 2071409275.7118158,
  "weight_decay": 0.000208066547179
}