{
  "batch_size": 37.511055925451345,
  "beta_1": 0.20132200247513288,
  "beta_2": 0.9408396706364066,
  "block_size": 241.30578226182084,
  "dropout": 0.16818359794570692,
  "epsilon": 0.0005056088387570357,
  "lr": 0.09588018251459314,
  "n_embd": 13.217911802724622,
  "n_head": 2.7270075565202925,
  "n_layer": 1.0454712871170884,
  "seed": 1907119910.987518,
  "weight_decay": 0.0010887684938004412
}