{
  "batch_size": 77.33460949378531,
  "beta_1": 0.8398735188841475,
  "beta_2": 0.19217255189607213,
  "block_size": 291.12497702421524,
  "dropout": 0.4291778730989926,
  "epsilon": 0.0007746689946421022,
  "lr": 0.06448089910577413,
  "n_embd": 41.3865133688423,
  "n_head": 1.4831040335357053,
  "n_layer": 5.258758220337217,
  "seed": 1683377275.6908517,
  "weight_decay": 0.0025178804526356452
}