{
  "batch_size": 69.4633417200616,
  "beta_1": 0.5996281936238332,
  "beta_2": 0.6500029391189537,
  "block_size": 281.5703748451756,
  "dropout": 0.2410045057484408,
  "epsilon": 0.00034785086242599875,
  "lr": 0.010253806272418772,
  "n_embd": 40.29266776664586,
  "n_head": 6.7744865610265625,
  "n_layer": 3.57457191811936,
  "seed": 314951613.78433925,
  "weight_decay": 0.009474383661341491
}