{
  "batch_size": 19.969378763209562,
  "beta_1": 0.1612259246668833,
  "beta_2": 0.8322206528639094,
  "block_size": 167.93378844056,
  "dropout": 0.3931370288884928,
  "epsilon": 0.000200824103777801,
  "lr": 0.09662549042085052,
  "n_embd": 43.0138548091447,
  "n_head": 3.9140914842391674,
  "n_layer": 5.986807249768629,
  "seed": 82542357.28627335,
  "weight_decay": 0.007282884107423389
}