{
  "batch_size": 35,
  "beta_1": 0.7068183086160791,
  "beta_2": 0.9515746399122698,
  "block_size": 347,
  "dropout": 0.1131159561794551,
  "epsilon": 2.8555646551e-06,
  "lr": 0.0020035585593188,
  "n_embd": 5,
  "n_head": 6,
  "n_layer": 5,
  "seed": 1838364279.4518871,
  "weight_decay": 0.0004963917607399
}