{
  "batch_size": 72.00331390850631,
  "beta_1": 0.5555461395312647,
  "beta_2": 0.8736175305061601,
  "block_size": 120.83593165392534,
  "dropout": 0.471971514427572,
  "epsilon": 0.0008668967823697102,
  "lr": 0.04358464013983678,
  "n_embd": 36.84583941065484,
  "n_head": 6.862214767697615,
  "n_layer": 1.5239357303012313,
  "seed": 1020557088.9769403,
  "weight_decay": 0.005794652705648549
}