{
  "batch_size": 70.23740616109131,
  "beta_1": 0.21862442223694847,
  "beta_2": 0.6437829243007838,
  "block_size": 230.98409687646964,
  "dropout": 0.3406997162280852,
  "epsilon": 0.0006671424808843613,
  "lr": 0.05747292454255209,
  "n_embd": 0.6168481559576909,
  "n_head": 4.577122480398204,
  "n_layer": 4.860396831545874,
  "seed": 264446454.25576067,
  "weight_decay": 0.007749931883792009
}