{
  "batch_size": 68.90626764118541,
  "beta_1": 0.8243284684519555,
  "beta_2": 0.9449177586696769,
  "block_size": 275.87145484001746,
  "dropout": 0.29554809615768396,
  "epsilon": 0.0002042226352074467,
  "lr": 0.011068138336746353,
  "n_embd": 10.533516842025024,
  "n_head": 3.3549587412071102,
  "n_layer": 2.21018117995002,
  "seed": 382941180.9572816,
  "weight_decay": 0.002487421389212632
}