{
  "batch_size": 22.41783575423098,
  "beta_1": 0.11767044166546214,
  "beta_2": 0.2837225532356691,
  "block_size": 287.0072219689146,
  "dropout": 0.15378736850831604,
  "epsilon": 0.0005782747696548646,
  "lr": 0.012239896302741032,
  "n_embd": 53.33443669733932,
  "n_head": 5.940739523764548,
  "n_layer": 5.352940581349284,
  "seed": 271969891.5258786,
  "weight_decay": 0.002169094304550428
}