{
  "batch_size": 49.41302423810277,
  "beta_1": 0.1810466210109596,
  "beta_2": 0.10814354255613483,
  "block_size": 84.19333990604689,
  "dropout": 0.12871048026298088,
  "epsilon": 0.00028715355314064413,
  "lr": 0.077543906466081,
  "n_embd": 11.40724962443769,
  "n_head": 5.470405996441034,
  "n_layer": 4.3772917408275545,
  "seed": 1586817503.0394368,
  "weight_decay": 0.004224493982294156
}