{
  "batch_size": 33.05866064231343,
  "beta_1": 0.8034830907923762,
  "beta_2": 0.38049696355498563,
  "block_size": 158.85231244541185,
  "dropout": 0.273377457096751,
  "epsilon": 0.0006927990084416591,
  "lr": 0.0842348930546256,
  "n_embd": 9.682270792363227,
  "n_head": 2.5238092147788604,
  "n_layer": 5.106418464002542,
  "seed": 2136407771.5255935,
  "weight_decay": 0.0018585102444661028
}