{
  "batch_size": 57.363754859112,
  "beta_1": 0.8882605382285335,
  "beta_2": 0.45227504986837164,
  "block_size": 302.8395620274456,
  "dropout": 0.33797299751285825,
  "epsilon": 0.00018502202343192984,
  "lr": 0.08610315484193756,
  "n_embd": 50.02495142242454,
  "n_head": 6.482221101452938,
  "n_layer": 3.7897915999469673,
  "seed": 839807142.4690038,
  "weight_decay": 0.009885940421745044
}