{
  "batch_size": 68,
  "beta_1": 0.7838275103315878,
  "beta_2": 0.4779832443650851,
  "block_size": 199,
  "dropout": 0.17007120936979753,
  "epsilon": 5.263577597288442e-06,
  "lr": 8.27481373401709e-06,
  "n_embd": 17,
  "n_head": 3,
  "n_layer": 3,
  "seed": 898334011,
  "weight_decay": 2.662937981675286e-06
}