{
  "batch_size": 53.783906307508495,
  "beta_1": 0.4879519237868094,
  "beta_2": 0.5883416161275691,
  "block_size": 314.98246060795145,
  "dropout": 0.27391360722355007,
  "epsilon": 0.00016711671524850748,
  "lr": 0.04406131392265542,
  "n_embd": 52.77358555698707,
  "n_head": 3.748903729118636,
  "n_layer": 4.778427281182285,
  "seed": 1374812180.7578223,
  "weight_decay": 0.002991693220027827
}