{
  "batch_size": 80.72759146461875,
  "beta_1": 0.9412862608992559,
  "beta_2": 0.5459679330581595,
  "block_size": 298.1109183594915,
  "dropout": 0.3085747120890437,
  "epsilon": 0.00028265600006664764,
  "lr": 0.07678257590909482,
  "n_embd": 23.98565911634111,
  "n_head": 6.14733589306428,
  "n_layer": 4.364681181743338,
  "seed": 1929899802.875093,
  "weight_decay": 0.0046900732724775
}