{
  "batch_size": 68,
  "beta_1": 0.6209452645169429,
  "beta_2": 0.7901749980442869,
  "block_size": 66,
  "dropout": 0.2149176531388774,
  "epsilon": 4.027178994e-07,
  "lr": 0.0001802872219713,
  "n_embd": 3,
  "n_head": 5,
  "n_layer": 2,
  "seed": 1422761679.4595783,
  "weight_decay": 0.004455752741553
}