{
  "batch_size": 82,
  "beta_1": 0.9510337197152174,
  "beta_2": 0.35790532159922017,
  "block_size": 309,
  "dropout": 0.28296077356274335,
  "epsilon": 2.735171913088784e-08,
  "lr": 6.576404355217039e-06,
  "n_embd": 33,
  "n_head": 1,
  "n_layer": 1,
  "seed": 1798051554,
  "weight_decay": 3.9605251570613417e-07
}