{
  "batch_size": 87,
  "beta_1": 0.28192582974256086,
  "beta_2": 0.23420684868872105,
  "block_size": 255,
  "dropout": 0.22836017510969034,
  "epsilon": 1.0127080161384786e-06,
  "lr": 0.0011953386550957225,
  "n_embd": 25,
  "n_head": 2,
  "n_layer": 6,
  "seed": 1451881285,
  "weight_decay": 1.7282133802264933e-07
}