{
  "batch_size": 85,
  "beta_1": 0.485305603382557,
  "beta_2": 0.8950306494197411,
  "block_size": 177,
  "dropout": 0.5186312530390982,
  "epsilon": 2.705475724983641e-10,
  "lr": 0.023301528276966774,
  "n_embd": 24,
  "n_head": 3,
  "n_layer": 1,
  "seed": 1268412865,
  "weight_decay": 0.00047024742777260534
}