{
  "batch_size": 69,
  "beta_1": 0.46043637576305,
  "beta_2": 0.3567226130630928,
  "block_size": 135,
  "dropout": 0.2277340671361488,
  "epsilon": 6.9649253121e-06,
  "lr": 5.75601053723e-05,
  "n_embd": 32,
  "n_head": 2,
  "n_layer": 6,
  "seed": 316131790.05605596,
  "weight_decay": 4.3663361913e-06
}