{
  "batch_size": 60,
  "beta_1": 0.22983939565782688,
  "beta_2": 0.9383670993744104,
  "block_size": 295,
  "dropout": 0.485266750760491,
  "epsilon": 0.00022443218664564598,
  "lr": 0.0016331502732146361,
  "n_embd": 2,
  "n_head": 1,
  "n_layer": 1,
  "seed": 1094731504,
  "weight_decay": 2.2707945079410755e-08
}