{
  "batch_size": 53,
  "beta_1": 0.6952991619828833,
  "beta_2": 0.2058909289403471,
  "block_size": 206,
  "dropout": 0.4492136127752664,
  "epsilon": 3.972732573369471e-05,
  "lr": 0.0014535381122014702,
  "n_embd": 0,
  "n_head": 5,
  "n_layer": 6,
  "seed": 1964415976,
  "weight_decay": 1.2717272019949867e-07
}