{
  "batch_size": 72.5676947881422,
  "beta_1": 0.5682284482404336,
  "beta_2": 0.41812717448000447,
  "block_size": 339.735902212465,
  "dropout": 0.41632524647850977,
  "epsilon": 0.0007900703120670208,
  "lr": 0.046177432602911225,
  "n_embd": 0.6951249432614819,
  "n_head": 5.051387288852897,
  "n_layer": 1.783186709995742,
  "seed": 1307288799.7695584,
  "weight_decay": 0.005992112410024181
}