{
  "batch_size": 88.32179510115547,
  "beta_1": 0.12556269728714142,
  "beta_2": 0.6632273204886725,
  "block_size": 346.74956270003764,
  "dropout": 0.2782794405179252,
  "epsilon": 0.0008474495736240756,
  "lr": 0.06433634113120365,
  "n_embd": 39.25629932476942,
  "n_head": 1.939699026100112,
  "n_layer": 4.886545798279093,
  "seed": 1686594462.1864865,
  "weight_decay": 0.004196698620035118
}