{
  "batch_size": 47.44461460677701,
  "beta_1": 0.6787951513752322,
  "beta_2": 0.11947727159350796,
  "block_size": 320.79713613627314,
  "dropout": 0.45976783640407015,
  "epsilon": 0.00024992789925191295,
  "lr": 0.014097388932698353,
  "n_embd": 7.773498230567082,
  "n_head": 6.7946257815005575,
  "n_layer": 5.296582296246596,
  "seed": 1681647386.863811,
  "weight_decay": 0.0015876189782885921
}