{
  "batch_size": 74,
  "beta_1": 0.6786866349538461,
  "beta_2": 0.6936075796775003,
  "block_size": 233,
  "dropout": 0.4403507340761067,
  "epsilon": 5.913095411889919e-08,
  "lr": 0.009168867758541267,
  "n_embd": 37,
  "n_head": 2,
  "n_layer": 6,
  "seed": 1970037300,
  "weight_decay": 5.641673675028928e-05
}