{
  "batch_size": 20,
  "beta_1": 0.2107871189862666,
  "beta_2": 0.7704522681435447,
  "block_size": 171,
  "dropout": 0.2114032623673312,
  "epsilon": 1.422871e-10,
  "lr": 0.0019647814767403,
  "n_embd": 2,
  "n_head": 5,
  "n_layer": 2,
  "seed": 582145452.3194046,
  "weight_decay": 0.0002770166242503
}