{
  "batch_size": 86.3823372244469,
  "beta_1": 0.7746095345696291,
  "beta_2": 0.4539027628290636,
  "block_size": 87.51242062423765,
  "dropout": 0.3941342671394573,
  "epsilon": 4.68673424405537e-05,
  "lr": 0.014362749424500517,
  "n_embd": 10.64220271327663,
  "n_head": 1.6292701905208888,
  "n_layer": 4.87224346012356,
  "seed": 690388505.0304661,
  "weight_decay": 0.0009923380278882572
}