{
  "batch_size": 42,
  "beta_1": 0.6398923116651369,
  "beta_2": 0.701578387128037,
  "block_size": 168,
  "dropout": 0.193840867616502,
  "epsilon": 1.52884590226e-05,
  "lr": 0.0007332443142288,
  "n_embd": 25,
  "n_head": 5,
  "n_layer": 6,
  "seed": 1352579938.2725666,
  "weight_decay": 0.003533696487587
}