{
  "batch_size": 37.13096495452914,
  "beta_1": 0.6207147471013795,
  "beta_2": 0.7577128608886097,
  "block_size": 291.7629535769176,
  "dropout": 0.15880198186531247,
  "epsilon": 0.0009780724832296717,
  "lr": 0.03793173269532731,
  "n_embd": 36.551811018577226,
  "n_head": 1.1237393639522675,
  "n_layer": 3.498797809649927,
  "seed": 1670368986.4213204,
  "weight_decay": 0.0013806570479574021
}