{
  "batch_size": 87,
  "beta_1": 0.15790305472128585,
  "beta_2": 0.21531909284598605,
  "block_size": 307,
  "dropout": 0.3303869967146248,
  "epsilon": 3.280749577346948e-08,
  "lr": 0.000643198798233443,
  "n_embd": 34,
  "n_head": 6,
  "n_layer": 6,
  "seed": 1837652676,
  "weight_decay": 0.0006290284018962331
}