{
  "batch_size": 19.622818457710167,
  "beta_1": 0.5552213667745851,
  "beta_2": 0.7851234028215104,
  "block_size": 173.9679318512001,
  "dropout": 0.2601143206305485,
  "epsilon": 0.00038464445467520684,
  "lr": 0.08654507335361654,
  "n_embd": 13.99920126147114,
  "n_head": 4.51177655947812,
  "n_layer": 5.476196890590349,
  "seed": 1508289743.0111916,
  "weight_decay": 0.006002887233193145
}