{
  "batch_size": 58.38767525160108,
  "beta_1": 0.21065984186373554,
  "beta_2": 0.15811204273946444,
  "block_size": 346.8007536801043,
  "dropout": 0.3320281422780561,
  "epsilon": 0.00047613134122179016,
  "lr": 0.049224189434462044,
  "n_embd": 38.242894769971194,
  "n_head": 6.327074807794847,
  "n_layer": 2.8900076827748897,
  "seed": 297732522.41859204,
  "weight_decay": 0.003392765169977621
}