{
  "batch_size": 94,
  "beta_1": 0.4489398526051982,
  "beta_2": 0.7718756906369454,
  "block_size": 297,
  "dropout": 0.1540354588984778,
  "epsilon": 7.707092e-10,
  "lr": 0.0012908146808991,
  "n_embd": 28,
  "n_head": 1,
  "n_layer": 5,
  "seed": 1332088625.8079123,
  "weight_decay": 1.10043670669e-05
}