{
  "batch_size": 46,
  "beta_1": 0.301930821567439,
  "beta_2": 0.4999870080639272,
  "block_size": 125,
  "dropout": 0.1893442164107556,
  "epsilon": 1.342401e-10,
  "lr": 0.0002632265828354,
  "n_embd": 51,
  "n_head": 3,
  "n_layer": 5,
  "seed": 169611842.13162854,
  "weight_decay": 1.1984539596e-06
}