{
  "batch_size": 59.186858773010805,
  "beta_1": 0.3781242820508386,
  "beta_2": 0.8890551701679481,
  "block_size": 133.52584648165907,
  "dropout": 0.15379181538523903,
  "epsilon": 0.0009408779937373033,
  "lr": 0.0040750841082969735,
  "n_embd": 17.01955149700853,
  "n_head": 2.7653151681204946,
  "n_layer": 6.321712195316713,
  "seed": 1611692401.8249726,
  "weight_decay": 0.009082670720545602
}