{
  "batch_size": 80,
  "beta_1": 0.4652337042734223,
  "beta_2": 0.3182369543014567,
  "block_size": 296,
  "dropout": 0.4221724095043873,
  "epsilon": 2.724993e-10,
  "lr": 0.0005491433678034,
  "n_embd": 50,
  "n_head": 2,
  "n_layer": 4,
  "seed": 1259788743.976111,
  "weight_decay": 0.0040670729960933
}