{
  "batch_size": 17.246496775507538,
  "beta_1": 0.6861335639621391,
  "beta_2": 0.26811794669303834,
  "block_size": 244.05646990219228,
  "dropout": 0.23853170680330235,
  "epsilon": 0.0006961991564381862,
  "lr": 0.030800139324481456,
  "n_embd": 12.598102283236102,
  "n_head": 5.518495785350562,
  "n_layer": 5.968265564876772,
  "seed": 1943703793.6304092,
  "weight_decay": 0.0013525954306431488
}