{
  "batch_size": 50.92317904266896,
  "beta_1": 0.7383989061607736,
  "beta_2": 0.5525612773496849,
  "block_size": 302.0207425455348,
  "dropout": 0.38192107946330534,
  "epsilon": 0.0005057062416101122,
  "lr": 0.011929860233846566,
  "n_embd": 27.490702026082015,
  "n_head": 1.113070448384429,
  "n_layer": 4.642864259842135,
  "seed": 1404941199.940769,
  "weight_decay": 0.0051472815517774875
}