{
  "batch_size": 18,
  "beta_1": 0.700491161414914,
  "beta_2": 0.5762631316883683,
  "block_size": 300,
  "dropout": 0.40073888933311885,
  "epsilon": 0.00038202411677448593,
  "lr": 0.002519391592668954,
  "n_embd": 29,
  "n_head": 5,
  "n_layer": 2,
  "seed": 2046040495,
  "weight_decay": 0.0005242973834212436
}