{
  "batch_size": 52,
  "beta_1": 0.4904778838349879,
  "beta_2": 0.9566479366977028,
  "block_size": 78,
  "dropout": 0.1466241784511129,
  "epsilon": 9.99174713308e-05,
  "lr": 0.0575595385071472,
  "n_embd": 28,
  "n_head": 2,
  "n_layer": 1,
  "seed": 873650105.9375651,
  "weight_decay": 2.8556680894e-06
}