{
  "batch_size": 92.57665012488978,
  "beta_1": 0.7814994179111647,
  "beta_2": 0.7260809701963146,
  "block_size": 342.7369735966033,
  "dropout": 0.43215705244401637,
  "epsilon": 0.0009410618895501463,
  "lr": 0.07986740417948793,
  "n_embd": 37.83488486527591,
  "n_head": 1.161812253588982,
  "n_layer": 6.760867515431705,
  "seed": 269766471.5748146,
  "weight_decay": 0.007925865304751669
}