{
  "batch_size": 44,
  "beta_1": 0.8820343038014042,
  "beta_2": 0.7527626411226085,
  "block_size": 229,
  "dropout": 0.1453942489651735,
  "epsilon": 0.0004701338501901816,
  "lr": 0.0003332195444811299,
  "n_embd": 37,
  "n_head": 5,
  "n_layer": 5,
  "seed": 1159504132,
  "weight_decay": 7.234359205937438e-06
}