{
  "batch_size": 78.03592236017073,
  "beta_1": 0.9483208812482977,
  "beta_2": 0.9745200851506713,
  "block_size": 148.04425436557887,
  "dropout": 0.4368548068275202,
  "epsilon": 0.0005926484568366603,
  "lr": 0.06560394624946037,
  "n_embd": 37.25683324821625,
  "n_head": 3.735182171228213,
  "n_layer": 2.9282414048349654,
  "seed": 26482635.8450053,
  "weight_decay": 0.0002404121912358042
}