{
  "batch_size": 17,
  "beta_1": 0.6357412271493292,
  "beta_2": 0.4480389024500864,
  "block_size": 287,
  "dropout": 0.31353515475300997,
  "epsilon": 1.843338757196828e-08,
  "lr": 5.007089604875543e-05,
  "n_embd": 30,
  "n_head": 2,
  "n_layer": 3,
  "seed": 1990916064,
  "weight_decay": 0.0017327047505549442
}