{
  "batch_size": 65,
  "beta_1": 0.16428013357212,
  "beta_2": 0.6432307535073754,
  "block_size": 104,
  "dropout": 0.3215977197982167,
  "epsilon": 0.00012521112046376195,
  "lr": 0.017228693111155303,
  "n_embd": 13,
  "n_head": 5,
  "n_layer": 6,
  "seed": 1004883197,
  "weight_decay": 0.00018107919713002674
}