{
  "batch_size": 39,
  "beta_1": 0.8361933060188819,
  "beta_2": 0.29709679861177,
  "block_size": 173,
  "dropout": 0.3021530216966784,
  "epsilon": 6.45003629e-08,
  "lr": 0.000278775412635,
  "n_embd": 32,
  "n_head": 3,
  "n_layer": 4,
  "seed": 1805198268.3868656,
  "weight_decay": 2.2003403422e-06
}