{
  "batch_size": 29.08380337469164,
  "beta_1": 0.849507737042042,
  "beta_2": 0.4983524806365389,
  "block_size": 299.2682496797139,
  "dropout": 0.44218647281121937,
  "epsilon": 0.0007104241720364381,
  "lr": 0.0631358772616417,
  "n_embd": 50.25560038172874,
  "n_head": 5.988486661720512,
  "n_layer": 1.7357193391980559,
  "seed": 1382002355.6271143,
  "weight_decay": 0.007040638831391476
}