{
  "batch_size": 78,
  "beta_1": 0.6536658498759257,
  "beta_2": 0.9184549624264504,
  "block_size": 124,
  "dropout": 0.12269934471855866,
  "epsilon": 7.258281866185976e-08,
  "lr": 3.087321865473224e-06,
  "n_embd": 18,
  "n_head": 1,
  "n_layer": 4,
  "seed": 2046747040,
  "weight_decay": 4.781848344018566e-06
}