{
  "batch_size": 38.532315114548496,
  "beta_1": 0.8289707512736184,
  "beta_2": 0.19667949235443444,
  "block_size": 75.7358240792667,
  "dropout": 0.45830448955093017,
  "epsilon": 0.0007505472054119625,
  "lr": 0.0016303095281087867,
  "n_embd": 18.03381598225339,
  "n_head": 1.4557274239823335,
  "n_layer": 5.315503220678211,
  "seed": 2127212383.7267077,
  "weight_decay": 0.004364793766368896
}