{
  "batch_size": 73.14476010096081,
  "beta_1": 0.47074968723328126,
  "beta_2": 0.9563312268965373,
  "block_size": 238.0286605384917,
  "dropout": 0.41444423965168,
  "epsilon": 0.00025629726483236427,
  "lr": 0.053724851141370926,
  "n_embd": 27.81693329491567,
  "n_head": 3.5309371738677204,
  "n_layer": 6.426118869598634,
  "seed": 1502999459.7944045,
  "weight_decay": 0.005429144385223851
}