{
  "batch_size": 35,
  "beta_1": 0.6225036100195617,
  "beta_2": 0.5796112742785138,
  "block_size": 193,
  "dropout": 0.2045147838053795,
  "epsilon": 2.157281e-10,
  "lr": 0.0006097753669561,
  "n_embd": 25,
  "n_head": 3,
  "n_layer": 3,
  "seed": 429410249.43733835,
  "weight_decay": 0.0023689689981922
}