{
  "batch_size": 30.514549247706803,
  "beta_1": 0.7116579072279408,
  "beta_2": 0.7917212250786159,
  "block_size": 93.32394207263737,
  "dropout": 0.43504446829053744,
  "epsilon": 0.00023953992645274616,
  "lr": 0.07734375335505461,
  "n_embd": 4.262458963732385,
  "n_head": 3.666313866306776,
  "n_layer": 5.333878647563607,
  "seed": 1586796970.2296107,
  "weight_decay": 0.005994923514721795
}