{
  "batch_size": 91,
  "beta_1": 0.9248441082634355,
  "beta_2": 0.7534810845917136,
  "block_size": 225,
  "dropout": 0.13421516490707788,
  "epsilon": 1.4245883271269547e-10,
  "lr": 0.004829869434643095,
  "n_embd": 1,
  "n_head": 5,
  "n_layer": 1,
  "seed": 107313003,
  "weight_decay": 2.718185098484357e-07
}