{
  "batch_size": 92.95478736016533,
  "beta_1": 0.7834339755489114,
  "beta_2": 0.27869139591916736,
  "block_size": 77.10964554347085,
  "dropout": 0.3951508020897584,
  "epsilon": 0.0007628423369986046,
  "lr": 0.05174040696760692,
  "n_embd": 52.92647479620181,
  "n_head": 4.139240996692891,
  "n_layer": 3.982447113025644,
  "seed": 1421953905.0967104,
  "weight_decay": 0.004558169640021619
}