{
  "batch_size": 54,
  "beta_1": 0.637859785605646,
  "beta_2": 0.4400262370053638,
  "block_size": 75,
  "dropout": 0.29706368033472,
  "epsilon": 2.65200650957e-05,
  "lr": 0.0003492372783566,
  "n_embd": 24,
  "n_head": 3,
  "n_layer": 1,
  "seed": 984194748.8393866,
  "weight_decay": 0.0021963385705893
}