{
  "batch_size": 77,
  "beta_1": 0.9868352091169441,
  "beta_2": 0.9960587928924068,
  "block_size": 173,
  "dropout": 0.21614237499965575,
  "epsilon": 2.6508185352838467e-08,
  "lr": 0.0004471526659391417,
  "n_embd": 9,
  "n_head": 4,
  "n_layer": 5,
  "seed": 1431077880,
  "weight_decay": 4.651515758968267e-06
}