{
  "batch_size": 25.93164795280533,
  "beta_1": 0.9536077863054966,
  "beta_2": 0.9657156672347925,
  "block_size": 244.11240801415266,
  "dropout": 0.33039302272733184,
  "epsilon": 0.0008101334427380972,
  "lr": 0.017857415967437687,
  "n_embd": 22.283307904101484,
  "n_head": 6.6857459179214604,
  "n_layer": 6.405772068467392,
  "seed": 1020547624.0620193,
  "weight_decay": 0.004851312137730691
}