{
  "batch_size": 75,
  "beta_1": 0.5743365828646099,
  "beta_2": 0.5134327259887902,
  "block_size": 275,
  "dropout": 0.3911115615493558,
  "epsilon": 2.272007946e-07,
  "lr": 0.0014745133752724,
  "n_embd": 52,
  "n_head": 1,
  "n_layer": 4,
  "seed": 1681308652.3123248,
  "weight_decay": 0.0003413498216532
}