{
  "batch_size": 24,
  "beta_1": 0.7612741255118564,
  "beta_2": 0.44015916353162876,
  "block_size": 298,
  "dropout": 0.41988014273346397,
  "epsilon": 3.516478409993175e-07,
  "lr": 0.00013476217186516915,
  "n_embd": 19,
  "n_head": 6,
  "n_layer": 5,
  "seed": 147808849,
  "weight_decay": 7.2536823272739614e-06
}