{
  "batch_size": 16,
  "beta_1": 0.16089036854745697,
  "beta_2": 0.35694968559764717,
  "block_size": 287,
  "dropout": 0.0500980230678169,
  "epsilon": 1.6474480052181327e-07,
  "lr": 8.689249514337345e-05,
  "n_embd": 30,
  "n_head": 2,
  "n_layer": 3,
  "seed": 1990916064,
  "weight_decay": 1.2169156707087915e-07
}