{
  "batch_size": 25.753865111735465,
  "beta_1": 0.867274472991956,
  "beta_2": 0.5610021925867786,
  "block_size": 334.97596044753004,
  "dropout": 0.26956656789768885,
  "epsilon": 0.000896383157870657,
  "lr": 0.06365488767376902,
  "n_embd": 35.287774439197136,
  "n_head": 4.873576694354739,
  "n_layer": 6.3546379101995365,
  "seed": 2127783558.0848272,
  "weight_decay": 0.008246190420308061
}