{
  "batch_size": 22.335936398663733,
  "beta_1": 0.7754986834727857,
  "beta_2": 0.428375166566763,
  "block_size": 85.82024476043014,
  "dropout": 0.257304461957247,
  "epsilon": 0.0005945867406309122,
  "lr": 0.09414557221770306,
  "n_embd": 44.562215597046155,
  "n_head": 5.629747809617876,
  "n_layer": 1.915566862294598,
  "seed": 687438848.1622331,
  "weight_decay": 0.0004455229262490842
}