{
  "batch_size": 79,
  "beta_1": 0.6349841059317043,
  "beta_2": 0.7009198076588075,
  "block_size": 334,
  "dropout": 0.1850031809869967,
  "epsilon": 8.950617334000009e-05,
  "lr": 0.00030452083434731483,
  "n_embd": 46,
  "n_head": 2,
  "n_layer": 4,
  "seed": 948826412,
  "weight_decay": 5.040595913980706e-07
}