{
  "batch_size": 77,
  "beta_1": 0.770570518612903,
  "beta_2": 0.9241193027123968,
  "block_size": 256,
  "dropout": 0.1291677999590744,
  "epsilon": 2.78035695457e-05,
  "lr": 0.0003547072949978,
  "n_embd": 23,
  "n_head": 3,
  "n_layer": 4,
  "seed": 220153878.36036062,
  "weight_decay": 4.83364839088e-05
}