{
  "batch_size": 32,
  "beta_1": 0.4255306243831626,
  "beta_2": 0.5696194753480242,
  "block_size": 95,
  "dropout": 0.1543499602242302,
  "epsilon": 1.51311e-10,
  "lr": 0.0002257437948356,
  "n_embd": 12,
  "n_head": 1,
  "n_layer": 5,
  "seed": 42274381.92491775,
  "weight_decay": 0.0002148158999077
}