{
  "batch_size": 63,
  "beta_1": 0.4556919203636637,
  "beta_2": 0.5094820912998552,
  "block_size": 189,
  "dropout": 0.2742713549786847,
  "epsilon": 8.782302325828882e-08,
  "lr": 0.0002649573020435669,
  "n_embd": 45,
  "n_head": 6,
  "n_layer": 5,
  "seed": 1321235268,
  "weight_decay": 0.00036375666454893885
}