{
  "batch_size": 34,
  "beta_1": 0.32602449739629,
  "beta_2": 0.7461395889768501,
  "block_size": 134,
  "dropout": 0.4071532485221208,
  "epsilon": 1.7320457e-09,
  "lr": 0.0066952699160437,
  "n_embd": 22,
  "n_head": 5,
  "n_layer": 3,
  "seed": 948021514.5690882,
  "weight_decay": 2.31642917336e-05
}