{
  "batch_size": 89,
  "beta_1": 0.2496206478790062,
  "beta_2": 0.8243323299506756,
  "block_size": 318,
  "dropout": 0.1107051466900427,
  "epsilon": 9.1097510019e-06,
  "lr": 0.0010379504307048,
  "n_embd": 42,
  "n_head": 4,
  "n_layer": 4,
  "seed": 916636387.567745,
  "weight_decay": 4.23050955e-08
}