{
  "batch_size": 82.67009377687164,
  "beta_1": 0.35322047720828287,
  "beta_2": 0.9838846873375757,
  "block_size": 189.33423511576686,
  "dropout": 0.15621141535263391,
  "epsilon": 0.0009378079322788747,
  "lr": 0.048685173626304076,
  "n_embd": 28.986637887783427,
  "n_head": 2.7320984977531255,
  "n_layer": 5.065812521405516,
  "seed": 1351890169.2403097,
  "weight_decay": 0.004925646718161783
}