{
  "batch_size": 34,
  "beta_1": 0.2235358229489734,
  "beta_2": 0.110508441878359,
  "block_size": 335,
  "dropout": 0.2695479671436554,
  "epsilon": 0.0001816178562825,
  "lr": 0.0002796135159756,
  "n_embd": 40,
  "n_head": 3,
  "n_layer": 4,
  "seed": 1496011612.9720037,
  "weight_decay": 1.31723168371e-05
}