{
  "batch_size": 19.33977586910625,
  "beta_1": 0.41674838752079824,
  "beta_2": 0.4748580077106268,
  "block_size": 378.56454635325605,
  "dropout": 0.2792082734067506,
  "epsilon": 0.0005342504423654399,
  "lr": 0.0854923831302345,
  "n_embd": 28.259601108511834,
  "n_head": 2.3249286974655856,
  "n_layer": 5.661512860618706,
  "seed": 1291983676.1514983,
  "weight_decay": 0.008028384783714442
}