{
  "batch_size": 24,
  "beta_1": 0.9503663017100981,
  "beta_2": 0.24905742654221347,
  "block_size": 200,
  "dropout": 0.19473198851182416,
  "epsilon": 1.1442195809051971e-05,
  "lr": 0.001046173891870744,
  "n_embd": 27,
  "n_head": 5,
  "n_layer": 6,
  "seed": 658013567,
  "weight_decay": 1.6359579108116675e-05
}