{
  "batch_size": 54.21329127387413,
  "beta_1": 0.17480097108374698,
  "beta_2": 0.969766577694672,
  "block_size": 279.1832915609366,
  "dropout": 0.19768516941126835,
  "epsilon": 0.0009497583379410108,
  "lr": 0.0652116533184277,
  "n_embd": 16.629755408049824,
  "n_head": 1.0302744103342572,
  "n_layer": 6.601352512580503,
  "seed": 415884074.3114859,
  "weight_decay": 0.008734050980442892
}