{
  "batch_size": 93.5218417278064,
  "beta_1": 0.8266871960269994,
  "beta_2": 0.2083072428812507,
  "block_size": 201.2091746147723,
  "dropout": 0.49806570279190054,
  "epsilon": 0.0002814638702109343,
  "lr": 0.030239713994089784,
  "n_embd": 11.172190015939137,
  "n_head": 5.1195672071556535,
  "n_layer": 5.740562329180369,
  "seed": 1812435563.9545794,
  "weight_decay": 0.005841472107737489
}