{
  "batch_size": 22,
  "beta_1": 0.4592182341114204,
  "beta_2": 0.7099080733875994,
  "block_size": 209,
  "dropout": 0.2782785743781069,
  "epsilon": 2.9004036337816166e-08,
  "lr": 0.0008082633212743044,
  "n_embd": 8,
  "n_head": 4,
  "n_layer": 4,
  "seed": 1875292550,
  "weight_decay": 0.0019491762381762415
}