{
  "batch_size": 33.94294071943341,
  "beta_1": 0.4752130178805496,
  "beta_2": 0.6254585038929079,
  "block_size": 112.4590646493826,
  "dropout": 0.19544166023035953,
  "epsilon": 0.00017948470638817472,
  "lr": 0.003988455812769684,
  "n_embd": 36.03593948177691,
  "n_head": 6.987070486348601,
  "n_layer": 1.69204431934806,
  "seed": 1907053404.2611597,
  "weight_decay": 0.00987097622593454
}