{
  "batch_size": 70,
  "beta_1": 0.8083429302842291,
  "beta_2": 0.3135512353188536,
  "block_size": 219,
  "dropout": 0.27277449071708576,
  "epsilon": 2.4279751229020782e-05,
  "lr": 0.010830902439533949,
  "n_embd": 21,
  "n_head": 5,
  "n_layer": 5,
  "seed": 384335604,
  "weight_decay": 3.452590603290244e-05
}