{
  "batch_size": 63.42022468137289,
  "beta_1": 0.19008703433442,
  "beta_2": 0.2461148407718007,
  "block_size": 266.63176801653884,
  "dropout": 0.2835502137886806,
  "epsilon": 0.0005313591209582538,
  "lr": 0.018456758877978697,
  "n_embd": 27.877775157060302,
  "n_head": 3.7853485037676684,
  "n_layer": 3.9432332249178215,
  "seed": 746353402.3171409,
  "weight_decay": 0.0011234831440190454
}