{
  "batch_size": 21,
  "beta_1": 0.8851657371359614,
  "beta_2": 0.4314728394622659,
  "block_size": 186,
  "dropout": 0.41763686562690894,
  "epsilon": 2.723180738077571e-08,
  "lr": 9.968559601738546e-06,
  "n_embd": 18,
  "n_head": 1,
  "n_layer": 4,
  "seed": 1713533674,
  "weight_decay": 0.005831122115203586
}