{
  "batch_size": 60.80167276436272,
  "beta_1": 0.8260987440833361,
  "beta_2": 0.1993080589603044,
  "block_size": 66.87028846002929,
  "dropout": 0.3726809179250865,
  "epsilon": 0.000553264807933067,
  "lr": 0.028762363166470184,
  "n_embd": 0.9819594922376882,
  "n_head": 2.0127159542572257,
  "n_layer": 5.2905406990122685,
  "seed": 1608948799.5602477,
  "weight_decay": 0.009143865834449191
}