{
  "batch_size": 17,
  "beta_1": 0.3032981519729826,
  "beta_2": 0.5753312366730795,
  "block_size": 157,
  "dropout": 0.2773821990794201,
  "epsilon": 1.1833233028826884e-08,
  "lr": 5.986567538710949e-06,
  "n_embd": 43,
  "n_head": 3,
  "n_layer": 1,
  "seed": 1483005846,
  "weight_decay": 1.2290656138880472e-07
}