{
  "batch_size": 44.219365535306125,
  "beta_1": 0.6044983849756006,
  "beta_2": 0.7545236098138451,
  "block_size": 370.84791645331575,
  "dropout": 0.38541607322523097,
  "epsilon": 0.00021464903857202114,
  "lr": 0.014664970055095611,
  "n_embd": 29.52477479741364,
  "n_head": 1.6175642907253962,
  "n_layer": 4.283181644929821,
  "seed": 1960814127.256839,
  "weight_decay": 0.002377692061363338
}