{
  "batch_size": 55.280332843724594,
  "beta_1": 0.7023862338324098,
  "beta_2": 0.1804053966375601,
  "block_size": 191.37894649180865,
  "dropout": 0.46047111196133006,
  "epsilon": 0.0006467460383829855,
  "lr": 0.07786586336695649,
  "n_embd": 28.55379260133797,
  "n_head": 2.245264640051975,
  "n_layer": 1.125654128507358,
  "seed": 1292891398.974291,
  "weight_decay": 0.007263984058211641
}