{
  "batch_size": 88.90377757096601,
  "beta_1": 0.12979326658094398,
  "beta_2": 0.8095722804193453,
  "block_size": 264.4674609557808,
  "dropout": 0.26069068327873235,
  "epsilon": 4.30512032404098e-05,
  "lr": 0.04956150087585364,
  "n_embd": 29.75591916898023,
  "n_head": 1.9571476597520299,
  "n_layer": 6.0742869803407045,
  "seed": 141759742.91272986,
  "weight_decay": 0.006416722592488441
}