{
  "batch_size": 49,
  "beta_1": 0.3774873265354335,
  "beta_2": 0.4048801938211964,
  "block_size": 336,
  "dropout": 0.4937103420796529,
  "epsilon": 1.1234941e-09,
  "lr": 0.0011305937200362,
  "n_embd": 37,
  "n_head": 6,
  "n_layer": 4,
  "seed": 686978033.3997324,
  "weight_decay": 1.27937410211e-05
}