{
  "batch_size": 71.80332729311681,
  "beta_1": 0.4553372045143782,
  "beta_2": 0.24376933668722892,
  "block_size": 211.15803417287307,
  "dropout": 0.28515417828208167,
  "epsilon": 0.0007838247424478352,
  "lr": 0.06023559543968068,
  "n_embd": 44.973845988442285,
  "n_head": 1.7135701514699622,
  "n_layer": 3.188976919027112,
  "seed": 1880857447.4677167,
  "weight_decay": 0.007156904645445214
}