{
  "batch_size": 56,
  "beta_1": 0.5611602821309704,
  "beta_2": 0.9931917321884414,
  "block_size": 234,
  "dropout": 0.1455380695176866,
  "epsilon": 2.90023006e-08,
  "lr": 0.0489150723911525,
  "n_embd": 1,
  "n_head": 5,
  "n_layer": 2,
  "seed": 626798146.6889454,
  "weight_decay": 1.90555272e-08
}