{
  "batch_size": 69.9396867085724,
  "beta_1": 0.1291134057964135,
  "beta_2": 0.5471884644229056,
  "block_size": 105.98377264732076,
  "dropout": 0.3170343378163636,
  "epsilon": 0.0009005068269904255,
  "lr": 0.044087944507632586,
  "n_embd": 27.18764038141689,
  "n_head": 1.0270371631393123,
  "n_layer": 3.8229020582300555,
  "seed": 691711761.3194383,
  "weight_decay": 0.004285556829927966
}