{
  "batch_size": 92.47403740424205,
  "beta_1": 0.8311877541915427,
  "beta_2": 0.551006986166749,
  "block_size": 301.8277343827193,
  "dropout": 0.2465999861813027,
  "epsilon": 0.00011205515509267721,
  "lr": 0.0634591927656983,
  "n_embd": 9.832888257425125,
  "n_head": 6.589637665917391,
  "n_layer": 5.972429614349095,
  "seed": 1053460652.3756105,
  "weight_decay": 0.0029514503468002465
}