{
  "batch_size": 39,
  "beta_1": 0.6626977504127848,
  "beta_2": 0.5350116185664285,
  "block_size": 150,
  "dropout": 0.140734228134496,
  "epsilon": 2.690566e-10,
  "lr": 0.0002380224966385,
  "n_embd": 52,
  "n_head": 5,
  "n_layer": 4,
  "seed": 439196633.13735133,
  "weight_decay": 2.7993998688e-06
}