{
  "batch_size": 89,
  "beta_1": 0.1877112625985848,
  "beta_2": 0.6804253555451999,
  "block_size": 137,
  "dropout": 0.1309677920566027,
  "epsilon": 7.21928387184e-05,
  "lr": 0.0041270271864034,
  "n_embd": 18,
  "n_head": 3,
  "n_layer": 2,
  "seed": 1301601880.6853352,
  "weight_decay": 5.717358939e-07
}