{
  "batch_size": 23,
  "beta_1": 0.11490415807240212,
  "beta_2": 0.1756169542658944,
  "block_size": 247,
  "dropout": 0.3340570191859885,
  "epsilon": 6.382479813303118e-07,
  "lr": 0.0005948969299941235,
  "n_embd": 41,
  "n_head": 6,
  "n_layer": 2,
  "seed": 8691287,
  "weight_decay": 5.128206281096249e-08
}