{
  "batch_size": 90.7075283115846,
  "beta_1": 0.6156030308761713,
  "beta_2": 0.3971402771590825,
  "block_size": 278.35924050085123,
  "dropout": 0.1474929235243129,
  "epsilon": 0.0004247971240741889,
  "lr": 0.019330799054608556,
  "n_embd": 28.782206728059155,
  "n_head": 6.245972907653943,
  "n_layer": 3.3192110037530216,
  "seed": 1856407035.6877255,
  "weight_decay": 0.008056452661356666
}