{
  "batch_size": 68.38545358924205,
  "beta_1": 0.8664937169900216,
  "beta_2": 0.5754525584255332,
  "block_size": 218.8676449065948,
  "dropout": 0.4122860020014789,
  "epsilon": 0.0007373616608327445,
  "lr": 0.07753864411597991,
  "n_embd": 13.926347880079579,
  "n_head": 3.857497519890288,
  "n_layer": 2.5167605053156397,
  "seed": 702324505.279673,
  "weight_decay": 0.008792518677399686
}