{
  "batch_size": 69,
  "beta_1": 0.6525041486283439,
  "beta_2": 0.6176204410620032,
  "block_size": 121,
  "dropout": 0.10217241952884515,
  "epsilon": 1.9087010556121656e-05,
  "lr": 0.00011049376758609871,
  "n_embd": 50,
  "n_head": 5,
  "n_layer": 3,
  "seed": 1471778600,
  "weight_decay": 8.58404565632624e-06
}