{
  "batch_size": 55,
  "beta_1": 0.4089330801637947,
  "beta_2": 0.7768131226194972,
  "block_size": 351,
  "dropout": 0.27169621607380245,
  "epsilon": 3.5524872906446386e-10,
  "lr": 0.02065646073315847,
  "n_embd": 6,
  "n_head": 1,
  "n_layer": 1,
  "seed": 117135763,
  "weight_decay": 0.00028590157106446283
}