{
  "batch_size": 23,
  "beta_1": 0.7672289367299233,
  "beta_2": 0.8636545126465979,
  "block_size": 175,
  "dropout": 0.3586294567835888,
  "epsilon": 9.167157183339615e-10,
  "lr": 0.03871958058292767,
  "n_embd": 40,
  "n_head": 5,
  "n_layer": 6,
  "seed": 103258471,
  "weight_decay": 3.561054098826567e-05
}