{
  "batch_size": 30.85028280492918,
  "beta_1": 0.5648680009810274,
  "beta_2": 0.5902891360350253,
  "block_size": 104.07449570816735,
  "dropout": 0.28856791116316716,
  "epsilon": 0.0009622042987978399,
  "lr": 0.09421800182648088,
  "n_embd": 43.595356904780346,
  "n_head": 6.752297638779422,
  "n_layer": 6.036756704483182,
  "seed": 1429788867.384021,
  "weight_decay": 0.0011207330695759494
}