{
  "batch_size": 60,
  "beta_1": 0.7099748243273175,
  "beta_2": 0.3094859809212045,
  "block_size": 116,
  "dropout": 0.4062968329699476,
  "epsilon": 1.980847358e-07,
  "lr": 0.0040496588771557,
  "n_embd": 2,
  "n_head": 4,
  "n_layer": 3,
  "seed": 1027087428.4484937,
  "weight_decay": 1.31258244027e-05
}