{
  "batch_size": 48.83170677480149,
  "beta_1": 0.5192713479712497,
  "beta_2": 0.47274577849807775,
  "block_size": 237.015416458042,
  "dropout": 0.46063063109770896,
  "epsilon": 0.0005941508225735076,
  "lr": 0.0955223615334342,
  "n_embd": 40.9392744014735,
  "n_head": 5.281446394467597,
  "n_layer": 2.6184034617714795,
  "seed": 1164948913.8428485,
  "weight_decay": 0.0056037291231769565
}