{
  "batch_size": 81,
  "beta_1": 0.7958112764783141,
  "beta_2": 0.5146160363025931,
  "block_size": 175,
  "dropout": 0.4073922558404924,
  "epsilon": 3.313159516890685e-05,
  "lr": 0.006220079192771372,
  "n_embd": 32,
  "n_head": 5,
  "n_layer": 5,
  "seed": 688291291,
  "weight_decay": 5.25879334404842e-06
}