{
  "batch_size": 62.80668657218215,
  "beta_1": 0.18275324757977693,
  "beta_2": 0.49316788095619346,
  "block_size": 65.80868341470608,
  "dropout": 0.3611686387559421,
  "epsilon": 0.00017412161264621196,
  "lr": 0.032315170342115375,
  "n_embd": 14.826054135283242,
  "n_head": 1.6621421856261756,
  "n_layer": 3.775415468916579,
  "seed": 624631929.2505121,
  "weight_decay": 0.009468897146954912
}