{
  "batch_size": 21.297732051204893,
  "beta_1": 0.27333592277357915,
  "beta_2": 0.1501752667894113,
  "block_size": 270.27932421718026,
  "dropout": 0.23612694188958616,
  "epsilon": 0.0006489801097387735,
  "lr": 0.006208579530674571,
  "n_embd": 7.755090580006992,
  "n_head": 5.812231007496621,
  "n_layer": 6.463710327230682,
  "seed": 2010320824.092488,
  "weight_decay": 0.00590352843265599
}