{
  "batch_size": 84.27019122225015,
  "beta_1": 0.6417928402622533,
  "beta_2": 0.32909739567222734,
  "block_size": 377.9926910150001,
  "dropout": 0.45540253139389597,
  "epsilon": 0.0008550182683375243,
  "lr": 0.05097638331921352,
  "n_embd": 39.458679052540916,
  "n_head": 3.642744866575907,
  "n_layer": 2.519247432061986,
  "seed": 709096353.9435828,
  "weight_decay": 0.009291063609411147
}