{
  "batch_size": 77.00391837909183,
  "beta_1": 0.6379500762920018,
  "beta_2": 0.7837077882936989,
  "block_size": 221.24082138016394,
  "dropout": 0.17451839987652623,
  "epsilon": 0.00039896531088644006,
  "lr": 0.09913982119248328,
  "n_embd": 45.4831396568789,
  "n_head": 6.858567284979451,
  "n_layer": 2.1733018846105407,
  "seed": 1136583276.0099792,
  "weight_decay": 0.00577269496928014
}