{
  "batch_size": 85.33100681180721,
  "beta_1": 0.39342197878035634,
  "beta_2": 0.14966521462265903,
  "block_size": 108.47562839547547,
  "dropout": 0.20259083892840604,
  "epsilon": 0.00016115671236343755,
  "lr": 0.03137721008171785,
  "n_embd": 22.532694784187107,
  "n_head": 6.753579664950256,
  "n_layer": 5.993458187946403,
  "seed": 1766329253.4490461,
  "weight_decay": 0.0040789495461071084
}