{
  "batch_size": 59,
  "beta_1": 0.944016177196736,
  "beta_2": 0.8914134534859842,
  "block_size": 281,
  "dropout": 0.4855346376854611,
  "epsilon": 5.39253772016e-05,
  "lr": 0.0008540973954807,
  "n_embd": 50,
  "n_head": 4,
  "n_layer": 5,
  "seed": 468034399.9304008,
  "weight_decay": 0.0008743633610296
}