{
  "batch_size": 69,
  "beta_1": 0.5926897586596556,
  "beta_2": 0.11610453595148217,
  "block_size": 89,
  "dropout": 0.12825980586371913,
  "epsilon": 0.00011562640187451027,
  "lr": 7.408653373252674e-05,
  "n_embd": 20,
  "n_head": 4,
  "n_layer": 6,
  "seed": 30871969,
  "weight_decay": 1.1290799121270459e-07
}