{
  "batch_size": 51.36290474103106,
  "beta_1": 0.8961730635998655,
  "beta_2": 0.4692962260728014,
  "block_size": 152.67151288036513,
  "dropout": 0.15077806199670474,
  "epsilon": 0.0006696334190453558,
  "lr": 0.016886208983172463,
  "n_embd": 23.386403089899304,
  "n_head": 4.805864704151448,
  "n_layer": 6.786496950372339,
  "seed": 1419558088.0099177,
  "weight_decay": 0.0007269964476609792
}