{
  "batch_size": 56.49477178318052,
  "beta_1": 0.5715198476935459,
  "beta_2": 0.8746896328602295,
  "block_size": 222.49150854208114,
  "dropout": 0.4025019546014338,
  "epsilon": 0.0009473563390950637,
  "lr": 0.06439067551862178,
  "n_embd": 18.7906136587583,
  "n_head": 4.3426254354571805,
  "n_layer": 1.6854609448729758,
  "seed": 472392417.29198444,
  "weight_decay": 0.006756155119815507
}