{
  "batch_size": 80,
  "beta_1": 0.5735423288093942,
  "beta_2": 0.5070589100987722,
  "block_size": 274,
  "dropout": 0.2715273481074208,
  "epsilon": 6.4023407e-09,
  "lr": 0.0011046137649186,
  "n_embd": 49,
  "n_head": 3,
  "n_layer": 5,
  "seed": 1796138823.1872535,
  "weight_decay": 1.77016409e-08
}