{
  "batch_size": 22,
  "beta_1": 0.5447613301133326,
  "beta_2": 0.4106484651869924,
  "block_size": 328,
  "dropout": 0.23265840625234793,
  "epsilon": 1.3197935430661525e-08,
  "lr": 1.6493225329188508e-05,
  "n_embd": 14,
  "n_head": 6,
  "n_layer": 1,
  "seed": 330966587,
  "weight_decay": 1.0718774853639088e-05
}