{
  "batch_size": 32.785705252531145,
  "beta_1": 0.3778686672133804,
  "beta_2": 0.9209034656378049,
  "block_size": 371.48790780308696,
  "dropout": 0.4074251875806004,
  "epsilon": 0.00038681633423010063,
  "lr": 0.0460414669820264,
  "n_embd": 37.17230292972324,
  "n_head": 1.362219731497317,
  "n_layer": 3.276787037541341,
  "seed": 790808986.1523547,
  "weight_decay": 0.009175520787157167
}