{
  "batch_size": 91.22598724396178,
  "beta_1": 0.49468622100911075,
  "beta_2": 0.2582444752734492,
  "block_size": 309.76343047545777,
  "dropout": 0.14397352363144195,
  "epsilon": 0.0007851665525075218,
  "lr": 0.05834172331345087,
  "n_embd": 47.96094250026546,
  "n_head": 5.724700454695652,
  "n_layer": 4.615184208588299,
  "seed": 1054641400.0056497,
  "weight_decay": 0.003849288028125565
}