{
  "batch_size": 75.33165000217079,
  "beta_1": 0.6644325351418547,
  "beta_2": 0.8425764994042497,
  "block_size": 129.12707709292488,
  "dropout": 0.18872364362473718,
  "epsilon": 0.00023717883438085165,
  "lr": 0.06454732740742579,
  "n_embd": 4.568009160658527,
  "n_head": 4.7318896117479134,
  "n_layer": 1.5994212529754348,
  "seed": 473242224.07657,
  "weight_decay": 0.00029390088866231923
}