{
  "batch_size": 26.342662291860385,
  "beta_1": 0.6210479856027448,
  "beta_2": 0.6057875248362506,
  "block_size": 182.34131418745437,
  "dropout": 0.16181210848056962,
  "epsilon": 0.0008739756280379857,
  "lr": 0.09005419545863688,
  "n_embd": 4.571919649665987,
  "n_head": 3.1525450960860404,
  "n_layer": 5.054462468522232,
  "seed": 1802159867.2516272,
  "weight_decay": 0.0024169890885661328
}