{
  "batch_size": 52.038600042395444,
  "beta_1": 0.6008038811963612,
  "beta_2": 0.9161201212248922,
  "block_size": 225.1199063364313,
  "dropout": 0.27198211795784044,
  "epsilon": 0.00033708667554007885,
  "lr": 0.05689208692688731,
  "n_embd": 22.667756446034353,
  "n_head": 6.755486357437841,
  "n_layer": 1.5565473737918964,
  "seed": 1856381101.0927622,
  "weight_decay": 0.002196438091017643
}