{
  "batch_size": 81,
  "beta_1": 0.1632938090617912,
  "beta_2": 0.43966445186757785,
  "block_size": 334,
  "dropout": 0.2882840349828998,
  "epsilon": 3.304297806621034e-10,
  "lr": 0.00039560557113994306,
  "n_embd": 46,
  "n_head": 2,
  "n_layer": 4,
  "seed": 948826412,
  "weight_decay": 5.670670403228294e-07
}