{
  "batch_size": 67,
  "beta_1": 0.2591934327035148,
  "beta_2": 0.5549025390370217,
  "block_size": 93,
  "dropout": 0.35143716059242247,
  "epsilon": 1.44684804372551e-10,
  "lr": 0.09748176633392644,
  "n_embd": 26,
  "n_head": 2,
  "n_layer": 4,
  "seed": 248355248,
  "weight_decay": 2.9522847143117977e-05
}