{
  "batch_size": 83,
  "beta_1": 0.1748465385982302,
  "beta_2": 0.9616018992831838,
  "block_size": 104,
  "dropout": 0.3541562541095234,
  "epsilon": 6.569939396e-07,
  "lr": 0.0030994149344324,
  "n_embd": 46,
  "n_head": 6,
  "n_layer": 4,
  "seed": 588195906.3620982,
  "weight_decay": 1.77349163681e-05
}