{
  "batch_size": 32.678785126339776,
  "beta_1": 0.23097115405322044,
  "beta_2": 0.474845100612156,
  "block_size": 295.9672725150624,
  "dropout": 0.4285373654802177,
  "epsilon": 0.0007413596022383351,
  "lr": 0.0829496317769454,
  "n_embd": 16.198354816109045,
  "n_head": 6.504670418229635,
  "n_layer": 1.6692353191988658,
  "seed": 2116853610.2353964,
  "weight_decay": 0.009125261688004508
}