{
  "batch_size": 21,
  "beta_1": 0.896450181613421,
  "beta_2": 0.7957294939786455,
  "block_size": 133,
  "dropout": 0.17132721445878507,
  "epsilon": 4.0020742041955566e-07,
  "lr": 0.00027160532246723137,
  "n_embd": 27,
  "n_head": 4,
  "n_layer": 3,
  "seed": 46736697,
  "weight_decay": 4.71580019912114e-06
}