{
  "batch_size": 55.290264413368526,
  "beta_1": 0.4313432716353134,
  "beta_2": 0.8164096177328802,
  "block_size": 251.56664307080297,
  "dropout": 0.3905828693146399,
  "epsilon": 0.0006805907743349559,
  "lr": 0.02237895294743034,
  "n_embd": 47.97498338463593,
  "n_head": 6.565983862012113,
  "n_layer": 1.8722015774649632,
  "seed": 1914776060.894767,
  "weight_decay": 0.0024540307538432437
}