{
  "batch_size": 91.98377729155195,
  "beta_1": 0.1979181523731404,
  "beta_2": 0.7476128345252101,
  "block_size": 377.6198301807294,
  "dropout": 0.17650720543816073,
  "epsilon": 0.00038977013904568285,
  "lr": 0.02036220002581876,
  "n_embd": 18.72863601191456,
  "n_head": 6.120687320541698,
  "n_layer": 4.140893199234404,
  "seed": 746498909.2932433,
  "weight_decay": 0.009092403487463908
}