{
  "batch_size": 24.451618396350497,
  "beta_1": 0.7672054058289977,
  "beta_2": 0.11280737900889154,
  "block_size": 98.10422251403732,
  "dropout": 0.43579141560070067,
  "epsilon": 0.0007311050214055098,
  "lr": 0.05022568746584688,
  "n_embd": 32.62915032189352,
  "n_head": 6.76659939145358,
  "n_layer": 2.0426063159760774,
  "seed": 1084922901.8383622,
  "weight_decay": 0.0024922416442418917
}