{
  "batch_size": 52,
  "beta_1": 0.4425105984332095,
  "beta_2": 0.2277280491183048,
  "block_size": 68,
  "dropout": 0.4449775605544804,
  "epsilon": 1.0777468204e-06,
  "lr": 0.0036551504313226,
  "n_embd": 10,
  "n_head": 5,
  "n_layer": 6,
  "seed": 1463202925.223557,
  "weight_decay": 5.806454464e-07
}