{
  "batch_size": 92.35441178665523,
  "beta_1": 0.5149298970094346,
  "beta_2": 0.20307929682744325,
  "block_size": 109.83686377246161,
  "dropout": 0.19527603478874986,
  "epsilon": 0.0003393521389153494,
  "lr": 0.033931880164645704,
  "n_embd": 43.562857581494036,
  "n_head": 1.3265994748987011,
  "n_layer": 4.460618138526433,
  "seed": 1260765029.390812,
  "weight_decay": 0.005443545942176941
}