{
  "batch_size": 61,
  "beta_1": 0.5125006602579347,
  "beta_2": 0.9784730995224306,
  "block_size": 159,
  "dropout": 0.2829588340273297,
  "epsilon": 0.0003961849354788,
  "lr": 0.0059451544972933,
  "n_embd": 17,
  "n_head": 4,
  "n_layer": 6,
  "seed": 580465171.436515,
  "weight_decay": 0.0009005030953383
}