{
  "batch_size": 47,
  "beta_1": 0.4685383340137609,
  "beta_2": 0.5478852474477567,
  "block_size": 268,
  "dropout": 0.4208215926490308,
  "epsilon": 1.08474861e-08,
  "lr": 0.0926762643657575,
  "n_embd": 24,
  "n_head": 6,
  "n_layer": 2,
  "seed": 2090369691.0589452,
  "weight_decay": 3.676602597e-07
}