{
  "batch_size": 68.26243212130566,
  "beta_1": 0.5737099291650919,
  "beta_2": 0.3853027949091383,
  "block_size": 187.15621618212188,
  "dropout": 0.14121573035447588,
  "epsilon": 0.0005298403913134668,
  "lr": 0.060465111570564334,
  "n_embd": 43.73421374976502,
  "n_head": 3.175773817273497,
  "n_layer": 6.9157342539504825,
  "seed": 184790258.3103782,
  "weight_decay": 0.008747916191711093
}