{
  "batch_size": 38,
  "beta_1": 0.4365952168851402,
  "beta_2": 0.9161551016383314,
  "block_size": 202,
  "dropout": 0.1805789397010316,
  "epsilon": 4.56441430094e-05,
  "lr": 0.0041388482035685,
  "n_embd": 47,
  "n_head": 2,
  "n_layer": 1,
  "seed": 24250587.41679277,
  "weight_decay": 0.0001395189455962
}