{
  "batch_size": 26,
  "beta_1": 0.1071264179442277,
  "beta_2": 0.38529198876791,
  "block_size": 326,
  "dropout": 0.1227935278227865,
  "epsilon": 6.593158e-10,
  "lr": 0.0005234168499082,
  "n_embd": 17,
  "n_head": 4,
  "n_layer": 4,
  "seed": 1903838195.9192402,
  "weight_decay": 4.6397915592e-06
}