{
  "batch_size": 30.61138439493144,
  "beta_1": 0.6810687406541157,
  "beta_2": 0.2627038117651097,
  "block_size": 198.11979666385437,
  "dropout": 0.47686326011140545,
  "epsilon": 0.00046899476285826606,
  "lr": 0.06132559896527295,
  "n_embd": 27.114388268830755,
  "n_head": 1.813077487896039,
  "n_layer": 5.130819301412578,
  "seed": 1640463129.665269,
  "weight_decay": 0.007406350223729495
}