{
  "batch_size": 75,
  "beta_1": 0.11293996859277342,
  "beta_2": 0.3291839756175532,
  "block_size": 351,
  "dropout": 0.12488198674669126,
  "epsilon": 8.468324306825326e-05,
  "lr": 0.0026900487128220783,
  "n_embd": 50,
  "n_head": 2,
  "n_layer": 4,
  "seed": 1446119642,
  "weight_decay": 0.0004139787024550021
}