{
  "batch_size": 73,
  "beta_1": 0.6564246853931641,
  "beta_2": 0.2868313132292005,
  "block_size": 173,
  "dropout": 0.21393784365195817,
  "epsilon": 8.772665917036233e-07,
  "lr": 2.6422950987197528e-05,
  "n_embd": 14,
  "n_head": 3,
  "n_layer": 6,
  "seed": 332483263,
  "weight_decay": 4.353611080214507e-05
}