{
  "batch_size": 42.326144464555234,
  "beta_1": 0.7203971428226806,
  "beta_2": 0.9829367454522999,
  "block_size": 136.37520305443167,
  "dropout": 0.3990612648430215,
  "epsilon": 0.0005382179741283592,
  "lr": 0.01576672893302979,
  "n_embd": 19.388122451891945,
  "n_head": 6.129728104258355,
  "n_layer": 5.996821230102371,
  "seed": 2054158527.3212802,
  "weight_decay": 0.008858123714953212
}