{
  "batch_size": 24.285456928489474,
  "beta_1": 0.8351410471031571,
  "beta_2": 0.5968855508427128,
  "block_size": 297.3340878597269,
  "dropout": 0.4441283802104403,
  "epsilon": 0.0001961188118389359,
  "lr": 0.03955593217629065,
  "n_embd": 22.46223738057816,
  "n_head": 3.920503056613212,
  "n_layer": 6.018840002274667,
  "seed": 1307434232.7281258,
  "weight_decay": 0.007989302787510286
}