{
  "batch_size": 74,
  "beta_1": 0.4866863379327063,
  "beta_2": 0.2025415461299408,
  "block_size": 151,
  "dropout": 0.3249552763297363,
  "epsilon": 4.56422526845e-05,
  "lr": 5.8747930094e-06,
  "n_embd": 38,
  "n_head": 1,
  "n_layer": 5,
  "seed": 6871673.911513033,
  "weight_decay": 1.76250728991e-05
}