{
  "batch_size": 66,
  "beta_1": 0.6673043491726268,
  "beta_2": 0.9662840112493833,
  "block_size": 152,
  "dropout": 0.14624390289250697,
  "epsilon": 3.17958317733322e-10,
  "lr": 0.00014641171389037853,
  "n_embd": 34,
  "n_head": 5,
  "n_layer": 6,
  "seed": 999858172,
  "weight_decay": 0.0063409174795728655
}