{
  "batch_size": 83.57118838707949,
  "beta_1": 0.4573874649884182,
  "beta_2": 0.3156589946688977,
  "block_size": 115.71164784678696,
  "dropout": 0.28510798098824275,
  "epsilon": 0.0009275779896483461,
  "lr": 0.032450852299261965,
  "n_embd": 23.570527078104814,
  "n_head": 4.096648381334293,
  "n_layer": 1.5735445702271256,
  "seed": 1054639749.0246481,
  "weight_decay": 0.006057558497140718
}