{
  "batch_size": 83,
  "beta_1": 0.7341542273321717,
  "beta_2": 0.7577092079423879,
  "block_size": 130,
  "dropout": 0.3350245024696778,
  "epsilon": 1.00515138445e-05,
  "lr": 0.0001715141873893,
  "n_embd": 19,
  "n_head": 2,
  "n_layer": 5,
  "seed": 590933855.8150486,
  "weight_decay": 0.0015100024139209
}