{
  "batch_size": 26,
  "beta_1": 0.400414389656999,
  "beta_2": 0.1046614904085144,
  "block_size": 118,
  "dropout": 0.2484689910725689,
  "epsilon": 0.0003348207537145,
  "lr": 0.0001491210990462,
  "n_embd": 30,
  "n_head": 3,
  "n_layer": 5,
  "seed": 1701409731.3106198,
  "weight_decay": 1.03129844e-08
}