{
  "batch_size": 80,
  "beta_1": 0.11192344080050687,
  "beta_2": 0.6319198892399625,
  "block_size": 229,
  "dropout": 0.3705664053584261,
  "epsilon": 0.00011809249211650475,
  "lr": 0.0007264967273029383,
  "n_embd": 37,
  "n_head": 5,
  "n_layer": 5,
  "seed": 1159504132,
  "weight_decay": 1.4412310468412734e-08
}