{
  "batch_size": 24,
  "beta_1": 0.13904606341206682,
  "beta_2": 0.21718749648177307,
  "block_size": 250,
  "dropout": 0.1144539242297174,
  "epsilon": 4.40958264783116e-08,
  "lr": 0.00020561001461116276,
  "n_embd": 32,
  "n_head": 1,
  "n_layer": 6,
  "seed": 1011974013,
  "weight_decay": 1.3529708197378275e-06
}