{
  "batch_size": 25.884867239323896,
  "beta_1": 0.8968143262192614,
  "beta_2": 0.8188568710502433,
  "block_size": 240.03234583638576,
  "dropout": 0.1434914337198083,
  "epsilon": 2.046182344957721e-05,
  "lr": 0.03511572798285437,
  "n_embd": 15.195132716993868,
  "n_head": 1.9210900042880397,
  "n_layer": 4.089094369108914,
  "seed": 1291912391.5648468,
  "weight_decay": 0.006267824160368934
}