{
  "batch_size": 96,
  "beta_1": 0.5989081310487802,
  "beta_2": 0.4673389321427933,
  "block_size": 379,
  "dropout": 0.1570648678016142,
  "epsilon": 2.7891392e-09,
  "lr": 0.001867365546278,
  "n_embd": 5,
  "n_head": 5,
  "n_layer": 2,
  "seed": 983721242.2683612,
  "weight_decay": 9.9809557482e-05
}