{
  "batch_size": 28.99614991306558,
  "beta_1": 0.6894163472345388,
  "beta_2": 0.7485393060302229,
  "block_size": 138.88457789173822,
  "dropout": 0.26372472549813764,
  "epsilon": 0.0006319710754628916,
  "lr": 0.03781716270439386,
  "n_embd": 21.21382932758245,
  "n_head": 3.591667071194428,
  "n_layer": 6.945069699265812,
  "seed": 1053402044.669899,
  "weight_decay": 0.0026278567304559215
}