{
  "batch_size": 16.493855790266604,
  "beta_1": 0.2215408667344197,
  "beta_2": 0.6464491198742035,
  "block_size": 142.9100575520875,
  "dropout": 0.17370116046457768,
  "epsilon": 4.192036973697826e-05,
  "lr": 0.030418659947545845,
  "n_embd": 12.533065372826625,
  "n_head": 6.770565646848718,
  "n_layer": 4.454092832627115,
  "seed": 571153111.9378914,
  "weight_decay": 0.0014042618543357002
}