{
  "batch_size": 19,
  "beta_1": 0.1569123130932164,
  "beta_2": 0.4698883950636841,
  "block_size": 181,
  "dropout": 0.31551006067792,
  "epsilon": 2.483483e-10,
  "lr": 0.0006215121035125,
  "n_embd": 13,
  "n_head": 3,
  "n_layer": 4,
  "seed": 1862199051.5387015,
  "weight_decay": 0.0002105437245229
}