{
  "batch_size": 75,
  "beta_1": 0.4670269472966654,
  "beta_2": 0.8834797379948195,
  "block_size": 383,
  "dropout": 0.27163715071423733,
  "epsilon": 1.5502388639466909e-06,
  "lr": 0.00021894616352200225,
  "n_embd": 9,
  "n_head": 3,
  "n_layer": 6,
  "seed": 597513316,
  "weight_decay": 0.0014283568910309248
}