{
  "batch_size": 54,
  "beta_1": 0.7190094152690317,
  "beta_2": 0.611766910148731,
  "block_size": 193,
  "dropout": 0.4750687066719501,
  "epsilon": 6.136666278051398e-08,
  "lr": 1.1500782666884e-06,
  "n_embd": 30,
  "n_head": 3,
  "n_layer": 1,
  "seed": 522401007,
  "weight_decay": 0.0008806296439507225
}