{
  "batch_size": 47,
  "beta_1": 0.9628937830590528,
  "beta_2": 0.8486115138434721,
  "block_size": 355,
  "dropout": 0.194924470001402,
  "epsilon": 2.047632e-10,
  "lr": 0.0015633253112996,
  "n_embd": 6,
  "n_head": 2,
  "n_layer": 3,
  "seed": 2124407739.3720818,
  "weight_decay": 1.775629717e-06
}