{
  "batch_size": 36.27271601671643,
  "beta_1": 0.6926792459299053,
  "beta_2": 0.3564108329577892,
  "block_size": 96.17513344801843,
  "dropout": 0.20322271182223936,
  "epsilon": 0.0006759680795654015,
  "lr": 0.0024073923946252075,
  "n_embd": 35.91822502265138,
  "n_head": 1.9020930991496363,
  "n_layer": 5.431608168974224,
  "seed": 1798438356.413575,
  "weight_decay": 0.0045413027698541775
}