{
  "batch_size": 37,
  "beta_1": 0.21087153884880094,
  "beta_2": 0.9347818255404899,
  "block_size": 326,
  "dropout": 0.14276805633480594,
  "epsilon": 0.00016595346398534753,
  "lr": 3.471792767781991e-05,
  "n_embd": 4,
  "n_head": 6,
  "n_layer": 2,
  "seed": 2137131827,
  "weight_decay": 3.5227761861069976e-07
}