{
  "batch_size": 95,
  "beta_1": 0.9259816117237722,
  "beta_2": 0.8898992750029144,
  "block_size": 101,
  "dropout": 0.2036237216220704,
  "epsilon": 3.34458582e-07,
  "lr": 0.0063099370232764,
  "n_embd": 25,
  "n_head": 3,
  "n_layer": 2,
  "seed": 140597210.19824496,
  "weight_decay": 8.61950319102e-05
}