{
  "batch_size": 28.843711579711346,
  "beta_1": 0.31770397447827053,
  "beta_2": 0.5496271336366043,
  "block_size": 359.5708379539592,
  "dropout": 0.35246760466191585,
  "epsilon": 0.0003945233116821556,
  "lr": 0.023978396348972784,
  "n_embd": 9.077197452502897,
  "n_head": 3.336188547065285,
  "n_layer": 3.1390342920946273,
  "seed": 416037911.35364556,
  "weight_decay": 0.0011991256211460585
}