{
  "batch_size": 37,
  "beta_1": 0.8119227829212711,
  "beta_2": 0.20130618130916178,
  "block_size": 308,
  "dropout": 0.2347663757131805,
  "epsilon": 0.0009047794309655194,
  "lr": 7.602338239444785e-05,
  "n_embd": 34,
  "n_head": 6,
  "n_layer": 6,
  "seed": 383685559,
  "weight_decay": 5.636649429019914e-06
}