{
  "batch_size": 49.03963148622569,
  "beta_1": 0.8504477176341746,
  "beta_2": 0.8095766831600836,
  "block_size": 137.65546327221583,
  "dropout": 0.47614585144681476,
  "epsilon": 0.00024734488612298194,
  "lr": 0.04520620129586731,
  "n_embd": 53.99225509379085,
  "n_head": 5.5264988789069704,
  "n_layer": 4.2630148353223,
  "seed": 753421625.6225895,
  "weight_decay": 0.006770851588083415
}