{
  "batch_size": 80,
  "beta_1": 0.7960019764186304,
  "beta_2": 0.13191277816196761,
  "block_size": 176,
  "dropout": 0.3087395161746217,
  "epsilon": 7.623981729328883e-09,
  "lr": 6.3378852131338206e-06,
  "n_embd": 33,
  "n_head": 3,
  "n_layer": 1,
  "seed": 2019940120,
  "weight_decay": 0.0033948611366020265
}