{
  "batch_size": 73,
  "beta_1": 0.39009320754947685,
  "beta_2": 0.697662160097421,
  "block_size": 219,
  "dropout": 0.1859826073071039,
  "epsilon": 6.668781662078694e-10,
  "lr": 0.007384706208773146,
  "n_embd": 21,
  "n_head": 5,
  "n_layer": 5,
  "seed": 384335604,
  "weight_decay": 0.004035758515787726
}