{
  "batch_size": 48.3652398247814,
  "beta_1": 0.5288603981985719,
  "beta_2": 0.7820786333040982,
  "block_size": 258.4363428582723,
  "dropout": 0.2873738566905824,
  "epsilon": 7.926051169325666e-05,
  "lr": 0.08312135186708723,
  "n_embd": 9.40553590270511,
  "n_head": 3.5524839010162825,
  "n_layer": 1.0588195169352042,
  "seed": 1316335650.8545969,
  "weight_decay": 0.003965668561220607
}