{
  "batch_size": 17.476261598832142,
  "beta_1": 0.4526429955364535,
  "beta_2": 0.3680572600207048,
  "block_size": 72.4886905092619,
  "dropout": 0.34430929257995646,
  "epsilon": 0.0009486557058308679,
  "lr": 0.08294804383770829,
  "n_embd": 8.893744784716388,
  "n_head": 3.810602821600244,
  "n_layer": 3.6008590146095028,
  "seed": 702291242.8064324,
  "weight_decay": 9.272816592708147e-05
}