{
  "batch_size": 87,
  "beta_1": 0.311957038775097,
  "beta_2": 0.8647260927492678,
  "block_size": 348,
  "dropout": 0.4704152171677789,
  "epsilon": 8.18344437753e-05,
  "lr": 0.000475873718235,
  "n_embd": 41,
  "n_head": 5,
  "n_layer": 3,
  "seed": 172868700.05412504,
  "weight_decay": 1.05188177136e-05
}