{
  "batch_size": 92.93314953134052,
  "beta_1": 0.4563534282191445,
  "beta_2": 0.6996328908595236,
  "block_size": 263.70440530344774,
  "dropout": 0.222208112288885,
  "epsilon": 3.763464537771091e-05,
  "lr": 0.024287566054528174,
  "n_embd": 6.427565746374032,
  "n_head": 1.9616657316204344,
  "n_layer": 2.912967567933139,
  "seed": 1464266183.0288434,
  "weight_decay": 0.009385107961004672
}