{
  "batch_size": 84.08372227635884,
  "beta_1": 0.10312475642321384,
  "beta_2": 0.8784834550943759,
  "block_size": 351.12038141841174,
  "dropout": 0.2448688554609431,
  "epsilon": 0.00016948345475795585,
  "lr": 0.02204151199242559,
  "n_embd": 47.43559519621112,
  "n_head": 5.33187121613006,
  "n_layer": 3.936089156089637,
  "seed": 1886073724.548932,
  "weight_decay": 0.009446835485777072
}