{
  "batch_size": 89.40115679516268,
  "beta_1": 0.32784339728443535,
  "beta_2": 0.10739892556760484,
  "block_size": 375.2960259166235,
  "dropout": 0.34947163827071936,
  "epsilon": 0.00016746426754800413,
  "lr": 0.007000710486328537,
  "n_embd": 21.762719627811126,
  "n_head": 3.0798999744087734,
  "n_layer": 2.150929289118593,
  "seed": 980179597.0384015,
  "weight_decay": 0.008256941312762434
}