{
  "batch_size": 87.67400196191612,
  "beta_1": 0.12430345869820726,
  "beta_2": 0.8602039998651785,
  "block_size": 193.8637855951985,
  "dropout": 0.15318681083919575,
  "epsilon": 0.0004659278145399046,
  "lr": 0.06105527224418555,
  "n_embd": 48.197018102973644,
  "n_head": 1.5899380638102056,
  "n_layer": 1.0429594122888177,
  "seed": 1255266471.5274112,
  "weight_decay": 0.00847528348388792
}