{
  "batch_size": 54,
  "beta_1": 0.1488604223106567,
  "beta_2": 0.2129253352174023,
  "block_size": 298,
  "dropout": 0.1226308551350058,
  "epsilon": 2.7477519e-09,
  "lr": 0.0018427486525551,
  "n_embd": 48,
  "n_head": 4,
  "n_layer": 3,
  "seed": 2129780902.2492003,
  "weight_decay": 3.33428178e-08
}