{
  "batch_size": 48.34181306776861,
  "beta_1": 0.6738642319375794,
  "beta_2": 0.6437384357548722,
  "block_size": 286.07132693699486,
  "dropout": 0.11372343678075741,
  "epsilon": 0.000707027418284158,
  "lr": 0.02183490503472852,
  "n_embd": 36.645237568731574,
  "n_head": 3.4035490155812145,
  "n_layer": 1.7614711593024672,
  "seed": 955547502.9857458,
  "weight_decay": 0.009789298873887214
}