{
  "batch_size": 33.61307393568314,
  "beta_1": 0.8391457386963053,
  "beta_2": 0.6822044509631523,
  "block_size": 383.094028299655,
  "dropout": 0.3572179802579748,
  "epsilon": 0.0006819980485355737,
  "lr": 0.02104484701904591,
  "n_embd": 27.844037750111504,
  "n_head": 2.582426087020538,
  "n_layer": 6.470376182556553,
  "seed": 1856402016.1216555,
  "weight_decay": 0.0041320638491653535
}