{
  "batch_size": 87.33557833884736,
  "beta_1": 0.4584645311801342,
  "beta_2": 0.9257927384428849,
  "block_size": 219.75068704168766,
  "dropout": 0.3951206862197655,
  "epsilon": 0.0009180991450408006,
  "lr": 0.0445921049186349,
  "n_embd": 49.314117526468905,
  "n_head": 4.885911077115054,
  "n_layer": 6.818799466652204,
  "seed": 312875167.00621265,
  "weight_decay": 0.0012300722921408176
}