{
  "batch_size": 77,
  "beta_1": 0.5728203583536782,
  "beta_2": 0.7346161107076115,
  "block_size": 306,
  "dropout": 0.1630310820418781,
  "epsilon": 1.2297435552e-06,
  "lr": 0.001009522628548,
  "n_embd": 49,
  "n_head": 2,
  "n_layer": 6,
  "seed": 1303452251.1291046,
  "weight_decay": 3.52042531e-07
}