{
  "batch_size": 83.9012024360217,
  "beta_1": 0.21841087592860875,
  "beta_2": 0.14433877850316437,
  "block_size": 254.29426743123446,
  "dropout": 0.13111259533903105,
  "epsilon": 0.0008085366424865004,
  "lr": 0.05661525679398578,
  "n_embd": 48.627734401385396,
  "n_head": 3.843457985960324,
  "n_layer": 5.4408574808233094,
  "seed": 1078084390.4062142,
  "weight_decay": 0.007343347378833528
}