{
  "batch_size": 50.59555606293792,
  "beta_1": 0.3471919672570961,
  "beta_2": 0.7771045081630649,
  "block_size": 131.8584231647278,
  "dropout": 0.3254970849762272,
  "epsilon": 0.00022127406063246594,
  "lr": 0.040072911054541235,
  "n_embd": 51.26880228057925,
  "n_head": 4.7142802925109235,
  "n_layer": 6.179249425576628,
  "seed": 1609104693.7774744,
  "weight_decay": 0.0012416604856424645
}