{
  "batch_size": 91.87633344219029,
  "beta_1": 0.5309494373616078,
  "beta_2": 0.5138891827843868,
  "block_size": 87.95021320806482,
  "dropout": 0.3796776820865456,
  "epsilon": 0.00016362951744039968,
  "lr": 0.09345428626352989,
  "n_embd": 27.26016909018993,
  "n_head": 1.1602332133710842,
  "n_layer": 5.006708387567185,
  "seed": 1042259459.8823721,
  "weight_decay": 0.006230385079000296
}