{
  "batch_size": 71,
  "beta_1": 0.6734520691338476,
  "beta_2": 0.273748355052763,
  "block_size": 101,
  "dropout": 0.141246379453383,
  "epsilon": 3.55236662e-08,
  "lr": 0.000215891930806,
  "n_embd": 17,
  "n_head": 3,
  "n_layer": 3,
  "seed": 171583210.79791486,
  "weight_decay": 6.69320077736e-05
}