{
  "batch_size": 32.70106893624606,
  "beta_1": 0.5026463570599292,
  "beta_2": 0.1526079792786967,
  "block_size": 380.4819683406021,
  "dropout": 0.14984759724132535,
  "epsilon": 0.00034118533155012,
  "lr": 0.024317114846299205,
  "n_embd": 28.197510034539977,
  "n_head": 2.5028285969742505,
  "n_layer": 3.60792127017473,
  "seed": 604429956.6737467,
  "weight_decay": 0.006783963172111909
}