{
  "batch_size": 93.36024702136869,
  "beta_1": 0.9888977944473488,
  "beta_2": 0.9641191159840639,
  "block_size": 220.53605995854412,
  "dropout": 0.4675115836102298,
  "epsilon": 0.00032947002476718364,
  "lr": 0.017660205126443392,
  "n_embd": 39.93352389175508,
  "n_head": 3.7208706932729596,
  "n_layer": 5.102509113859988,
  "seed": 1172027055.1852934,
  "weight_decay": 0.0006018928057760473
}