{
  "batch_size": 53.93231206836007,
  "beta_1": 0.6358912632681472,
  "beta_2": 0.39436765713374144,
  "block_size": 70.85769406604525,
  "dropout": 0.4108139205375576,
  "epsilon": 8.562023440249329e-05,
  "lr": 0.06371528277593001,
  "n_embd": 47.91170759580685,
  "n_head": 3.7402751811085655,
  "n_layer": 3.1633574541463862,
  "seed": 1880833187.8416102,
  "weight_decay": 0.007705211294145381
}