{
  "batch_size": 84,
  "beta_1": 0.9268823378777356,
  "beta_2": 0.9489101442559784,
  "block_size": 109,
  "dropout": 0.1934407530022522,
  "epsilon": 7.630179239e-07,
  "lr": 0.0012962103317373,
  "n_embd": 27,
  "n_head": 4,
  "n_layer": 2,
  "seed": 562835767.8334011,
  "weight_decay": 1.54161087e-08
}