{
  "batch_size": 67.00884760837786,
  "beta_1": 0.45754417166637484,
  "beta_2": 0.5429413733849198,
  "block_size": 257.0758082110649,
  "dropout": 0.27729026962055914,
  "epsilon": 0.0003279962889438508,
  "lr": 0.017485875726710294,
  "n_embd": 50.13040558204961,
  "n_head": 1.2771056760405777,
  "n_layer": 1.3600509011989108,
  "seed": 1553322245.0095668,
  "weight_decay": 0.0003643059261080897
}