{
  "batch_size": 42,
  "beta_1": 0.1779542224980419,
  "beta_2": 0.1029752384641192,
  "block_size": 308,
  "dropout": 0.3801260569624138,
  "epsilon": 3.156705979e-06,
  "lr": 1.21419332979e-05,
  "n_embd": 38,
  "n_head": 3,
  "n_layer": 2,
  "seed": 1637533450.0768204,
  "weight_decay": 0.0002782847823388
}