{
  "batch_size": 52,
  "beta_1": 0.4446679639849714,
  "beta_2": 0.3658128415949498,
  "block_size": 309,
  "dropout": 0.3582385499484106,
  "epsilon": 0.0001612938328378,
  "lr": 0.0008586745363334,
  "n_embd": 9,
  "n_head": 6,
  "n_layer": 6,
  "seed": 1616752480.6991234,
  "weight_decay": 0.0082520246302841
}