{
  "batch_size": 76,
  "beta_1": 0.7017569918157576,
  "beta_2": 0.7453728736099008,
  "block_size": 200,
  "dropout": 0.3651224784596703,
  "epsilon": 4.767581587104988e-06,
  "lr": 0.000653858682419215,
  "n_embd": 27,
  "n_head": 5,
  "n_layer": 6,
  "seed": 658013567,
  "weight_decay": 6.816491295048616e-06
}