{
  "batch_size": 64,
  "beta_1": 0.9366330213365085,
  "beta_2": 0.8599598758616803,
  "block_size": 191,
  "dropout": 0.2620692120506837,
  "epsilon": 1.7701421254505633e-09,
  "lr": 0.0002966137141570917,
  "n_embd": 40,
  "n_head": 1,
  "n_layer": 6,
  "seed": 245331181,
  "weight_decay": 3.0037905970925644e-08
}