{
  "batch_size": 45,
  "beta_1": 0.7691119524925857,
  "beta_2": 0.24245846746964406,
  "block_size": 367,
  "dropout": 0.10473491361542853,
  "epsilon": 0.000351855029877245,
  "lr": 0.008364920703323215,
  "n_embd": 36,
  "n_head": 5,
  "n_layer": 3,
  "seed": 680510024,
  "weight_decay": 0.0015077015577876635
}