{
  "batch_size": 32.215105068384986,
  "beta_1": 0.2795930140106625,
  "beta_2": 0.7515918656671189,
  "block_size": 136.99493937919567,
  "dropout": 0.24229505102996837,
  "epsilon": 0.000982831561898932,
  "lr": 0.0797364009283828,
  "n_embd": 13.876977911565804,
  "n_head": 5.904982819320988,
  "n_layer": 1.8827312472739317,
  "seed": 218144103.62922555,
  "weight_decay": 0.009067456900671044
}