{
  "batch_size": 84.03299480591366,
  "beta_1": 0.15445619695537466,
  "beta_2": 0.6747364227360658,
  "block_size": 83.63348382424843,
  "dropout": 0.259262051694706,
  "epsilon": 0.0009209975590354956,
  "lr": 0.067902599847365,
  "n_embd": 45.36285779258499,
  "n_head": 5.50306582853179,
  "n_layer": 4.406413809559586,
  "seed": 1196309184.2085445,
  "weight_decay": 0.002879007484380354
}