{
  "batch_size": 85.07126003300196,
  "beta_1": 0.6317723449065746,
  "beta_2": 0.5911566163213602,
  "block_size": 184.49413378715943,
  "dropout": 0.1534432123947998,
  "epsilon": 0.00021468168334889907,
  "lr": 0.0742817575593421,
  "n_embd": 3.1822033272193915,
  "n_head": 5.018534507525827,
  "n_layer": 5.6635958556864265,
  "seed": 82617511.6151499,
  "weight_decay": 0.008087028988406407
}