{
  "batch_size": 77.61491210020003,
  "beta_1": 0.3487617520256435,
  "beta_2": 0.1302626957779081,
  "block_size": 76.64621340677596,
  "dropout": 0.18718088571694713,
  "epsilon": 0.0009009973581673692,
  "lr": 0.08825868877269481,
  "n_embd": 3.608828437747999,
  "n_head": 4.5965763791419345,
  "n_layer": 1.484637688122827,
  "seed": 955538430.3202198,
  "weight_decay": 0.006919478146313008
}