{
  "batch_size": 57.253140969042,
  "beta_1": 0.9260122423839009,
  "beta_2": 0.41830249881592485,
  "block_size": 254.1624765302436,
  "dropout": 0.49779142935968024,
  "epsilon": 0.00014529229488237345,
  "lr": 0.053656770981513,
  "n_embd": 42.5344051241797,
  "n_head": 6.913392151636776,
  "n_layer": 1.3461911200366166,
  "seed": 1656534662.3951588,
  "weight_decay": 0.008116912520544512
}