{
  "batch_size": 29.677680160307823,
  "beta_1": 0.9563578300717722,
  "beta_2": 0.6242420680355618,
  "block_size": 161.8983328417141,
  "dropout": 0.42522634926247693,
  "epsilon": 0.0003638745646626246,
  "lr": 0.020984651216593028,
  "n_embd": 9.819745995156296,
  "n_head": 2.3097765022620287,
  "n_layer": 5.042769001866823,
  "seed": 1995953998.8099654,
  "weight_decay": 0.007030953908307306
}