{
  "batch_size": 19.296948381148248,
  "beta_1": 0.11467114276053315,
  "beta_2": 0.8327715035724169,
  "block_size": 177.06751580597896,
  "dropout": 0.24815793556969745,
  "epsilon": 0.00040611260882915867,
  "lr": 0.0912248782845505,
  "n_embd": 16.62429535516969,
  "n_head": 4.83953556581779,
  "n_layer": 4.653542621913596,
  "seed": 1407189749.0720654,
  "weight_decay": 0.0011485423566029312
}