{
  "batch_size": 93.33948837804972,
  "beta_1": 0.6771735264208117,
  "beta_2": 0.8510133916095864,
  "block_size": 194.39553868823793,
  "dropout": 0.4391608195082186,
  "epsilon": 0.00012683067449156788,
  "lr": 0.08311976732165409,
  "n_embd": 20.30556233620058,
  "n_head": 4.038625393876229,
  "n_layer": 3.0992461054721745,
  "seed": 1429364626.0317426,
  "weight_decay": 0.006202895459045103
}