{
  "batch_size": 86.03066301491937,
  "beta_1": 0.9692428049999903,
  "beta_2": 0.9084198837415406,
  "block_size": 210.1605174962339,
  "dropout": 0.13658278909108815,
  "epsilon": 0.00013554507481363228,
  "lr": 0.022673504633804163,
  "n_embd": 24.71100485209156,
  "n_head": 3.7814670639025536,
  "n_layer": 5.0194302756418265,
  "seed": 2136431729.9190896,
  "weight_decay": 0.00788543387234583
}