{
  "batch_size": 86,
  "beta_1": 0.4422518583869729,
  "beta_2": 0.373186826497023,
  "block_size": 317,
  "dropout": 0.1386695378965808,
  "epsilon": 8.2938960342e-06,
  "lr": 0.0011168429801084,
  "n_embd": 29,
  "n_head": 2,
  "n_layer": 5,
  "seed": 21545369.390978742,
  "weight_decay": 0.0010277693807329
}