{
  "batch_size": 51.57073957340943,
  "beta_1": 0.1490155412282916,
  "beta_2": 0.4929530646365211,
  "block_size": 379.67861221895726,
  "dropout": 0.2265445599245319,
  "epsilon": 0.0005863016910752721,
  "lr": 0.027526925111312037,
  "n_embd": 27.405200227293722,
  "n_head": 5.746301931244752,
  "n_layer": 4.465110240743737,
  "seed": 1775654341.7624218,
  "weight_decay": 0.007717249172185902
}