{
  "batch_size": 20.356159568381173,
  "beta_1": 0.7147840918542062,
  "beta_2": 0.8356662914786341,
  "block_size": 108.19150906478279,
  "dropout": 0.12032824116486159,
  "epsilon": 0.00035772034195882867,
  "lr": 0.0843554955260358,
  "n_embd": 29.605765695216732,
  "n_head": 3.9665489636546467,
  "n_layer": 5.208030249773105,
  "seed": 509217331.47720194,
  "weight_decay": 0.005669134954723567
}