{
  "batch_size": 27,
  "beta_1": 0.5372147922967996,
  "beta_2": 0.1805040307239991,
  "block_size": 283,
  "dropout": 0.06906203335947939,
  "epsilon": 9.381373743310918e-05,
  "lr": 0.009499366686063776,
  "n_embd": 21,
  "n_head": 3,
  "n_layer": 6,
  "seed": 403831920,
  "weight_decay": 7.734498649870329e-09
}