{
  "batch_size": 21.25966366690598,
  "beta_1": 0.7066276683624609,
  "beta_2": 0.8043168124992445,
  "block_size": 168.3318949816482,
  "dropout": 0.13616823465453942,
  "epsilon": 0.0009282980905439696,
  "lr": 0.07153769491474421,
  "n_embd": 47.333109169163045,
  "n_head": 5.653173792379201,
  "n_layer": 2.966180606200088,
  "seed": 2066713048.4057057,
  "weight_decay": 0.008574961480486776
}