{
  "batch_size": 31.69785978618012,
  "beta_1": 0.38340977373969476,
  "beta_2": 0.14221066535210455,
  "block_size": 187.01538998323633,
  "dropout": 0.34116631725134244,
  "epsilon": 0.0006585305461528705,
  "lr": 0.07883594798837722,
  "n_embd": 6.597954731684692,
  "n_head": 2.988682274801711,
  "n_layer": 2.895045801626284,
  "seed": 1611710373.3079464,
  "weight_decay": 0.004130971592643421
}