{
  "batch_size": 52,
  "beta_1": 0.3386165268539846,
  "beta_2": 0.7808776946245325,
  "block_size": 183,
  "dropout": 0.2610094986776915,
  "epsilon": 0.0002033067942887,
  "lr": 0.0301482989986917,
  "n_embd": 46,
  "n_head": 5,
  "n_layer": 2,
  "seed": 904655790.7676914,
  "weight_decay": 0.0031420530636298
}