{
  "batch_size": 47,
  "beta_1": 0.11897110868373442,
  "beta_2": 0.9352021178403656,
  "block_size": 284,
  "dropout": 0.11259256837194478,
  "epsilon": 1.6405257099950918e-10,
  "lr": 3.440305581834284e-05,
  "n_embd": 49,
  "n_head": 3,
  "n_layer": 5,
  "seed": 1109959222,
  "weight_decay": 1.2092806562188974e-06
}