{
  "batch_size": 35.9221425538738,
  "beta_1": 0.44471077969123396,
  "beta_2": 0.651791433987106,
  "block_size": 272.4791705226867,
  "dropout": 0.255893943928055,
  "epsilon": 0.0005755020010988667,
  "lr": 0.0394099724404176,
  "n_embd": 17.123942250911192,
  "n_head": 1.209071931984743,
  "n_layer": 4.080783930590272,
  "seed": 416264950.44816315,
  "weight_decay": 0.006097305752054867
}