{
  "batch_size": 66.92980854803588,
  "beta_1": 0.1499922924297562,
  "beta_2": 0.970482957415024,
  "block_size": 75.89405219156541,
  "dropout": 0.4914430376902985,
  "epsilon": 0.00048086175428730456,
  "lr": 0.03988909493414615,
  "n_embd": 7.5576483829114744,
  "n_head": 3.235185669533952,
  "n_layer": 4.988403617545204,
  "seed": 1948306219.5751562,
  "weight_decay": 0.007377044976757557
}