{
  "batch_size": 69.71325774793624,
  "beta_1": 0.9015315549181546,
  "beta_2": 0.7967887761099604,
  "block_size": 383.6963681732658,
  "dropout": 0.26915232678543666,
  "epsilon": 2.2951746598800948e-05,
  "lr": 0.07283012646840266,
  "n_embd": 39.58461604848737,
  "n_head": 5.752379086503245,
  "n_layer": 3.8475634832904744,
  "seed": 1457101314.6271718,
  "weight_decay": 0.009164007921286417
}