{
  "batch_size": 84.53398822285725,
  "beta_1": 0.11873263470978035,
  "beta_2": 0.9585662486926803,
  "block_size": 206.75482333697906,
  "dropout": 0.4502413381728717,
  "epsilon": 2.419008834132117e-05,
  "lr": 0.0886580807333846,
  "n_embd": 48.265416299595884,
  "n_head": 1.0268823988567348,
  "n_layer": 2.218789582128645,
  "seed": 1748423225.0311856,
  "weight_decay": 0.0026005087545978465
}