{
  "batch_size": 70.61836269590111,
  "beta_1": 0.16692916668803398,
  "beta_2": 0.2609804497685476,
  "block_size": 304.43423753256013,
  "dropout": 0.2401175923256656,
  "epsilon": 1.678693411661025e-05,
  "lr": 0.02927654157154966,
  "n_embd": 13.035337907715343,
  "n_head": 3.751261025909209,
  "n_layer": 5.222267225963021,
  "seed": 877680146.0194664,
  "weight_decay": 0.0031469298604500763
}