{
  "batch_size": 73,
  "beta_1": 0.4621736419205819,
  "beta_2": 0.4594759116009707,
  "block_size": 161,
  "dropout": 0.4560245394149895,
  "epsilon": 0.000121363698955,
  "lr": 0.0005661364930913,
  "n_embd": 5,
  "n_head": 1,
  "n_layer": 2,
  "seed": 1376600739.9313514,
  "weight_decay": 2.3466507e-08
}