{
  "batch_size": 17.113973301020717,
  "beta_1": 0.3140587969330353,
  "beta_2": 0.5103778956091818,
  "block_size": 245.7445975385642,
  "dropout": 0.26198558044573944,
  "epsilon": 0.00024254126311375082,
  "lr": 0.010740401029282396,
  "n_embd": 37.66752206905989,
  "n_head": 3.983350518302722,
  "n_layer": 4.4632604561364175,
  "seed": 670763060.5390122,
  "weight_decay": 0.008353166787466223
}