{
  "batch_size": 50,
  "beta_1": 0.8296049219881589,
  "beta_2": 0.9340139934889958,
  "block_size": 332,
  "dropout": 0.1674590666049891,
  "epsilon": 5.82751749344e-05,
  "lr": 0.0629478706369539,
  "n_embd": 46,
  "n_head": 5,
  "n_layer": 3,
  "seed": 362038804.05431354,
  "weight_decay": 5.74628958482e-05
}