{
  "batch_size": 43.968519816025115,
  "beta_1": 0.809647261698701,
  "beta_2": 0.9020528899952893,
  "block_size": 368.648711427916,
  "dropout": 0.18069162384149157,
  "epsilon": 0.00045766648550369786,
  "lr": 0.08377695619499029,
  "n_embd": 5.896558351934398,
  "n_head": 4.0957308220336355,
  "n_layer": 5.821736089667977,
  "seed": 624417790.4593863,
  "weight_decay": 0.00449873618241235
}