{
  "batch_size": 93.49999327160695,
  "beta_1": 0.3176018125420642,
  "beta_2": 0.18697621657827262,
  "block_size": 83.66727627327782,
  "dropout": 0.10803695310724498,
  "epsilon": 0.0005233418867403008,
  "lr": 0.08665704176402951,
  "n_embd": 53.07520303915241,
  "n_head": 6.8165948811353205,
  "n_layer": 6.7795087356647095,
  "seed": 1681870942.429528,
  "weight_decay": 0.0019297772091586536
}