{
  "batch_size": 30,
  "beta_1": 0.28496728989377207,
  "beta_2": 0.7488489942802773,
  "block_size": 359,
  "dropout": 0.14350058201000704,
  "epsilon": 1.7204049805987116e-06,
  "lr": 1.1258418206864582e-05,
  "n_embd": 6,
  "n_head": 6,
  "n_layer": 4,
  "seed": 1453505903,
  "weight_decay": 0.00011013497711186924
}