{
  "batch_size": 79.93514690460495,
  "beta_1": 0.8841642924527241,
  "beta_2": 0.30975522969671476,
  "block_size": 133.09037985005352,
  "dropout": 0.4586204948463056,
  "epsilon": 0.0006406009004877637,
  "lr": 0.004921296311582988,
  "n_embd": 21.32985257379014,
  "n_head": 4.409804889619469,
  "n_layer": 4.418477642978729,
  "seed": 141503953.09374097,
  "weight_decay": 0.005900260330740805
}