{
  "batch_size": 73.04624100086039,
  "beta_1": 0.7045073139235141,
  "beta_2": 0.9944532229364272,
  "block_size": 157.47955717189535,
  "dropout": 0.31287755914031656,
  "epsilon": 0.0005177066197211184,
  "lr": 0.09461544457412809,
  "n_embd": 31.602118427362715,
  "n_head": 6.424903199507137,
  "n_layer": 2.3158496467249683,
  "seed": 68382851.40060586,
  "weight_decay": 0.008073194745093451
}