{
  "batch_size": 53,
  "beta_1": 0.1944549580028272,
  "beta_2": 0.7181747809267839,
  "block_size": 88,
  "dropout": 0.27128036426806557,
  "epsilon": 1.9392166105467886e-07,
  "lr": 0.057260715644899034,
  "n_embd": 51,
  "n_head": 1,
  "n_layer": 2,
  "seed": 1924054102,
  "weight_decay": 4.495569395544663e-05
}