{
  "batch_size": 48,
  "beta_1": 0.5430721701945681,
  "beta_2": 0.3663109683344224,
  "block_size": 345,
  "dropout": 0.1763452751441058,
  "epsilon": 6.8944890638e-06,
  "lr": 1.5213486434e-06,
  "n_embd": 53,
  "n_head": 3,
  "n_layer": 6,
  "seed": 1407488192.418852,
  "weight_decay": 4.69114309e-08
}