{
  "batch_size": 17,
  "beta_1": 0.7259715113664718,
  "beta_2": 0.7934120636109284,
  "block_size": 261,
  "dropout": 0.2556442414508352,
  "epsilon": 1.6890693669854334e-06,
  "lr": 0.0016923183427859183,
  "n_embd": 12,
  "n_head": 4,
  "n_layer": 2,
  "seed": 1401325270,
  "weight_decay": 1.2004355203720131e-08
}