{
  "batch_size": 24,
  "beta_1": 0.6933904544516226,
  "beta_2": 0.3843814230275354,
  "block_size": 177,
  "dropout": 0.3707177167446496,
  "epsilon": 5.279336214201806e-06,
  "lr": 0.0040816081207624205,
  "n_embd": 10,
  "n_head": 2,
  "n_layer": 5,
  "seed": 2017983629,
  "weight_decay": 0.0021963433401055886
}