{
  "batch_size": 65,
  "beta_1": 0.7875702872449702,
  "beta_2": 0.5653096871383024,
  "block_size": 268,
  "dropout": 0.21269684054560287,
  "epsilon": 4.3353282444222126e-07,
  "lr": 3.810161518267403e-05,
  "n_embd": 5,
  "n_head": 6,
  "n_layer": 1,
  "seed": 753417398,
  "weight_decay": 1.8108344244395058e-05
}