{
  "batch_size": 22,
  "beta_1": 0.5221234324479868,
  "beta_2": 0.6852795035174539,
  "block_size": 186,
  "dropout": 0.1590881741860719,
  "epsilon": 1.1726720775e-06,
  "lr": 0.0635235346382041,
  "n_embd": 47,
  "n_head": 3,
  "n_layer": 4,
  "seed": 1143902844.1205213,
  "weight_decay": 4.56791118e-08
}