{
  "batch_size": 58,
  "beta_1": 0.4895690630571151,
  "beta_2": 0.245280888378934,
  "block_size": 201,
  "dropout": 0.27490547438660784,
  "epsilon": 1.1189250185568296e-06,
  "lr": 4.027828129813805e-06,
  "n_embd": 38,
  "n_head": 6,
  "n_layer": 6,
  "seed": 713108275,
  "weight_decay": 3.915772544546683e-05
}