{
  "batch_size": 70,
  "beta_1": 0.383207376917984,
  "beta_2": 0.7682633120995658,
  "block_size": 285,
  "dropout": 0.1268259820419897,
  "epsilon": 1.0292380141850361e-06,
  "lr": 0.002007008753186377,
  "n_embd": 15,
  "n_head": 6,
  "n_layer": 1,
  "seed": 2115734680,
  "weight_decay": 0.0005144985623140601
}