{
  "batch_size": 51.95857193425099,
  "beta_1": 0.2784389240324723,
  "beta_2": 0.5464754304136022,
  "block_size": 323.17979343984973,
  "dropout": 0.44613464221376253,
  "epsilon": 0.0005209532637905681,
  "lr": 0.013682116089973792,
  "n_embd": 26.909953071947296,
  "n_head": 1.5608094335489195,
  "n_layer": 4.031728695433858,
  "seed": 163962469.86528248,
  "weight_decay": 0.0014303721745989762
}