{
  "batch_size": 72.8816177858198,
  "beta_1": 0.23759092378821922,
  "beta_2": 0.8471601541805482,
  "block_size": 166.58408752780565,
  "dropout": 0.30191737589152057,
  "epsilon": 0.0008663228182060864,
  "lr": 0.07861661273643658,
  "n_embd": 47.37221312700897,
  "n_head": 2.775615070403412,
  "n_layer": 1.396335537778149,
  "seed": 1681722623.7766309,
  "weight_decay": 0.002617641770719404
}