{
  "batch_size": 28.938115193831894,
  "beta_1": 0.2824513558343501,
  "beta_2": 0.47595913919781885,
  "block_size": 108.2102622157024,
  "dropout": 0.34411777540571886,
  "epsilon": 0.0007016625763628249,
  "lr": 0.0851625790002785,
  "n_embd": 6.328475230115294,
  "n_head": 4.664969559910999,
  "n_layer": 5.535116918757449,
  "seed": 2098376569.0139544,
  "weight_decay": 0.009364220166668623
}