{
  "batch_size": 70.51754118930256,
  "beta_1": 0.3097911909686676,
  "beta_2": 0.8344080431497084,
  "block_size": 351.03021664034395,
  "dropout": 0.2948523564450963,
  "epsilon": 0.0005417834784613061,
  "lr": 0.034129320978317,
  "n_embd": 18.26890481912011,
  "n_head": 2.2952699294503214,
  "n_layer": 1.3069492369218811,
  "seed": 1467848244.3016334,
  "weight_decay": 0.0054324586659574995
}