{
  "batch_size": 66,
  "beta_1": 0.4322569833527725,
  "beta_2": 0.24553711045928,
  "block_size": 78,
  "dropout": 0.1950047168097932,
  "epsilon": 6.85041629e-08,
  "lr": 0.001361398719805,
  "n_embd": 44,
  "n_head": 3,
  "n_layer": 5,
  "seed": 165350828.282578,
  "weight_decay": 2.059597436e-07
}