{
  "batch_size": 62,
  "beta_1": 0.3004653024645356,
  "beta_2": 0.7773575741820159,
  "block_size": 367,
  "dropout": 0.3592709174647496,
  "epsilon": 1.7867649000964243e-06,
  "lr": 0.002980546540898861,
  "n_embd": 24,
  "n_head": 5,
  "n_layer": 2,
  "seed": 1870721439,
  "weight_decay": 2.0129835202750847e-07
}