{
  "batch_size": 69.45044155010379,
  "beta_1": 0.3965642128963681,
  "beta_2": 0.5300469906186059,
  "block_size": 97.43025353277847,
  "dropout": 0.4086328594365398,
  "epsilon": 0.00043319382927568123,
  "lr": 0.0028240095116439747,
  "n_embd": 52.16472545419206,
  "n_head": 1.6580467916964263,
  "n_layer": 6.041512533347609,
  "seed": 702376533.8802397,
  "weight_decay": 0.0006537309221997419
}