{
  "batch_size": 32,
  "beta_1": 0.8947902794187219,
  "beta_2": 0.1921633018391957,
  "block_size": 114,
  "dropout": 0.2686067539903352,
  "epsilon": 2.57435380601e-05,
  "lr": 7.13266370407e-05,
  "n_embd": 14,
  "n_head": 5,
  "n_layer": 6,
  "seed": 1457624692.438814,
  "weight_decay": 1.230065905e-07
}