{
  "batch_size": 22,
  "beta_1": 0.4891318973216533,
  "beta_2": 0.3292242465449171,
  "block_size": 247,
  "dropout": 0.16871566625554973,
  "epsilon": 3.2234746531833927e-07,
  "lr": 0.0027192170464700096,
  "n_embd": 41,
  "n_head": 6,
  "n_layer": 2,
  "seed": 8691287,
  "weight_decay": 2.0170837249084714e-07
}