{
  "batch_size": 39,
  "beta_1": 0.13814169580497798,
  "beta_2": 0.2697486483409975,
  "block_size": 115,
  "dropout": 0.4356279523363489,
  "epsilon": 1.2237970480776593e-08,
  "lr": 0.0022938044452933916,
  "n_embd": 1,
  "n_head": 5,
  "n_layer": 5,
  "seed": 1908147445,
  "weight_decay": 2.8888012436608156e-08
}