{
  "batch_size": 33,
  "beta_1": 0.5645022278857446,
  "beta_2": 0.3178997014531854,
  "block_size": 114,
  "dropout": 0.3150057298256504,
  "epsilon": 1.4842215e-09,
  "lr": 2.44720327085e-05,
  "n_embd": 40,
  "n_head": 4,
  "n_layer": 4,
  "seed": 2014572810.9454885,
  "weight_decay": 0.0001284797686097
}