{
  "batch_size": 31,
  "beta_1": 0.4986086918210242,
  "beta_2": 0.9196674261980808,
  "block_size": 117,
  "dropout": 0.3789198022479032,
  "epsilon": 0.0004757877102160926,
  "lr": 0.02679809682461667,
  "n_embd": 53,
  "n_head": 4,
  "n_layer": 4,
  "seed": 1283617776,
  "weight_decay": 3.808898400278114e-07
}