{
  "batch_size": 74,
  "beta_1": 0.4280990059788369,
  "beta_2": 0.9314692881486124,
  "block_size": 175,
  "dropout": 0.43933321094603917,
  "epsilon": 2.0134231773434654e-05,
  "lr": 1.879809848097957e-05,
  "n_embd": 21,
  "n_head": 1,
  "n_layer": 2,
  "seed": 873955874,
  "weight_decay": 0.00016025687376724037
}