{
  "batch_size": 46,
  "beta_1": 0.7653553810687804,
  "beta_2": 0.6402768484083924,
  "block_size": 127,
  "dropout": 0.19037222540649645,
  "epsilon": 1.1172366001566173e-09,
  "lr": 0.0026817677532212482,
  "n_embd": 9,
  "n_head": 2,
  "n_layer": 2,
  "seed": 217289573,
  "weight_decay": 0.00016728094212273227
}