{
  "batch_size": 41.48054909262217,
  "beta_1": 0.6360788731637874,
  "beta_2": 0.2954295863530333,
  "block_size": 209.8514686903897,
  "dropout": 0.3204446506058791,
  "epsilon": 0.0003596898201842188,
  "lr": 0.09502216646409942,
  "n_embd": 6.471177130184552,
  "n_head": 4.944476730770918,
  "n_layer": 2.514768246918776,
  "seed": 44379102.15499617,
  "weight_decay": 0.006065170024039366
}