{
  "batch_size": 27,
  "beta_1": 0.43211986354495346,
  "beta_2": 0.6809862269054381,
  "block_size": 169,
  "dropout": 0.4082760099114875,
  "epsilon": 7.816334253751962e-09,
  "lr": 8.511148718508078e-05,
  "n_embd": 45,
  "n_head": 1,
  "n_layer": 2,
  "seed": 1314421692,
  "weight_decay": 3.210399031173867e-08
}