{
  "batch_size": 70,
  "beta_1": 0.12405474510598985,
  "beta_2": 0.5120747747206468,
  "block_size": 142,
  "dropout": 0.471339079412637,
  "epsilon": 1.3270137581808922e-08,
  "lr": 0.00020870696894611103,
  "n_embd": 46,
  "n_head": 1,
  "n_layer": 5,
  "seed": 1650082446,
  "weight_decay": 4.995260337433442e-06
}