{
  "batch_size": 53,
  "beta_1": 0.8767724538284434,
  "beta_2": 0.9196657464338376,
  "block_size": 81,
  "dropout": 0.103919876408363,
  "epsilon": 2.0678556143e-06,
  "lr": 0.0018932216696267,
  "n_embd": 37,
  "n_head": 6,
  "n_layer": 2,
  "seed": 1874521729.8884735,
  "weight_decay": 2.68049189e-08
}