{
  "batch_size": 80.64812069779082,
  "beta_1": 0.9432100160285695,
  "beta_2": 0.587933344868811,
  "block_size": 353.5078153963334,
  "dropout": 0.23277483971424928,
  "epsilon": 0.00040984215471930144,
  "lr": 0.0959034959976749,
  "n_embd": 40.18923284603593,
  "n_head": 5.456708729613056,
  "n_layer": 2.368892870532389,
  "seed": 531859041.7787983,
  "weight_decay": 0.007052134250229341
}