{
  "batch_size": 70.99774274245762,
  "beta_1": 0.4448973090043603,
  "beta_2": 0.34549954843541686,
  "block_size": 331.1651362892946,
  "dropout": 0.2676190271404642,
  "epsilon": 0.000646750630302599,
  "lr": 0.025742203930594044,
  "n_embd": 38.41952804205227,
  "n_head": 5.015937757879328,
  "n_layer": 1.9399881794550642,
  "seed": 1457097210.5930324,
  "weight_decay": 0.004704700838822064
}