{
  "batch_size": 26.567141645701028,
  "beta_1": 0.7292029172498068,
  "beta_2": 0.3975555829058547,
  "block_size": 191.5568958866383,
  "dropout": 0.1341832968221841,
  "epsilon": 0.0007139163624644813,
  "lr": 0.07694924751068588,
  "n_embd": 9.928401122152987,
  "n_head": 5.750414739370784,
  "n_layer": 6.139925038581525,
  "seed": 14849457.525631227,
  "weight_decay": 0.0020974788376530986
}