{
  "batch_size": 90,
  "beta_1": 0.3295780058331216,
  "beta_2": 0.8641056573819249,
  "block_size": 118,
  "dropout": 0.4102913307848697,
  "epsilon": 6.330042211162497e-05,
  "lr": 3.596062020272752e-05,
  "n_embd": 4,
  "n_head": 3,
  "n_layer": 6,
  "seed": 1601165348,
  "weight_decay": 4.5585781111888364e-05
}