{
  "batch_size": 65,
  "beta_1": 0.5116917131331095,
  "beta_2": 0.6954996914545322,
  "block_size": 223,
  "dropout": 0.19095001862223504,
  "epsilon": 1.712509417992763e-09,
  "lr": 4.48558461879925e-05,
  "n_embd": 7,
  "n_head": 3,
  "n_layer": 2,
  "seed": 537616912,
  "weight_decay": 1.929996555998176e-07
}