{
  "batch_size": 68.13261037911414,
  "beta_1": 0.5631599122663374,
  "beta_2": 0.2840778950600653,
  "block_size": 200.4555289468879,
  "dropout": 0.32541269458800137,
  "epsilon": 0.0002713595449976148,
  "lr": 0.06959232471340875,
  "n_embd": 42.19001863602901,
  "n_head": 4.7563004130325055,
  "n_layer": 3.2164040881391913,
  "seed": 2084932289.45022,
  "weight_decay": 0.0025501896634323633
}