{
  "batch_size": 57,
  "beta_1": 0.2432529231274573,
  "beta_2": 0.45277231044873334,
  "block_size": 296,
  "dropout": 0.272367322124439,
  "epsilon": 1.7870337258992803e-08,
  "lr": 0.0027762826646128645,
  "n_embd": 45,
  "n_head": 1,
  "n_layer": 4,
  "seed": 1955743088,
  "weight_decay": 2.3552764750883863e-05
}