{
  "batch_size": 91.72293106143061,
  "beta_1": 0.8066536567832823,
  "beta_2": 0.9397600797202219,
  "block_size": 334.517788374024,
  "dropout": 0.3956074264354871,
  "epsilon": 0.0005958823088221464,
  "lr": 0.028796267322505693,
  "n_embd": 26.771375451396164,
  "n_head": 2.5948732596242046,
  "n_layer": 3.2546924617379833,
  "seed": 141889364.4970964,
  "weight_decay": 0.00488098924697832
}