{
  "batch_size": 26.832704200329466,
  "beta_1": 0.5217292672973682,
  "beta_2": 0.40934863124907594,
  "block_size": 335.9661927125327,
  "dropout": 0.3942512180499619,
  "epsilon": 0.0008964684930304469,
  "lr": 0.042670956501115846,
  "n_embd": 53.403803392337,
  "n_head": 1.7515654194610004,
  "n_layer": 3.526630610928667,
  "seed": 624483072.0779577,
  "weight_decay": 0.009025462220643536
}