{
  "batch_size": 38,
  "beta_1": 0.2350429798392274,
  "beta_2": 0.286933459532884,
  "block_size": 216,
  "dropout": 0.1262921612957108,
  "epsilon": 6.40800713e-08,
  "lr": 0.0003777288531844,
  "n_embd": 51,
  "n_head": 4,
  "n_layer": 1,
  "seed": 1420416463.823939,
  "weight_decay": 0.0041488062465727
}