{
  "batch_size": 64,
  "beta_1": 0.8556311410911196,
  "beta_2": 0.400790045114083,
  "block_size": 297,
  "dropout": 0.4279575997484849,
  "epsilon": 1.0137029211561007e-10,
  "lr": 0.018173437945830574,
  "n_embd": 28,
  "n_head": 2,
  "n_layer": 3,
  "seed": 1936211762,
  "weight_decay": 5.2003421720874385e-05
}