{
  "batch_size": 16,
  "beta_1": 0.902611864676789,
  "beta_2": 0.9846228911069989,
  "block_size": 111,
  "dropout": 0.1186376611290354,
  "epsilon": 9.644109413e-07,
  "lr": 0.0005829208684687,
  "n_embd": 11,
  "n_head": 6,
  "n_layer": 2,
  "seed": 213913878.27931678,
  "weight_decay": 1.64045996e-08
}