{
  "batch_size": 77,
  "beta_1": 0.6310209381155802,
  "beta_2": 0.3978055140568263,
  "block_size": 359,
  "dropout": 0.2393523257370136,
  "epsilon": 7.5776515518475035e-06,
  "lr": 3.549831871352027e-05,
  "n_embd": 15,
  "n_head": 1,
  "n_layer": 1,
  "seed": 605174510,
  "weight_decay": 0.00026845280352209654
}