{
  "batch_size": 50,
  "beta_1": 0.41394475448474854,
  "beta_2": 0.5664756850236268,
  "block_size": 312,
  "dropout": 0.32794526781865874,
  "epsilon": 1.2532316331487875e-06,
  "lr": 0.02004755658324645,
  "n_embd": 34,
  "n_head": 3,
  "n_layer": 5,
  "seed": 1857315717,
  "weight_decay": 9.685582240624335e-05
}