{
  "batch_size": 34,
  "beta_1": 0.990336521496273,
  "beta_2": 0.3925334618264436,
  "block_size": 378,
  "dropout": 0.3753740884542709,
  "epsilon": 9.236008137e-07,
  "lr": 0.0073106143239397,
  "n_embd": 1,
  "n_head": 2,
  "n_layer": 4,
  "seed": 2103101866.2502937,
  "weight_decay": 0.0001550377818621
}