{
  "batch_size": 74,
  "beta_1": 0.7175875817630339,
  "beta_2": 0.37902665209890263,
  "block_size": 179,
  "dropout": 0.3403093477859029,
  "epsilon": 3.104278838112661e-10,
  "lr": 1.4010786976145244e-06,
  "n_embd": 46,
  "n_head": 2,
  "n_layer": 6,
  "seed": 1221466790,
  "weight_decay": 0.006275775823309493
}