{
  "batch_size": 85.01956251472643,
  "beta_1": 0.11182907643229542,
  "beta_2": 0.14242381413857333,
  "block_size": 308.32982486578476,
  "dropout": 0.143314953718886,
  "epsilon": 0.0002585818988938161,
  "lr": 0.054261691785290014,
  "n_embd": 42.95642912645224,
  "n_head": 6.210750757302764,
  "n_layer": 1.0168108464168004,
  "seed": 1464291729.254952,
  "weight_decay": 0.00896913583340666
}