{
  "batch_size": 51,
  "beta_1": 0.6946727285920293,
  "beta_2": 0.8616381786377287,
  "block_size": 228,
  "dropout": 0.1416637243333835,
  "epsilon": 1.08470521746e-05,
  "lr": 0.0026590172300671,
  "n_embd": 12,
  "n_head": 6,
  "n_layer": 4,
  "seed": 62959457.30876328,
  "weight_decay": 9.37519055932e-05
}