{
  "batch_size": 76,
  "beta_1": 0.3101269911948038,
  "beta_2": 0.7065180138370577,
  "block_size": 266,
  "dropout": 0.4516483587570984,
  "epsilon": 2.7935925e-09,
  "lr": 0.0015559760718316,
  "n_embd": 50,
  "n_head": 2,
  "n_layer": 4,
  "seed": 1536222190.6947675,
  "weight_decay": 6.44337651e-08
}