{
  "batch_size": 56.094093599899075,
  "beta_1": 0.531455276631389,
  "beta_2": 0.6172818802986761,
  "block_size": 142.901371620552,
  "dropout": 0.1295998074298099,
  "epsilon": 3.18497417683082e-05,
  "lr": 0.04061077899922461,
  "n_embd": 13.469319164278913,
  "n_head": 5.242049039481175,
  "n_layer": 1.459326301691837,
  "seed": 1586830799.9473202,
  "weight_decay": 0.008368273484449748
}