{
  "batch_size": 35,
  "beta_1": 0.9923338328656309,
  "beta_2": 0.35605407729779326,
  "block_size": 160,
  "dropout": 0.45249597669313235,
  "epsilon": 2.4123804655759748e-08,
  "lr": 0.00011429013225775816,
  "n_embd": 52,
  "n_head": 6,
  "n_layer": 1,
  "seed": 22297996,
  "weight_decay": 0.001329490641321409
}