{
  "batch_size": 82.6746617319346,
  "beta_1": 0.4786249089130805,
  "beta_2": 0.1733400148560154,
  "block_size": 196.79955467080407,
  "dropout": 0.47218518854127256,
  "epsilon": 8.235061417559352e-06,
  "lr": 0.02582578616735817,
  "n_embd": 52.087896999554324,
  "n_head": 6.095109464835501,
  "n_layer": 1.0579338693801583,
  "seed": 877545149.4612638,
  "weight_decay": 0.009701955010313394
}