{
  "batch_size": 77,
  "beta_1": 0.5574937962203936,
  "beta_2": 0.6812659748454347,
  "block_size": 383,
  "dropout": 0.1615685718802282,
  "epsilon": 7.569814574397081e-08,
  "lr": 7.423578619072805e-06,
  "n_embd": 19,
  "n_head": 2,
  "n_layer": 5,
  "seed": 894590365,
  "weight_decay": 0.0016015423397892528
}