{
  "batch_size": 77,
  "beta_1": 0.6954121956444023,
  "beta_2": 0.6456068317911735,
  "block_size": 375,
  "dropout": 0.4627651843736708,
  "epsilon": 2.408210973e-07,
  "lr": 0.0022488179384882,
  "n_embd": 13,
  "n_head": 4,
  "n_layer": 3,
  "seed": 1474059161.0002093,
  "weight_decay": 0.000602885119729
}