{
  "batch_size": 43.51914610254535,
  "beta_1": 0.7059687768509463,
  "beta_2": 0.9845861108426328,
  "block_size": 159.08743550289648,
  "dropout": 0.11263081517055529,
  "epsilon": 0.0008721580218162113,
  "lr": 0.06378256398573462,
  "n_embd": 49.88154757182087,
  "n_head": 4.484595794758716,
  "n_layer": 6.432293913404023,
  "seed": 1586906662.755756,
  "weight_decay": 0.009189211643857999
}