{
  "batch_size": 70,
  "beta_1": 0.869598433688642,
  "beta_2": 0.4166181298164282,
  "block_size": 249,
  "dropout": 0.23476655272008992,
  "epsilon": 7.27990612945283e-05,
  "lr": 1.1020625337449658e-06,
  "n_embd": 38,
  "n_head": 2,
  "n_layer": 5,
  "seed": 1021016955,
  "weight_decay": 4.824512439561359e-06
}