{
  "batch_size": 89,
  "beta_1": 0.6104319679948421,
  "beta_2": 0.10961464139723283,
  "block_size": 149,
  "dropout": 0.10835489405737825,
  "epsilon": 9.965722984102179e-07,
  "lr": 0.0001905625416797379,
  "n_embd": 5,
  "n_head": 3,
  "n_layer": 3,
  "seed": 1778038216,
  "weight_decay": 0.0007189282941242025
}