{
  "batch_size": 93.93383054971044,
  "beta_1": 0.983334080352023,
  "beta_2": 0.5718019761869062,
  "block_size": 102.0741308508561,
  "dropout": 0.39631179945999995,
  "epsilon": 0.0002596225650940777,
  "lr": 0.03209377851444334,
  "n_embd": 50.24518978649032,
  "n_head": 2.4611409083665947,
  "n_layer": 3.032345951670335,
  "seed": 1766263199.4299703,
  "weight_decay": 0.0023800308018957846
}