{
  "batch_size": 76,
  "beta_1": 0.9199135175940086,
  "beta_2": 0.5262196217035132,
  "block_size": 163,
  "dropout": 0.3538303808748271,
  "epsilon": 3.5986749343559047e-07,
  "lr": 0.003164485595390035,
  "n_embd": 4,
  "n_head": 2,
  "n_layer": 1,
  "seed": 1523231911,
  "weight_decay": 2.0901993197679817e-07
}