{
  "batch_size": 17,
  "beta_1": 0.6056191528982434,
  "beta_2": 0.29078128406876347,
  "block_size": 166,
  "dropout": 0.14161653700930313,
  "epsilon": 4.212193581856408e-08,
  "lr": 0.014171729842048378,
  "n_embd": 20,
  "n_head": 6,
  "n_layer": 5,
  "seed": 52568481,
  "weight_decay": 5.216772847494195e-08
}