{
  "batch_size": 92,
  "beta_1": 0.6067864245725236,
  "beta_2": 0.7364328762798737,
  "block_size": 246,
  "dropout": 0.1189174063793967,
  "epsilon": 1.27040955821e-05,
  "lr": 2.14720657651e-05,
  "n_embd": 50,
  "n_head": 2,
  "n_layer": 2,
  "seed": 384489523.82522917,
  "weight_decay": 3.7120884852e-06
}