{
  "batch_size": 56.71704389516271,
  "beta_1": 0.9077294717348409,
  "beta_2": 0.3478553544766284,
  "block_size": 128.76179936600667,
  "dropout": 0.3240163038887768,
  "epsilon": 7.749322157071434e-05,
  "lr": 0.0010044998382936492,
  "n_embd": 31.138430610313932,
  "n_head": 4.128127456202815,
  "n_layer": 3.7533379101740585,
  "seed": 1573040135.0065417,
  "weight_decay": 0.009320082460260766
}