{
  "batch_size": 31,
  "beta_1": 0.4958529124008458,
  "beta_2": 0.7982046374712792,
  "block_size": 278,
  "dropout": 0.2454656158506855,
  "epsilon": 1.393469347e-07,
  "lr": 0.0022275471578905,
  "n_embd": 38,
  "n_head": 5,
  "n_layer": 4,
  "seed": 1514492292.9557219,
  "weight_decay": 4.912574208e-07
}