{
  "batch_size": 54.172787397974666,
  "beta_1": 0.8781771771136111,
  "beta_2": 0.36599201337538523,
  "block_size": 305.3101623527408,
  "dropout": 0.1634287680261191,
  "epsilon": 0.000701368199580262,
  "lr": 0.02188307988068694,
  "n_embd": 8.79202668261471,
  "n_head": 1.0128714596710588,
  "n_layer": 3.8678519105569884,
  "seed": 272034476.8049304,
  "weight_decay": 0.002468124887977275
}