{
  "batch_size": 49,
  "beta_1": 0.35926349886260456,
  "beta_2": 0.23224283101819412,
  "block_size": 311,
  "dropout": 0.4984004537370723,
  "epsilon": 0.0002890663818189687,
  "lr": 0.0005515642624713486,
  "n_embd": 20,
  "n_head": 6,
  "n_layer": 1,
  "seed": 71522159,
  "weight_decay": 5.8382035002174334e-08
}