{
  "batch_size": 45,
  "beta_1": 0.956317400087475,
  "beta_2": 0.3561548434362444,
  "block_size": 242,
  "dropout": 0.21024638274136073,
  "epsilon": 0.00047062302119378255,
  "lr": 0.0004180060426765161,
  "n_embd": 41,
  "n_head": 6,
  "n_layer": 5,
  "seed": 434883550,
  "weight_decay": 5.668804517469879e-08
}