{
  "batch_size": 74,
  "beta_1": 0.2202845121073302,
  "beta_2": 0.8894294745179522,
  "block_size": 360,
  "dropout": 0.1284726860420974,
  "epsilon": 7.820578070836812e-06,
  "lr": 0.00044982965859793515,
  "n_embd": 22,
  "n_head": 3,
  "n_layer": 3,
  "seed": 1953498158,
  "weight_decay": 2.3943352936470865e-05
}