{
  "batch_size": 42,
  "beta_1": 0.5682425968055451,
  "beta_2": 0.1547205354057071,
  "block_size": 335,
  "dropout": 0.1825344758362102,
  "epsilon": 0.0001342988941528,
  "lr": 0.0011187167899161,
  "n_embd": 51,
  "n_head": 2,
  "n_layer": 5,
  "seed": 1390075714.9925702,
  "weight_decay": 2.2564565455e-06
}