{
  "batch_size": 30,
  "beta_1": 0.258461983122244,
  "beta_2": 0.9971878134145243,
  "block_size": 291,
  "dropout": 0.40904563945201533,
  "epsilon": 2.6827553130985966e-09,
  "lr": 6.6603461943626e-06,
  "n_embd": 12,
  "n_head": 3,
  "n_layer": 5,
  "seed": 626855334,
  "weight_decay": 1.2522460765594432e-08
}