{
  "batch_size": 29.933965704772604,
  "beta_1": 0.19031559430424344,
  "beta_2": 0.22501062509832326,
  "block_size": 371.70530848078016,
  "dropout": 0.30853674535792863,
  "epsilon": 0.00011171137072367486,
  "lr": 0.053134913256619745,
  "n_embd": 31.601914798263543,
  "n_head": 5.351314797383089,
  "n_layer": 5.471099368241333,
  "seed": 564874517.5024773,
  "weight_decay": 0.008488438288232973
}