{
  "batch_size": 31.778864561068286,
  "beta_1": 0.9510709817094102,
  "beta_2": 0.7396957938920916,
  "block_size": 248.46055776685407,
  "dropout": 0.40009092022729964,
  "epsilon": 0.00025138522627341013,
  "lr": 0.06649850825224952,
  "n_embd": 25.869146714513366,
  "n_head": 3.9119900210528322,
  "n_layer": 4.071333777576143,
  "seed": 2000755208.0680108,
  "weight_decay": 0.009021052070580517
}