{
  "batch_size": 35.7422449117762,
  "beta_1": 0.6758892872024982,
  "beta_2": 0.22901670378107145,
  "block_size": 307.9680783083483,
  "dropout": 0.40638619020032196,
  "epsilon": 0.0009614461764301424,
  "lr": 0.014710624129656855,
  "n_embd": 28.345377076372078,
  "n_head": 3.0409186932775416,
  "n_layer": 3.8810552658402395,
  "seed": 2002428854.7254586,
  "weight_decay": 0.005740277978772152
}