{
  "batch_size": 18,
  "beta_1": 0.6259201651609215,
  "beta_2": 0.31472742683855914,
  "block_size": 209,
  "dropout": 0.1698999308871082,
  "epsilon": 3.622122888766553e-05,
  "lr": 0.0005917711077498868,
  "n_embd": 40,
  "n_head": 2,
  "n_layer": 2,
  "seed": 1135066890,
  "weight_decay": 1.9633818499923552e-05
}