{
  "batch_size": 64.69757588757192,
  "beta_1": 0.7803898460987388,
  "beta_2": 0.9274929801856383,
  "block_size": 209.3310600719283,
  "dropout": 0.2698763697203299,
  "epsilon": 0.0009045886862407466,
  "lr": 0.03453327770154778,
  "n_embd": 21.59762948028495,
  "n_head": 6.762411845363694,
  "n_layer": 2.0210223571191968,
  "seed": 1328473919.8493037,
  "weight_decay": 5.6589587025774185e-05
}