{
  "batch_size": 73.24751469358145,
  "beta_1": 0.7208343516318463,
  "beta_2": 0.7984445238536638,
  "block_size": 113.73067091221787,
  "dropout": 0.4704197630446877,
  "epsilon": 0.00012177662418712139,
  "lr": 0.04071882824145378,
  "n_embd": 47.137503323109,
  "n_head": 5.132032329089285,
  "n_layer": 2.190319822907441,
  "seed": 85224948.0668037,
  "weight_decay": 0.006434557835120831
}