{
  "batch_size": 88,
  "beta_1": 0.8705424296090987,
  "beta_2": 0.5488268113315432,
  "block_size": 253,
  "dropout": 0.29491412696900376,
  "epsilon": 4.573331696319757e-06,
  "lr": 0.0005017245374607228,
  "n_embd": 28,
  "n_head": 5,
  "n_layer": 1,
  "seed": 1252817887,
  "weight_decay": 9.910654866761208e-06
}