{
  "batch_size": 40,
  "beta_1": 0.4139425888726328,
  "beta_2": 0.26425895678143296,
  "block_size": 374,
  "dropout": 0.10345434171843487,
  "epsilon": 2.2539340888205306e-07,
  "lr": 8.844747186335368e-06,
  "n_embd": 42,
  "n_head": 1,
  "n_layer": 3,
  "seed": 400826042,
  "weight_decay": 4.7138415221100196e-06
}