{
  "batch_size": 37.72362680821061,
  "beta_1": 0.16517700183402645,
  "beta_2": 0.3608939191310979,
  "block_size": 121.51417526425922,
  "dropout": 0.374234153300942,
  "epsilon": 0.0002805289326366995,
  "lr": 0.030158590429074903,
  "n_embd": 0.6158953784377633,
  "n_head": 6.635440719934404,
  "n_layer": 2.710671219201048,
  "seed": 1306707399.971969,
  "weight_decay": 0.0008813654931053448
}