{
  "batch_size": 81.1950250655458,
  "beta_1": 0.3162405720288519,
  "beta_2": 0.17690323062882066,
  "block_size": 203.37062244030855,
  "dropout": 0.17169009314198952,
  "epsilon": 0.00023808446609207274,
  "lr": 0.02694310337164444,
  "n_embd": 37.32193468383847,
  "n_head": 5.096647475102044,
  "n_layer": 3.792171274819618,
  "seed": 2115126629.2785804,
  "weight_decay": 0.00900631489241176
}