{
  "batch_size": 18.20297814735968,
  "beta_1": 0.5591472615682803,
  "beta_2": 0.44016519081564476,
  "block_size": 244.00533050985402,
  "dropout": 0.14596365165254885,
  "epsilon": 0.0005154506214201978,
  "lr": 0.07643112881061553,
  "n_embd": 15.988671171346057,
  "n_head": 1.5074361593709362,
  "n_layer": 5.311394393121692,
  "seed": 992158292.6824276,
  "weight_decay": 0.009855963910709397
}