{
  "batch_size": 89.68780091870356,
  "beta_1": 0.7979739141048297,
  "beta_2": 0.25272348526988303,
  "block_size": 67.91496406512931,
  "dropout": 0.3467736069017576,
  "epsilon": 0.0007923614260534071,
  "lr": 0.05721942828778815,
  "n_embd": 34.444467874142916,
  "n_head": 5.762600133048272,
  "n_layer": 1.165875587522707,
  "seed": 883776306.9192883,
  "weight_decay": 0.0023965402297422434
}