{
  "batch_size": 22.60117093671793,
  "beta_1": 0.5599990000261669,
  "beta_2": 0.6226547854213281,
  "block_size": 358.4542893076486,
  "dropout": 0.3894499797359213,
  "epsilon": 0.0008347811416651597,
  "lr": 0.09923631020233392,
  "n_embd": 4.801059731617495,
  "n_head": 5.524757555032622,
  "n_layer": 5.694212016137353,
  "seed": 473222520.21255165,
  "weight_decay": 0.0017360646215460603
}