{
  "batch_size": 38.41829510999794,
  "beta_1": 0.7276116599371358,
  "beta_2": 0.6629816685036403,
  "block_size": 239.98395956648278,
  "dropout": 0.10385879963595723,
  "epsilon": 0.00018756659601178676,
  "lr": 0.08889822851574113,
  "n_embd": 21.238673886180052,
  "n_head": 1.5271089153238322,
  "n_layer": 1.3183949423948609,
  "seed": 378159979.21547705,
  "weight_decay": 0.004016512692388357
}