{
  "batch_size": 77.0677943929831,
  "beta_1": 0.6269425740043333,
  "beta_2": 0.3312213121257639,
  "block_size": 355.98055886485395,
  "dropout": 0.36052647234913626,
  "epsilon": 0.0005801608565796394,
  "lr": 0.07834912161583439,
  "n_embd": 47.98626350106927,
  "n_head": 2.8334674558753625,
  "n_layer": 2.4410828548884416,
  "seed": 598855363.1686052,
  "weight_decay": 0.007427225234727289
}