{
  "batch_size": 46,
  "beta_1": 0.8201113452729368,
  "beta_2": 0.41829763284955446,
  "block_size": 119,
  "dropout": 0.2327201357672749,
  "epsilon": 1.2510935020813475e-09,
  "lr": 0.00020706528815485586,
  "n_embd": 26,
  "n_head": 5,
  "n_layer": 1,
  "seed": 840998351,
  "weight_decay": 0.005175319677456445
}