{
  "batch_size": 69.50450190584888,
  "beta_1": 0.974452987155332,
  "beta_2": 0.6275485822429808,
  "block_size": 83.03980935684282,
  "dropout": 0.4888893876428452,
  "epsilon": 0.0007892306435715494,
  "lr": 0.05949593990284402,
  "n_embd": 41.19658272379157,
  "n_head": 4.348858316467474,
  "n_layer": 1.9599404507932485,
  "seed": 789680301.116068,
  "weight_decay": 0.005945397144561177
}