{
  "batch_size": 66,
  "beta_1": 0.5612779640189871,
  "beta_2": 0.844384358676155,
  "block_size": 175,
  "dropout": 0.5092403198006155,
  "epsilon": 1.3804831320377856e-05,
  "lr": 0.003006798267931788,
  "n_embd": 32,
  "n_head": 5,
  "n_layer": 5,
  "seed": 688291291,
  "weight_decay": 3.9978292284434913e-07
}