{
  "batch_size": 26,
  "beta_1": 0.46621724401678444,
  "beta_2": 0.793064885351109,
  "block_size": 257,
  "dropout": 0.23774160210587647,
  "epsilon": 0.000298262908439304,
  "lr": 0.03616436791362987,
  "n_embd": 9,
  "n_head": 5,
  "n_layer": 1,
  "seed": 506467936,
  "weight_decay": 6.126820944557291e-08
}