{
  "batch_size": 47,
  "beta_1": 0.9155009168062525,
  "beta_2": 0.7596252116257723,
  "block_size": 193,
  "dropout": 0.3472564337287218,
  "epsilon": 0.0002949320222526,
  "lr": 2.33724853761e-05,
  "n_embd": 10,
  "n_head": 4,
  "n_layer": 2,
  "seed": 462122672.60198873,
  "weight_decay": 1.72333703e-08
}