{
  "batch_size": 37,
  "beta_1": 0.5587662133051833,
  "beta_2": 0.2836038539056902,
  "block_size": 266,
  "dropout": 0.1242284905109211,
  "epsilon": 1.0643378e-09,
  "lr": 0.0006004797290642,
  "n_embd": 18,
  "n_head": 6,
  "n_layer": 3,
  "seed": 973784262.877068,
  "weight_decay": 1.44404146e-06
}