{
  "batch_size": 85,
  "beta_1": 0.8993249710233063,
  "beta_2": 0.4984079609656731,
  "block_size": 244,
  "dropout": 0.13911298625464852,
  "epsilon": 4.235612168395731e-06,
  "lr": 7.394075906994866e-05,
  "n_embd": 29,
  "n_head": 5,
  "n_layer": 2,
  "seed": 715054783,
  "weight_decay": 3.6522729626933775e-05
}