{
  "batch_size": 30.79005328214592,
  "beta_1": 0.6844545270273146,
  "beta_2": 0.25771696826850204,
  "block_size": 99.27393616263153,
  "dropout": 0.4406120648657501,
  "epsilon": 0.0009353454348819573,
  "lr": 0.05605227423828511,
  "n_embd": 36.455528141898355,
  "n_head": 4.0966107591313765,
  "n_layer": 3.8108932142009793,
  "seed": 890161249.3260646,
  "weight_decay": 0.004772482799060041
}