{
  "batch_size": 75.76706203366446,
  "beta_1": 0.8418546346295174,
  "beta_2": 0.7176020503779111,
  "block_size": 324.0137793523729,
  "dropout": 0.46692906755228203,
  "epsilon": 0.0008710880040531547,
  "lr": 0.012440055571621565,
  "n_embd": 21.598692968482492,
  "n_head": 3.9745963469319268,
  "n_layer": 4.700886992618823,
  "seed": 1174517116.165513,
  "weight_decay": 0.004192128392920054
}