{
  "batch_size": 68,
  "beta_1": 0.2726733124545474,
  "beta_2": 0.9335097270091586,
  "block_size": 88,
  "dropout": 0.1054488780878902,
  "epsilon": 9.5243093e-07,
  "lr": 4.30000744722e-05,
  "n_embd": 21,
  "n_head": 3,
  "n_layer": 1,
  "seed": 657225723.6934073,
  "weight_decay": 0.0009850598776574
}