{
  "batch_size": 26,
  "beta_1": 0.7249482273800228,
  "beta_2": 0.7041064780140373,
  "block_size": 95,
  "dropout": 0.3846892041271484,
  "epsilon": 9.704743e-10,
  "lr": 0.0028421877047839,
  "n_embd": 16,
  "n_head": 5,
  "n_layer": 4,
  "seed": 1612081446.8702128,
  "weight_decay": 7.89126339e-07
}