{
  "batch_size": 73.33208824843172,
  "beta_1": 0.5415438203264205,
  "beta_2": 0.3948560422771188,
  "block_size": 303.7368584821783,
  "dropout": 0.451648270439562,
  "epsilon": 6.162916240647935e-05,
  "lr": 0.07982926502514529,
  "n_embd": 36.871052856190744,
  "n_head": 1.280426081246722,
  "n_layer": 6.50262689234798,
  "seed": 1593154551.6604803,
  "weight_decay": 0.0012991385994540563
}