{
  "batch_size": 81,
  "beta_1": 0.33926877116810916,
  "beta_2": 0.11984262464315897,
  "block_size": 232,
  "dropout": 0.33610380824705,
  "epsilon": 2.882319238660515e-10,
  "lr": 1.4442051221435747e-06,
  "n_embd": 10,
  "n_head": 5,
  "n_layer": 1,
  "seed": 671613562,
  "weight_decay": 1.3145231648504742e-07
}