{
  "batch_size": 65,
  "beta_1": 0.574654076863273,
  "beta_2": 0.5300500851848448,
  "block_size": 175,
  "dropout": 0.48045825781403817,
  "epsilon": 7.1602834129995e-10,
  "lr": 5.773896676200866e-05,
  "n_embd": 32,
  "n_head": 2,
  "n_layer": 1,
  "seed": 1542569927,
  "weight_decay": 0.00018321774560261392
}