{
  "batch_size": 53.57279616021689,
  "beta_1": 0.5334669520723766,
  "beta_2": 0.14600161030784173,
  "block_size": 87.61329402179612,
  "dropout": 0.4400677995753399,
  "epsilon": 0.00032033356896442225,
  "lr": 0.0810131838911541,
  "n_embd": 15.763168487953696,
  "n_head": 5.541892963915301,
  "n_layer": 2.336355917128489,
  "seed": 1681775487.7349944,
  "weight_decay": 0.00809198534535222
}