{
  "batch_size": 75.44766592609028,
  "beta_1": 0.10446816667054033,
  "beta_2": 0.9815325960220378,
  "block_size": 167.2509134398624,
  "dropout": 0.10647788413974123,
  "epsilon": 0.00029544004549565315,
  "lr": 0.0071578772702184925,
  "n_embd": 5.42542570036311,
  "n_head": 4.910071709703183,
  "n_layer": 2.4451651704838056,
  "seed": 531759973.4047802,
  "weight_decay": 0.007119728259133304
}