{
  "batch_size": 68.24182829751736,
  "beta_1": 0.9489656278944647,
  "beta_2": 0.40258318733031895,
  "block_size": 306.848411887881,
  "dropout": 0.3505322235575561,
  "epsilon": 0.0009857890226307518,
  "lr": 0.08331596813220926,
  "n_embd": 42.58385139171355,
  "n_head": 4.927080394452499,
  "n_layer": 3.1866172634529804,
  "seed": 1429677152.7345772,
  "weight_decay": 0.0013521419492287415
}