{
  "batch_size": 57.11780532367547,
  "beta_1": 0.9475898362443816,
  "beta_2": 0.6028631880828911,
  "block_size": 377.3337477917352,
  "dropout": 0.29458248663978426,
  "epsilon": 0.0004297901057458217,
  "lr": 0.06287617273889717,
  "n_embd": 38.481951928734325,
  "n_head": 1.4476557053347454,
  "n_layer": 4.527599861019813,
  "seed": 2053749125.9963799,
  "weight_decay": 0.009930546761636214
}