{
  "batch_size": 40.86262557375635,
  "beta_1": 0.5798084736856488,
  "beta_2": 0.10499052257520886,
  "block_size": 110.209181021326,
  "dropout": 0.23011039021873314,
  "epsilon": 0.0001754495783954934,
  "lr": 0.08762923615320507,
  "n_embd": 51.80696304161122,
  "n_head": 2.4916559015053554,
  "n_layer": 5.993941014096542,
  "seed": 1382161220.4290063,
  "weight_decay": 0.006802440981648608
}