{
  "batch_size": 89.21518820209893,
  "beta_1": 0.5876965646810429,
  "beta_2": 0.19536022541211245,
  "block_size": 330.7069767233784,
  "dropout": 0.1802105528041929,
  "epsilon": 0.00022987357000918974,
  "lr": 0.015324384440672122,
  "n_embd": 45.92464756143239,
  "n_head": 1.4193164546670993,
  "n_layer": 2.683839776485954,
  "seed": 218170799.01401332,
  "weight_decay": 0.0004326988809620029
}