{
  "batch_size": 91.31241093198221,
  "beta_1": 0.5132287810251275,
  "beta_2": 0.12810230430677425,
  "block_size": 325.26547053048563,
  "dropout": 0.22864455802292608,
  "epsilon": 0.00043064849484651115,
  "lr": 0.021656744731938304,
  "n_embd": 28.03131963517179,
  "n_head": 5.207565479815286,
  "n_layer": 6.868749912269156,
  "seed": 1608990006.3585403,
  "weight_decay": 0.0026476284536090097
}