{
  "batch_size": 66,
  "beta_1": 0.27469526552032497,
  "beta_2": 0.20368508391217172,
  "block_size": 94,
  "dropout": 0.2571900978353544,
  "epsilon": 2.630464072034107e-10,
  "lr": 0.0010654479379158899,
  "n_embd": 42,
  "n_head": 2,
  "n_layer": 3,
  "seed": 860006710,
  "weight_decay": 6.064519287429458e-08
}