{
  "batch_size": 82.76299256434135,
  "beta_1": 0.17245055510093701,
  "beta_2": 0.22793424514777924,
  "block_size": 229.13959501150833,
  "dropout": 0.15780733549397505,
  "epsilon": 0.0008757103656049982,
  "lr": 0.05070555120181853,
  "n_embd": 41.533466559214986,
  "n_head": 3.9739001105651957,
  "n_layer": 1.3879364111494827,
  "seed": 1531799687.910794,
  "weight_decay": 0.00995755973317224
}