{
  "batch_size": 27.513877739129505,
  "beta_1": 0.6000904114794896,
  "beta_2": 0.9353603476298847,
  "block_size": 346.84875126019784,
  "dropout": 0.46500254489517656,
  "epsilon": 0.0008697952454964875,
  "lr": 0.011271666374067632,
  "n_embd": 30.17408076200959,
  "n_head": 4.833135887296997,
  "n_layer": 3.3830770511025943,
  "seed": 1291811498.8024304,
  "weight_decay": 0.009776745491314244
}