{
  "batch_size": 90,
  "beta_1": 0.33107207178685627,
  "beta_2": 0.3176410099128648,
  "block_size": 274,
  "dropout": 0.36540416243475027,
  "epsilon": 1.6101345944382806e-06,
  "lr": 0.027961461576589138,
  "n_embd": 44,
  "n_head": 5,
  "n_layer": 6,
  "seed": 1915430864,
  "weight_decay": 0.0006598382337499897
}