{
  "batch_size": 46,
  "beta_1": 0.7373835911268203,
  "beta_2": 0.8780535242871871,
  "block_size": 297,
  "dropout": 0.020352171939176225,
  "epsilon": 2.238845635237416e-06,
  "lr": 0.0006377021941158779,
  "n_embd": 14,
  "n_head": 6,
  "n_layer": 4,
  "seed": 2025373087,
  "weight_decay": 0.0001503816190844888
}