{
  "batch_size": 20.239745544643704,
  "beta_1": 0.8116603074306037,
  "beta_2": 0.6462012752495165,
  "block_size": 212.1163543071199,
  "dropout": 0.4414775888174214,
  "epsilon": 0.0009076945543362115,
  "lr": 0.0627680927300293,
  "n_embd": 16.881075772411748,
  "n_head": 2.7099477159140717,
  "n_layer": 3.7180756255526775,
  "seed": 297619738.93272007,
  "weight_decay": 0.0033709904785322255
}