{
  "batch_size": 77,
  "beta_1": 0.5993320545869675,
  "beta_2": 0.5857813347410044,
  "block_size": 172,
  "dropout": 0.3106524026479526,
  "epsilon": 6.394042565382755e-08,
  "lr": 0.00010564579080850712,
  "n_embd": 34,
  "n_head": 4,
  "n_layer": 3,
  "seed": 831021318,
  "weight_decay": 3.579191098324073e-05
}