{
  "batch_size": 34,
  "beta_1": 0.2357844237546521,
  "beta_2": 0.2846313427391312,
  "block_size": 80,
  "dropout": 0.422960370312284,
  "epsilon": 0.0008330843597749,
  "lr": 0.0051290740482172,
  "n_embd": 42,
  "n_head": 4,
  "n_layer": 4,
  "seed": 1429656870.943177,
  "weight_decay": 0.0042357844132159
}