{
  "batch_size": 69.4527169354889,
  "beta_1": 0.9864432092819888,
  "beta_2": 0.7608508858137626,
  "block_size": 171.25759714609245,
  "dropout": 0.2359321695509999,
  "epsilon": 0.00023050305755421341,
  "lr": 0.03524465517659787,
  "n_embd": 14.031274821454645,
  "n_head": 2.9593965672108578,
  "n_layer": 1.8062566254272916,
  "seed": 624483403.7819734,
  "weight_decay": 0.009794207762089672
}