{
  "batch_size": 30,
  "beta_1": 0.1853764736213239,
  "beta_2": 0.6757421295282681,
  "block_size": 208,
  "dropout": 0.1455955603020467,
  "epsilon": 1.369531e-10,
  "lr": 0.0010297990965192,
  "n_embd": 10,
  "n_head": 4,
  "n_layer": 3,
  "seed": 132448037.85924575,
  "weight_decay": 6.205026121e-07
}