{
  "batch_size": 94.28503362245183,
  "beta_1": 0.9870040625698984,
  "beta_2": 0.14088602424427765,
  "block_size": 128.2500199246482,
  "dropout": 0.31697372481172,
  "epsilon": 2.3138226641828705e-05,
  "lr": 0.005405149867058026,
  "n_embd": 20.43271723152885,
  "n_head": 1.0868576440606814,
  "n_layer": 2.783567066256216,
  "seed": 586511108.9244486,
  "weight_decay": 0.006531997751115967
}