{
  "batch_size": 44,
  "beta_1": 0.2555155602737223,
  "beta_2": 0.3055505553460447,
  "block_size": 327,
  "dropout": 0.29418210893316865,
  "epsilon": 0.00043604544533139023,
  "lr": 2.8536826874778717e-06,
  "n_embd": 18,
  "n_head": 1,
  "n_layer": 4,
  "seed": 290531316,
  "weight_decay": 2.537036773748528e-07
}