{
  "batch_size": 90,
  "beta_1": 0.12954125357562066,
  "beta_2": 0.3654024210381156,
  "block_size": 291,
  "dropout": 0.10928627810160824,
  "epsilon": 2.315274145847559e-05,
  "lr": 0.003762014342294773,
  "n_embd": 42,
  "n_head": 1,
  "n_layer": 6,
  "seed": 1465806175,
  "weight_decay": 7.578819952187388e-08
}