{
  "batch_size": 25.5997437241804,
  "beta_1": 0.6405491895921621,
  "beta_2": 0.969224300500451,
  "block_size": 248.06275503054937,
  "dropout": 0.4506271708590275,
  "epsilon": 0.0006958222250170138,
  "lr": 0.03649183169203252,
  "n_embd": 7.682838944540021,
  "n_head": 3.2078001513571843,
  "n_layer": 3.826048918453976,
  "seed": 1587165342.1368053,
  "weight_decay": 0.0084366477486475
}