{
  "batch_size": 66,
  "beta_1": 0.18403258123259073,
  "beta_2": 0.9677980118849192,
  "block_size": 70,
  "dropout": 0.2187279223968581,
  "epsilon": 9.78039316129227e-07,
  "lr": 0.01763416978745649,
  "n_embd": 26,
  "n_head": 1,
  "n_layer": 3,
  "seed": 1533722535,
  "weight_decay": 4.119584411007626e-07
}