{
  "batch_size": 65.7617967650602,
  "beta_1": 0.4347051110099558,
  "beta_2": 0.6204180512918307,
  "block_size": 183.7651520215887,
  "dropout": 0.3938286213285702,
  "epsilon": 0.000608688280315412,
  "lr": 0.08627785998065572,
  "n_embd": 32.708456126751656,
  "n_head": 6.72281176977099,
  "n_layer": 3.225921097966636,
  "seed": 2124726898.2472954,
  "weight_decay": 0.008943937943900877
}