{
  "batch_size": 77,
  "beta_1": 0.6599022137380828,
  "beta_2": 0.3372555824146388,
  "block_size": 113,
  "dropout": 0.2169189711520957,
  "epsilon": 7.121036132e-07,
  "lr": 0.0008779456810718,
  "n_embd": 22,
  "n_head": 6,
  "n_layer": 6,
  "seed": 1979270972.9324877,
  "weight_decay": 8.02218141e-08
}