{
  "batch_size": 72.86459132414058,
  "beta_1": 0.7864943344622504,
  "beta_2": 0.951255330741126,
  "block_size": 274.9731615216493,
  "dropout": 0.2095135687252892,
  "epsilon": 0.0001937270623709375,
  "lr": 0.022158547878348294,
  "n_embd": 46.13287663232666,
  "n_head": 6.560326373345135,
  "n_layer": 4.3698572062451895,
  "seed": 1833583752.6483264,
  "weight_decay": 0.008111279819423809
}