{
  "batch_size": 62.54614878497986,
  "beta_1": 0.2531158691711243,
  "beta_2": 0.4488323381316458,
  "block_size": 253.22569285214482,
  "dropout": 0.13072671012120668,
  "epsilon": 0.0006602649898220851,
  "lr": 0.0695520298055005,
  "n_embd": 23.60498207892578,
  "n_head": 2.2847173494765363,
  "n_layer": 3.8781530129155266,
  "seed": 2136457457.1937761,
  "weight_decay": 0.004491874393353313
}