{
  "batch_size": 83,
  "beta_1": 0.7714774185519858,
  "beta_2": 0.1588621793892214,
  "block_size": 182,
  "dropout": 0.318436724827618,
  "epsilon": 7.8734303e-09,
  "lr": 5.3135786232e-06,
  "n_embd": 1,
  "n_head": 1,
  "n_layer": 3,
  "seed": 1418789081.2769763,
  "weight_decay": 7.181226251e-06
}