{
  "batch_size": 22,
  "beta_1": 0.3856318668778934,
  "beta_2": 0.2562186198945162,
  "block_size": 285,
  "dropout": 0.15808517790103585,
  "epsilon": 1.2706642150432544e-06,
  "lr": 0.0016743347105919596,
  "n_embd": 15,
  "n_head": 6,
  "n_layer": 1,
  "seed": 2115734680,
  "weight_decay": 0.0006351834102642717
}