{
  "batch_size": 94,
  "beta_1": 0.32719182492707,
  "beta_2": 0.8560443250269371,
  "block_size": 339,
  "dropout": 0.1799203467362688,
  "epsilon": 1.87853269e-08,
  "lr": 0.000775435542273,
  "n_embd": 5,
  "n_head": 2,
  "n_layer": 5,
  "seed": 1198043414.5223477,
  "weight_decay": 1.201695937e-06
}