{
  "batch_size": 50.6198829124802,
  "beta_1": 0.6168125828238248,
  "beta_2": 0.7555842822233257,
  "block_size": 217.85405709629475,
  "dropout": 0.2732584906514738,
  "epsilon": 7.422856878101146e-05,
  "lr": 0.08021753875387805,
  "n_embd": 13.121461434289962,
  "n_head": 1.2899227596688039,
  "n_layer": 1.174052896167718,
  "seed": 1220514342.9413733,
  "weight_decay": 0.003498622716318541
}