{
  "batch_size": 75.10945707590449,
  "beta_1": 0.25546147642319555,
  "beta_2": 0.6810667680254785,
  "block_size": 282.887977508083,
  "dropout": 0.2641193309790395,
  "epsilon": 0.00017818597343315432,
  "lr": 0.058826638348028044,
  "n_embd": 38.2351423862033,
  "n_head": 5.101403980567575,
  "n_layer": 1.5645559914089424,
  "seed": 1321462380.4205165,
  "weight_decay": 0.006929415544785927
}