{
  "batch_size": 40.40170274976458,
  "beta_1": 0.8330202924963402,
  "beta_2": 0.2789180612604435,
  "block_size": 320.89487766106737,
  "dropout": 0.2991704061480621,
  "epsilon": 0.0005999856516256699,
  "lr": 0.04948066234840883,
  "n_embd": 8.302959361306792,
  "n_head": 4.347319667793571,
  "n_layer": 6.139413320920889,
  "seed": 245748061.27141103,
  "weight_decay": 0.004393956776140295
}