{
  "batch_size": 45.75253252720968,
  "beta_1": 0.16725872354134325,
  "beta_2": 0.5323648805335207,
  "block_size": 272.5333015005432,
  "dropout": 0.15358663779746823,
  "epsilon": 0.0005948606024070364,
  "lr": 0.09269209981022013,
  "n_embd": 7.104224129903898,
  "n_head": 6.95504992477108,
  "n_layer": 4.392647094122942,
  "seed": 2143368818.213349,
  "weight_decay": 0.005521757527920075
}