{
  "batch_size": 92.87104723738815,
  "beta_1": 0.8340228168685371,
  "beta_2": 0.7463530786929897,
  "block_size": 365.88888004604274,
  "dropout": 0.3037743181210045,
  "epsilon": 0.0005568859668751013,
  "lr": 0.028834396991293684,
  "n_embd": 47.68872857898206,
  "n_head": 1.8728167694251028,
  "n_layer": 6.149064252742131,
  "seed": 1407159215.6538787,
  "weight_decay": 0.0010187277335797164
}