{
  "batch_size": 23,
  "beta_1": 0.4391771139720684,
  "beta_2": 0.6862023789719274,
  "block_size": 362,
  "dropout": 0.1529658390125782,
  "epsilon": 3.2889686722534206e-07,
  "lr": 0.0002337388224699523,
  "n_embd": 18,
  "n_head": 6,
  "n_layer": 6,
  "seed": 1232823531,
  "weight_decay": 0.00015626598555297698
}