{
  "batch_size": 22,
  "beta_1": 0.8554581381078151,
  "beta_2": 0.3784891713863161,
  "block_size": 369,
  "dropout": 0.43307139218440627,
  "epsilon": 1.4280666228645604e-09,
  "lr": 7.391465046768602e-06,
  "n_embd": 48,
  "n_head": 5,
  "n_layer": 4,
  "seed": 890808628,
  "weight_decay": 5.525563938570659e-07
}