{
  "batch_size": 28.090911937822536,
  "beta_1": 0.17411480896986933,
  "beta_2": 0.7905279846206503,
  "block_size": 129.26878180300818,
  "dropout": 0.4768758536076856,
  "epsilon": 0.0008017591708689122,
  "lr": 0.05206827988843977,
  "n_embd": 5.07666795530556,
  "n_head": 2.505241891556559,
  "n_layer": 3.6916036512345367,
  "seed": 103884375.62778611,
  "weight_decay": 0.0025597263283341273
}