{
  "batch_size": 60.68630866983112,
  "beta_1": 0.415086696787056,
  "beta_2": 0.7825709800790964,
  "block_size": 70.0116664517627,
  "dropout": 0.13258353815768184,
  "epsilon": 0.00016861591286099851,
  "lr": 0.06947859400078281,
  "n_embd": 42.07204002805571,
  "n_head": 6.3615812315541325,
  "n_layer": 6.882791559124282,
  "seed": 1139676290.458403,
  "weight_decay": 0.005319016084895978
}