{
  "batch_size": 67.3286547845566,
  "beta_1": 0.27382578430522253,
  "beta_2": 0.7054416661342061,
  "block_size": 109.75216060472702,
  "dropout": 0.4242216510687421,
  "epsilon": 0.00034841976210233945,
  "lr": 0.03347279388687263,
  "n_embd": 25.301103024271487,
  "n_head": 4.581681822175229,
  "n_layer": 5.914538109069211,
  "seed": 1681773070.1939087,
  "weight_decay": 0.0020530560159411327
}