{
  "batch_size": 88.56656963406371,
  "beta_1": 0.512675141299142,
  "beta_2": 0.3848448573855836,
  "block_size": 270.78381979587414,
  "dropout": 0.24025487257737632,
  "epsilon": 0.0007395015479468455,
  "lr": 0.04183290259169324,
  "n_embd": 53.59249267789808,
  "n_head": 4.170168150228658,
  "n_layer": 1.4476818735100743,
  "seed": 1522260499.8278072,
  "weight_decay": 0.009982380353787533
}