{
  "batch_size": 22.70710952330751,
  "beta_1": 0.11698379115729801,
  "beta_2": 0.5714281626359426,
  "block_size": 70.05233274171361,
  "dropout": 0.4309690494460964,
  "epsilon": 0.0008753335702332628,
  "lr": 0.06454906684936282,
  "n_embd": 45.93516982793493,
  "n_head": 2.8041864005573895,
  "n_layer": 2.6799435005492764,
  "seed": 1250305591.159046,
  "weight_decay": 0.008141390886056114
}