{
  "batch_size": 49.36722982717501,
  "beta_1": 0.9152171674288048,
  "beta_2": 0.548672394399955,
  "block_size": 199.38411954843224,
  "dropout": 0.23207505007353335,
  "epsilon": 0.0009899617433948554,
  "lr": 0.005519438154407709,
  "n_embd": 2.3082531603445235,
  "n_head": 6.792849372543912,
  "n_layer": 1.8624519546171276,
  "seed": 1219627013.787032,
  "weight_decay": 0.009300930820695408
}