{
  "batch_size": 68.44203464647643,
  "beta_1": 0.23910652450924183,
  "beta_2": 0.3047451485496536,
  "block_size": 79.05171870037675,
  "dropout": 0.3373890610793474,
  "epsilon": 0.00022849955359665453,
  "lr": 0.0019228907998388542,
  "n_embd": 29.43856595561327,
  "n_head": 5.651480534491988,
  "n_layer": 3.1427609031037234,
  "seed": 1331684465.625398,
  "weight_decay": 0.0011055007427353864
}