{
  "batch_size": 80,
  "beta_1": 0.9505182548154724,
  "beta_2": 0.4366092106169337,
  "block_size": 321,
  "dropout": 0.1465830525280003,
  "epsilon": 0.0004432380170787,
  "lr": 0.0007072653023643,
  "n_embd": 14,
  "n_head": 5,
  "n_layer": 2,
  "seed": 1128111094.5965793,
  "weight_decay": 0.0002338574221154
}