{
  "batch_size": 74,
  "beta_1": 0.15412613250961432,
  "beta_2": 0.4805484465528369,
  "block_size": 222,
  "dropout": 0.10722239288024174,
  "epsilon": 9.047356675503702e-09,
  "lr": 0.0002181022566484935,
  "n_embd": 26,
  "n_head": 6,
  "n_layer": 4,
  "seed": 122123289,
  "weight_decay": 4.4969635116459766e-05
}