{
  "batch_size": 33.257336728050696,
  "beta_1": 0.5533520983047451,
  "beta_2": 0.6067251109119706,
  "block_size": 371.05946059050973,
  "dropout": 0.15185951523441843,
  "epsilon": 0.00047067943989195294,
  "lr": 0.033159740679691505,
  "n_embd": 43.873968711460186,
  "n_head": 1.02720657115831,
  "n_layer": 5.9551451197391305,
  "seed": 1796919972.5803068,
  "weight_decay": 0.001124920747645559
}