{
  "batch_size": 80,
  "beta_1": 0.730931821121768,
  "beta_2": 0.7640075863794716,
  "block_size": 269,
  "dropout": 0.23271412004018677,
  "epsilon": 3.3973735783547446e-08,
  "lr": 0.004550278307615512,
  "n_embd": 48,
  "n_head": 4,
  "n_layer": 6,
  "seed": 23893899,
  "weight_decay": 3.6682344634985066e-08
}