{
  "batch_size": 18,
  "beta_1": 0.3484961854539802,
  "beta_2": 0.4332619899124662,
  "block_size": 98,
  "dropout": 0.3886930723424207,
  "epsilon": 0.0007457520555578,
  "lr": 0.0002367088858748,
  "n_embd": 33,
  "n_head": 4,
  "n_layer": 5,
  "seed": 396916550.83709973,
  "weight_decay": 1.796413597e-07
}