{
  "batch_size": 73.99167161734526,
  "beta_1": 0.4693973490583401,
  "beta_2": 0.23449734476777262,
  "block_size": 289.4048892474495,
  "dropout": 0.13739611967516221,
  "epsilon": 0.0008316435166791869,
  "lr": 0.03923515244537672,
  "n_embd": 4.511483045204048,
  "n_head": 6.696321681105746,
  "n_layer": 4.060993570844428,
  "seed": 2120064105.1957724,
  "weight_decay": 0.00874268717680326
}