{
  "batch_size": 23,
  "beta_1": 0.1433663166526562,
  "beta_2": 0.2257500006393859,
  "block_size": 89,
  "dropout": 0.1074649643848253,
  "epsilon": 3.20218518e-07,
  "lr": 5.42067945038e-05,
  "n_embd": 36,
  "n_head": 6,
  "n_layer": 4,
  "seed": 2077929757.0705817,
  "weight_decay": 2.090731606e-07
}