{
  "batch_size": 86,
  "beta_1": 0.7878257576112032,
  "beta_2": 0.4007813628183352,
  "block_size": 334,
  "dropout": 0.3057080288382005,
  "epsilon": 1.8250657033770805e-07,
  "lr": 0.0019879694987137045,
  "n_embd": 24,
  "n_head": 6,
  "n_layer": 2,
  "seed": 1076692368,
  "weight_decay": 0.0032984497983109223
}