{
  "batch_size": 17,
  "beta_1": 0.18945510363935336,
  "beta_2": 0.7827344794322532,
  "block_size": 171,
  "dropout": 0.12602296692658396,
  "epsilon": 4.959516442327883e-07,
  "lr": 0.000494135348784802,
  "n_embd": 4,
  "n_head": 6,
  "n_layer": 2,
  "seed": 1904918750,
  "weight_decay": 1.388247786148026e-07
}