{
  "batch_size": 79.12144148072449,
  "beta_1": 0.4235851240270708,
  "beta_2": 0.683869076932453,
  "block_size": 265.79485415643626,
  "dropout": 0.29977633176589463,
  "epsilon": 0.0009937445467829945,
  "lr": 0.030641803516567503,
  "n_embd": 37.43386783327264,
  "n_head": 2.38755892280718,
  "n_layer": 5.456016292234977,
  "seed": 1058978117.8813597,
  "weight_decay": 0.00010401069342482554
}