{
  "batch_size": 75,
  "beta_1": 0.7205188428397847,
  "beta_2": 0.8764559679372217,
  "block_size": 305,
  "dropout": 0.18723768582739161,
  "epsilon": 3.993601742264058e-05,
  "lr": 0.00025453879025418767,
  "n_embd": 15,
  "n_head": 5,
  "n_layer": 3,
  "seed": 80999311,
  "weight_decay": 5.408560695913088e-08
}