{
  "batch_size": 47.17744989869874,
  "beta_1": 0.8927415470183309,
  "beta_2": 0.13627663213549798,
  "block_size": 272.0831983438017,
  "dropout": 0.18341013718797422,
  "epsilon": 0.0008623137477977776,
  "lr": 0.032720221304364895,
  "n_embd": 47.463013164669384,
  "n_head": 6.993384205726112,
  "n_layer": 3.8351246721732197,
  "seed": 1766281615.6909072,
  "weight_decay": 0.0054232527554192835
}