{
  "batch_size": 87.97607436248035,
  "beta_1": 0.8797876113452316,
  "beta_2": 0.42358591445526284,
  "block_size": 284.764778898248,
  "dropout": 0.21765742767898943,
  "epsilon": 0.0005647498564626832,
  "lr": 0.09078852558060611,
  "n_embd": 1.4551736607016004,
  "n_head": 2.8678139420890476,
  "n_layer": 3.3275792705926355,
  "seed": 1914456684.6154068,
  "weight_decay": 0.001086885950664293
}