{
  "batch_size": 78.9145691808259,
  "beta_1": 0.5278549550065188,
  "beta_2": 0.2859869620127125,
  "block_size": 293.13175080109403,
  "dropout": 0.4326888370020002,
  "epsilon": 0.0001073264565535351,
  "lr": 0.04309146560528364,
  "n_embd": 51.058805373092234,
  "n_head": 1.8625266131045617,
  "n_layer": 6.733959242541594,
  "seed": 1316280394.3307807,
  "weight_decay": 0.009060717396230222
}