{
  "batch_size": 42,
  "beta_1": 0.4139391186915413,
  "beta_2": 0.4512092313113857,
  "block_size": 106,
  "dropout": 0.3745573970903838,
  "epsilon": 1.6699177314e-06,
  "lr": 0.0034432834163867,
  "n_embd": 1,
  "n_head": 3,
  "n_layer": 1,
  "seed": 1344666166.7709486,
  "weight_decay": 5.0820602203e-05
}