{
  "batch_size": 90.45187796701758,
  "beta_1": 0.5566957563169328,
  "beta_2": 0.6572224568399988,
  "block_size": 147.73542593845895,
  "dropout": 0.3698805021989081,
  "epsilon": 0.0004555742634050754,
  "lr": 0.0003650767036359992,
  "n_embd": 52.445447188366444,
  "n_head": 6.640030395779702,
  "n_layer": 4.595476820042192,
  "seed": 1963759805.2474096,
  "weight_decay": 0.005731239877979814
}