{
  "batch_size": 51,
  "beta_1": 0.4341530077108927,
  "beta_2": 0.6734757332545299,
  "block_size": 229,
  "dropout": 0.171993910497174,
  "epsilon": 2.14450251e-07,
  "lr": 0.0002213738548906,
  "n_embd": 36,
  "n_head": 2,
  "n_layer": 2,
  "seed": 2037610301.7887487,
  "weight_decay": 3.151945447e-07
}