{
  "batch_size": 16,
  "beta_1": 0.9074925666413465,
  "beta_2": 0.32304955361819243,
  "block_size": 379,
  "dropout": 0.43240513070351305,
  "epsilon": 9.691674039890342e-06,
  "lr": 0.0003262228158056845,
  "n_embd": 50,
  "n_head": 6,
  "n_layer": 3,
  "seed": 759351339,
  "weight_decay": 5.8394977890571995e-05
}