{
  "batch_size": 53,
  "beta_1": 0.2221760143077637,
  "beta_2": 0.9282903721286304,
  "block_size": 347,
  "dropout": 0.19186213644272337,
  "epsilon": 2.1335331334037167e-05,
  "lr": 1.9680431250745758e-05,
  "n_embd": 40,
  "n_head": 6,
  "n_layer": 1,
  "seed": 1354898310,
  "weight_decay": 2.7529192639984033e-06
}