{
  "batch_size": 53,
  "beta_1": 0.7607911312586719,
  "beta_2": 0.7939026231229925,
  "block_size": 219,
  "dropout": 0.408127644342441,
  "epsilon": 2.6392542e-09,
  "lr": 0.0003008148369425,
  "n_embd": 49,
  "n_head": 4,
  "n_layer": 6,
  "seed": 1258807841.7589605,
  "weight_decay": 2.0133102266e-06
}