{
  "batch_size": 41,
  "beta_1": 0.232854229838854,
  "beta_2": 0.8802019830644467,
  "block_size": 306,
  "dropout": 0.1786569587595569,
  "epsilon": 1.153156873e-07,
  "lr": 0.0009006035214776,
  "n_embd": 27,
  "n_head": 5,
  "n_layer": 5,
  "seed": 1917349993.6003122,
  "weight_decay": 0.004709528890063
}