{
  "batch_size": 22,
  "beta_1": 0.33964624719963293,
  "beta_2": 0.6904232544312127,
  "block_size": 285,
  "dropout": 0.03952129447525896,
  "epsilon": 9.529981612824408e-07,
  "lr": 0.0037672530988319087,
  "n_embd": 15,
  "n_head": 6,
  "n_layer": 1,
  "seed": 2115734680,
  "weight_decay": 0.00047638755769820374
}