{
  "batch_size": 40,
  "beta_1": 0.5654527717481221,
  "beta_2": 0.9087562063508653,
  "block_size": 96,
  "dropout": 0.44117296761318725,
  "epsilon": 4.9720874406285916e-08,
  "lr": 0.0003666263736438391,
  "n_embd": 41,
  "n_head": 4,
  "n_layer": 6,
  "seed": 2040818181,
  "weight_decay": 5.863657831649282e-06
}