{
  "batch_size": 29,
  "beta_1": 0.5695130141993254,
  "beta_2": 0.38841226039865384,
  "block_size": 106,
  "dropout": 0.1964551827493712,
  "epsilon": 0.0002821410225577329,
  "lr": 5.019570404803069e-06,
  "n_embd": 33,
  "n_head": 6,
  "n_layer": 3,
  "seed": 368504320,
  "weight_decay": 5.574603638841226e-07
}