{
  "batch_size": 60,
  "beta_1": 0.3616302525198198,
  "beta_2": 0.886534766559744,
  "block_size": 274,
  "dropout": 0.282262712132256,
  "epsilon": 1.16533529666e-05,
  "lr": 3.81468745476e-05,
  "n_embd": 43,
  "n_head": 4,
  "n_layer": 6,
  "seed": 1102399711.1233678,
  "weight_decay": 0.0002039215241355
}