{
  "batch_size": 76,
  "beta_1": 0.4471909573953288,
  "beta_2": 0.9334408593323787,
  "block_size": 374,
  "dropout": 0.4377879543729757,
  "epsilon": 5.6446776e-08,
  "lr": 0.0002458066485921,
  "n_embd": 43,
  "n_head": 5,
  "n_layer": 3,
  "seed": 678039493.1524397,
  "weight_decay": 2.5558855517e-06
}