{
  "batch_size": 70.803837670414,
  "beta_1": 0.7699725556662572,
  "beta_2": 0.7823218918798219,
  "block_size": 358.3363979671851,
  "dropout": 0.10968864905316728,
  "epsilon": 0.0009500721199887776,
  "lr": 0.026763613337029996,
  "n_embd": 5.262205041507639,
  "n_head": 1.9983915439555382,
  "n_layer": 6.112852162393027,
  "seed": 899591483.7563981,
  "weight_decay": 0.0071842424143593155
}