{
  "batch_size": 67.67496169300207,
  "beta_1": 0.1622921457805285,
  "beta_2": 0.45752998708209236,
  "block_size": 161.1679869599227,
  "dropout": 0.3939150123772598,
  "epsilon": 0.0001828829272831644,
  "lr": 0.09216763471646429,
  "n_embd": 11.804539404287242,
  "n_head": 6.5044201872282965,
  "n_layer": 6.433569314423069,
  "seed": 1700172254.3646343,
  "weight_decay": 0.007593768686894809
}