{
  "batch_size": 33,
  "beta_1": 0.9227984333537805,
  "beta_2": 0.3723301528102567,
  "block_size": 85,
  "dropout": 0.40116715076851717,
  "epsilon": 1.7122693291951134e-05,
  "lr": 0.00026977213035413877,
  "n_embd": 46,
  "n_head": 1,
  "n_layer": 2,
  "seed": 1730695799,
  "weight_decay": 7.901577421419587e-06
}