{
  "batch_size": 77.93592646334614,
  "beta_1": 0.16803948029655907,
  "beta_2": 0.1332324471332764,
  "block_size": 305.6837548684206,
  "dropout": 0.13050093288637338,
  "epsilon": 0.0007613724394031379,
  "lr": 0.0894744292246601,
  "n_embd": 17.81351215212326,
  "n_head": 2.879926011672647,
  "n_layer": 2.1703883801847716,
  "seed": 1802146316.348608,
  "weight_decay": 0.0010169438685701253
}