{
  "batch_size": 83,
  "beta_1": 0.7910842796059979,
  "beta_2": 0.47342906113000116,
  "block_size": 275,
  "dropout": 0.1200131407181563,
  "epsilon": 0.00021086293757981907,
  "lr": 2.4889664128302992e-05,
  "n_embd": 36,
  "n_head": 5,
  "n_layer": 4,
  "seed": 1729851016,
  "weight_decay": 1.7037755949143005e-08
}