{
  "batch_size": 39.0915421681204,
  "beta_1": 0.2623720412986126,
  "beta_2": 0.9353978684850813,
  "block_size": 79.51394775357781,
  "dropout": 0.41927668297786924,
  "epsilon": 0.00034518990451701926,
  "lr": 0.051558486033871184,
  "n_embd": 34.967435502157635,
  "n_head": 5.775473945370642,
  "n_layer": 4.525040308794083,
  "seed": 1220618364.8455822,
  "weight_decay": 0.0012355763893668011
}