{
  "batch_size": 91,
  "beta_1": 0.7764995697988653,
  "beta_2": 0.4992247754919569,
  "block_size": 208,
  "dropout": 0.3620358910916096,
  "epsilon": 0.0007987460788882,
  "lr": 0.0010712915387282,
  "n_embd": 33,
  "n_head": 4,
  "n_layer": 4,
  "seed": 1936417887.8783956,
  "weight_decay": 0.0019651750286769
}