{
  "batch_size": 40.90976620205251,
  "beta_1": 0.26584351515951876,
  "beta_2": 0.8862857046738396,
  "block_size": 369.9526468640148,
  "dropout": 0.3947550691531916,
  "epsilon": 0.0007014149262149529,
  "lr": 0.07077523233995822,
  "n_embd": 14.911669731230036,
  "n_head": 6.829052215214487,
  "n_layer": 3.309960553604126,
  "seed": 448490883.67620665,
  "weight_decay": 0.0010338584892348904
}