{
  "batch_size": 73.58254564363034,
  "beta_1": 0.544922219620512,
  "beta_2": 0.4206925990613266,
  "block_size": 294.33409334460964,
  "dropout": 0.4967193841439449,
  "epsilon": 0.0007177856463975655,
  "lr": 0.04225029241095021,
  "n_embd": 31.71883232243661,
  "n_head": 6.04275823294351,
  "n_layer": 6.8130426037290635,
  "seed": 1411363401.4359262,
  "weight_decay": 0.003924974663130142
}