{
  "batch_size": 75,
  "beta_1": 0.7820070956779127,
  "beta_2": 0.6817608973355557,
  "block_size": 75,
  "dropout": 0.23473365914944885,
  "epsilon": 5.272262233458268e-07,
  "lr": 1.4994722801764544e-05,
  "n_embd": 14,
  "n_head": 4,
  "n_layer": 6,
  "seed": 1284722498,
  "weight_decay": 0.007103005825853825
}