{
  "batch_size": 22.769842770563006,
  "beta_1": 0.7659592274964537,
  "beta_2": 0.3482645282071207,
  "block_size": 360.4529698096309,
  "dropout": 0.42628322116536865,
  "epsilon": 0.0005141403277088703,
  "lr": 0.08280994693879275,
  "n_embd": 46.93932225180215,
  "n_head": 1.6538190673883202,
  "n_layer": 3.8385817404736255,
  "seed": 1714367712.9962173,
  "weight_decay": 0.006265166131148914
}