{
  "batch_size": 29.504897282531942,
  "beta_1": 0.9224210412570563,
  "beta_2": 0.9424407112055094,
  "block_size": 318.10207894589286,
  "dropout": 0.3495237664069667,
  "epsilon": 0.0007553254267043348,
  "lr": 0.033416627046838135,
  "n_embd": 1.9680131712311064,
  "n_head": 2.188708379896271,
  "n_layer": 6.0634060361350555,
  "seed": 1722349553.5965328,
  "weight_decay": 0.00487707903252892
}