{
  "batch_size": 78,
  "beta_1": 0.9890937754051062,
  "beta_2": 0.42402490476195087,
  "block_size": 313,
  "dropout": 0.3381089712093438,
  "epsilon": 5.518325762769119e-10,
  "lr": 0.0004729521051994297,
  "n_embd": 2,
  "n_head": 5,
  "n_layer": 1,
  "seed": 618302741,
  "weight_decay": 4.4112460680126315e-07
}