{
  "batch_size": 33.60285209221405,
  "beta_1": 0.8091847871949002,
  "beta_2": 0.9796866088476575,
  "block_size": 217.7697303598016,
  "dropout": 0.3635768203629617,
  "epsilon": 0.0002534790907244063,
  "lr": 0.005532063333322969,
  "n_embd": 10.583488668925135,
  "n_head": 4.1967469442632614,
  "n_layer": 2.5466502276066687,
  "seed": 1174521962.9495974,
  "weight_decay": 0.00656344457577642
}