{
  "batch_size": 72.60503353935292,
  "beta_1": 0.11640097477548955,
  "beta_2": 0.1438584468749394,
  "block_size": 177.31820141550338,
  "dropout": 0.4849575681327276,
  "epsilon": 0.0004315301440106594,
  "lr": 0.0163339998541983,
  "n_embd": 50.51203467240869,
  "n_head": 5.654246940391002,
  "n_layer": 5.435974435265904,
  "seed": 814208008.3245814,
  "weight_decay": 0.008429701741561811
}