{
  "batch_size": 62,
  "beta_1": 0.4452584150957819,
  "beta_2": 0.222523430363429,
  "block_size": 126,
  "dropout": 0.2801338373694064,
  "epsilon": 5.42707253e-08,
  "lr": 0.0002833889523207,
  "n_embd": 20,
  "n_head": 2,
  "n_layer": 2,
  "seed": 11243914.839863235,
  "weight_decay": 1.8404876179e-06
}