{
  "batch_size": 66.50325804757432,
  "beta_1": 0.7280921196009618,
  "beta_2": 0.21559181192465177,
  "block_size": 109.82261534774639,
  "dropout": 0.3897232536874009,
  "epsilon": 0.0009083741956640365,
  "lr": 0.08107934892593875,
  "n_embd": 35.68646771277863,
  "n_head": 2.30367639451935,
  "n_layer": 5.851797661087983,
  "seed": 1856404256.130433,
  "weight_decay": 0.001508977342014822
}