{
  "batch_size": 18,
  "beta_1": 0.6910835500139825,
  "beta_2": 0.3304485827256274,
  "block_size": 288,
  "dropout": 0.253346082474516,
  "epsilon": 1.25171535e-08,
  "lr": 0.0024914778586692,
  "n_embd": 27,
  "n_head": 1,
  "n_layer": 2,
  "seed": 93208433.7254687,
  "weight_decay": 1.04538080089e-05
}