{
  "batch_size": 50,
  "beta_1": 0.3283194332330474,
  "beta_2": 0.7922096008190079,
  "block_size": 319,
  "dropout": 0.12865536195511285,
  "epsilon": 2.12410168284172e-05,
  "lr": 1.660820871658513e-05,
  "n_embd": 20,
  "n_head": 2,
  "n_layer": 2,
  "seed": 93429481,
  "weight_decay": 1.2463997174577918e-06
}