{
  "batch_size": 74.3705225257342,
  "beta_1": 0.5900203169064948,
  "beta_2": 0.6785676851282942,
  "block_size": 189.72857279213582,
  "dropout": 0.3130168677892276,
  "epsilon": 5.0180294364664314e-05,
  "lr": 0.022621329995854984,
  "n_embd": 13.159991520047685,
  "n_head": 6.178370428564664,
  "n_layer": 6.890565338473713,
  "seed": 451385742.789301,
  "weight_decay": 0.0069809449877521
}