{
  "batch_size": 83,
  "beta_1": 0.1177193554144884,
  "beta_2": 0.9842366108340734,
  "block_size": 335,
  "dropout": 0.2305132563986357,
  "epsilon": 9.294133626e-06,
  "lr": 0.0267731392940295,
  "n_embd": 4,
  "n_head": 6,
  "n_layer": 5,
  "seed": 1626252929.6134796,
  "weight_decay": 2.72649252279e-05
}