{
  "batch_size": 30.555792823907083,
  "beta_1": 0.8496448025116198,
  "beta_2": 0.752692389842441,
  "block_size": 239.01109279628042,
  "dropout": 0.42211967931781424,
  "epsilon": 9.505138326050834e-05,
  "lr": 0.0107547821252114,
  "n_embd": 19.41910859800905,
  "n_head": 4.4292158090667515,
  "n_layer": 2.6761793168974535,
  "seed": 1196463513.318796,
  "weight_decay": 0.004320948993316229
}