{
  "batch_size": 18,
  "beta_1": 0.8291003063659725,
  "beta_2": 0.1320257736154518,
  "block_size": 351,
  "dropout": 0.2152643563207919,
  "epsilon": 2.20323849915e-05,
  "lr": 6.44177223554e-05,
  "n_embd": 26,
  "n_head": 3,
  "n_layer": 3,
  "seed": 433571113.16180885,
  "weight_decay": 4.45080441112e-05
}