{
  "batch_size": 80.54611919129931,
  "beta_1": 0.6513360678531619,
  "beta_2": 0.31734986962063233,
  "block_size": 316.88514878301476,
  "dropout": 0.23361376918688195,
  "epsilon": 0.00069299146705723,
  "lr": 0.03685158164616428,
  "n_embd": 6.855318432596291,
  "n_head": 3.7148192689050368,
  "n_layer": 3.2997785417151806,
  "seed": 1381554877.66463,
  "weight_decay": 0.0054459449565793915
}