{
  "batch_size": 55.046065385912335,
  "beta_1": 0.8138907292715741,
  "beta_2": 0.9440378825661441,
  "block_size": 172.83425412610052,
  "dropout": 0.42915885241056173,
  "epsilon": 0.00042865949460780314,
  "lr": 0.058478936620770174,
  "n_embd": 48.290869929728004,
  "n_head": 2.732695590678567,
  "n_layer": 3.6485824681018943,
  "seed": 1044007707.5979525,
  "weight_decay": 0.0018936320985847173
}