{
  "batch_size": 25.24915054379816,
  "beta_1": 0.24392656043810704,
  "beta_2": 0.4555489258817793,
  "block_size": 381.800542417308,
  "dropout": 0.32270346314645343,
  "epsilon": 0.00014925756122404906,
  "lr": 0.05192124712327138,
  "n_embd": 13.303309074020923,
  "n_head": 1.4272306874115235,
  "n_layer": 2.3302683237767825,
  "seed": 1250613585.6412516,
  "weight_decay": 0.00969470956613932
}