{
  "batch_size": 93.90915344736537,
  "beta_1": 0.9304801206812743,
  "beta_2": 0.5984073662474496,
  "block_size": 182.89447545603042,
  "dropout": 0.2381824681407979,
  "epsilon": 0.000970376812755057,
  "lr": 0.04659166693014314,
  "n_embd": 40.570837622010835,
  "n_head": 1.6743710866200632,
  "n_layer": 3.9260745589918535,
  "seed": 1758373207.3256345,
  "weight_decay": 0.001171987719474773
}