{
  "batch_size": 59,
  "beta_1": 0.2318374575099084,
  "beta_2": 0.8140379909091466,
  "block_size": 67,
  "dropout": 0.4938119412323486,
  "epsilon": 6.1411113042e-06,
  "lr": 0.0015815451114473,
  "n_embd": 42,
  "n_head": 6,
  "n_layer": 2,
  "seed": 796966748.5232881,
  "weight_decay": 6.607234328e-07
}