{
  "batch_size": 45.09937479141641,
  "beta_1": 0.14371134979191924,
  "beta_2": 0.1147485289252653,
  "block_size": 289.13364123415516,
  "dropout": 0.12330157942596016,
  "epsilon": 0.00042787540527819786,
  "lr": 0.09354746041182285,
  "n_embd": 0.6189565817767704,
  "n_head": 1.06577728411732,
  "n_layer": 3.252290257757137,
  "seed": 1880832863.4286075,
  "weight_decay": 0.006901712291000556
}