{
  "batch_size": 16.345082327477225,
  "beta_1": 0.5382727582619429,
  "beta_2": 0.8132077092273127,
  "block_size": 229.89714213918967,
  "dropout": 0.10492796582976811,
  "epsilon": 0.00014655509818958982,
  "lr": 0.04920571763913231,
  "n_embd": 37.98863694492391,
  "n_head": 1.1162915096672414,
  "n_layer": 6.749514325752689,
  "seed": 1914457365.9515452,
  "weight_decay": 0.007973766482127982
}