{
  "batch_size": 31.516235550508718,
  "beta_1": 0.6089533897987369,
  "beta_2": 0.49378657446062,
  "block_size": 300.8136936036989,
  "dropout": 0.3099313786632646,
  "epsilon": 0.00036467906890813367,
  "lr": 0.056969476818724434,
  "n_embd": 11.546739471091783,
  "n_head": 3.9381231741788616,
  "n_layer": 1.2723161379036887,
  "seed": 206659314.0971347,
  "weight_decay": 0.005086737914958211
}