{
  "batch_size": 47.79839658338196,
  "beta_1": 0.3237231981126377,
  "beta_2": 0.5369417707280638,
  "block_size": 353.62864485076915,
  "dropout": 0.16981580969453447,
  "epsilon": 0.0007819894378702553,
  "lr": 0.09855920642661789,
  "n_embd": 38.75138723354056,
  "n_head": 3.079897038248646,
  "n_layer": 3.429485984345194,
  "seed": 2124746435.2615168,
  "weight_decay": 0.003411686763293551
}