{
  "batch_size": 40.01335360844996,
  "beta_1": 0.12068417468134458,
  "beta_2": 0.9064853099618052,
  "block_size": 214.69206003301917,
  "dropout": 0.25256264451905197,
  "epsilon": 0.0009562373958909267,
  "lr": 0.08692192289535022,
  "n_embd": 22.214972675754037,
  "n_head": 6.746539041170916,
  "n_layer": 3.0482073010517023,
  "seed": 1084898536.966316,
  "weight_decay": 0.002493463690219495
}