{
  "batch_size": 53.68678082927352,
  "beta_1": 0.358231922568069,
  "beta_2": 0.472250095669283,
  "block_size": 203.07852213761518,
  "dropout": 0.3410013273127892,
  "epsilon": 0.00027213607514623935,
  "lr": 0.018470320152561955,
  "n_embd": 6.553287488313319,
  "n_head": 4.42924140972724,
  "n_layer": 5.935178779203801,
  "seed": 1766316157.018094,
  "weight_decay": 0.002898151999900509
}