{
  "batch_size": 90.96064914538633,
  "beta_1": 0.9728302008597972,
  "beta_2": 0.7291654128426893,
  "block_size": 325.4692288267506,
  "dropout": 0.14727548579591476,
  "epsilon": 0.000841583090862293,
  "lr": 0.024019361224654267,
  "n_embd": 14.15004854718958,
  "n_head": 6.15727323421915,
  "n_layer": 3.826054514816275,
  "seed": 1429927327.7746787,
  "weight_decay": 0.007289558387793798
}