{
  "batch_size": 72,
  "beta_1": 0.3653288350078173,
  "beta_2": 0.743248012046894,
  "block_size": 370,
  "dropout": 0.2971249906318976,
  "epsilon": 1.3152683225e-06,
  "lr": 0.000211083975142,
  "n_embd": 41,
  "n_head": 4,
  "n_layer": 3,
  "seed": 1033480008.5751729,
  "weight_decay": 0.0001124399076102
}