{
  "batch_size": 34,
  "beta_1": 0.5887273388312388,
  "beta_2": 0.5199994438639213,
  "block_size": 364,
  "dropout": 0.3801376011588632,
  "epsilon": 7.265572501845532e-08,
  "lr": 0.0008986790872507021,
  "n_embd": 7,
  "n_head": 3,
  "n_layer": 3,
  "seed": 1226157844,
  "weight_decay": 0.009502737985816781
}