{
  "batch_size": 80,
  "beta_1": 0.9157748162004826,
  "beta_2": 0.3821274046172856,
  "block_size": 250,
  "dropout": 0.33444050666224,
  "epsilon": 0.0001774961529184,
  "lr": 0.0459444149628521,
  "n_embd": 1,
  "n_head": 6,
  "n_layer": 3,
  "seed": 1661444423.380209,
  "weight_decay": 1.8674773718e-06
}