{
  "batch_size": 25,
  "beta_1": 0.6073006973669768,
  "beta_2": 0.7543374920096776,
  "block_size": 181,
  "dropout": 0.4215805217953619,
  "epsilon": 1.6468720041194561e-06,
  "lr": 5.246298481386215e-05,
  "n_embd": 20,
  "n_head": 4,
  "n_layer": 5,
  "seed": 100888618,
  "weight_decay": 7.183521817597662e-07
}