{
  "batch_size": 54,
  "beta_1": 0.5868780860138676,
  "beta_2": 0.9339505049766446,
  "block_size": 287,
  "dropout": 0.02504901153390845,
  "epsilon": 4.549359109932166e-05,
  "lr": 0.00018776586018283284,
  "n_embd": 30,
  "n_head": 2,
  "n_layer": 3,
  "seed": 1990916064,
  "weight_decay": 1.8253735060631874e-07
}