{
  "batch_size": 21,
  "beta_1": 0.4865361391431946,
  "beta_2": 0.5678853096868084,
  "block_size": 169,
  "dropout": 0.1350982883812608,
  "epsilon": 2.044781789070307e-07,
  "lr": 2.4965107594997968e-06,
  "n_embd": 0,
  "n_head": 4,
  "n_layer": 1,
  "seed": 1609759097,
  "weight_decay": 3.404163487528249e-05
}