{
  "batch_size": 55.94548505213721,
  "beta_1": 0.8133730213960227,
  "beta_2": 0.8690966561543988,
  "block_size": 85.1296669272212,
  "dropout": 0.17331021379780154,
  "epsilon": 0.0008215438211966507,
  "lr": 0.00011454742676227797,
  "n_embd": 52.721047721111475,
  "n_head": 2.49008400685785,
  "n_layer": 1.9062727503281702,
  "seed": 201309041.9249907,
  "weight_decay": 0.00393240046062104
}