{
  "batch_size": 20.688442026842846,
  "beta_1": 0.41990494931277966,
  "beta_2": 0.673045008543251,
  "block_size": 149.84235472016604,
  "dropout": 0.2021007284606096,
  "epsilon": 0.0008876709317631967,
  "lr": 0.02216460565781682,
  "n_embd": 30.382077115324353,
  "n_head": 1.117587410357526,
  "n_layer": 6.6463953525019,
  "seed": 1611605226.8948731,
  "weight_decay": 0.00655104542138003
}