{
  "batch_size": 67,
  "beta_1": 0.5027684883632564,
  "beta_2": 0.9175787468671973,
  "block_size": 283,
  "dropout": 0.27306438375263753,
  "epsilon": 3.862030587483636e-09,
  "lr": 0.00025268979297985507,
  "n_embd": 49,
  "n_head": 5,
  "n_layer": 1,
  "seed": 876935080,
  "weight_decay": 0.003325032510417599
}