{
  "batch_size": 39.36723745301463,
  "beta_1": 0.6417068442165003,
  "beta_2": 0.26504408580078825,
  "block_size": 375.9993270475893,
  "dropout": 0.10907569522916144,
  "epsilon": 0.000760278885413692,
  "lr": 0.06688876689513126,
  "n_embd": 10.143016052691221,
  "n_head": 6.180508478634557,
  "n_layer": 3.238422278689541,
  "seed": 269467183.56203437,
  "weight_decay": 0.0005776047617480726
}