{
  "batch_size": 42,
  "beta_1": 0.8644919012779921,
  "beta_2": 0.825469418561337,
  "block_size": 254,
  "dropout": 0.26574185348800805,
  "epsilon": 3.470107646863089e-07,
  "lr": 0.0329208887847741,
  "n_embd": 22,
  "n_head": 4,
  "n_layer": 1,
  "seed": 1618000600,
  "weight_decay": 1.3886631637654427e-08
}