{
  "batch_size": 82.4654142254979,
  "beta_1": 0.43088210520675685,
  "beta_2": 0.632159811374198,
  "block_size": 264.04567741038943,
  "dropout": 0.4218125188962859,
  "epsilon": 0.0006210009575986067,
  "lr": 0.09436430447761847,
  "n_embd": 10.618732280822105,
  "n_head": 2.0491260467722774,
  "n_layer": 2.630386195133873,
  "seed": 1339041780.1004384,
  "weight_decay": 0.007568410052898183
}