{
  "batch_size": 88,
  "beta_1": 0.4725663826444465,
  "beta_2": 0.7560994990298137,
  "block_size": 65,
  "dropout": 0.4114340545697786,
  "epsilon": 2.1925470993e-06,
  "lr": 0.0030743811693079,
  "n_embd": 8,
  "n_head": 5,
  "n_layer": 2,
  "seed": 144994222.860948,
  "weight_decay": 7.33291487e-08
}