{
  "batch_size": 45,
  "beta_1": 0.7943011509024874,
  "beta_2": 0.787225566903553,
  "block_size": 322,
  "dropout": 0.3086999919926393,
  "epsilon": 1.4730030437381981e-08,
  "lr": 1.0259540624094655e-05,
  "n_embd": 7,
  "n_head": 1,
  "n_layer": 6,
  "seed": 909407399,
  "weight_decay": 6.826158307149906e-06
}