{
  "batch_size": 82.2889771104903,
  "beta_1": 0.8624249394323911,
  "beta_2": 0.4606065628500804,
  "block_size": 173.61904696501475,
  "dropout": 0.34946735641950566,
  "epsilon": 0.0006423857313175536,
  "lr": 0.02619079599278159,
  "n_embd": 7.570306966976248,
  "n_head": 2.5038024692483205,
  "n_layer": 4.153268828093942,
  "seed": 33957475.30381198,
  "weight_decay": 0.0018785700802538166
}