{
  "batch_size": 71,
  "beta_1": 0.7473004628738439,
  "beta_2": 0.3487455426707882,
  "block_size": 262,
  "dropout": 0.3636186236255985,
  "epsilon": 1.1860828050624648e-07,
  "lr": 8.026089528245632e-05,
  "n_embd": 6,
  "n_head": 6,
  "n_layer": 6,
  "seed": 576345759,
  "weight_decay": 0.0016740964724195374
}