{
  "batch_size": 71,
  "beta_1": 0.7488152242088886,
  "beta_2": 0.8490700136883149,
  "block_size": 164,
  "dropout": 0.3230347019980034,
  "epsilon": 7.850818993e-07,
  "lr": 0.0001315660505895,
  "n_embd": 20,
  "n_head": 4,
  "n_layer": 2,
  "seed": 415820425.12997955,
  "weight_decay": 0.0031670778162881
}