{
  "batch_size": 66.75896690810798,
  "beta_1": 0.49436148275421643,
  "beta_2": 0.5273364814444765,
  "block_size": 110.30055241689345,
  "dropout": 0.19134929898233116,
  "epsilon": 0.00030585492975603636,
  "lr": 0.045259983928363556,
  "n_embd": 6.647572407944641,
  "n_head": 4.565160263742795,
  "n_layer": 3.2262908082806407,
  "seed": 1811825504.871153,
  "weight_decay": 0.006049225652676376
}