{
  "batch_size": 22,
  "beta_1": 0.4513988919377332,
  "beta_2": 0.2757761215535828,
  "block_size": 285,
  "dropout": 0.1803161049513904,
  "epsilon": 9.529981612824408e-07,
  "lr": 0.0004185836776479899,
  "n_embd": 15,
  "n_head": 6,
  "n_layer": 1,
  "seed": 2115734680,
  "weight_decay": 0.00015879585256606791
}