{
  "batch_size": 63,
  "beta_1": 0.2282272728491364,
  "beta_2": 0.3668294482618115,
  "block_size": 242,
  "dropout": 0.4462120778282147,
  "epsilon": 1.606287992027168e-08,
  "lr": 0.0008313846791403543,
  "n_embd": 45,
  "n_head": 1,
  "n_layer": 3,
  "seed": 420100198,
  "weight_decay": 0.0014275072250419056
}