{
  "batch_size": 23.65959493316825,
  "beta_1": 0.6016754232400251,
  "beta_2": 0.45921055483222883,
  "block_size": 288.7285788924229,
  "dropout": 0.166967031987728,
  "epsilon": 0.0007034976463372313,
  "lr": 0.015474435026190081,
  "n_embd": 30.846543926132146,
  "n_head": 3.851551739483468,
  "n_layer": 1.9420923084078905,
  "seed": 508952742.1184508,
  "weight_decay": 0.0021778562553290983
}