{
  "batch_size": 85.63467904915429,
  "beta_1": 0.14777131927007006,
  "beta_2": 0.8550984158915941,
  "block_size": 220.94384331598857,
  "dropout": 0.1672596223942041,
  "epsilon": 6.900821703863648e-05,
  "lr": 0.05691200040038133,
  "n_embd": 40.81479724343459,
  "n_head": 4.285539783084699,
  "n_layer": 3.199761724404347,
  "seed": 1395191807.9400914,
  "weight_decay": 0.009433182790950683
}