{
  "batch_size": 54,
  "beta_1": 0.1703558581926779,
  "beta_2": 0.17722291107758895,
  "block_size": 317,
  "dropout": 0.15699749884064174,
  "epsilon": 2.1041715781089565e-05,
  "lr": 0.001282610779311562,
  "n_embd": 14,
  "n_head": 5,
  "n_layer": 2,
  "seed": 197652879,
  "weight_decay": 5.453258459736405e-06
}