{
  "batch_size": 71,
  "beta_1": 0.3370634329779546,
  "beta_2": 0.7564917577042732,
  "block_size": 151,
  "dropout": 0.4134778907664752,
  "epsilon": 6.4792601e-09,
  "lr": 1.605292802e-06,
  "n_embd": 0,
  "n_head": 6,
  "n_layer": 6,
  "seed": 560936828.1442641,
  "weight_decay": 8.87979819164e-05
}