{
  "batch_size": 66,
  "beta_1": 0.8337624373067968,
  "beta_2": 0.9010382811001331,
  "block_size": 175,
  "dropout": 0.37344290118711804,
  "epsilon": 3.0370628904831284e-05,
  "lr": 0.020353141292967905,
  "n_embd": 32,
  "n_head": 5,
  "n_layer": 5,
  "seed": 688291291,
  "weight_decay": 8.795224302575682e-07
}