{
  "batch_size": 83,
  "beta_1": 0.8564689190360164,
  "beta_2": 0.510266174169449,
  "block_size": 152,
  "dropout": 0.2214274236320115,
  "epsilon": 5.093547348092026e-07,
  "lr": 0.00019952437742638582,
  "n_embd": 11,
  "n_head": 1,
  "n_layer": 6,
  "seed": 600432938,
  "weight_decay": 4.290464927057716e-06
}