{
  "batch_size": 43.76149784654743,
  "beta_1": 0.8495864912708764,
  "beta_2": 0.6309666475019988,
  "block_size": 131.9115168398223,
  "dropout": 0.4545209717834453,
  "epsilon": 0.0005689013366308158,
  "lr": 0.0954494061844125,
  "n_embd": 15.820098051332591,
  "n_head": 1.9761907608349514,
  "n_layer": 6.7890810055253406,
  "seed": 604545069.6897855,
  "weight_decay": 0.0056230525222019465
}