{
  "batch_size": 29.12023524363837,
  "beta_1": 0.854903106945608,
  "beta_2": 0.930737911029283,
  "block_size": 275.66299315491847,
  "dropout": 0.26824239056783933,
  "epsilon": 0.00010445512301089704,
  "lr": 0.09093583644699713,
  "n_embd": 19.364775836130395,
  "n_head": 6.587416943566654,
  "n_layer": 6.803341865473016,
  "seed": 1817523208.2759957,
  "weight_decay": 0.004035439278965835
}