{
  "batch_size": 87.51277832296415,
  "beta_1": 0.6295219435126077,
  "beta_2": 0.3599405329805474,
  "block_size": 365.3712543885417,
  "dropout": 0.31360170620552885,
  "epsilon": 0.0007837816643324946,
  "lr": 0.05715405274504923,
  "n_embd": 38.39239933444229,
  "n_head": 3.2946916729153513,
  "n_layer": 1.4405241799544073,
  "seed": 1811723659.5652766,
  "weight_decay": 0.009507198815654544
}