{
  "batch_size": 56,
  "beta_1": 0.5019585783827976,
  "beta_2": 0.3439992537933523,
  "block_size": 374,
  "dropout": 0.13655973106833405,
  "epsilon": 0.00013396453066748164,
  "lr": 0.00048550517439232096,
  "n_embd": 42,
  "n_head": 1,
  "n_layer": 3,
  "seed": 400826042,
  "weight_decay": 7.604997655670833e-06
}