{
  "batch_size": 45,
  "beta_1": 0.8657815027161944,
  "beta_2": 0.42178809419923124,
  "block_size": 274,
  "dropout": 0.20517417975931967,
  "epsilon": 1.769054641467768e-07,
  "lr": 6.46262633790134e-05,
  "n_embd": 11,
  "n_head": 1,
  "n_layer": 3,
  "seed": 1800654170,
  "weight_decay": 3.1253016587116284e-05
}