{
  "batch_size": 42.52700994619623,
  "beta_1": 0.855948664710079,
  "beta_2": 0.6519613163699132,
  "block_size": 118.92975937934254,
  "dropout": 0.30078197786155714,
  "epsilon": 0.00013612507096263745,
  "lr": 0.05520139460654593,
  "n_embd": 27.321623344328785,
  "n_head": 5.804809395113854,
  "n_layer": 3.5297613518324114,
  "seed": 1128278280.9226263,
  "weight_decay": 0.0032561166052150438
}