{
  "batch_size": 65.4632009004542,
  "beta_1": 0.528680208428892,
  "beta_2": 0.2182863128401813,
  "block_size": 212.72394752439186,
  "dropout": 0.36782536583994585,
  "epsilon": 0.00018892747339931902,
  "lr": 0.05434444761750635,
  "n_embd": 29.03016729746916,
  "n_head": 2.5123553830671157,
  "n_layer": 3.0645446728086667,
  "seed": 690586039.1549668,
  "weight_decay": 0.009185685617499495
}