{
  "batch_size": 57,
  "beta_1": 0.7624833074071655,
  "beta_2": 0.7683121520176057,
  "block_size": 127,
  "dropout": 0.1052565664083353,
  "epsilon": 7.437151909567446e-06,
  "lr": 0.00249337910939992,
  "n_embd": 9,
  "n_head": 2,
  "n_layer": 2,
  "seed": 217289573,
  "weight_decay": 0.0002087500084498721
}