{
  "batch_size": 40.8224482846572,
  "beta_1": 0.15967979511749403,
  "beta_2": 0.7189276261472183,
  "block_size": 70.34059873257613,
  "dropout": 0.1120979684277951,
  "epsilon": 6.424696801982137e-05,
  "lr": 0.05980426391506416,
  "n_embd": 47.46250381708287,
  "n_head": 4.3044979466954985,
  "n_layer": 2.117449925873374,
  "seed": 1880774924.3877902,
  "weight_decay": 0.006464013660226858
}