{
  "batch_size": 36,
  "beta_1": 0.5327830681646193,
  "beta_2": 0.41555200617629484,
  "block_size": 274,
  "dropout": 0.4513320308128601,
  "epsilon": 9.383178939601885e-06,
  "lr": 0.0003557251365194033,
  "n_embd": 4,
  "n_head": 2,
  "n_layer": 1,
  "seed": 1869642467,
  "weight_decay": 3.167145805486734e-05
}