{
  "batch_size": 27.61964749502029,
  "beta_1": 0.4561114115995959,
  "beta_2": 0.3356174369161323,
  "block_size": 175.57529175156225,
  "dropout": 0.3271260906874232,
  "epsilon": 0.00035360819190405037,
  "lr": 0.07370084181896948,
  "n_embd": 34.491791119869845,
  "n_head": 2.8883804394586567,
  "n_layer": 2.218006082695754,
  "seed": 1798521599.2213511,
  "weight_decay": 0.001048997550759974
}