{
  "batch_size": 42.07647279742633,
  "beta_1": 0.4672083069918175,
  "beta_2": 0.8938297448509346,
  "block_size": 181.4365250527274,
  "dropout": 0.39495643807490277,
  "epsilon": 0.0005753971585688013,
  "lr": 0.04899638023985735,
  "n_embd": 5.919302898425639,
  "n_head": 2.8833480914364022,
  "n_layer": 3.496825826492941,
  "seed": 1856356031.2439754,
  "weight_decay": 0.00646090035877401
}