{
  "batch_size": 62.33038258251102,
  "beta_1": 0.1653475510683459,
  "beta_2": 0.3040337814261571,
  "block_size": 242.36727552232028,
  "dropout": 0.4341321830256891,
  "epsilon": 6.760743654353109e-05,
  "lr": 0.06239939988458623,
  "n_embd": 39.07097201474093,
  "n_head": 3.789493471533251,
  "n_layer": 6.732255089095371,
  "seed": 1196327233.4859028,
  "weight_decay": 0.006218003206369931
}