{
  "batch_size": 87,
  "beta_1": 0.87219069524004,
  "beta_2": 0.7960218866271231,
  "block_size": 214,
  "dropout": 0.4530223331031593,
  "epsilon": 1.3954431890925167e-09,
  "lr": 0.0004336587444289953,
  "n_embd": 16,
  "n_head": 6,
  "n_layer": 4,
  "seed": 1026008041,
  "weight_decay": 1.904826292914578e-05
}