{
  "batch_size": 48.25157518395727,
  "beta_1": 0.22836304394858686,
  "beta_2": 0.7742230472339191,
  "block_size": 187.92085817082153,
  "dropout": 0.3109449926701567,
  "epsilon": 0.0009009164004000785,
  "lr": 0.07477509577026502,
  "n_embd": 26.138449968852612,
  "n_head": 6.6486492810668745,
  "n_layer": 6.2322600209334675,
  "seed": 1427654998.3351595,
  "weight_decay": 0.004202355395737986
}