{
  "batch_size": 26,
  "beta_1": 0.1997730813239469,
  "beta_2": 0.4880896823553009,
  "block_size": 235,
  "dropout": 0.1483294450075021,
  "epsilon": 7.9388576909e-06,
  "lr": 7.25248207721e-05,
  "n_embd": 35,
  "n_head": 6,
  "n_layer": 4,
  "seed": 1948274673.078854,
  "weight_decay": 8.08311413e-08
}