{
  "batch_size": 17,
  "beta_1": 0.5224179697374803,
  "beta_2": 0.15809633546059843,
  "block_size": 219,
  "dropout": 0.38989996551336237,
  "epsilon": 5.800937214344619e-10,
  "lr": 0.018060984735077484,
  "n_embd": 20,
  "n_head": 3,
  "n_layer": 6,
  "seed": 1543281240,
  "weight_decay": 8.395538739690169e-08
}