{
  "batch_size": 96,
  "beta_1": 0.2353609512511041,
  "beta_2": 0.26175369083070793,
  "block_size": 154,
  "dropout": 0.26747487024776495,
  "epsilon": 7.795885539515496e-11,
  "lr": 0.0016957573098549128,
  "n_embd": 26,
  "n_head": 5,
  "n_layer": 3,
  "seed": 863766197,
  "weight_decay": 9.229724599400736e-09
}