{
  "batch_size": 17,
  "beta_1": 0.4923575802343594,
  "beta_2": 0.3321443270355041,
  "block_size": 254,
  "dropout": 0.2168743814513735,
  "epsilon": 3.636763215300721e-08,
  "lr": 0.021156155855671575,
  "n_embd": 34,
  "n_head": 2,
  "n_layer": 6,
  "seed": 1084372132,
  "weight_decay": 0.0012532900073227795
}