{
  "batch_size": 65,
  "beta_1": 0.1346702150153249,
  "beta_2": 0.9420464496682368,
  "block_size": 277,
  "dropout": 0.4248025609773607,
  "epsilon": 4.061394e-10,
  "lr": 0.003824632138897,
  "n_embd": 9,
  "n_head": 1,
  "n_layer": 5,
  "seed": 923838687.6385576,
  "weight_decay": 1.88600449198e-05
}