{
  "batch_size": 19,
  "beta_1": 0.256811637362853,
  "beta_2": 0.3419316622557718,
  "block_size": 143,
  "dropout": 0.4043039056485368,
  "epsilon": 1.47524611e-08,
  "lr": 0.0397798704584933,
  "n_embd": 33,
  "n_head": 1,
  "n_layer": 5,
  "seed": 80095096.48657297,
  "weight_decay": 1.52815412e-08
}