{
  "batch_size": 56.70302644505818,
  "beta_1": 0.640650629191695,
  "beta_2": 0.5512278045114439,
  "block_size": 223.83244385769243,
  "dropout": 0.13450254380415616,
  "epsilon": 0.0005855231754113501,
  "lr": 0.08819331662885684,
  "n_embd": 36.467195972821386,
  "n_head": 2.788076649506828,
  "n_layer": 2.9245153735673153,
  "seed": 137921049.88667488,
  "weight_decay": 0.00857591232159037
}