{
  "batch_size": 48.62790597901858,
  "beta_1": 0.8226107775050492,
  "beta_2": 0.475821997804452,
  "block_size": 118.27755743431877,
  "dropout": 0.2697951831664319,
  "epsilon": 0.00040248160351373286,
  "lr": 0.06196767302112872,
  "n_embd": 30.896972727247643,
  "n_head": 2.572021518653114,
  "n_layer": 4.328680031351632,
  "seed": 1405043437.0456274,
  "weight_decay": 0.0037113161136847236
}