{
  "batch_size": 50,
  "beta_1": 0.4355244196474922,
  "beta_2": 0.7282396596072414,
  "block_size": 192,
  "dropout": 0.08793314974040306,
  "epsilon": 0.00018086426587915255,
  "lr": 0.003997755540806568,
  "n_embd": 13,
  "n_head": 1,
  "n_layer": 4,
  "seed": 2116691318,
  "weight_decay": 2.4612954774931135e-05
}