{
  "batch_size": 64,
  "beta_1": 0.5639750648278428,
  "beta_2": 0.9929464522038536,
  "block_size": 152,
  "dropout": 0.1824574858818374,
  "epsilon": 0.0008059009458959,
  "lr": 0.0024989937270557,
  "n_embd": 50,
  "n_head": 5,
  "n_layer": 4,
  "seed": 619035691.1092658,
  "weight_decay": 1.60128232296e-05
}