{
  "batch_size": 41,
  "beta_1": 0.8157327278812551,
  "beta_2": 0.4226575133391608,
  "block_size": 376,
  "dropout": 0.36765724003849687,
  "epsilon": 2.981291646346119e-10,
  "lr": 9.194702467593329e-05,
  "n_embd": 20,
  "n_head": 6,
  "n_layer": 2,
  "seed": 1271000223,
  "weight_decay": 6.860918463326453e-07
}