{
  "batch_size": 37.87166768760755,
  "beta_1": 0.3323442434768249,
  "beta_2": 0.5392970128529474,
  "block_size": 221.42331862801336,
  "dropout": 0.42086171977172504,
  "epsilon": 0.0005440767553113727,
  "lr": 0.086189680964243,
  "n_embd": 53.736643586801065,
  "n_head": 6.474009685152828,
  "n_layer": 5.722727623282312,
  "seed": 1004740195.8278532,
  "weight_decay": 0.008513598798079267
}