{
  "batch_size": 90,
  "beta_1": 0.938498532861157,
  "beta_2": 0.4957619607767486,
  "block_size": 141,
  "dropout": 0.17658304560965726,
  "epsilon": 0.00014501868454193574,
  "lr": 0.0010157497500519832,
  "n_embd": 42,
  "n_head": 6,
  "n_layer": 3,
  "seed": 409148799,
  "weight_decay": 8.539723616903861e-05
}