{
  "batch_size": 25,
  "beta_1": 0.6310722221718157,
  "beta_2": 0.4403054496524085,
  "block_size": 201,
  "dropout": 0.1800469691610129,
  "epsilon": 0.00010673371933589383,
  "lr": 5.4431749743867916e-06,
  "n_embd": 38,
  "n_head": 6,
  "n_layer": 6,
  "seed": 713108275,
  "weight_decay": 3.974148805443173e-07
}