{
  "batch_size": 94,
  "beta_1": 0.8255686421378426,
  "beta_2": 0.853721609997724,
  "block_size": 309,
  "dropout": 0.2124419876506358,
  "epsilon": 2.07879039e-08,
  "lr": 0.0003606073260035,
  "n_embd": 44,
  "n_head": 4,
  "n_layer": 3,
  "seed": 574894697.68646,
  "weight_decay": 2.26630505007e-05
}