{
  "batch_size": 49,
  "beta_1": 0.768415761483282,
  "beta_2": 0.4991361194052648,
  "block_size": 212,
  "dropout": 0.1421887725849832,
  "epsilon": 6.88611562914e-05,
  "lr": 0.0010073043374957,
  "n_embd": 15,
  "n_head": 3,
  "n_layer": 4,
  "seed": 590038263.1487317,
  "weight_decay": 3.31047544741e-05
}