{
  "batch_size": 44.501329237888086,
  "beta_1": 0.644047514853734,
  "beta_2": 0.310563288859698,
  "block_size": 334.1554937898531,
  "dropout": 0.1127401431609969,
  "epsilon": 0.000840562018036966,
  "lr": 0.025408531388870167,
  "n_embd": 42.93949063948562,
  "n_head": 1.8772471689301082,
  "n_layer": 3.078632538183869,
  "seed": 1984082618.8412907,
  "weight_decay": 0.00036403432228488124
}