{
  "batch_size": 58,
  "beta_1": 0.6470303681505205,
  "beta_2": 0.2929219526043817,
  "block_size": 368,
  "dropout": 0.2959500383111629,
  "epsilon": 1.023758383684175e-08,
  "lr": 0.0017366324200280342,
  "n_embd": 2,
  "n_head": 3,
  "n_layer": 3,
  "seed": 276663639,
  "weight_decay": 0.001075876681321997
}