{
  "batch_size": 36.33743023412286,
  "beta_1": 0.6797566696348583,
  "beta_2": 0.8631221774192054,
  "block_size": 113.45169077090362,
  "dropout": 0.45535334483583234,
  "epsilon": 0.0008259781512511028,
  "lr": 0.05005084828185413,
  "n_embd": 30.479096708005404,
  "n_head": 2.5686596515121716,
  "n_layer": 5.011360066046267,
  "seed": 1532034052.8187087,
  "weight_decay": 0.006226329181657029
}