{
  "batch_size": 37,
  "beta_1": 0.5165070791148528,
  "beta_2": 0.7767252481087893,
  "block_size": 294,
  "dropout": 0.3158456003784094,
  "epsilon": 7.4203863982e-05,
  "lr": 2.04935087762e-05,
  "n_embd": 17,
  "n_head": 3,
  "n_layer": 6,
  "seed": 1464558446.7420855,
  "weight_decay": 5.4528681134e-06
}