{
  "batch_size": 26,
  "beta_1": 0.664018364205657,
  "beta_2": 0.6424567415235969,
  "block_size": 193,
  "dropout": 0.39190355364973684,
  "epsilon": 7.10665776134969e-10,
  "lr": 5.857385425849797e-05,
  "n_embd": 35,
  "n_head": 3,
  "n_layer": 6,
  "seed": 1052765902,
  "weight_decay": 1.935719020098232e-06
}