{
  "batch_size": 74,
  "beta_1": 0.5739159859578122,
  "beta_2": 0.6293329370416326,
  "block_size": 88,
  "dropout": 0.39656610130880565,
  "epsilon": 7.671383157553508e-05,
  "lr": 0.00033413117255913445,
  "n_embd": 52,
  "n_head": 5,
  "n_layer": 4,
  "seed": 1733545749,
  "weight_decay": 0.0006957457957673256
}