{
  "batch_size": 72.2252923546377,
  "beta_1": 0.4997176287521998,
  "beta_2": 0.7589320376122172,
  "block_size": 262.8023181935624,
  "dropout": 0.12383913788972696,
  "epsilon": 8.56750778739287e-05,
  "lr": 0.04200180520635077,
  "n_embd": 7.817261271052693,
  "n_head": 1.0977282170224865,
  "n_layer": 6.695526653641417,
  "seed": 2136424743.252258,
  "weight_decay": 0.004941207792601996
}