{
  "batch_size": 62,
  "beta_1": 0.16919435179917366,
  "beta_2": 0.8205376503741312,
  "block_size": 283,
  "dropout": 0.04213956539392555,
  "epsilon": 7.812361561915091e-05,
  "lr": 3.400558042260042e-05,
  "n_embd": 49,
  "n_head": 5,
  "n_layer": 1,
  "seed": 876935080,
  "weight_decay": 0.0002909781322402258
}