{
  "batch_size": 42,
  "beta_1": 0.19449359095931396,
  "beta_2": 0.766590577835023,
  "block_size": 296,
  "dropout": 0.20344621498076312,
  "epsilon": 1.4570593325124134e-07,
  "lr": 2.2535754246369974e-05,
  "n_embd": 39,
  "n_head": 6,
  "n_layer": 4,
  "seed": 1878594761,
  "weight_decay": 0.0007479586896855817
}