{
  "batch_size": 77.36059535129132,
  "beta_1": 0.6165640877182839,
  "beta_2": 0.40402981449058295,
  "block_size": 141.85142031186695,
  "dropout": 0.19933957620246248,
  "epsilon": 0.0003463778884141592,
  "lr": 0.030664603638054056,
  "n_embd": 44.80420020108325,
  "n_head": 6.599555337469208,
  "n_layer": 2.003675802665172,
  "seed": 890072540.1591718,
  "weight_decay": 0.007864985283975164
}