{
  "batch_size": 83,
  "beta_1": 0.758126495568343,
  "beta_2": 0.7809653149550598,
  "block_size": 309,
  "dropout": 0.2282550240072797,
  "epsilon": 3.370493021595508e-06,
  "lr": 0.00015565725959548833,
  "n_embd": 33,
  "n_head": 1,
  "n_layer": 1,
  "seed": 1798051554,
  "weight_decay": 1.4865816496838238e-06
}