{
  "batch_size": 63.788202480291794,
  "beta_1": 0.3358516027279219,
  "beta_2": 0.54376734865129,
  "block_size": 322.68744895496604,
  "dropout": 0.22141631053228755,
  "epsilon": 0.00027004424014564056,
  "lr": 0.04160115437639242,
  "n_embd": 15.300047675456309,
  "n_head": 5.191789826062043,
  "n_layer": 6.220009013798821,
  "seed": 1419464166.0124953,
  "weight_decay": 0.0026765341169264264
}