{
  "batch_size": 35,
  "beta_1": 0.7037128471353102,
  "beta_2": 0.8965305112528993,
  "block_size": 220,
  "dropout": 0.20971025033515553,
  "epsilon": 9.436653953075363e-09,
  "lr": 3.5864978834169765e-05,
  "n_embd": 0,
  "n_head": 6,
  "n_layer": 2,
  "seed": 1863317251,
  "weight_decay": 0.0024697976397324616
}