{
  "batch_size": 59.20739704142457,
  "beta_1": 0.8727871615731136,
  "beta_2": 0.42411095727848214,
  "block_size": 166.41229201221688,
  "dropout": 0.18037054680620082,
  "epsilon": 5.841494779032995e-05,
  "lr": 0.04137284665320225,
  "n_embd": 37.553541731169204,
  "n_head": 2.971398255589604,
  "n_layer": 5.476076960399312,
  "seed": 1390237423.9181674,
  "weight_decay": 0.006879117835985622
}