{
  "batch_size": 90,
  "beta_1": 0.30973751025750307,
  "beta_2": 0.6063843708234385,
  "block_size": 204,
  "dropout": 0.17174197921201556,
  "epsilon": 1.0240440205993894e-06,
  "lr": 0.004602400109204003,
  "n_embd": 36,
  "n_head": 4,
  "n_layer": 1,
  "seed": 2009107704,
  "weight_decay": 3.1941715775287353e-06
}