{
  "batch_size": 18.126909747349497,
  "beta_1": 0.8560934029587949,
  "beta_2": 0.7826695069512275,
  "block_size": 293.7148260051488,
  "dropout": 0.44128928531425793,
  "epsilon": 0.0006958753862090092,
  "lr": 0.016235332196142763,
  "n_embd": 22.30418167406517,
  "n_head": 1.3488001509450547,
  "n_layer": 5.171615919137217,
  "seed": 1999806749.58435,
  "weight_decay": 0.0005209270172741727
}