{
  "batch_size": 64,
  "beta_1": 0.2865309585601401,
  "beta_2": 0.4002759458720052,
  "block_size": 175,
  "dropout": 0.5092403198006155,
  "epsilon": 4.1414493961133566e-05,
  "lr": 0.0038875494954821073,
  "n_embd": 32,
  "n_head": 5,
  "n_layer": 5,
  "seed": 688291291,
  "weight_decay": 0.0009894132334805576
}