{
  "batch_size": 57,
  "beta_1": 0.8560332320314502,
  "beta_2": 0.1917839499570867,
  "block_size": 201,
  "dropout": 0.3298865692639294,
  "epsilon": 8.951400148454637e-07,
  "lr": 4.833393755776566e-06,
  "n_embd": 38,
  "n_head": 6,
  "n_layer": 6,
  "seed": 713108275,
  "weight_decay": 4.6989270534560195e-05
}