{
  "batch_size": 44,
  "beta_1": 0.8821432395771526,
  "beta_2": 0.8837400114020871,
  "block_size": 312,
  "dropout": 0.23508996223998171,
  "epsilon": 1.4395950640992581e-09,
  "lr": 5.813172764066092e-05,
  "n_embd": 43,
  "n_head": 6,
  "n_layer": 4,
  "seed": 118999380,
  "weight_decay": 1.1050931656117328e-08
}