{
  "batch_size": 23,
  "beta_1": 0.5779918819676672,
  "beta_2": 0.917355133658083,
  "block_size": 102,
  "dropout": 0.46523813742513576,
  "epsilon": 4.348366271518528e-07,
  "lr": 1.1303284512002128e-05,
  "n_embd": 38,
  "n_head": 4,
  "n_layer": 4,
  "seed": 1694021680,
  "weight_decay": 0.0009456400639099679
}