{
  "batch_size": 17.896401503383927,
  "beta_1": 0.10882815935132376,
  "beta_2": 0.9624441176453911,
  "block_size": 136.55491848616174,
  "dropout": 0.2188077684224934,
  "epsilon": 0.0006744065729648158,
  "lr": 0.07797322773501257,
  "n_embd": 41.024346990461034,
  "n_head": 6.233633426479886,
  "n_layer": 2.860384162546082,
  "seed": 163588932.96045527,
  "weight_decay": 0.008236258752910045
}