{
  "batch_size": 73,
  "beta_1": 0.8302644438609398,
  "beta_2": 0.6206102003915936,
  "block_size": 122,
  "dropout": 0.30661016597103885,
  "epsilon": 2.7623319176177613e-07,
  "lr": 0.021791173235138222,
  "n_embd": 27,
  "n_head": 3,
  "n_layer": 2,
  "seed": 257010091,
  "weight_decay": 8.514646089256787e-06
}