{
  "batch_size": 69,
  "beta_1": 0.4380005355754625,
  "beta_2": 0.93729801983896,
  "block_size": 383,
  "dropout": 0.40388207248063357,
  "epsilon": 0.00016047225540993335,
  "lr": 2.77574448106559e-06,
  "n_embd": 0,
  "n_head": 1,
  "n_layer": 1,
  "seed": 1733569017,
  "weight_decay": 4.709480623866942e-06
}