{
  "batch_size": 25,
  "beta_1": 0.6612973870696918,
  "beta_2": 0.4960330630033126,
  "block_size": 114,
  "dropout": 0.4844036570006648,
  "epsilon": 2.98405261e-08,
  "lr": 0.0013052315875552,
  "n_embd": 21,
  "n_head": 5,
  "n_layer": 4,
  "seed": 1748778506.639914,
  "weight_decay": 5.88233506471e-05
}