{
  "batch_size": 57,
  "beta_1": 0.5721496151726564,
  "beta_2": 0.32055808245910744,
  "block_size": 367,
  "dropout": 0.3393411201139884,
  "epsilon": 0.00046444863943796347,
  "lr": 0.0043376244295358374,
  "n_embd": 36,
  "n_head": 5,
  "n_layer": 3,
  "seed": 680510024,
  "weight_decay": 0.004527379722556557
}