{
  "batch_size": 57.277453475783524,
  "beta_1": 0.6600282138796227,
  "beta_2": 0.9426107652393213,
  "block_size": 179.46294824255958,
  "dropout": 0.4336732228545134,
  "epsilon": 0.0007020394453590444,
  "lr": 0.03200228220925903,
  "n_embd": 38.4555929866332,
  "n_head": 2.2206140262130942,
  "n_layer": 6.6384884434423395,
  "seed": 105643691.95431273,
  "weight_decay": 0.0035176712901223875
}