{
  "batch_size": 52,
  "beta_1": 0.7775603846688668,
  "beta_2": 0.1288342380326575,
  "block_size": 150,
  "dropout": 0.18274256462248395,
  "epsilon": 0.000388506493830122,
  "lr": 7.798993003690594e-05,
  "n_embd": 44,
  "n_head": 1,
  "n_layer": 2,
  "seed": 1244355349,
  "weight_decay": 0.002918446492822506
}