{
  "batch_size": 47.397208288218934,
  "beta_1": 0.7256202367011629,
  "beta_2": 0.7370398467013637,
  "block_size": 140.6135826100214,
  "dropout": 0.2993932467359702,
  "epsilon": 3.409447853322926e-05,
  "lr": 0.018571298827127557,
  "n_embd": 12.775488494196257,
  "n_head": 5.321385369424076,
  "n_layer": 1.8945694307244445,
  "seed": 1316360897.073565,
  "weight_decay": 0.004447002838007382
}