{
  "batch_size": 96,
  "beta_1": 0.313723050819846,
  "beta_2": 0.8884097338907838,
  "block_size": 318,
  "dropout": 0.223527615968257,
  "epsilon": 1.242845737e-07,
  "lr": 0.0001819542064403,
  "n_embd": 39,
  "n_head": 4,
  "n_layer": 3,
  "seed": 1362427985.8600411,
  "weight_decay": 0.0001961180087524
}