{
  "batch_size": 23,
  "beta_1": 0.5729046251533186,
  "beta_2": 0.20286824191074898,
  "block_size": 239,
  "dropout": 0.35934693627587677,
  "epsilon": 0.00021689469280074727,
  "lr": 8.477709855765935e-06,
  "n_embd": 43,
  "n_head": 4,
  "n_layer": 4,
  "seed": 1182495041,
  "weight_decay": 1.9540334377599542e-05
}