{
  "batch_size": 57.07041668045656,
  "beta_1": 0.1314843782937607,
  "beta_2": 0.6057600532483073,
  "block_size": 163.56916151940663,
  "dropout": 0.4759591761372336,
  "epsilon": 0.00032146957727578583,
  "lr": 0.07019775423792135,
  "n_embd": 35.01409966880989,
  "n_head": 3.9565193903086,
  "n_layer": 1.2261844549750636,
  "seed": 586513089.5161318,
  "weight_decay": 0.0006430894166633176
}