{
  "batch_size": 33.236984109052166,
  "beta_1": 0.6498064235824658,
  "beta_2": 0.7354455910697529,
  "block_size": 364.3606877702507,
  "dropout": 0.2892729779940846,
  "epsilon": 6.35217955899343e-05,
  "lr": 0.09906955268617834,
  "n_embd": 12.589357664047293,
  "n_head": 1.814439921761228,
  "n_layer": 3.181108659740811,
  "seed": 1608941229.3390844,
  "weight_decay": 0.004547805918434033
}