{
  "batch_size": 79,
  "beta_1": 0.2087419809232039,
  "beta_2": 0.2575552083788658,
  "block_size": 185,
  "dropout": 0.2499993197599964,
  "epsilon": 9.29975103e-08,
  "lr": 0.0008879938920495,
  "n_embd": 36,
  "n_head": 2,
  "n_layer": 5,
  "seed": 1516577948.3549163,
  "weight_decay": 1.321198501e-06
}