{
  "batch_size": 94,
  "beta_1": 0.872271427308143,
  "beta_2": 0.6830140910181663,
  "block_size": 372,
  "dropout": 0.1805349822914578,
  "epsilon": 1.4519410834e-06,
  "lr": 0.0078681411835216,
  "n_embd": 52,
  "n_head": 3,
  "n_layer": 4,
  "seed": 886600714.6039773,
  "weight_decay": 0.0003291382196201
}