{
  "batch_size": 53,
  "beta_1": 0.3313132302227191,
  "beta_2": 0.10792811777696754,
  "block_size": 225,
  "dropout": 0.262685676879454,
  "epsilon": 2.0728426640567376e-09,
  "lr": 5.3527461213564286e-05,
  "n_embd": 32,
  "n_head": 4,
  "n_layer": 3,
  "seed": 454733701,
  "weight_decay": 0.0012710439184953424
}