{
  "batch_size": 70,
  "beta_1": 0.33032183419467387,
  "beta_2": 0.5731049387130834,
  "block_size": 209,
  "dropout": 0.3950634424914107,
  "epsilon": 4.2783535484564877e-07,
  "lr": 0.030455923740784815,
  "n_embd": 34,
  "n_head": 1,
  "n_layer": 4,
  "seed": 1791229319,
  "weight_decay": 3.3138178073989876e-08
}