{
  "batch_size": 77,
  "beta_1": 0.9329519457228356,
  "beta_2": 0.7276109514932533,
  "block_size": 193,
  "dropout": 0.1798319740578971,
  "epsilon": 1.40183225575e-05,
  "lr": 0.0007626857876089,
  "n_embd": 41,
  "n_head": 1,
  "n_layer": 5,
  "seed": 1646150442.9209223,
  "weight_decay": 3.91317164e-08
}