{
  "batch_size": 96.61400317967394,
  "beta_1": 0.9245544525071052,
  "beta_2": 0.6206058797210522,
  "block_size": 139.07408474233284,
  "dropout": 0.33410377436195693,
  "epsilon": 0.0005687954487377597,
  "lr": 0.08715382704568489,
  "n_embd": 22.273446517070187,
  "n_head": 5.937510815280717,
  "n_layer": 5.274542621987838,
  "seed": 1377180386.7670553,
  "weight_decay": 0.006864208334648757
}