{
  "batch_size": 30.932717350537867,
  "beta_1": 0.28507947915072385,
  "beta_2": 0.279084643992062,
  "block_size": 136.3568638248192,
  "dropout": 0.40624697593682646,
  "epsilon": 0.00027741212884329415,
  "lr": 0.07735551709235135,
  "n_embd": 33.96416876059822,
  "n_head": 3.032843924980368,
  "n_layer": 2.5219936541661383,
  "seed": 1798481861.8345454,
  "weight_decay": 0.0038429799784774907
}