{
  "batch_size": 85,
  "beta_1": 0.5752001139493634,
  "beta_2": 0.6456683629724768,
  "block_size": 139,
  "dropout": 0.3327234705834714,
  "epsilon": 6.0997563e-09,
  "lr": 0.0020822000198846,
  "n_embd": 9,
  "n_head": 4,
  "n_layer": 4,
  "seed": 763862529.7567037,
  "weight_decay": 1.51647171e-08
}