{
  "batch_size": 87,
  "beta_1": 0.615513003358858,
  "beta_2": 0.6867030843459194,
  "block_size": 325,
  "dropout": 0.10305520122602801,
  "epsilon": 3.0929594812249787e-07,
  "lr": 0.011134569821449326,
  "n_embd": 25,
  "n_head": 1,
  "n_layer": 2,
  "seed": 346590140,
  "weight_decay": 0.0007018353251355683
}