{
  "batch_size": 37,
  "beta_1": 0.4766244300892394,
  "beta_2": 0.593414060710092,
  "block_size": 357,
  "dropout": 0.2793829697360347,
  "epsilon": 1.27461252692e-05,
  "lr": 8.25235701006e-05,
  "n_embd": 33,
  "n_head": 1,
  "n_layer": 4,
  "seed": 353834216.5216491,
  "weight_decay": 0.0053810757318792
}