{
  "batch_size": 21,
  "beta_1": 0.8480465544645394,
  "beta_2": 0.20646177303934338,
  "block_size": 181,
  "dropout": 0.2515449099425656,
  "epsilon": 4.865777150877098e-08,
  "lr": 0.00011114959952212598,
  "n_embd": 39,
  "n_head": 2,
  "n_layer": 1,
  "seed": 939324342,
  "weight_decay": 0.00013195562568998244
}