{
  "batch_size": 67,
  "beta_1": 0.4771858124587519,
  "beta_2": 0.14604033326372878,
  "block_size": 367,
  "dropout": 0.18731251886615255,
  "epsilon": 7.167329460688421e-09,
  "lr": 7.920541398774714e-05,
  "n_embd": 36,
  "n_head": 5,
  "n_layer": 3,
  "seed": 680510024,
  "weight_decay": 0.001990166056279716
}