{
  "batch_size": 43.18283542281033,
  "beta_1": 0.6906528868705207,
  "beta_2": 0.2801653494919486,
  "block_size": 344.55223776381297,
  "dropout": 0.20050536088322618,
  "epsilon": 0.0006920809390757469,
  "lr": 0.057860744220784716,
  "n_embd": 31.52092068737162,
  "n_head": 1.8739578571056779,
  "n_layer": 6.656828467973053,
  "seed": 641367976.1153669,
  "weight_decay": 0.008810268528164914
}