{
  "batch_size": 18.998392732210345,
  "beta_1": 0.6529375460133935,
  "beta_2": 0.7504018243433314,
  "block_size": 187.9167559466702,
  "dropout": 0.15718059891948188,
  "epsilon": 0.0007130609218874365,
  "lr": 0.038543274398421416,
  "n_embd": 42.01214475782428,
  "n_head": 4.496533730732091,
  "n_layer": 6.372631729999246,
  "seed": 1136576043.583858,
  "weight_decay": 0.008466153467714605
}