{
  "batch_size": 29.03199202202589,
  "beta_1": 0.5303747017418484,
  "beta_2": 0.4767992108106619,
  "block_size": 303.15655122071485,
  "dropout": 0.17936461198477383,
  "epsilon": 0.0005831313557687801,
  "lr": 0.026867766135119476,
  "n_embd": 30.267595586144427,
  "n_head": 2.6969559668802936,
  "n_layer": 1.537928227869888,
  "seed": 1613841602.153473,
  "weight_decay": 0.0038891268794673914
}