{
  "batch_size": 16.966003960809626,
  "beta_1": 0.1321616769132921,
  "beta_2": 0.1347070052880705,
  "block_size": 179.3560475600362,
  "dropout": 0.22051292820610466,
  "epsilon": 0.0006043944525736416,
  "lr": 0.023816804641528376,
  "n_embd": 1.7245953738528828,
  "n_head": 4.280029954177464,
  "n_layer": 3.0670146206727593,
  "seed": 1995962819.3808181,
  "weight_decay": 0.0006541036615955925
}