{
  "batch_size": 44.959442538926936,
  "beta_1": 0.30033013618822474,
  "beta_2": 0.6220580175740829,
  "block_size": 371.21577513696184,
  "dropout": 0.4824140675513715,
  "epsilon": 3.026023426504007e-06,
  "lr": 0.02521141395574685,
  "n_embd": 30.826555889443426,
  "n_head": 1.350819027639747,
  "n_layer": 5.47036440057687,
  "seed": 1856297492.9765158,
  "weight_decay": 0.008906427496268363
}