{
  "batch_size": 81,
  "beta_1": 0.7234125173369493,
  "beta_2": 0.5172470406918065,
  "block_size": 225,
  "dropout": 0.40198885521861416,
  "epsilon": 3.9288202532001934e-10,
  "lr": 0.0014362301013862212,
  "n_embd": 0,
  "n_head": 2,
  "n_layer": 4,
  "seed": 1411737060,
  "weight_decay": 2.509882817987394e-05
}