{
  "batch_size": 88.8966408693004,
  "beta_1": 0.7902328172200552,
  "beta_2": 0.2603327637151188,
  "block_size": 331.5545347394569,
  "dropout": 0.15625921814425375,
  "epsilon": 0.00034682754039604775,
  "lr": 0.09136086109962827,
  "n_embd": 18.805380421390666,
  "n_head": 6.796460728763587,
  "n_layer": 4.6815491326815515,
  "seed": 666335352.0003467,
  "weight_decay": 0.0011704621272774203
}