{
  "batch_size": 61,
  "beta_1": 0.1076588946030079,
  "beta_2": 0.527877625387554,
  "block_size": 304,
  "dropout": 0.2405385090371036,
  "epsilon": 0.0002019390608068,
  "lr": 0.0080926090981687,
  "n_embd": 52,
  "n_head": 4,
  "n_layer": 4,
  "seed": 2098892561.6386814,
  "weight_decay": 2.33818797e-08
}