{
  "batch_size": 20.10756195594066,
  "beta_1": 0.3049910263926637,
  "beta_2": 0.7544506383540167,
  "block_size": 214.30447828542054,
  "dropout": 0.33537555077501546,
  "epsilon": 3.909669789819006e-05,
  "lr": 0.08179774362539804,
  "n_embd": 36.23908854697595,
  "n_head": 2.9206869110905975,
  "n_layer": 5.513757366057021,
  "seed": 1451868506.3501859,
  "weight_decay": 0.005755527288297711
}