{
  "batch_size": 41,
  "beta_1": 0.25225663397009246,
  "beta_2": 0.6484411641581834,
  "block_size": 374,
  "dropout": 0.12414521006212186,
  "epsilon": 0.00014884947851942403,
  "lr": 0.0004413683403566554,
  "n_embd": 42,
  "n_head": 1,
  "n_layer": 3,
  "seed": 400826042,
  "weight_decay": 6.913634232428029e-06
}