{
  "batch_size": 48.89429708862875,
  "beta_1": 0.45864935018740605,
  "beta_2": 0.2646058530765185,
  "block_size": 78.75113444036703,
  "dropout": 0.23343117029633495,
  "epsilon": 0.0009566660364854041,
  "lr": 0.031099302255666594,
  "n_embd": 53.30046638766544,
  "n_head": 5.498661417663157,
  "n_layer": 6.249698898633272,
  "seed": 443946815.2606462,
  "weight_decay": 0.008795923061742658
}