{
  "batch_size": 32.55488058271694,
  "beta_1": 0.5704894577765183,
  "beta_2": 0.8108145217503291,
  "block_size": 101.23998229337329,
  "dropout": 0.2826231036655634,
  "epsilon": 0.00020627512714311913,
  "lr": 0.060429343090940474,
  "n_embd": 20.86691715546506,
  "n_head": 2.2794852074044827,
  "n_layer": 3.909218908700103,
  "seed": 1880799109.1190116,
  "weight_decay": 0.009741985326348247
}