{
  "batch_size": 28,
  "beta_1": 0.5502499110032182,
  "beta_2": 0.9529587679017932,
  "block_size": 97,
  "dropout": 0.3441783496014416,
  "epsilon": 8.4401233956e-06,
  "lr": 0.000600310266074,
  "n_embd": 43,
  "n_head": 5,
  "n_layer": 5,
  "seed": 783863358.8018059,
  "weight_decay": 2.2960127813e-05
}