{
  "batch_size": 60,
  "beta_1": 0.5186002793785127,
  "beta_2": 0.2947505504768177,
  "block_size": 252,
  "dropout": 0.33100502979456015,
  "epsilon": 0.0008496421842425969,
  "lr": 0.07762535187648996,
  "n_embd": 2,
  "n_head": 2,
  "n_layer": 6,
  "seed": 63216895,
  "weight_decay": 4.6278036563233715e-08
}