{
  "batch_size": 67.61501537418594,
  "beta_1": 0.9709802505627751,
  "beta_2": 0.14424712393274716,
  "block_size": 278.10992861937393,
  "dropout": 0.19747359708854587,
  "epsilon": 0.000620178336069785,
  "lr": 0.01774937380511353,
  "n_embd": 11.731201474597396,
  "n_head": 6.370230887786904,
  "n_layer": 6.467221711755948,
  "seed": 82588970.81386791,
  "weight_decay": 0.0029490166690866017
}