{
  "batch_size": 81.02276619076069,
  "beta_1": 0.7485721723200677,
  "beta_2": 0.9170161910621871,
  "block_size": 295.73640785710745,
  "dropout": 0.11623396272780578,
  "epsilon": 0.0007308944516669162,
  "lr": 0.036238198587811715,
  "n_embd": 29.846373578950843,
  "n_head": 2.1794673376327385,
  "n_layer": 2.870637274266432,
  "seed": 1519533846.2123132,
  "weight_decay": 0.008908753744183198
}