{
  "batch_size": 58,
  "beta_1": 0.3467749556669697,
  "beta_2": 0.11104523189113961,
  "block_size": 281,
  "dropout": 0.2376163510385213,
  "epsilon": 2.7029731564951547e-10,
  "lr": 0.000138153173337568,
  "n_embd": 39,
  "n_head": 4,
  "n_layer": 4,
  "seed": 1295275897,
  "weight_decay": 0.0010927689770992943
}