{
  "batch_size": 84,
  "beta_1": 0.5434658880326927,
  "beta_2": 0.7699238113743289,
  "block_size": 371,
  "dropout": 0.447149881242921,
  "epsilon": 1.2330436e-09,
  "lr": 0.0006472818269691,
  "n_embd": 41,
  "n_head": 4,
  "n_layer": 5,
  "seed": 138960671.85282838,
  "weight_decay": 0.0001249972396767
}