{
  "batch_size": 29,
  "beta_1": 0.6916794313889404,
  "beta_2": 0.7613936339945226,
  "block_size": 328,
  "dropout": 0.28505847472011026,
  "epsilon": 9.203176896196244e-05,
  "lr": 0.07443505348291406,
  "n_embd": 50,
  "n_head": 4,
  "n_layer": 3,
  "seed": 777219548,
  "weight_decay": 0.00019029229142501086
}