{
  "batch_size": 41,
  "beta_1": 0.9152064163655838,
  "beta_2": 0.5847002681716734,
  "block_size": 300,
  "dropout": 0.1472649817544981,
  "epsilon": 6.186989829e-07,
  "lr": 0.0007982689836809,
  "n_embd": 51,
  "n_head": 6,
  "n_layer": 6,
  "seed": 1366739740.1932116,
  "weight_decay": 1.00545235e-08
}