{
  "batch_size": 72,
  "beta_1": 0.9933865982504352,
  "beta_2": 0.859770383396765,
  "block_size": 108,
  "dropout": 0.2704728892330934,
  "epsilon": 1.3922627487190387e-10,
  "lr": 2.1701471840787515e-05,
  "n_embd": 24,
  "n_head": 6,
  "n_layer": 4,
  "seed": 929299997,
  "weight_decay": 0.008604557955746689
}