{
  "batch_size": 34.081104235286865,
  "beta_1": 0.4558423640591114,
  "beta_2": 0.4068976596859095,
  "block_size": 146.73071166517389,
  "dropout": 0.12747515574146462,
  "epsilon": 0.0009039539818884866,
  "lr": 0.0844357414302656,
  "n_embd": 5.991925847725033,
  "n_head": 2.903627290006894,
  "n_layer": 1.7582315835615656,
  "seed": 272046773.9185464,
  "weight_decay": 0.006311576041103026
}