{
  "batch_size": 35.472464169749806,
  "beta_1": 0.24731930837276958,
  "beta_2": 0.25310231740874006,
  "block_size": 169.85813060645143,
  "dropout": 0.32138231890783964,
  "epsilon": 0.0005717277568237663,
  "lr": 0.08398102499415766,
  "n_embd": 50.866361938287405,
  "n_head": 2.0206689173704238,
  "n_layer": 5.051318384752777,
  "seed": 510185613.61914724,
  "weight_decay": 0.00616023851758256
}