{
  "batch_size": 79,
  "beta_1": 0.7809947595518116,
  "beta_2": 0.5166338335051666,
  "block_size": 162,
  "dropout": 0.1704782325642981,
  "epsilon": 8.454402749e-07,
  "lr": 0.0005818494154033,
  "n_embd": 27,
  "n_head": 3,
  "n_layer": 3,
  "seed": 2048191050.5710607,
  "weight_decay": 1.07589555e-08
}