{
  "batch_size": 61.53118013556125,
  "beta_1": 0.5043834253801412,
  "beta_2": 0.3184470659836594,
  "block_size": 276.49660938609844,
  "dropout": 0.16508273306331994,
  "epsilon": 0.0005440671026316939,
  "lr": 0.0902581694492194,
  "n_embd": 16.620120522304934,
  "n_head": 2.415918972741284,
  "n_layer": 5.5944925999989845,
  "seed": 1611930055.9344804,
  "weight_decay": 0.005507452482088634
}