{
  "batch_size": 65.95709688970751,
  "beta_1": 0.7389186378758407,
  "beta_2": 0.2505413807612983,
  "block_size": 135.97691373128507,
  "dropout": 0.30565527078100707,
  "epsilon": 0.0005700355089146955,
  "lr": 0.04198666014748435,
  "n_embd": 2.7673336797577384,
  "n_head": 2.425295297002628,
  "n_layer": 1.728350273580896,
  "seed": 131487231.5352416,
  "weight_decay": 0.0076743709840572626
}