{
  "batch_size": 80,
  "beta_1": 0.4693431770647291,
  "beta_2": 0.9650684141748168,
  "block_size": 332,
  "dropout": 0.1112427363558058,
  "epsilon": 1.187718691e-07,
  "lr": 0.000823648341488,
  "n_embd": 29,
  "n_head": 3,
  "n_layer": 1,
  "seed": 2078910364.46134,
  "weight_decay": 0.0056069107222305
}