{
  "batch_size": 49.15446906718944,
  "beta_1": 0.944150770609393,
  "beta_2": 0.13749646125680928,
  "block_size": 185.80434839781284,
  "dropout": 0.23460633840177816,
  "epsilon": 0.0009560777398640763,
  "lr": 0.029970558226299217,
  "n_embd": 42.790528517596194,
  "n_head": 2.347284932487735,
  "n_layer": 6.98079975792503,
  "seed": 1307609504.8302846,
  "weight_decay": 0.009518496987953066
}