{
  "batch_size": 94.46977515653012,
  "beta_1": 0.3082646520699117,
  "beta_2": 0.9752336659415877,
  "block_size": 198.6762809084997,
  "dropout": 0.16980807202048326,
  "epsilon": 0.0002074769528593219,
  "lr": 0.07764203709202425,
  "n_embd": 6.028331537205409,
  "n_head": 2.94029708248918,
  "n_layer": 6.523272202044569,
  "seed": 2124992845.8181903,
  "weight_decay": 0.00718448942159371
}