{
  "batch_size": 43,
  "beta_1": 0.6257449945808095,
  "beta_2": 0.8050746755788384,
  "block_size": 145,
  "dropout": 0.1262338013774208,
  "epsilon": 5.96260844e-08,
  "lr": 0.0004411664945354,
  "n_embd": 51,
  "n_head": 3,
  "n_layer": 4,
  "seed": 1225609285.1502075,
  "weight_decay": 0.0014405768563394
}