{
  "batch_size": 52,
  "beta_1": 0.4537433553518403,
  "beta_2": 0.8109968761672722,
  "block_size": 138,
  "dropout": 0.4800646078512478,
  "epsilon": 0.00015919805199572453,
  "lr": 0.0003535327407775355,
  "n_embd": 5,
  "n_head": 3,
  "n_layer": 1,
  "seed": 1070524004,
  "weight_decay": 3.66934694366403e-08
}