{
  "batch_size": 48.33499889111665,
  "beta_1": 0.1945734716479749,
  "beta_2": 0.8801558187683125,
  "block_size": 253.4769693990466,
  "dropout": 0.24821575822906283,
  "epsilon": 0.0006803839254327655,
  "lr": 0.015227336080662696,
  "n_embd": 41.11600026690703,
  "n_head": 1.1052999699442982,
  "n_layer": 5.744349905581802,
  "seed": 1408642684.0284672,
  "weight_decay": 0.00016723143767090082
}