{
  "batch_size": 63.138752838345226,
  "beta_1": 0.48915877017832476,
  "beta_2": 0.3615763653331203,
  "block_size": 365.9638184977994,
  "dropout": 0.2927973744404815,
  "epsilon": 0.0007647109671716071,
  "lr": 0.02498040614935056,
  "n_embd": 28.79555477015145,
  "n_head": 6.054884804683507,
  "n_layer": 2.3577753167963333,
  "seed": 994782610.3376062,
  "weight_decay": 0.004959656568202763
}