{
  "batch_size": 54.229661728150866,
  "beta_1": 0.18579018893900573,
  "beta_2": 0.22186992353657997,
  "block_size": 166.5446315218038,
  "dropout": 0.1573604045208927,
  "epsilon": 0.0009009246130156179,
  "lr": 0.08103134431633394,
  "n_embd": 28.268326404444863,
  "n_head": 6.656231798583818,
  "n_layer": 3.5719266879006826,
  "seed": 1382175034.99638,
  "weight_decay": 0.0030439243609008556
}