{
  "batch_size": 48,
  "beta_1": 0.393204161427629,
  "beta_2": 0.1960434742319092,
  "block_size": 297,
  "dropout": 0.3583212191020798,
  "epsilon": 8.78919253e-07,
  "lr": 2.0827816837e-06,
  "n_embd": 42,
  "n_head": 6,
  "n_layer": 6,
  "seed": 1075783400.7287188,
  "weight_decay": 0.0002534625844089
}