{
  "batch_size": 66.96541382497225,
  "beta_1": 0.3359960730398001,
  "beta_2": 0.9612468788039995,
  "block_size": 72.35894635437512,
  "dropout": 0.3891380256417317,
  "epsilon": 0.00024760890599749113,
  "lr": 0.09925571338043529,
  "n_embd": 48.69827988816838,
  "n_head": 3.3711297407718166,
  "n_layer": 2.798406109624187,
  "seed": 807540738.4016185,
  "weight_decay": 0.0012228687292999481
}