{
  "batch_size": 61,
  "beta_1": 0.794311476716901,
  "beta_2": 0.5807966048410019,
  "block_size": 235,
  "dropout": 0.2915920669843285,
  "epsilon": 1.4637734127723444e-10,
  "lr": 5.0895010696322036e-05,
  "n_embd": 45,
  "n_head": 4,
  "n_layer": 4,
  "seed": 604385762,
  "weight_decay": 4.4449519193005474e-07
}