{
  "batch_size": 33,
  "beta_1": 0.8402331553996273,
  "beta_2": 0.8877497366237643,
  "block_size": 166,
  "dropout": 0.2941294048150087,
  "epsilon": 1.073252e-09,
  "lr": 0.0009712816171574,
  "n_embd": 26,
  "n_head": 6,
  "n_layer": 4,
  "seed": 400526807.0718101,
  "weight_decay": 0.0003804998693644
}