{
  "batch_size": 19.90988345648067,
  "beta_1": 0.9394711104201123,
  "beta_2": 0.3040833056739628,
  "block_size": 116.7496451984187,
  "dropout": 0.2571755463057378,
  "epsilon": 0.00020899062226686606,
  "lr": 0.036072272301104255,
  "n_embd": 23.060620506617887,
  "n_head": 2.501421215767338,
  "n_layer": 1.647457654483496,
  "seed": 2000072991.5894232,
  "weight_decay": 0.00456958293726718
}