{
  "batch_size": 50.25067525649615,
  "beta_1": 0.4634392449985014,
  "beta_2": 0.6276912327712553,
  "block_size": 81.190225259711,
  "dropout": 0.15196436265637903,
  "epsilon": 0.00025416703663425614,
  "lr": 0.08531444768925993,
  "n_embd": 7.993290528997614,
  "n_head": 2.877887808208098,
  "n_layer": 1.0246183152893404,
  "seed": 1053442490.4688244,
  "weight_decay": 0.009805503707239148
}