{
  "batch_size": 49.86957155182324,
  "beta_1": 0.5113736692291809,
  "beta_2": 0.9889803651804854,
  "block_size": 141.17619926554917,
  "dropout": 0.4722643875976583,
  "epsilon": 0.0002336205422234966,
  "lr": 0.042857399999694935,
  "n_embd": 37.60121528407128,
  "n_head": 2.6784689485302504,
  "n_layer": 2.733233343486933,
  "seed": 1572988590.0095167,
  "weight_decay": 0.009960195334933145
}