{
  "batch_size": 44,
  "beta_1": 0.18803688679921615,
  "beta_2": 0.30622999607631507,
  "block_size": 177,
  "dropout": 0.33257525082639555,
  "epsilon": 2.6775542331254643e-05,
  "lr": 0.00030756684875738545,
  "n_embd": 4,
  "n_head": 2,
  "n_layer": 6,
  "seed": 689513324,
  "weight_decay": 4.818353435319439e-06
}