{
  "batch_size": 61,
  "beta_1": 0.9809205739832232,
  "beta_2": 0.8575345754473821,
  "block_size": 103,
  "dropout": 0.3037891167119969,
  "epsilon": 0.0001115313984759,
  "lr": 0.002893583441109,
  "n_embd": 26,
  "n_head": 4,
  "n_layer": 1,
  "seed": 1575476663.5217276,
  "weight_decay": 7.7709860096e-06
}