{
  "batch_size": 73,
  "beta_1": 0.27640813332503006,
  "beta_2": 0.2656809777093877,
  "block_size": 361,
  "dropout": 0.15977128464928866,
  "epsilon": 2.159678588536962e-08,
  "lr": 0.0001280203223837932,
  "n_embd": 45,
  "n_head": 5,
  "n_layer": 5,
  "seed": 768929458,
  "weight_decay": 0.00031338777228028946
}