{
  "batch_size": 43,
  "beta_1": 0.8205341366722917,
  "beta_2": 0.891876636766525,
  "block_size": 252,
  "dropout": 0.3525899654318999,
  "epsilon": 2.0011085601521037e-06,
  "lr": 0.0008286449938633797,
  "n_embd": 32,
  "n_head": 6,
  "n_layer": 4,
  "seed": 1957782464,
  "weight_decay": 0.00041609192211848855
}