{
  "batch_size": 81,
  "beta_1": 0.5187562048808706,
  "beta_2": 0.9768878258745292,
  "block_size": 334,
  "dropout": 0.2882840349828998,
  "epsilon": 5.175228158377406e-06,
  "lr": 0.00039560557113994306,
  "n_embd": 46,
  "n_head": 2,
  "n_layer": 4,
  "seed": 948826412,
  "weight_decay": 1.8902234677427646e-07
}