{
  "batch_size": 82.76476255192979,
  "beta_1": 0.45581018391956785,
  "beta_2": 0.420832695287809,
  "block_size": 269.28753267825516,
  "dropout": 0.25402632051131424,
  "epsilon": 0.0006567098125077433,
  "lr": 0.010709622979350639,
  "n_embd": 7.783121802822805,
  "n_head": 6.040566377132288,
  "n_layer": 4.380779211891696,
  "seed": 1243439416.1884232,
  "weight_decay": 0.005605566759126215
}