{
  "batch_size": 73.34118290479358,
  "beta_1": 0.6933485621585685,
  "beta_2": 0.8848097813466249,
  "block_size": 339.0563556144113,
  "dropout": 0.12342332160262291,
  "epsilon": 0.000220347188981895,
  "lr": 0.05862811006211757,
  "n_embd": 27.321157554943248,
  "n_head": 4.130173397996954,
  "n_layer": 1.295762261232074,
  "seed": 920269761.0148199,
  "weight_decay": 0.003480464497022817
}