{
  "batch_size": 95,
  "beta_1": 0.5691546556979146,
  "beta_2": 0.9411671752878374,
  "block_size": 162,
  "dropout": 0.2182377498794892,
  "epsilon": 8.7491436497e-06,
  "lr": 0.0015354972426281,
  "n_embd": 21,
  "n_head": 2,
  "n_layer": 1,
  "seed": 1645684381.6150372,
  "weight_decay": 0.0006133729658263
}