{
  "batch_size": 24,
  "beta_1": 0.9648503690979255,
  "beta_2": 0.1692789932184911,
  "block_size": 288,
  "dropout": 0.3587348609721954,
  "epsilon": 2.9244686871513243e-06,
  "lr": 4.5356949180915585e-05,
  "n_embd": 42,
  "n_head": 1,
  "n_layer": 3,
  "seed": 1581376168,
  "weight_decay": 1.785876425217256e-08
}