{
  "batch_size": 17.302626865460585,
  "beta_1": 0.8867880425059452,
  "beta_2": 0.9162271387821773,
  "block_size": 304.84998546990994,
  "dropout": 0.15325060897663817,
  "epsilon": 0.0004644465003980395,
  "lr": 0.03100409175520402,
  "n_embd": 45.5399208823795,
  "n_head": 5.188585237686343,
  "n_layer": 3.694631071811157,
  "seed": 897913207.6536332,
  "weight_decay": 0.0011687630050342495
}