{
  "batch_size": 62,
  "beta_1": 0.5930518671879463,
  "beta_2": 0.2965388343039068,
  "block_size": 283,
  "dropout": 0.16873020136968853,
  "epsilon": 0.00012391774805000147,
  "lr": 0.0006371520943004572,
  "n_embd": 21,
  "n_head": 3,
  "n_layer": 6,
  "seed": 403831920,
  "weight_decay": 0.0019315087724300377
}