{
  "batch_size": 71.60362950145165,
  "beta_1": 0.453574460139884,
  "beta_2": 0.7577557668411207,
  "block_size": 314.4733241924463,
  "dropout": 0.2569253146083683,
  "epsilon": 5.443483785637632e-05,
  "lr": 0.07025878621957513,
  "n_embd": 3.7182444320469172,
  "n_head": 6.3626475784229495,
  "n_layer": 4.506192938694522,
  "seed": 1812144653.546866,
  "weight_decay": 0.00153633282515975
}