{
  "batch_size": 63,
  "beta_1": 0.805248393036437,
  "beta_2": 0.9406981257612134,
  "block_size": 139,
  "dropout": 0.4519858120919079,
  "epsilon": 0.0007525647792638,
  "lr": 0.0012497059398357,
  "n_embd": 48,
  "n_head": 2,
  "n_layer": 5,
  "seed": 2118286908.5666301,
  "weight_decay": 0.0019471615771878
}