{
  "batch_size": 49,
  "beta_1": 0.487951827858373,
  "beta_2": 0.8111789502415061,
  "block_size": 310,
  "dropout": 0.18704308189721172,
  "epsilon": 0.0001359821534662866,
  "lr": 6.700794126231783e-05,
  "n_embd": 45,
  "n_head": 1,
  "n_layer": 3,
  "seed": 602643358,
  "weight_decay": 5.232345935096608e-08
}