{
  "batch_size": 47,
  "beta_1": 0.9563496985729502,
  "beta_2": 0.9113858793329493,
  "block_size": 369,
  "dropout": 0.4798037492684486,
  "epsilon": 0.0004659919221856,
  "lr": 7.92938664532e-05,
  "n_embd": 19,
  "n_head": 4,
  "n_layer": 3,
  "seed": 1379538848.368057,
  "weight_decay": 0.0081735698550007
}