{
  "batch_size": 76.46098019264741,
  "beta_1": 0.3229125465672089,
  "beta_2": 0.6860796322510391,
  "block_size": 97.05023799304249,
  "dropout": 0.33949016520136094,
  "epsilon": 0.00013740238957759255,
  "lr": 0.03221948586857683,
  "n_embd": 14.825659416035656,
  "n_head": 5.506867124512431,
  "n_layer": 3.871430435738076,
  "seed": 1000532878.3630245,
  "weight_decay": 0.002782537931681235
}