{
  "batch_size": 66.08795167833699,
  "beta_1": 0.6942292870324843,
  "beta_2": 0.2369861150330823,
  "block_size": 222.7636040805192,
  "dropout": 0.2381137507550875,
  "epsilon": 0.0009580865870275225,
  "lr": 0.019592628421523133,
  "n_embd": 19.81966061682045,
  "n_head": 2.008482795538862,
  "n_layer": 5.150545254941269,
  "seed": 1820876421.745806,
  "weight_decay": 0.006132379975539195
}