{
  "batch_size": 28,
  "beta_1": 0.3316127476554991,
  "beta_2": 0.44445131458340903,
  "block_size": 323,
  "dropout": 0.4026380839614382,
  "epsilon": 3.4451099023687657e-07,
  "lr": 1.0181210374977208e-06,
  "n_embd": 3,
  "n_head": 6,
  "n_layer": 1,
  "seed": 1529184486,
  "weight_decay": 3.5358701327738412e-06
}