{
  "batch_size": 58.01394231444381,
  "beta_1": 0.5365071334367444,
  "beta_2": 0.5914479345139927,
  "block_size": 252.9465685607103,
  "dropout": 0.27798715861096723,
  "epsilon": 0.0004627942769864496,
  "lr": 0.04379022370971436,
  "n_embd": 28.58953015215008,
  "n_head": 1.8847221342679878,
  "n_layer": 2.6978060077898807,
  "seed": 189319834.78196043,
  "weight_decay": 0.009277855705415628
}