{
  "batch_size": 58.960046500646605,
  "beta_1": 0.6462547196282128,
  "beta_2": 0.3679247327025156,
  "block_size": 147.9144103920314,
  "dropout": 0.2775617139161397,
  "epsilon": 0.0004254391299384161,
  "lr": 0.08830808380490839,
  "n_embd": 52.69634500430468,
  "n_head": 1.6299965332072643,
  "n_layer": 3.147727275890806,
  "seed": 1817425016.9376857,
  "weight_decay": 0.0064682132008020395
}