{
  "batch_size": 95.54707931486055,
  "beta_1": 0.583641357352793,
  "beta_2": 0.984028969790568,
  "block_size": 164.8456551184347,
  "dropout": 0.3885910471854299,
  "epsilon": 0.0005738262807144061,
  "lr": 0.00475354015980705,
  "n_embd": 20.819517767962367,
  "n_head": 6.351935036531524,
  "n_layer": 2.333639824221189,
  "seed": 1168155961.9327657,
  "weight_decay": 0.003183625654820287
}