{
  "batch_size": 60.24763916126106,
  "beta_1": 0.5457845918361712,
  "beta_2": 0.3782811666543303,
  "block_size": 184.0165509334034,
  "dropout": 0.45212884036692536,
  "epsilon": 0.0008521941244010927,
  "lr": 0.053837493052211326,
  "n_embd": 35.99805214683837,
  "n_head": 4.9609387157578,
  "n_layer": 6.897392783470764,
  "seed": 1687113966.2496483,
  "weight_decay": 0.001798494805340901
}