{
  "batch_size": 80.86701142192415,
  "beta_1": 0.7668754840203461,
  "beta_2": 0.2280268661501856,
  "block_size": 143.59065477791592,
  "dropout": 0.4325585431174497,
  "epsilon": 0.00012601683934620136,
  "lr": 0.029199879098889436,
  "n_embd": 17.72855684151505,
  "n_head": 2.9805168186774083,
  "n_layer": 2.1251763924572655,
  "seed": 311889389.5842564,
  "weight_decay": 0.0053444743772891375
}