{
  "batch_size": 75,
  "beta_1": 0.9452218629962001,
  "beta_2": 0.6402079233500975,
  "block_size": 369,
  "dropout": 0.1154711135353929,
  "epsilon": 0.0008241615270765,
  "lr": 0.0006114282256523,
  "n_embd": 27,
  "n_head": 5,
  "n_layer": 2,
  "seed": 2109768936.380989,
  "weight_decay": 0.0045548109399216
}