{
  "batch_size": 51.28823577428548,
  "beta_1": 0.846921228436668,
  "beta_2": 0.584988195850757,
  "block_size": 335.35124717046745,
  "dropout": 0.3465748641506228,
  "epsilon": 0.0001761607455061586,
  "lr": 3.845687060289124e-05,
  "n_embd": 6.311038181636333,
  "n_head": 2.887079558141971,
  "n_layer": 3.02558644425167,
  "seed": 761384332.8628478,
  "weight_decay": 0.0066625584037433416
}