{
  "batch_size": 59.40754490561497,
  "beta_1": 0.8535885867631476,
  "beta_2": 0.133432942517462,
  "block_size": 182.31348684301545,
  "dropout": 0.4297810138450455,
  "epsilon": 0.00034950462951674455,
  "lr": 0.035084420465195366,
  "n_embd": 26.390792386055256,
  "n_head": 4.074430301306586,
  "n_layer": 5.399666624037098,
  "seed": 1238667468.1164308,
  "weight_decay": 0.006518043713870297
}