{
  "batch_size": 25,
  "beta_1": 0.6959013717857289,
  "beta_2": 0.9113985816447935,
  "block_size": 221,
  "dropout": 0.3824552712180701,
  "epsilon": 3.212611228843492e-10,
  "lr": 0.08890584719217279,
  "n_embd": 12,
  "n_head": 5,
  "n_layer": 6,
  "seed": 892809557,
  "weight_decay": 2.4028335266078072e-08
}