{
  "batch_size": 61.22123621450813,
  "beta_1": 0.4588567429430297,
  "beta_2": 0.8654264886950652,
  "block_size": 157.61529845845757,
  "dropout": 0.30811934931942797,
  "epsilon": 0.00030447062298545667,
  "lr": 0.05138122320054616,
  "n_embd": 39.528251067005264,
  "n_head": 2.616989433771163,
  "n_layer": 5.758130108193617,
  "seed": 1894326001.1965082,
  "weight_decay": 0.0035617284184627776
}