{
  "batch_size": 19.58140467277394,
  "beta_1": 0.5498519066569565,
  "beta_2": 0.2805632726467883,
  "block_size": 206.97530781313745,
  "dropout": 0.11420858025751067,
  "epsilon": 0.0008070808696121342,
  "lr": 0.056866575073968764,
  "n_embd": 27.198450466302052,
  "n_head": 1.52661997582261,
  "n_layer": 6.648395520971731,
  "seed": 1798564432.2936306,
  "weight_decay": 0.009249669494810039
}