{
  "batch_size": 96,
  "beta_1": 0.544353033109444,
  "beta_2": 0.4723075463814922,
  "block_size": 165,
  "dropout": 0.1945883357942671,
  "epsilon": 7.540783471833056e-07,
  "lr": 0.027500001078109702,
  "n_embd": 23,
  "n_head": 3,
  "n_layer": 3,
  "seed": 185433045,
  "weight_decay": 0.005148164841347676
}