{
  "batch_size": 74.98488389488651,
  "beta_1": 0.23794581420100794,
  "beta_2": 0.5375232872277901,
  "block_size": 87.94823945400938,
  "dropout": 0.29656702420933867,
  "epsilon": 9.527249957541907e-05,
  "lr": 0.09619658285185705,
  "n_embd": 37.69824856305333,
  "n_head": 3.527001713744382,
  "n_layer": 1.4787861855960625,
  "seed": 329627214.67643756,
  "weight_decay": 0.008464129046217985
}