{
  "batch_size": 81.1104968682911,
  "beta_1": 0.7475422697115996,
  "beta_2": 0.5522887585797165,
  "block_size": 328.8288815358329,
  "dropout": 0.3245960214672175,
  "epsilon": 0.0002603330388810276,
  "lr": 0.028929071948636937,
  "n_embd": 20.392400480142264,
  "n_head": 6.9992080274485415,
  "n_layer": 4.453928779706287,
  "seed": 920252004.2016232,
  "weight_decay": 0.006115290105030967
}