{
  "batch_size": 21.185560490526427,
  "beta_1": 0.6138164500302178,
  "beta_2": 0.6058250271314964,
  "block_size": 119.29718974448542,
  "dropout": 0.49319733046645753,
  "epsilon": 0.0009358193384173556,
  "lr": 0.017002849014396602,
  "n_embd": 25.175946674813268,
  "n_head": 3.757243312730149,
  "n_layer": 4.0270630673221355,
  "seed": 1551076897.9579332,
  "weight_decay": 0.009629644725186282
}