{
  "batch_size": 17,
  "beta_1": 0.1739655847813919,
  "beta_2": 0.2969764363613616,
  "block_size": 85,
  "dropout": 0.2947111144859414,
  "epsilon": 1.788855132e-07,
  "lr": 0.0171315487491966,
  "n_embd": 51,
  "n_head": 5,
  "n_layer": 2,
  "seed": 1746942007.5242786,
  "weight_decay": 1.41919126004e-05
}