{
  "batch_size": 92,
  "beta_1": 0.3119031941817309,
  "beta_2": 0.5008439324171473,
  "block_size": 74,
  "dropout": 0.2630206901356892,
  "epsilon": 1.1807669619454158e-10,
  "lr": 0.004077797849052853,
  "n_embd": 53,
  "n_head": 5,
  "n_layer": 1,
  "seed": 1998017095,
  "weight_decay": 5.713004987343524e-06
}