{
  "batch_size": 37,
  "beta_1": 0.6126319130324172,
  "beta_2": 0.860795951333663,
  "block_size": 360,
  "dropout": 0.1136887581242717,
  "epsilon": 4.635754104e-07,
  "lr": 0.0008834134034626,
  "n_embd": 33,
  "n_head": 4,
  "n_layer": 3,
  "seed": 1512925282.365485,
  "weight_decay": 0.0046364687871095
}