{
  "batch_size": 24.756979308088525,
  "beta_1": 0.8576183863764035,
  "beta_2": 0.7288418384943111,
  "block_size": 371.40556693278563,
  "dropout": 0.4925179030969724,
  "epsilon": 0.0009505480351706729,
  "lr": 0.05294995793152398,
  "n_embd": 2.214295120044785,
  "n_head": 6.036250477394886,
  "n_layer": 5.234127801085628,
  "seed": 273909131.52801543,
  "weight_decay": 0.006708593440494206
}