{
  "batch_size": 40.92372494685698,
  "beta_1": 0.7951647807304183,
  "beta_2": 0.9261421341803207,
  "block_size": 197.2925531586031,
  "dropout": 0.20220883657239774,
  "epsilon": 0.0008398682318898228,
  "lr": 0.003502342468011843,
  "n_embd": 45.37306961088078,
  "n_head": 3.6379601146590543,
  "n_layer": 1.5811840328362115,
  "seed": 1894354561.6891909,
  "weight_decay": 0.002561018496831292
}