{
  "batch_size": 32.49640155663402,
  "beta_1": 0.8715094494053542,
  "beta_2": 0.10731309339710277,
  "block_size": 168.6683089049857,
  "dropout": 0.44262965017413614,
  "epsilon": 0.0007611787068514011,
  "lr": 0.058782853906018596,
  "n_embd": 17.86591911230403,
  "n_head": 3.9788026227157554,
  "n_layer": 1.2754524507476728,
  "seed": 2126338193.078089,
  "weight_decay": 0.0003653160054276691
}