{
  "batch_size": 85,
  "beta_1": 0.2518267994645086,
  "beta_2": 0.8391009672808026,
  "block_size": 309,
  "dropout": 0.047160128927123894,
  "epsilon": 1.230827360889953e-07,
  "lr": 0.0009372414953316958,
  "n_embd": 33,
  "n_head": 1,
  "n_layer": 1,
  "seed": 1798051554,
  "weight_decay": 5.999755879129517e-05
}