{
  "batch_size": 32.42621853931902,
  "beta_1": 0.5602484507976396,
  "beta_2": 0.31303184341422424,
  "block_size": 151.80153871824172,
  "dropout": 0.1940201593130466,
  "epsilon": 0.0005983635710192376,
  "lr": 0.0988881396664564,
  "n_embd": 4.735574128130714,
  "n_head": 4.505612470000773,
  "n_layer": 3.4565325016858615,
  "seed": 378998564.26131094,
  "weight_decay": 0.0015906582223388208
}