{
  "batch_size": 42.88146733201887,
  "beta_1": 0.16827170882028103,
  "beta_2": 0.7191752832763993,
  "block_size": 228.63166084964436,
  "dropout": 0.24058578239817696,
  "epsilon": 0.0009217344198798245,
  "lr": 0.05013884547037591,
  "n_embd": 45.187146786114255,
  "n_head": 3.447506823797995,
  "n_layer": 4.8942978576023926,
  "seed": 2116876847.2319791,
  "weight_decay": 0.002042892384220547
}