{
  "batch_size": 81,
  "beta_1": 0.6635510569085084,
  "beta_2": 0.41233838824281965,
  "block_size": 95,
  "dropout": 0.11464972791832416,
  "epsilon": 0.0008312511461468051,
  "lr": 1.5239580122626072e-06,
  "n_embd": 43,
  "n_head": 4,
  "n_layer": 3,
  "seed": 1526414516,
  "weight_decay": 0.0001544409217462348
}