{
  "batch_size": 50,
  "beta_1": 0.4837205515217116,
  "beta_2": 0.5847548417199561,
  "block_size": 200,
  "dropout": 0.1959024762294107,
  "epsilon": 0.0001120016657141,
  "lr": 0.0007086908515015,
  "n_embd": 18,
  "n_head": 1,
  "n_layer": 1,
  "seed": 785323123.2509743,
  "weight_decay": 3.887540339e-07
}