{
  "batch_size": 41.39266911476709,
  "beta_1": 0.2663078047461332,
  "beta_2": 0.41054919669860035,
  "block_size": 220.40623409364605,
  "dropout": 0.22361424591856538,
  "epsilon": 0.00023202227821095628,
  "lr": 0.051322162329057675,
  "n_embd": 48.86756289296544,
  "n_head": 1.3803335073692664,
  "n_layer": 4.740985836089383,
  "seed": 1159692209.3613374,
  "weight_decay": 0.009705671215997521
}