{
  "batch_size": 84,
  "beta_1": 0.433771777529062,
  "beta_2": 0.5328138535981549,
  "block_size": 235,
  "dropout": 0.3638566954798666,
  "epsilon": 9.076132e-10,
  "lr": 0.0723881991832476,
  "n_embd": 0,
  "n_head": 3,
  "n_layer": 3,
  "seed": 554383921.6528225,
  "weight_decay": 5.368674392e-07
}