{
  "batch_size": 85.52773516734628,
  "beta_1": 0.4673598869322064,
  "beta_2": 0.7507052771367058,
  "block_size": 231.37084435849115,
  "dropout": 0.33991132507994337,
  "epsilon": 0.0007762384343982855,
  "lr": 0.06922816015817364,
  "n_embd": 51.87165874653436,
  "n_head": 6.87124958491737,
  "n_layer": 6.192967032834193,
  "seed": 1989120816.430852,
  "weight_decay": 0.006947322320624654
}