{
  "batch_size": 90.20745467113736,
  "beta_1": 0.6773829317920945,
  "beta_2": 0.808188985120679,
  "block_size": 293.55014802843243,
  "dropout": 0.24411845582554548,
  "epsilon": 0.0005399296497932834,
  "lr": 0.09378577181605054,
  "n_embd": 2.250076021329733,
  "n_head": 2.2561279774611047,
  "n_layer": 6.096036212570181,
  "seed": 504679805.56594545,
  "weight_decay": 0.005752451150878509
}