{
  "batch_size": 96,
  "beta_1": 0.10275659868052081,
  "beta_2": 0.6001977089640886,
  "block_size": 154,
  "dropout": 0.22220898419200763,
  "epsilon": 1.5591771079030991e-10,
  "lr": 0.0033915146197098255,
  "n_embd": 26,
  "n_head": 5,
  "n_layer": 3,
  "seed": 863766197,
  "weight_decay": 1.8459449198801473e-08
}