{
  "batch_size": 65,
  "beta_1": 0.7429281866193104,
  "beta_2": 0.5714892978936744,
  "block_size": 343,
  "dropout": 0.2964479906044216,
  "epsilon": 1.3828009988e-06,
  "lr": 0.0029276543797922,
  "n_embd": 45,
  "n_head": 2,
  "n_layer": 3,
  "seed": 1874603467.2005432,
  "weight_decay": 1.4491614885e-06
}