{
  "batch_size": 26,
  "beta_1": 0.7085547442057929,
  "beta_2": 0.4271103489913811,
  "block_size": 200,
  "dropout": 0.21907348707580215,
  "epsilon": 8.58164685678898e-06,
  "lr": 0.001176945628354587,
  "n_embd": 27,
  "n_head": 5,
  "n_layer": 6,
  "seed": 658013567,
  "weight_decay": 0.006948558332309547
}