{
  "batch_size": 22,
  "beta_1": 0.9206215724071282,
  "beta_2": 0.5782780036971212,
  "block_size": 255,
  "dropout": 0.1641336968280258,
  "epsilon": 1.15817542218e-05,
  "lr": 8.18572786314e-05,
  "n_embd": 31,
  "n_head": 3,
  "n_layer": 3,
  "seed": 1960882973.4838905,
  "weight_decay": 1.09271654e-08
}