{
  "batch_size": 63.91931844522589,
  "beta_1": 0.3285609075392171,
  "beta_2": 0.4455266416685022,
  "block_size": 264.04440281130337,
  "dropout": 0.28919269662123775,
  "epsilon": 0.00023014519226878988,
  "lr": 0.012414541150688784,
  "n_embd": 13.109867306391182,
  "n_head": 1.703449325576643,
  "n_layer": 2.3804229212503554,
  "seed": 34009148.49994919,
  "weight_decay": 0.009235206567123145
}