{
  "batch_size": 59,
  "beta_1": 0.8860257571758595,
  "beta_2": 0.3305316715143718,
  "block_size": 181,
  "dropout": 0.11742126915193274,
  "epsilon": 4.012779009053074e-10,
  "lr": 2.7713048997722956e-05,
  "n_embd": 52,
  "n_head": 2,
  "n_layer": 3,
  "seed": 91675548,
  "weight_decay": 1.3872594023372705e-08
}