{
  "batch_size": 79,
  "beta_1": 0.7688307223439509,
  "beta_2": 0.5937960114265852,
  "block_size": 330,
  "dropout": 0.10652846277810353,
  "epsilon": 1.5322510012312358e-05,
  "lr": 1.1963591979515531e-05,
  "n_embd": 41,
  "n_head": 5,
  "n_layer": 6,
  "seed": 841012874,
  "weight_decay": 1.0564809655859174e-07
}