{
  "batch_size": 44,
  "beta_1": 0.615645478690428,
  "beta_2": 0.21713229944654017,
  "block_size": 246,
  "dropout": 0.2581427282894842,
  "epsilon": 3.2029030009033146e-06,
  "lr": 0.03806839134538556,
  "n_embd": 28,
  "n_head": 2,
  "n_layer": 3,
  "seed": 492141425,
  "weight_decay": 9.121335356533873e-06
}