{
  "batch_size": 57,
  "beta_1": 0.42936994057571254,
  "beta_2": 0.3306077049148014,
  "block_size": 264,
  "dropout": 0.2946167974368956,
  "epsilon": 1.1193517368056282e-07,
  "lr": 0.00014591344474789694,
  "n_embd": 45,
  "n_head": 6,
  "n_layer": 3,
  "seed": 1895066033,
  "weight_decay": 3.035600650262284e-08
}