{
  "batch_size": 65.0111696544389,
  "beta_1": 0.2620982168551224,
  "beta_2": 0.8004878630965081,
  "block_size": 257.0632950789919,
  "dropout": 0.3529862815781385,
  "epsilon": 0.00011458599937101303,
  "lr": 0.08753871379256822,
  "n_embd": 20.508834824412467,
  "n_head": 2.8452577092350015,
  "n_layer": 1.3288638623074918,
  "seed": 1817206644.869103,
  "weight_decay": 7.825206129730216e-05
}