{
  "batch_size": 53.76368989000968,
  "beta_1": 0.9299523674536668,
  "beta_2": 0.868442924968574,
  "block_size": 251.15259542517532,
  "dropout": 0.17797745208503027,
  "epsilon": 0.00045088157401028026,
  "lr": 0.06866554574039775,
  "n_embd": 43.69660189329127,
  "n_head": 3.390557216786255,
  "n_layer": 6.773787610024854,
  "seed": 604553801.6886775,
  "weight_decay": 0.0054421996125904055
}