{
  "batch_size": 35,
  "beta_1": 0.2143870013891851,
  "beta_2": 0.5536321820208507,
  "block_size": 91,
  "dropout": 0.1542875742444645,
  "epsilon": 1.4657838e-09,
  "lr": 2.10551132008e-05,
  "n_embd": 37,
  "n_head": 2,
  "n_layer": 6,
  "seed": 1887967385.036976,
  "weight_decay": 7.028252688e-06
}