{
  "batch_size": 40,
  "beta_1": 0.9907961386081826,
  "beta_2": 0.1964459785530145,
  "block_size": 268,
  "dropout": 0.4335140525832338,
  "epsilon": 2.319336e-10,
  "lr": 0.0123437121059042,
  "n_embd": 13,
  "n_head": 3,
  "n_layer": 2,
  "seed": 153720522.92893806,
  "weight_decay": 1.15995906163e-05
}