{
  "batch_size": 80.9307230492919,
  "beta_1": 0.18297919906302978,
  "beta_2": 0.6176295936946877,
  "block_size": 256.2540592364485,
  "dropout": 0.24434367028933465,
  "epsilon": 0.0006157587458398605,
  "lr": 0.01577188886230957,
  "n_embd": 42.20380989234693,
  "n_head": 4.869149707907965,
  "n_layer": 2.9224501860184366,
  "seed": 1574769152.961592,
  "weight_decay": 0.0029841156551663945
}