{
  "batch_size": 92.92580845274227,
  "beta_1": 0.4247761062462553,
  "beta_2": 0.11254906274082364,
  "block_size": 121.53307630946372,
  "dropout": 0.2819946690880425,
  "epsilon": 0.0005302394461690129,
  "lr": 0.03580115674411208,
  "n_embd": 22.05571690709548,
  "n_head": 3.066852816010138,
  "n_layer": 3.2876687439574077,
  "seed": 890040084.3643521,
  "weight_decay": 0.00567473022996791
}