{
  "batch_size": 80.44836934939792,
  "beta_1": 0.6310654371129112,
  "beta_2": 0.8012157725396402,
  "block_size": 147.60453299207035,
  "dropout": 0.39309985507735223,
  "epsilon": 0.0005910710316385715,
  "lr": 0.037794701549016055,
  "n_embd": 21.42042293087514,
  "n_head": 2.2998142576098166,
  "n_layer": 6.91091792695305,
  "seed": 547486771.265446,
  "weight_decay": 0.0017652909387788941
}