{
  "batch_size": 93,
  "beta_1": 0.745782117183358,
  "beta_2": 0.3428783782447774,
  "block_size": 316,
  "dropout": 0.445546004852289,
  "epsilon": 4.231608e-10,
  "lr": 5.63332841466e-05,
  "n_embd": 41,
  "n_head": 2,
  "n_layer": 1,
  "seed": 798168618.1454816,
  "weight_decay": 1.133767535e-07
}