{
  "batch_size": 23.685813906628976,
  "beta_1": 0.391949475925664,
  "beta_2": 0.38489619852114043,
  "block_size": 367.7757592934952,
  "dropout": 0.20522636803415947,
  "epsilon": 0.0005490077026489242,
  "lr": 0.08468707160777224,
  "n_embd": 49.01600288341316,
  "n_head": 3.459410948489357,
  "n_layer": 4.352078462050723,
  "seed": 1043713201.8398353,
  "weight_decay": 0.000933266252292341
}