{
  "batch_size": 19.127078042556118,
  "beta_1": 0.8266246737882138,
  "beta_2": 0.5382779744767083,
  "block_size": 137.28698047337218,
  "dropout": 0.18637870524571604,
  "epsilon": 0.0006597424638351614,
  "lr": 0.09981078781912596,
  "n_embd": 45.25166496241191,
  "n_head": 4.900072055675477,
  "n_layer": 4.420023931839335,
  "seed": 1527469538.532284,
  "weight_decay": 0.0034358645355304783
}