{
  "batch_size": 38.94511527788861,
  "beta_1": 0.5792704029569059,
  "beta_2": 0.31643906321887655,
  "block_size": 161.9759225820906,
  "dropout": 0.14747589600319355,
  "epsilon": 0.00016041889701196978,
  "lr": 0.09861676161720859,
  "n_embd": 48.38819324192639,
  "n_head": 2.121268181921896,
  "n_layer": 4.230813599247818,
  "seed": 1681784527.3709257,
  "weight_decay": 0.007780484934078513
}