{
  "batch_size": 62.694890567427535,
  "beta_1": 0.6642803128610498,
  "beta_2": 0.5341983834734436,
  "block_size": 72.28323966360941,
  "dropout": 0.33865445880173817,
  "epsilon": 0.0005758151804442897,
  "lr": 0.06806996273952332,
  "n_embd": 46.61155099440828,
  "n_head": 1.045003559044267,
  "n_layer": 6.024758220973547,
  "seed": 860730196.0570866,
  "weight_decay": 0.00265102105599103
}