{
  "batch_size": 65.3425410748342,
  "beta_1": 0.2208223283761751,
  "beta_2": 0.9678864797204456,
  "block_size": 97.57542190030364,
  "dropout": 0.137729160642162,
  "epsilon": 0.00019590046138949057,
  "lr": 0.03362338035438738,
  "n_embd": 8.5758991674213,
  "n_head": 2.976436103252462,
  "n_layer": 2.0697172133035218,
  "seed": 1611660030.2161772,
  "weight_decay": 0.005451355784346262
}