{
  "batch_size": 25.8176409777191,
  "beta_1": 0.5521449615351768,
  "beta_2": 0.4527339343566986,
  "block_size": 104.74742057865535,
  "dropout": 0.12870686803057302,
  "epsilon": 0.0003338360267586056,
  "lr": 0.018428827012812756,
  "n_embd": 23.81219359812435,
  "n_head": 1.3267275300088686,
  "n_layer": 1.8182466192462226,
  "seed": 1139668919.7448514,
  "weight_decay": 0.005737462614288543
}