{
  "batch_size": 69,
  "beta_1": 0.9281158329580614,
  "beta_2": 0.6546135882287498,
  "block_size": 204,
  "dropout": 0.2768781108116405,
  "epsilon": 2.5849874239488273e-06,
  "lr": 1.919156025644275e-06,
  "n_embd": 17,
  "n_head": 5,
  "n_layer": 4,
  "seed": 234233742,
  "weight_decay": 0.00013885509668635918
}