{
  "batch_size": 68.97418701084328,
  "beta_1": 0.4505260574285509,
  "beta_2": 0.8890272803912808,
  "block_size": 139.70529925396772,
  "dropout": 0.29523962180049756,
  "epsilon": 0.00012199275394640687,
  "lr": 0.036847741382121046,
  "n_embd": 36.97953211425955,
  "n_head": 4.1168825059556085,
  "n_layer": 2.982509022969553,
  "seed": 1429150839.8740017,
  "weight_decay": 0.0066718180290971036
}