{
  "batch_size": 44,
  "beta_1": 0.5568188220286686,
  "beta_2": 0.4720592661121984,
  "block_size": 226,
  "dropout": 0.17784586099771513,
  "epsilon": 5.912250499438296e-08,
  "lr": 0.00035706116780620387,
  "n_embd": 19,
  "n_head": 3,
  "n_layer": 2,
  "seed": 1705782929,
  "weight_decay": 0.0001392133430673825
}