{
  "batch_size": 51,
  "beta_1": 0.7516136979126149,
  "beta_2": 0.9104704702859144,
  "block_size": 309,
  "dropout": 0.42580908442053567,
  "epsilon": 6.636167377397466e-07,
  "lr": 0.09615490979025887,
  "n_embd": 33,
  "n_head": 1,
  "n_layer": 1,
  "seed": 1619990214,
  "weight_decay": 1.2861325836254403e-08
}