{
  "batch_size": 83,
  "beta_1": 0.2814433289847341,
  "beta_2": 0.708100813912799,
  "block_size": 330,
  "dropout": 0.3101770798416948,
  "epsilon": 2.0282894521755935e-10,
  "lr": 0.034075324113940715,
  "n_embd": 12,
  "n_head": 5,
  "n_layer": 1,
  "seed": 1452772234,
  "weight_decay": 1.0521617210613218e-07
}