{
  "batch_size": 37.63855545618019,
  "beta_1": 0.8751523095416778,
  "beta_2": 0.4050284522492651,
  "block_size": 348.8336924215888,
  "dropout": 0.47662204222567206,
  "epsilon": 0.000859394414584418,
  "lr": 0.016558559238163403,
  "n_embd": 29.746175873365267,
  "n_head": 3.4174113649847775,
  "n_layer": 5.873288389505807,
  "seed": 1140580967.1414087,
  "weight_decay": 0.002060686798563346
}