{
  "batch_size": 88.89989751336192,
  "beta_1": 0.5559931312269452,
  "beta_2": 0.9964076358711618,
  "block_size": 185.8633111636214,
  "dropout": 0.19792924025353062,
  "epsilon": 0.00025398679032389334,
  "lr": 0.034527382031988324,
  "n_embd": 8.701414127415243,
  "n_head": 3.3912315536884274,
  "n_layer": 5.9481472940083036,
  "seed": 1758414346.2605655,
  "weight_decay": 0.001445758964983029
}