{
  "batch_size": 56,
  "beta_1": 0.13419252107743013,
  "beta_2": 0.6366001768656941,
  "block_size": 158,
  "dropout": 0.16313339733084234,
  "epsilon": 5.322334490020205e-06,
  "lr": 0.014002899203769527,
  "n_embd": 8,
  "n_head": 3,
  "n_layer": 6,
  "seed": 1552400192,
  "weight_decay": 1.2479473776915063e-08
}