{
  "batch_size": 18,
  "beta_1": 0.9315658025501332,
  "beta_2": 0.3832064123749816,
  "block_size": 292,
  "dropout": 0.1432807368502223,
  "epsilon": 1.688243965e-07,
  "lr": 0.0007709675692871,
  "n_embd": 34,
  "n_head": 6,
  "n_layer": 3,
  "seed": 1605859458.2711067,
  "weight_decay": 1.78331176e-07
}