{
  "batch_size": 22.008271373896022,
  "beta_1": 0.8389137887056023,
  "beta_2": 0.4691143326999657,
  "block_size": 333.6098501070717,
  "dropout": 0.10226834473350377,
  "epsilon": 0.0007497699231451341,
  "lr": 0.016979797331191922,
  "n_embd": 37.60260083828024,
  "n_head": 6.040635530421518,
  "n_layer": 1.7304797080136336,
  "seed": 271992842.4645133,
  "weight_decay": 0.0008523379060952063
}