{
  "batch_size": 21,
  "beta_1": 0.5599457493620927,
  "beta_2": 0.1071279144908078,
  "block_size": 238,
  "dropout": 0.4295760610797314,
  "epsilon": 8.86814956e-08,
  "lr": 0.0002014331649374,
  "n_embd": 52,
  "n_head": 6,
  "n_layer": 5,
  "seed": 1045061284.4374387,
  "weight_decay": 4.794946817e-07
}