{
  "batch_size": 71,
  "beta_1": 0.9577043874656656,
  "beta_2": 0.571337950667858,
  "block_size": 131,
  "dropout": 0.4982372051382369,
  "epsilon": 5.852958334198588e-08,
  "lr": 0.0056613308801623016,
  "n_embd": 5,
  "n_head": 3,
  "n_layer": 3,
  "seed": 651706610,
  "weight_decay": 8.429080518443731e-06
}