{
  "batch_size": 53,
  "beta_1": 0.37192144812574346,
  "beta_2": 0.5049929455795427,
  "block_size": 378,
  "dropout": 0.4659153640963094,
  "epsilon": 1.650172407367663e-07,
  "lr": 0.0315777525339443,
  "n_embd": 37,
  "n_head": 6,
  "n_layer": 4,
  "seed": 677444887,
  "weight_decay": 8.835283641623573e-06
}