{
  "batch_size": 44.515881068799544,
  "beta_1": 0.9706293776540208,
  "beta_2": 0.33108448253101863,
  "block_size": 275.3943418017713,
  "dropout": 0.2668827234238428,
  "epsilon": 0.0008904649143394933,
  "lr": 0.031279563234152465,
  "n_embd": 20.988321340496345,
  "n_head": 2.295944747863691,
  "n_layer": 3.13101628197556,
  "seed": 1196279194.50922,
  "weight_decay": 0.007572599675791085
}