{
  "batch_size": 44,
  "beta_1": 0.7909486836402646,
  "beta_2": 0.9375585093861155,
  "block_size": 152,
  "dropout": 0.24094443826374998,
  "epsilon": 1.6719458390129947e-06,
  "lr": 0.00013200154520545018,
  "n_embd": 34,
  "n_head": 5,
  "n_layer": 6,
  "seed": 999858172,
  "weight_decay": 0.003811220122958897
}