{
  "batch_size": 20.9951489075513,
  "beta_1": 0.20636645646876528,
  "beta_2": 0.6728575366475816,
  "block_size": 110.18173256508683,
  "dropout": 0.4735260519115799,
  "epsilon": 0.00039049200524404905,
  "lr": 0.035409217043798236,
  "n_embd": 3.309149059590744,
  "n_head": 2.8852452444998393,
  "n_layer": 2.459044120831622,
  "seed": 1586818289.7653625,
  "weight_decay": 0.0002844959634199648
}