{
  "batch_size": 31.838546775170943,
  "beta_1": 0.209661757302296,
  "beta_2": 0.4894021302100725,
  "block_size": 194.6201771804186,
  "dropout": 0.12172394798610223,
  "epsilon": 5.330354300815659e-05,
  "lr": 0.09481668241705248,
  "n_embd": 16.905269582394467,
  "n_head": 3.7228434765382077,
  "n_layer": 1.6411160658462538,
  "seed": 1381415845.355092,
  "weight_decay": 0.005466019856208102
}