{
  "batch_size": 71,
  "beta_1": 0.5869042433105329,
  "beta_2": 0.15069149620604505,
  "block_size": 381,
  "dropout": 0.1724329695816625,
  "epsilon": 1.2478203366581251e-08,
  "lr": 3.470979209839845e-05,
  "n_embd": 50,
  "n_head": 3,
  "n_layer": 6,
  "seed": 1382764419,
  "weight_decay": 2.169374610733837e-06
}