{
  "batch_size": 63.068609411713126,
  "beta_1": 0.9971181351866105,
  "beta_2": 0.8852032184672506,
  "block_size": 265.2386347931344,
  "dropout": 0.28462364022372705,
  "epsilon": 0.0005314346252472202,
  "lr": 0.09575790041968123,
  "n_embd": 3.087598396323803,
  "n_head": 6.40618456793749,
  "n_layer": 4.552336006352273,
  "seed": 1856423963.210513,
  "weight_decay": 0.007199995562546234
}