{
  "batch_size": 74.59301909911468,
  "beta_1": 0.830820462440486,
  "beta_2": 0.6951890811727515,
  "block_size": 361.0705497173225,
  "dropout": 0.4160274973244388,
  "epsilon": 0.0005896095328193463,
  "lr": 0.061547432184177235,
  "n_embd": 8.615764747593854,
  "n_head": 4.5013742142252715,
  "n_layer": 6.085480319175117,
  "seed": 1880819143.8260682,
  "weight_decay": 0.00996580929655123
}