{
  "batch_size": 40.452169225234165,
  "beta_1": 0.49583183588584034,
  "beta_2": 0.5823378353324397,
  "block_size": 143.9615795835732,
  "dropout": 0.10894814866248059,
  "epsilon": 0.0009634943543258529,
  "lr": 0.057842550878951786,
  "n_embd": 30.89088075235617,
  "n_head": 2.1088095081965106,
  "n_layer": 4.718762018726288,
  "seed": 1472586409.2709687,
  "weight_decay": 0.008928860369261129
}