{
  "batch_size": 49.674941783479504,
  "beta_1": 0.5286412073859369,
  "beta_2": 0.3463239767216787,
  "block_size": 168.77285743718943,
  "dropout": 0.44349187027067527,
  "epsilon": 0.0007308858344504784,
  "lr": 0.05124754257381251,
  "n_embd": 32.61429144506445,
  "n_head": 5.187537711942712,
  "n_layer": 6.511218680443078,
  "seed": 1611651508.3758373,
  "weight_decay": 0.009042090634672779
}