{
  "batch_size": 90.48855855705682,
  "beta_1": 0.5296537926134317,
  "beta_2": 0.2968421476378763,
  "block_size": 117.1940710594102,
  "dropout": 0.45862119406693636,
  "epsilon": 7.955358880346471e-05,
  "lr": 0.0359744026205687,
  "n_embd": 12.486664504537899,
  "n_head": 5.640492376612512,
  "n_layer": 1.9431177459069617,
  "seed": 1573714513.457549,
  "weight_decay": 0.007166610879624544
}