{
  "batch_size": 78,
  "beta_1": 0.1848393514217922,
  "beta_2": 0.925449079798869,
  "block_size": 102,
  "dropout": 0.420368245239657,
  "epsilon": 2.91769929367e-05,
  "lr": 6.15198126255e-05,
  "n_embd": 5,
  "n_head": 1,
  "n_layer": 4,
  "seed": 2059269951.3755915,
  "weight_decay": 0.0001145065088916
}