{
  "batch_size": 90.43440125377003,
  "beta_1": 0.8851152654481019,
  "beta_2": 0.8523111842577109,
  "block_size": 160.92683776094026,
  "dropout": 0.3978902830678054,
  "epsilon": 6.307948212191743e-05,
  "lr": 0.06575540118506154,
  "n_embd": 9.592964062221053,
  "n_head": 1.0781177529489703,
  "n_layer": 2.0058883652909687,
  "seed": 1464549935.1708827,
  "weight_decay": 0.0083126292024277
}