{
  "batch_size": 39,
  "beta_1": 0.2517782172799722,
  "beta_2": 0.9745952818000108,
  "block_size": 192,
  "dropout": 0.3790111967940974,
  "epsilon": 1.70883831e-08,
  "lr": 0.0018816733390843,
  "n_embd": 51,
  "n_head": 4,
  "n_layer": 3,
  "seed": 1403333606.291031,
  "weight_decay": 1.2724990232e-06
}