{
  "batch_size": 87,
  "beta_1": 0.500831992005105,
  "beta_2": 0.4288446020126736,
  "block_size": 223,
  "dropout": 0.2465449508221434,
  "epsilon": 0.00046063943986807235,
  "lr": 3.712677556308216e-05,
  "n_embd": 31,
  "n_head": 4,
  "n_layer": 4,
  "seed": 1546160601,
  "weight_decay": 6.7630791268175185e-06
}