{
  "batch_size": 56,
  "beta_1": 0.2545134048790234,
  "beta_2": 0.22176464924848965,
  "block_size": 135,
  "dropout": 0.2652142543366634,
  "epsilon": 6.270738618581238e-08,
  "lr": 3.280016888855535e-06,
  "n_embd": 39,
  "n_head": 4,
  "n_layer": 1,
  "seed": 1384058612,
  "weight_decay": 0.005769711095244826
}