{
  "batch_size": 79,
  "beta_1": 0.6153008968118721,
  "beta_2": 0.3577015081277609,
  "block_size": 172,
  "dropout": 0.20808287907792794,
  "epsilon": 5.829724237596352e-07,
  "lr": 0.0008543542602879198,
  "n_embd": 26,
  "n_head": 5,
  "n_layer": 6,
  "seed": 212070312,
  "weight_decay": 0.0003872011804602432
}