{
  "batch_size": 23,
  "beta_1": 0.12543478465029506,
  "beta_2": 0.8056678576348935,
  "block_size": 247,
  "dropout": 0.2530734993833246,
  "epsilon": 4.835211979775089e-07,
  "lr": 0.0013596085232350048,
  "n_embd": 41,
  "n_head": 6,
  "n_layer": 2,
  "seed": 8691287,
  "weight_decay": 3.0256255873627073e-07
}