{
  "batch_size": 71,
  "beta_1": 0.6460226317176713,
  "beta_2": 0.2815795665679986,
  "block_size": 262,
  "dropout": 0.26444990809134433,
  "epsilon": 1.7655663657027773e-06,
  "lr": 5.455768530020509e-05,
  "n_embd": 6,
  "n_head": 6,
  "n_layer": 6,
  "seed": 576345759,
  "weight_decay": 0.00015992434411690905
}