{
  "batch_size": 24.734957346385478,
  "beta_1": 0.7709364850861291,
  "beta_2": 0.6131248300876594,
  "block_size": 297.89946583661305,
  "dropout": 0.2919790620084316,
  "epsilon": 0.0006318854246502512,
  "lr": 0.007133635372573927,
  "n_embd": 48.779177341924765,
  "n_head": 3.7272390594677893,
  "n_layer": 6.478465415830619,
  "seed": 1856443900.6617415,
  "weight_decay": 0.003431166005591199
}