{
  "batch_size": 59,
  "beta_1": 0.25394746958516057,
  "beta_2": 0.286847004709463,
  "block_size": 295,
  "dropout": 0.4367400756844419,
  "epsilon": 0.0002019889679810814,
  "lr": 0.0017964653005360998,
  "n_embd": 2,
  "n_head": 1,
  "n_layer": 1,
  "seed": 1094731504,
  "weight_decay": 0.0004393796341976624
}