{
  "batch_size": 56,
  "beta_1": 0.5339330124154602,
  "beta_2": 0.8586486904030999,
  "block_size": 322,
  "dropout": 0.1321688313451666,
  "epsilon": 1.939078521e-07,
  "lr": 0.0011939955917233,
  "n_embd": 51,
  "n_head": 4,
  "n_layer": 4,
  "seed": 245076366.60615295,
  "weight_decay": 1.9729021869e-06
}