{
  "batch_size": 80.19417696287712,
  "beta_1": 0.44595907819501757,
  "beta_2": 0.33716021406657526,
  "block_size": 65.41502532447922,
  "dropout": 0.3614975111221058,
  "epsilon": 0.0008043564677558544,
  "lr": 0.022403268374985772,
  "n_embd": 14.990423006270214,
  "n_head": 4.656531692375081,
  "n_layer": 6.21678757012038,
  "seed": 1553329357.4372706,
  "weight_decay": 0.004112767929139541
}