{
  "batch_size": 94,
  "beta_1": 0.7229139641563067,
  "beta_2": 0.7877023710721947,
  "block_size": 328,
  "dropout": 0.38090503056181196,
  "epsilon": 2.809954290710136e-09,
  "lr": 0.0004192437016834338,
  "n_embd": 14,
  "n_head": 6,
  "n_layer": 1,
  "seed": 330966587,
  "weight_decay": 0.01049171361370214
}