{
  "batch_size": 35.98470249165009,
  "beta_1": 0.27668918932897035,
  "beta_2": 0.6905920924247991,
  "block_size": 330.7147395263135,
  "dropout": 0.26816621710120525,
  "epsilon": 0.000938749752731423,
  "lr": 0.07756179473898032,
  "n_embd": 42.81470202630261,
  "n_head": 6.838112220851432,
  "n_layer": 5.554446273267787,
  "seed": 1856337198.8034942,
  "weight_decay": 0.004962803753807122
}