{
  "batch_size": 69,
  "beta_1": 0.6868844741317014,
  "beta_2": 0.7958975003046402,
  "block_size": 291,
  "dropout": 0.1898897239080802,
  "epsilon": 8.859991e-10,
  "lr": 0.0003931452837643,
  "n_embd": 39,
  "n_head": 4,
  "n_layer": 5,
  "seed": 1502736523.0787754,
  "weight_decay": 1.3838211783e-06
}