{
  "batch_size": 20,
  "beta_1": 0.9865462919982343,
  "beta_2": 0.8969201913803702,
  "block_size": 87,
  "dropout": 0.3464875956129406,
  "epsilon": 1.8155535931937616e-09,
  "lr": 0.003826127639198747,
  "n_embd": 9,
  "n_head": 1,
  "n_layer": 4,
  "seed": 2072980446,
  "weight_decay": 8.95253568144786e-06
}