{
  "batch_size": 19,
  "beta_1": 0.5256436734669049,
  "beta_2": 0.7338878198756896,
  "block_size": 293,
  "dropout": 0.1674533065605479,
  "epsilon": 6.162979202e-07,
  "lr": 0.0007435384598208,
  "n_embd": 17,
  "n_head": 3,
  "n_layer": 5,
  "seed": 1098552707.2777712,
  "weight_decay": 2.5060437991e-06
}