{
  "batch_size": 77.07667554469072,
  "beta_1": 0.32107339343715613,
  "beta_2": 0.8303174529290147,
  "block_size": 308.2699286539204,
  "dropout": 0.45221619434103155,
  "epsilon": 0.0006379809500357096,
  "lr": 0.018900213456498925,
  "n_embd": 5.618710174250404,
  "n_head": 6.178969697610937,
  "n_layer": 5.053411877418755,
  "seed": 1989758163.8845003,
  "weight_decay": 0.00938970640295416
}