{
  "batch_size": 39,
  "beta_1": 0.9765378396757672,
  "beta_2": 0.9000336837851093,
  "block_size": 188,
  "dropout": 0.3147937411106353,
  "epsilon": 3.525312278492898e-08,
  "lr": 1.5448211649968834e-05,
  "n_embd": 53,
  "n_head": 1,
  "n_layer": 4,
  "seed": 38158591,
  "weight_decay": 0.004691686085789207
}