{
  "batch_size": 89,
  "beta_1": 0.22217310751741917,
  "beta_2": 0.8839307024937224,
  "block_size": 258,
  "dropout": 0.15420290928508484,
  "epsilon": 0.0006813170345907818,
  "lr": 0.045854993715471304,
  "n_embd": 18,
  "n_head": 2,
  "n_layer": 4,
  "seed": 16936995,
  "weight_decay": 1.603108671748609e-05
}