{
  "batch_size": 21,
  "beta_1": 0.5519419230278716,
  "beta_2": 0.9061059208753163,
  "block_size": 285,
  "dropout": 0.14227666011093226,
  "epsilon": 1.143597793538929e-06,
  "lr": 0.0018417681816511556,
  "n_embd": 15,
  "n_head": 6,
  "n_layer": 1,
  "seed": 2115734680,
  "weight_decay": 0.0005716650692378445
}