{
  "batch_size": 87,
  "beta_1": 0.7828501352264777,
  "beta_2": 0.442952368373792,
  "block_size": 381,
  "dropout": 0.1814769617624602,
  "epsilon": 6.08577498878e-05,
  "lr": 9.47266062063e-05,
  "n_embd": 17,
  "n_head": 2,
  "n_layer": 1,
  "seed": 561553512.289844,
  "weight_decay": 4.607336407e-07
}