{
  "batch_size": 42.04761606759488,
  "beta_1": 0.7513731659844712,
  "beta_2": 0.6534921731040881,
  "block_size": 204.71451649414936,
  "dropout": 0.18764539429334623,
  "epsilon": 0.0007280602003048796,
  "lr": 0.06973069933363363,
  "n_embd": 16.54720443952417,
  "n_head": 4.642675817216864,
  "n_layer": 2.7287589691234357,
  "seed": 687129259.5338703,
  "weight_decay": 0.0006054078647963188
}