{
  "batch_size": 69.89077917800873,
  "beta_1": 0.530674080963288,
  "beta_2": 0.35743864578939777,
  "block_size": 248.2115562882774,
  "dropout": 0.4118164925875346,
  "epsilon": 0.0005982069029076292,
  "lr": 0.0947306826405703,
  "n_embd": 48.060791932893125,
  "n_head": 1.4165145879531753,
  "n_layer": 2.9255715758107104,
  "seed": 963672259.3995048,
  "weight_decay": 0.007318702463174404
}