{
  "batch_size": 24,
  "beta_1": 0.7500757410693946,
  "beta_2": 0.31910536244332743,
  "block_size": 243,
  "dropout": 0.3749827917098879,
  "epsilon": 1.8940955980837368e-10,
  "lr": 2.7795602718331598e-05,
  "n_embd": 41,
  "n_head": 4,
  "n_layer": 2,
  "seed": 1606614712,
  "weight_decay": 1.2438113744275725e-07
}