{
  "batch_size": 65,
  "beta_1": 0.3342509927737716,
  "beta_2": 0.7699120940741249,
  "block_size": 206,
  "dropout": 0.1962725579388462,
  "epsilon": 1.0396355e-09,
  "lr": 0.000257416760453,
  "n_embd": 4,
  "n_head": 5,
  "n_layer": 3,
  "seed": 140465865.59574226,
  "weight_decay": 8.530240019e-07
}