{
  "batch_size": 73.46071006978676,
  "beta_1": 0.6395073178337315,
  "beta_2": 0.4889098079489477,
  "block_size": 279.924523147291,
  "dropout": 0.2727975992148495,
  "epsilon": 0.0006095075353554034,
  "lr": 0.08792409320042886,
  "n_embd": 39.5266353061447,
  "n_head": 1.2138546828193335,
  "n_layer": 5.822400400064277,
  "seed": 1971472244.4717202,
  "weight_decay": 0.004509754104934953
}