{
  "batch_size": 31.734746796094512,
  "beta_1": 0.6687405828293581,
  "beta_2": 0.5075767380898805,
  "block_size": 358.7389358938247,
  "dropout": 0.15830436194088487,
  "epsilon": 0.0007562252524653733,
  "lr": 0.05223835447594899,
  "n_embd": 29.313816701758924,
  "n_head": 4.988052544874737,
  "n_layer": 4.786607093807678,
  "seed": 272081553.73289174,
  "weight_decay": 0.009879925088273815
}