{
  "batch_size": 91,
  "beta_1": 0.7467284865126301,
  "beta_2": 0.862906796634186,
  "block_size": 204,
  "dropout": 0.060564606142536906,
  "epsilon": 0.00038356574384046274,
  "lr": 5.4213319946118025e-05,
  "n_embd": 15,
  "n_head": 6,
  "n_layer": 2,
  "seed": 899664619,
  "weight_decay": 0.00042650522807989523
}