{
  "batch_size": 39.105052067416274,
  "beta_1": 0.27149707175431703,
  "beta_2": 0.5605523239604189,
  "block_size": 122.61996664148529,
  "dropout": 0.1273122208072675,
  "epsilon": 0.0009124459464175574,
  "lr": 0.07236172701413345,
  "n_embd": 39.39733767670438,
  "n_head": 6.324354694841971,
  "n_layer": 5.542423265199695,
  "seed": 1121129779.9298916,
  "weight_decay": 0.003194219836644813
}