{
  "batch_size": 60,
  "beta_1": 0.6494777702151895,
  "beta_2": 0.9658709489011162,
  "block_size": 273,
  "dropout": 0.1080225276132808,
  "epsilon": 1.734016e-10,
  "lr": 0.001287050359904,
  "n_embd": 12,
  "n_head": 5,
  "n_layer": 1,
  "seed": 420043843.8859375,
  "weight_decay": 0.0004100154755874
}