{
  "batch_size": 39.07942181040144,
  "beta_1": 0.5821753818180704,
  "beta_2": 0.8737056778400061,
  "block_size": 161.5655977571446,
  "dropout": 0.3879844892212687,
  "epsilon": 0.0005160352383071615,
  "lr": 0.053186123462097265,
  "n_embd": 34.91580179956889,
  "n_head": 5.396690543825045,
  "n_layer": 2.6208210342287668,
  "seed": 206641134.4168303,
  "weight_decay": 0.008166145455488695
}