{
  "batch_size": 60,
  "beta_1": 0.42220950710048155,
  "beta_2": 0.33763936597299204,
  "block_size": 172,
  "dropout": 0.2663460852197478,
  "epsilon": 5.697217605822069e-09,
  "lr": 0.0010935734531685374,
  "n_embd": 26,
  "n_head": 5,
  "n_layer": 6,
  "seed": 212070312,
  "weight_decay": 0.0004956175109891114
}