{
  "batch_size": 26,
  "beta_1": 0.5382706132547843,
  "beta_2": 0.9899788431059167,
  "block_size": 335,
  "dropout": 0.13399579050971308,
  "epsilon": 8.466646778373329e-07,
  "lr": 1.1666079160940904e-05,
  "n_embd": 39,
  "n_head": 6,
  "n_layer": 1,
  "seed": 1315856285,
  "weight_decay": 0.002862301749229707
}