{
  "batch_size": 79,
  "beta_1": 0.6387309922017647,
  "beta_2": 0.12326289174857993,
  "block_size": 332,
  "dropout": 0.3135325322138187,
  "epsilon": 4.362036673367591e-06,
  "lr": 1.8446790594073483e-05,
  "n_embd": 3,
  "n_head": 4,
  "n_layer": 5,
  "seed": 1036014805,
  "weight_decay": 2.2961805996514985e-06
}