{
  "batch_size": 84,
  "beta_1": 0.35087571186279365,
  "beta_2": 0.7052868723101345,
  "block_size": 343,
  "dropout": 0.270801952996946,
  "epsilon": 9.115517514418366e-09,
  "lr": 1.542251459755025e-05,
  "n_embd": 10,
  "n_head": 4,
  "n_layer": 1,
  "seed": 419977843,
  "weight_decay": 8.929978697295417e-07
}