{
  "batch_size": 56,
  "beta_1": 0.9479852493801942,
  "beta_2": 0.57815586710293,
  "block_size": 201,
  "dropout": 0.4994958096090806,
  "epsilon": 1.660564304109481e-05,
  "lr": 0.0021778125364366055,
  "n_embd": 38,
  "n_head": 6,
  "n_layer": 6,
  "seed": 713108275,
  "weight_decay": 6.514866570989546e-05
}