{
  "batch_size": 67,
  "beta_1": 0.524820682865418,
  "beta_2": 0.8218603108172952,
  "block_size": 338,
  "dropout": 0.4252681837765583,
  "epsilon": 2.376048318e-07,
  "lr": 0.0005346492252939,
  "n_embd": 36,
  "n_head": 2,
  "n_layer": 5,
  "seed": 143057227.52890494,
  "weight_decay": 4.42315791e-08
}