{
  "batch_size": 39,
  "beta_1": 0.5099575685780645,
  "beta_2": 0.9954002478717556,
  "block_size": 221,
  "dropout": 0.1206453647550136,
  "epsilon": 1.0379257968e-06,
  "lr": 0.0007653818049107,
  "n_embd": 31,
  "n_head": 3,
  "n_layer": 4,
  "seed": 1482246579.697171,
  "weight_decay": 2.2981890522e-06
}