{
  "batch_size": 46.59508844727902,
  "beta_1": 0.7151101120584603,
  "beta_2": 0.6982250007421872,
  "block_size": 338.379722798774,
  "dropout": 0.2684186568466166,
  "epsilon": 0.00024072843413508878,
  "lr": 0.0927426599215974,
  "n_embd": 0.634334147096412,
  "n_head": 4.284120634645516,
  "n_layer": 1.0966558332698648,
  "seed": 624827870.7902038,
  "weight_decay": 0.003842391101146238
}