{
  "batch_size": 51,
  "beta_1": 0.5211931803995751,
  "beta_2": 0.9951644676044664,
  "block_size": 192,
  "dropout": 0.11255443166771593,
  "epsilon": 0.0003472593904879729,
  "lr": 0.011513535957522915,
  "n_embd": 13,
  "n_head": 1,
  "n_layer": 4,
  "seed": 2116691318,
  "weight_decay": 1.2380504245103852e-07
}