{
  "batch_size": 22.68042735819987,
  "beta_1": 0.7044475758489265,
  "beta_2": 0.5998933317087339,
  "block_size": 330.6102693537583,
  "dropout": 0.2313877782844943,
  "epsilon": 0.0002704346423419569,
  "lr": 0.054805137252683954,
  "n_embd": 42.97835269266476,
  "n_head": 2.546535120444017,
  "n_layer": 1.200349360410718,
  "seed": 1806236760.473259,
  "weight_decay": 0.0034640272003097763
}