{
  "batch_size": 67,
  "beta_1": 0.11770927041678353,
  "beta_2": 0.9140618400742875,
  "block_size": 283,
  "dropout": 0.33374535791989035,
  "epsilon": 1.2306841614572754e-06,
  "lr": 0.00030884308030871177,
  "n_embd": 49,
  "n_head": 5,
  "n_layer": 1,
  "seed": 876935080,
  "weight_decay": 4.2925290823182823e-07
}