{
  "batch_size": 16,
  "beta_1": 0.864802465708163,
  "beta_2": 0.5196001003825593,
  "block_size": 375,
  "dropout": 0.1946294130809997,
  "epsilon": 8.751753e-10,
  "lr": 0.0004179398329927,
  "n_embd": 41,
  "n_head": 1,
  "n_layer": 3,
  "seed": 1982946581.6370397,
  "weight_decay": 8.33978214e-08
}