{
  "batch_size": 90.70238806966637,
  "beta_1": 0.9889172856862425,
  "beta_2": 0.3727940015215496,
  "block_size": 348.5298297829497,
  "dropout": 0.17822417699771026,
  "epsilon": 0.000402841429652607,
  "lr": 0.08103223101002728,
  "n_embd": 6.930579372988188,
  "n_head": 6.597799643215273,
  "n_layer": 3.1404432442423,
  "seed": 459231790.3261807,
  "weight_decay": 0.005715226666953499
}