{
  "batch_size": 75.75484611453172,
  "beta_1": 0.6259158119762256,
  "beta_2": 0.9565951756960924,
  "block_size": 113.97522718848222,
  "dropout": 0.19632861298461016,
  "epsilon": 0.0008000931716051882,
  "lr": 0.09588535583305531,
  "n_embd": 48.7711490942205,
  "n_head": 4.592187834634949,
  "n_layer": 6.051078643102227,
  "seed": 1880832108.7740955,
  "weight_decay": 0.005691368151625409
}