{
  "batch_size": 93.02027983364832,
  "beta_1": 0.13688997052778007,
  "beta_2": 0.6455430113784466,
  "block_size": 253.5326138267803,
  "dropout": 0.43403662886000494,
  "epsilon": 0.00048045958577186496,
  "lr": 0.02544829393851808,
  "n_embd": 39.19156176648711,
  "n_head": 3.181094332876955,
  "n_layer": 6.926728515800585,
  "seed": 1429634022.5304885,
  "weight_decay": 0.005515016532371705
}