{
  "batch_size": 92,
  "beta_1": 0.4804357196892267,
  "beta_2": 0.4825937426167728,
  "block_size": 240,
  "dropout": 0.2680705428933392,
  "epsilon": 9.88826894556343e-09,
  "lr": 0.001960847000863084,
  "n_embd": 17,
  "n_head": 2,
  "n_layer": 6,
  "seed": 593050377,
  "weight_decay": 0.00017319515094186254
}