{
  "batch_size": 79,
  "beta_1": 0.5535006660900962,
  "beta_2": 0.8248321629969619,
  "block_size": 355,
  "dropout": 0.47660087563508546,
  "epsilon": 4.110902906946441e-07,
  "lr": 0.0008364558303823636,
  "n_embd": 47,
  "n_head": 1,
  "n_layer": 1,
  "seed": 1869871731,
  "weight_decay": 1.1848939421263884e-07
}