{
  "batch_size": 24,
  "beta_1": 0.6937971730407958,
  "beta_2": 0.539400793833725,
  "block_size": 162,
  "dropout": 0.4959424056011835,
  "epsilon": 0.00040951990560739756,
  "lr": 3.2009045524061576e-05,
  "n_embd": 38,
  "n_head": 4,
  "n_layer": 2,
  "seed": 1140854964,
  "weight_decay": 1.1795549396349398e-05
}