{
  "batch_size": 71.6293369579746,
  "beta_1": 0.16868409201035703,
  "beta_2": 0.24592275715183975,
  "block_size": 75.50689318194526,
  "dropout": 0.38596925361888446,
  "epsilon": 0.00020061901239131315,
  "lr": 0.06427872815399559,
  "n_embd": 23.923493664248102,
  "n_head": 1.9225939842762272,
  "n_layer": 2.444176415220546,
  "seed": 877736495.5000708,
  "weight_decay": 0.007046752847668931
}