{
  "batch_size": 77.72883741656909,
  "beta_1": 0.18216634518069588,
  "beta_2": 0.5252841840809607,
  "block_size": 362.08640605241334,
  "dropout": 0.13451565835975945,
  "epsilon": 0.00018532468974326113,
  "lr": 0.09169214039335447,
  "n_embd": 14.522050345682377,
  "n_head": 5.291753985910952,
  "n_layer": 6.776509559900619,
  "seed": 1686849086.301507,
  "weight_decay": 0.0034051217001890965
}