{
  "batch_size": 82,
  "beta_1": 0.9914506570142478,
  "beta_2": 0.8158785785517706,
  "block_size": 280,
  "dropout": 0.2804752402948447,
  "epsilon": 8.45119356e-08,
  "lr": 0.0433210976442872,
  "n_embd": 51,
  "n_head": 4,
  "n_layer": 5,
  "seed": 1070038039.5231221,
  "weight_decay": 7.01447487694e-05
}