{
  "batch_size": 77.34818962261801,
  "beta_1": 0.8947401249440016,
  "beta_2": 0.49676748229999124,
  "block_size": 288.1308272823742,
  "dropout": 0.39541019914261477,
  "epsilon": 0.0005881827593358154,
  "lr": 0.02512816917745845,
  "n_embd": 39.165651930025284,
  "n_head": 1.3826237569301565,
  "n_layer": 1.442917844937833,
  "seed": 1217138910.0124736,
  "weight_decay": 0.0021893146378545066
}