{
  "batch_size": 20.192607062940283,
  "beta_1": 0.12518377384314086,
  "beta_2": 0.36907886229803266,
  "block_size": 340.38785425784175,
  "dropout": 0.3580824094779228,
  "epsilon": 0.0008568297775210442,
  "lr": 0.024089016841620996,
  "n_embd": 6.777299664952739,
  "n_head": 5.5127611075205305,
  "n_layer": 6.330496617252411,
  "seed": 2002382247.7829452,
  "weight_decay": 0.00811741908245632
}