{
  "batch_size": 16.422260232733937,
  "beta_1": 0.14218181592349388,
  "beta_2": 0.5629922376882932,
  "block_size": 129.37912156035742,
  "dropout": 0.3098024253894046,
  "epsilon": 5.4374560472874544e-05,
  "lr": 0.09881803741144268,
  "n_embd": 30.290540634030776,
  "n_head": 2.211300329250805,
  "n_layer": 3.3064075770461128,
  "seed": 767051655.5133529,
  "weight_decay": 8.376003994936383e-05
}