{
  "batch_size": 52,
  "beta_1": 0.9812927507443716,
  "beta_2": 0.17858998405121146,
  "block_size": 225,
  "dropout": 0.2867679474784095,
  "epsilon": 7.353332114058601e-07,
  "lr": 8.029119182034643e-05,
  "n_embd": 32,
  "n_head": 4,
  "n_layer": 3,
  "seed": 454733701,
  "weight_decay": 0.0019065658777430135
}