{
  "batch_size": 58.51070523489301,
  "beta_1": 0.7665170075302051,
  "beta_2": 0.838263613654671,
  "block_size": 322.37740909238516,
  "dropout": 0.3779052973726459,
  "epsilon": 0.0005776922251368007,
  "lr": 0.08105354405111574,
  "n_embd": 30.89920389590511,
  "n_head": 3.0260252206478517,
  "n_layer": 3.1617823209957194,
  "seed": 260472189.32538778,
  "weight_decay": 0.0022304720233506437
}