{
  "batch_size": 29,
  "beta_1": 0.3858983782362092,
  "beta_2": 0.4755988302624817,
  "block_size": 204,
  "dropout": 0.4284368332216176,
  "epsilon": 6.282417e-09,
  "lr": 0.0495985964090708,
  "n_embd": 45,
  "n_head": 5,
  "n_layer": 5,
  "seed": 1434388109.6936347,
  "weight_decay": 1.4951623326e-06
}