{
  "batch_size": 60,
  "beta_1": 0.832536923433569,
  "beta_2": 0.9335909518699684,
  "block_size": 189,
  "dropout": 0.2266284852026686,
  "epsilon": 1.1774447e-09,
  "lr": 0.0004347910479562,
  "n_embd": 31,
  "n_head": 6,
  "n_layer": 4,
  "seed": 2002934074.0698235,
  "weight_decay": 1.49633134305e-05
}