{
  "batch_size": 89.06087338043724,
  "beta_1": 0.7171375329263757,
  "beta_2": 0.8585294180982744,
  "block_size": 333.5328316312079,
  "dropout": 0.35138023577307353,
  "epsilon": 0.00038899705237153417,
  "lr": 0.013987810732803455,
  "n_embd": 33.63419700265865,
  "n_head": 1.596082808653881,
  "n_layer": 1.3477070717949167,
  "seed": 624685477.3628392,
  "weight_decay": 0.007741571426524208
}