{
  "batch_size": 20,
  "beta_1": 0.1032157640820176,
  "beta_2": 0.2909086065646726,
  "block_size": 117,
  "dropout": 0.2159096603692494,
  "epsilon": 3.69607545e-08,
  "lr": 0.0016404036370199,
  "n_embd": 5,
  "n_head": 5,
  "n_layer": 4,
  "seed": 2007327739.941848,
  "weight_decay": 0.001225015959174
}