{
  "batch_size": 56.107372733039554,
  "beta_1": 0.8887680203589021,
  "beta_2": 0.5232553021546433,
  "block_size": 279.31554600460265,
  "dropout": 0.26640716725749214,
  "epsilon": 0.0005180713604006264,
  "lr": 0.01759578789633264,
  "n_embd": 18.435975337750087,
  "n_head": 2.695790015856732,
  "n_layer": 3.8575742025703263,
  "seed": 753515641.701833,
  "weight_decay": 0.006126152268059449
}