{
  "batch_size": 89.21512683027389,
  "beta_1": 0.26392727830599516,
  "beta_2": 0.9039403521255464,
  "block_size": 247.51956062199116,
  "dropout": 0.19471547610137657,
  "epsilon": 0.0003689965073731812,
  "lr": 0.05795680323265627,
  "n_embd": 2.117624138715888,
  "n_head": 5.780934542646122,
  "n_layer": 6.021118564411547,
  "seed": 2127149290.1852474,
  "weight_decay": 0.003021592035186462
}