{
  "batch_size": 22.04850681347444,
  "beta_1": 0.6447356528770362,
  "beta_2": 0.926929274988289,
  "block_size": 212.33119548651217,
  "dropout": 0.23603374014033515,
  "epsilon": 8.05331268537879e-05,
  "lr": 0.05015472169834036,
  "n_embd": 51.33042273074712,
  "n_head": 3.4877206713065454,
  "n_layer": 3.7513437828302503,
  "seed": 890130422.0241463,
  "weight_decay": 0.007077282359978457
}