{
  "batch_size": 84.15500125325116,
  "beta_1": 0.5536430647838748,
  "beta_2": 0.8093409754515168,
  "block_size": 267.78309286637045,
  "dropout": 0.4861661316076674,
  "epsilon": 0.000601761043725354,
  "lr": 0.06481016034632554,
  "n_embd": 49.69885179656118,
  "n_head": 1.7256884079553516,
  "n_layer": 1.9438213927308314,
  "seed": 1220684166.0361712,
  "weight_decay": 0.008248002655513996
}