{
  "batch_size": 81.7800189687596,
  "beta_1": 0.5673947753761847,
  "beta_2": 0.6186431251294953,
  "block_size": 213.14082076019312,
  "dropout": 0.4282034054201317,
  "epsilon": 0.0008691214582967743,
  "lr": 0.02459503260390079,
  "n_embd": 18.3941909512994,
  "n_head": 3.464183075477936,
  "n_layer": 2.2078557454179446,
  "seed": 1336181612.026766,
  "weight_decay": 0.004445164198381009
}