{
  "batch_size": 37.657246620107976,
  "beta_1": 0.6777737017755099,
  "beta_2": 0.21305205335054744,
  "block_size": 380.70307579811515,
  "dropout": 0.1194210747867667,
  "epsilon": 0.0007627183413837224,
  "lr": 0.05172244028724221,
  "n_embd": 40.69777151027826,
  "n_head": 3.1561757506602275,
  "n_layer": 4.623139157979383,
  "seed": 83639626.83177075,
  "weight_decay": 0.00631595523457269
}