{
  "batch_size": 41.77416336607569,
  "beta_1": 0.3088146158274785,
  "beta_2": 0.4397626250603851,
  "block_size": 127.49878696369694,
  "dropout": 0.128377004831014,
  "epsilon": 0.00011781286914528312,
  "lr": 0.03478996467976648,
  "n_embd": 8.016689190137155,
  "n_head": 6.62622651266789,
  "n_layer": 1.358039571789477,
  "seed": 1833573799.537685,
  "weight_decay": 0.003698630008888973
}