{
  "batch_size": 72.17936538713954,
  "beta_1": 0.4336995716452613,
  "beta_2": 0.5842491013123406,
  "block_size": 350.0863136877162,
  "dropout": 0.20163086993222445,
  "epsilon": 0.00024578228400344646,
  "lr": 0.03891160802410878,
  "n_embd": 51.892878810564234,
  "n_head": 3.6777590878092012,
  "n_layer": 2.0987676275166334,
  "seed": 1907068673.517231,
  "weight_decay": 0.004201848358703648
}