{
  "batch_size": 28,
  "beta_1": 0.7043127654312081,
  "beta_2": 0.2529566498037022,
  "block_size": 136,
  "dropout": 0.4900089008624198,
  "epsilon": 1.7109639e-09,
  "lr": 0.0001375544388738,
  "n_embd": 36,
  "n_head": 5,
  "n_layer": 5,
  "seed": 727872727.9166251,
  "weight_decay": 4.23639188899e-05
}