{
  "batch_size": 24.720765372170398,
  "beta_1": 0.5535774561483364,
  "beta_2": 0.6196723345501995,
  "block_size": 253.23988535200664,
  "dropout": 0.137042044914138,
  "epsilon": 0.0005044172324761143,
  "lr": 0.08361858655761813,
  "n_embd": 35.23471284012437,
  "n_head": 1.8564826531222085,
  "n_layer": 1.6765900831367953,
  "seed": 1611770432.338666,
  "weight_decay": 0.0036638271497603275
}