{
  "batch_size": 34,
  "beta_1": 0.8509099790704682,
  "beta_2": 0.4273645439998973,
  "block_size": 113,
  "dropout": 0.2305280284837528,
  "epsilon": 6.25528496171e-05,
  "lr": 0.0002760235275939,
  "n_embd": 28,
  "n_head": 4,
  "n_layer": 5,
  "seed": 285328329.12751675,
  "weight_decay": 1.448513088e-07
}