{
  "batch_size": 81.93618241650968,
  "beta_1": 0.8315275630227615,
  "beta_2": 0.839231839417536,
  "block_size": 213.39225269149608,
  "dropout": 0.3825627905011916,
  "epsilon": 0.0007691985810466844,
  "lr": 0.026540842037409192,
  "n_embd": 21.53780895307257,
  "n_head": 4.046540411387815,
  "n_layer": 1.063782120852539,
  "seed": 1213419542.6633015,
  "weight_decay": 0.0039342879058587455
}