{
  "batch_size": 95,
  "beta_1": 0.7431773894258035,
  "beta_2": 0.6666064073396776,
  "block_size": 284,
  "dropout": 0.223542329763102,
  "epsilon": 3.830992e-10,
  "lr": 0.0005087518317898,
  "n_embd": 35,
  "n_head": 5,
  "n_layer": 4,
  "seed": 1011716360.889942,
  "weight_decay": 4.36069877e-08
}