{
  "batch_size": 93.78729944159738,
  "beta_1": 0.6234100642398177,
  "beta_2": 0.816114216717149,
  "block_size": 79.9448197865043,
  "dropout": 0.1245678757400392,
  "epsilon": 0.0007592535822156371,
  "lr": 0.003918866995141625,
  "n_embd": 47.58297960065586,
  "n_head": 1.8762189501717974,
  "n_layer": 4.753275588469649,
  "seed": 1472589290.1247766,
  "weight_decay": 0.005438567102457345
}