{
  "batch_size": 36,
  "beta_1": 0.9302997985801132,
  "beta_2": 0.4154501172670356,
  "block_size": 282,
  "dropout": 0.22518901176731895,
  "epsilon": 2.3451750826696236e-06,
  "lr": 0.004199618407506114,
  "n_embd": 8,
  "n_head": 5,
  "n_layer": 5,
  "seed": 465315342,
  "weight_decay": 5.2387302572872385e-08
}