{
  "batch_size": 41,
  "beta_1": 0.4033144300700508,
  "beta_2": 0.5204710385426051,
  "block_size": 68,
  "dropout": 0.1873323975944738,
  "epsilon": 5.5030925651e-05,
  "lr": 0.0074475560224072,
  "n_embd": 31,
  "n_head": 1,
  "n_layer": 1,
  "seed": 2035550508.7692368,
  "weight_decay": 0.0005341849340499
}