{
  "batch_size": 79.26806862815548,
  "beta_1": 0.9139888705315717,
  "beta_2": 0.6706492914331964,
  "block_size": 248.77985073096977,
  "dropout": 0.1403971118649785,
  "epsilon": 0.00039798068063385357,
  "lr": 0.05882307983808232,
  "n_embd": 8.204349343537812,
  "n_head": 3.919431519870701,
  "n_layer": 6.594323513316304,
  "seed": 141949113.4666547,
  "weight_decay": 0.004496422094682941
}