{
  "batch_size": 21,
  "beta_1": 0.1285748478250783,
  "beta_2": 0.8853495290794579,
  "block_size": 335,
  "dropout": 0.3529586536212329,
  "epsilon": 1.416087741e-07,
  "lr": 0.0047576641881372,
  "n_embd": 21,
  "n_head": 4,
  "n_layer": 3,
  "seed": 240216242.61168584,
  "weight_decay": 1.227211658e-07
}