{
  "batch_size": 29.427402854219338,
  "beta_1": 0.3772249643564701,
  "beta_2": 0.8022056693166122,
  "block_size": 305.56364328518885,
  "dropout": 0.25447996001925827,
  "epsilon": 0.0004587931369321545,
  "lr": 0.005924628260636857,
  "n_embd": 52.850589693073005,
  "n_head": 1.0297107079678056,
  "n_layer": 1.4692344608395325,
  "seed": 2010359865.137489,
  "weight_decay": 0.0026994800556370134
}