{
  "batch_size": 49,
  "beta_1": 0.3248616611304991,
  "beta_2": 0.8337727571290716,
  "block_size": 304,
  "dropout": 0.4934619330553751,
  "epsilon": 0.0003219767789779,
  "lr": 0.0018526627132095,
  "n_embd": 49,
  "n_head": 3,
  "n_layer": 5,
  "seed": 984179235.1435424,
  "weight_decay": 0.002433191263552
}