{
  "batch_size": 54,
  "beta_1": 0.3605680898183896,
  "beta_2": 0.9126327088676304,
  "block_size": 366,
  "dropout": 0.2391239378312478,
  "epsilon": 3.181774e-10,
  "lr": 0.0007576133418702,
  "n_embd": 50,
  "n_head": 4,
  "n_layer": 5,
  "seed": 1308986109.1396763,
  "weight_decay": 3.1481843505e-06
}