{
  "batch_size": 18.195311590912965,
  "beta_1": 0.6609638451894307,
  "beta_2": 0.7894192614003488,
  "block_size": 93.94980781954715,
  "dropout": 0.39246436644566496,
  "epsilon": 0.0007074080639323597,
  "lr": 0.0553725765917345,
  "n_embd": 11.540307771746903,
  "n_head": 2.946635533374348,
  "n_layer": 6.9728359537728695,
  "seed": 742426461.913654,
  "weight_decay": 0.007911068672180771
}