{
  "batch_size": 34.23529689148994,
  "beta_1": 0.771799899311938,
  "beta_2": 0.27928411684242627,
  "block_size": 118.98332558991089,
  "dropout": 0.2222512413604926,
  "epsilon": 0.0004733993759583627,
  "lr": 0.05753626556932562,
  "n_embd": 36.13203820666353,
  "n_head": 6.428355675666503,
  "n_layer": 4.413800711772632,
  "seed": 1939047051.4058855,
  "weight_decay": 0.008333613714245467
}