{
  "batch_size": 28.741482753836777,
  "beta_1": 0.4335599818754329,
  "beta_2": 0.5889086271145794,
  "block_size": 346.0057615039919,
  "dropout": 0.12444044981034336,
  "epsilon": 9.376325984360241e-05,
  "lr": 0.09441174014783094,
  "n_embd": 24.63825445113194,
  "n_head": 1.0999975347031579,
  "n_layer": 3.1520919629430044,
  "seed": 1722842893.014198,
  "weight_decay": 0.001507027827183525
}