{
  "batch_size": 68,
  "beta_1": 0.6612581276593473,
  "beta_2": 0.48831209432847067,
  "block_size": 213,
  "dropout": 0.1425736329883745,
  "epsilon": 7.487384967765393e-06,
  "lr": 9.72936182429625e-05,
  "n_embd": 53,
  "n_head": 1,
  "n_layer": 2,
  "seed": 767766774,
  "weight_decay": 1.6694210458422705e-07
}