{
  "batch_size": 42,
  "beta_1": 0.9640803269417219,
  "beta_2": 0.26979100189716543,
  "block_size": 97,
  "dropout": 0.47562297328593395,
  "epsilon": 5.542713542591475e-05,
  "lr": 1.3283553730763321e-06,
  "n_embd": 49,
  "n_head": 4,
  "n_layer": 6,
  "seed": 607173328,
  "weight_decay": 7.11888388037778e-08
}