{
  "batch_size": 33.38231526548918,
  "beta_1": 0.7405308198804467,
  "beta_2": 0.921530407023646,
  "block_size": 286.94891720453325,
  "dropout": 0.20519373320278464,
  "epsilon": 0.0004957058260161708,
  "lr": 0.030954647605234243,
  "n_embd": 42.95252924596523,
  "n_head": 2.210097455080642,
  "n_layer": 2.5756810785523427,
  "seed": 1894432785.4249768,
  "weight_decay": 0.009999030144784204
}