{
  "batch_size": 81,
  "beta_1": 0.6386341950073806,
  "beta_2": 0.5632351477876445,
  "block_size": 341,
  "dropout": 0.2515861909178552,
  "epsilon": 0.0001493576771971,
  "lr": 0.0010483317414359,
  "n_embd": 44,
  "n_head": 4,
  "n_layer": 3,
  "seed": 2074594710.2788122,
  "weight_decay": 3.36800593114e-05
}