{
  "batch_size": 49,
  "beta_1": 0.5250042557729699,
  "beta_2": 0.3831870330759042,
  "block_size": 165,
  "dropout": 0.359836065511569,
  "epsilon": 4.029002121136047e-07,
  "lr": 1.6194258582157498e-05,
  "n_embd": 7,
  "n_head": 6,
  "n_layer": 6,
  "seed": 1015010045,
  "weight_decay": 7.613331206407647e-08
}