{
  "batch_size": 41,
  "beta_1": 0.1400687021943948,
  "beta_2": 0.6313040365215328,
  "block_size": 159,
  "dropout": 0.18464262417946384,
  "epsilon": 3.624919115326544e-08,
  "lr": 0.003386030021187664,
  "n_embd": 31,
  "n_head": 5,
  "n_layer": 3,
  "seed": 1852538694,
  "weight_decay": 2.998652987756922e-06
}