{
  "batch_size": 73,
  "beta_1": 0.32064970525301495,
  "beta_2": 0.7590450055344993,
  "block_size": 152,
  "dropout": 0.16249322543611885,
  "epsilon": 3.602920931205047e-07,
  "lr": 0.0001331015580821623,
  "n_embd": 34,
  "n_head": 5,
  "n_layer": 6,
  "seed": 999858172,
  "weight_decay": 4.488599039706865e-07
}