{
  "batch_size": 54,
  "beta_1": 0.6049867291426866,
  "beta_2": 0.9673716228909498,
  "block_size": 298,
  "dropout": 0.15853049973819477,
  "epsilon": 0.0006386223679960587,
  "lr": 5.004578028417296e-05,
  "n_embd": 16,
  "n_head": 4,
  "n_layer": 1,
  "seed": 936976050,
  "weight_decay": 3.2514452476251114e-07
}