{
  "batch_size": 69.89836913453061,
  "beta_1": 0.8695693835801701,
  "beta_2": 0.5829530575933798,
  "block_size": 377.63933571664904,
  "dropout": 0.3782445406205218,
  "epsilon": 0.0003158185091369427,
  "lr": 0.03789439270755434,
  "n_embd": 49.22198955514191,
  "n_head": 5.946379338895415,
  "n_layer": 2.1875437161332343,
  "seed": 1856382573.0466988,
  "weight_decay": 0.00039862700781255435
}