{
  "batch_size": 31.27538149079001,
  "beta_1": 0.7315165839412705,
  "beta_2": 0.7065321366525624,
  "block_size": 93.353848032798,
  "dropout": 0.447719299887702,
  "epsilon": 0.00021494234808861195,
  "lr": 0.023454651133231506,
  "n_embd": 18.389871537670963,
  "n_head": 6.866612820332574,
  "n_layer": 2.760820936344391,
  "seed": 317573141.94912696,
  "weight_decay": 0.004526225461922877
}