{
  "batch_size": 26,
  "beta_1": 0.5884021519100237,
  "beta_2": 0.5862139630778056,
  "block_size": 165,
  "dropout": 0.18311036713516501,
  "epsilon": 0.00024856626935584414,
  "lr": 1.3698599603267305e-06,
  "n_embd": 39,
  "n_head": 2,
  "n_layer": 3,
  "seed": 170688073,
  "weight_decay": 0.000205262027012915
}