{
  "batch_size": 65.03428600572465,
  "beta_1": 0.5614071395025289,
  "beta_2": 0.23981089441032752,
  "block_size": 343.78019277613527,
  "dropout": 0.4500351657795857,
  "epsilon": 0.00014634842479722588,
  "lr": 0.08014404850903292,
  "n_embd": 50.34717729169703,
  "n_head": 4.019056058529718,
  "n_layer": 4.151697164640026,
  "seed": 248940190.7820937,
  "weight_decay": 0.008273782711566523
}