{
  "batch_size": 34.92149800692306,
  "beta_1": 0.23189013230226774,
  "beta_2": 0.7186765959908004,
  "block_size": 195.8298058159003,
  "dropout": 0.2987289628102512,
  "epsilon": 0.00019838875817607463,
  "lr": 0.05386157923866804,
  "n_embd": 11.336394189150708,
  "n_head": 3.7096858127970123,
  "n_layer": 1.9591626291250885,
  "seed": 1608851850.9707193,
  "weight_decay": 0.007720543654201696
}