{
  "batch_size": 35,
  "beta_1": 0.6989059682698251,
  "beta_2": 0.6547481108286929,
  "block_size": 383,
  "dropout": 0.49887496338057213,
  "epsilon": 1.4790274087082248e-06,
  "lr": 5.064631003712584e-06,
  "n_embd": 9,
  "n_head": 4,
  "n_layer": 2,
  "seed": 1832979598,
  "weight_decay": 0.0014230746089307278
}