{
  "batch_size": 29.968886562531488,
  "beta_1": 0.8030409807024761,
  "beta_2": 0.1507432246449862,
  "block_size": 122.09801833505352,
  "dropout": 0.2627803763733564,
  "epsilon": 0.00020150258512649467,
  "lr": 0.03535195326697175,
  "n_embd": 5.418098571102145,
  "n_head": 4.1582164904805445,
  "n_layer": 3.0417742987954717,
  "seed": 1483914595.3795915,
  "weight_decay": 0.005137628338199443
}