{
  "batch_size": 35,
  "beta_1": 0.11234314359405197,
  "beta_2": 0.9117799421614221,
  "block_size": 159,
  "dropout": 0.11776444000928195,
  "epsilon": 1.3340283668607873e-10,
  "lr": 0.0006144345376364656,
  "n_embd": 36,
  "n_head": 5,
  "n_layer": 1,
  "seed": 164257513,
  "weight_decay": 1.00742077707168e-06
}