{
  "batch_size": 95.06869289300069,
  "beta_1": 0.7462911117078274,
  "beta_2": 0.15503837730709213,
  "block_size": 270.2269872246462,
  "dropout": 0.17461814943855242,
  "epsilon": 0.00017824027311358592,
  "lr": 0.07945247624212637,
  "n_embd": 19.22368807556026,
  "n_head": 4.171675837549246,
  "n_layer": 3.228903227590753,
  "seed": 1586928156.0613337,
  "weight_decay": 0.006517651878629013
}