{
  "batch_size": 28.182987928004813,
  "beta_1": 0.6366090620065002,
  "beta_2": 0.880298715970537,
  "block_size": 151.98339378785366,
  "dropout": 0.4589524298391062,
  "epsilon": 0.0003543869828470953,
  "lr": 0.0015204392867512546,
  "n_embd": 41.56682185806966,
  "n_head": 2.6959409258722227,
  "n_layer": 3.334711973387743,
  "seed": 1128642073.0306342,
  "weight_decay": 0.0005407078493567466
}