{
  "batch_size": 59,
  "beta_1": 0.43435502679870897,
  "beta_2": 0.8941420771779393,
  "block_size": 207,
  "dropout": 0.1584403531846747,
  "epsilon": 5.001672900003561e-10,
  "lr": 0.0005739347729229293,
  "n_embd": 38,
  "n_head": 4,
  "n_layer": 4,
  "seed": 1517098975,
  "weight_decay": 3.499005439377246e-08
}