{
  "batch_size": 47,
  "beta_1": 0.17558430459899455,
  "beta_2": 0.7956955075945107,
  "block_size": 290,
  "dropout": 0.2956106162305331,
  "epsilon": 3.3886393612524276e-07,
  "lr": 0.0007663491210350619,
  "n_embd": 3,
  "n_head": 3,
  "n_layer": 2,
  "seed": 1359652329,
  "weight_decay": 5.416547690397638e-06
}