{
  "batch_size": 63,
  "beta_1": 0.6976581919534505,
  "beta_2": 0.3375301193363718,
  "block_size": 236,
  "dropout": 0.4860836786677394,
  "epsilon": 4.4052512e-09,
  "lr": 0.0053079095185248,
  "n_embd": 13,
  "n_head": 4,
  "n_layer": 4,
  "seed": 587696804.923481,
  "weight_decay": 1.839396765e-07
}