{
  "batch_size": 95.310683453687,
  "beta_1": 0.3844138896183401,
  "beta_2": 0.5080813959536435,
  "block_size": 333.2685979744403,
  "dropout": 0.20972096120330402,
  "epsilon": 0.0005723435259441952,
  "lr": 0.03540674583719342,
  "n_embd": 3.5361828535946986,
  "n_head": 4.440067027577717,
  "n_layer": 5.480534382347647,
  "seed": 1419663354.222409,
  "weight_decay": 0.0030806137230997665
}