{
  "batch_size": 70,
  "beta_1": 0.9354976937188576,
  "beta_2": 0.6280036157109975,
  "block_size": 275,
  "dropout": 0.3725068791954868,
  "epsilon": 5.2108410186e-06,
  "lr": 0.0023696491894726,
  "n_embd": 40,
  "n_head": 3,
  "n_layer": 4,
  "seed": 289534012.13121295,
  "weight_decay": 4.997724702e-07
}