{
  "batch_size": 17,
  "beta_1": 0.859500406172327,
  "beta_2": 0.5479219757975504,
  "block_size": 219,
  "dropout": 0.40946987047155203,
  "epsilon": 4.587234282738933e-08,
  "lr": 0.018060984735077484,
  "n_embd": 20,
  "n_head": 3,
  "n_layer": 6,
  "seed": 1543281240,
  "weight_decay": 1.3917619562005598e-06
}