{
  "batch_size": 53,
  "beta_1": 0.9688665854717692,
  "beta_2": 0.6553500796389119,
  "block_size": 184,
  "dropout": 0.3633776069908763,
  "epsilon": 1.6808344516e-06,
  "lr": 0.003310993552702,
  "n_embd": 52,
  "n_head": 3,
  "n_layer": 1,
  "seed": 1674485771.2673116,
  "weight_decay": 1.84068797e-08
}