{
  "batch_size": 96,
  "beta_1": 0.8428917503404832,
  "beta_2": 0.8567528829470492,
  "block_size": 93,
  "dropout": 0.3926300165404414,
  "epsilon": 0.0009278701882346902,
  "lr": 0.0025945516236736835,
  "n_embd": 46,
  "n_head": 3,
  "n_layer": 6,
  "seed": 91046164,
  "weight_decay": 0.00039131625893798814
}