{
  "batch_size": 80.04351208090222,
  "beta_1": 0.28718411354701695,
  "beta_2": 0.32107862605568843,
  "block_size": 207.27427952809745,
  "dropout": 0.1004469982404134,
  "epsilon": 4.102089148451288e-05,
  "lr": 0.02006397157756862,
  "n_embd": 36.82166533686221,
  "n_head": 1.1734527370018293,
  "n_layer": 4.168507208245695,
  "seed": 1574652760.1807368,
  "weight_decay": 0.004627933383613831
}