{
  "batch_size": 40,
  "beta_1": 0.7445627336015544,
  "beta_2": 0.12441987113421316,
  "block_size": 315,
  "dropout": 0.37705342510339934,
  "epsilon": 1.1916341694241237e-06,
  "lr": 0.022541355784489618,
  "n_embd": 26,
  "n_head": 5,
  "n_layer": 3,
  "seed": 348282673,
  "weight_decay": 1.0689486201885102e-05
}