{
  "batch_size": 49.74655402869327,
  "beta_1": 0.9949348879069903,
  "beta_2": 0.17277126328599285,
  "block_size": 111.16571481003731,
  "dropout": 0.11372929606672902,
  "epsilon": 0.0009849560549912897,
  "lr": 0.03774978683316519,
  "n_embd": 9.783960522118699,
  "n_head": 5.861695528590529,
  "n_layer": 3.9198945444582227,
  "seed": 115485740.31213187,
  "weight_decay": 0.0020655887208426
}