{
  "batch_size": 27.769047044179096,
  "beta_1": 0.7109140563769465,
  "beta_2": 0.6481069513754779,
  "block_size": 257.1292741953827,
  "dropout": 0.44042168042877794,
  "epsilon": 0.00029195379035175823,
  "lr": 0.05350625415678144,
  "n_embd": 32.93483117268954,
  "n_head": 4.780091507884345,
  "n_layer": 1.9239614416608823,
  "seed": 1611788948.6118991,
  "weight_decay": 0.008633245305880055
}