{
  "batch_size": 84,
  "beta_1": 0.7760915162322947,
  "beta_2": 0.7352177599836829,
  "block_size": 225,
  "dropout": 0.222356661748788,
  "epsilon": 3.0463979929e-06,
  "lr": 0.0109957291541837,
  "n_embd": 13,
  "n_head": 2,
  "n_layer": 2,
  "seed": 118295289.61877728,
  "weight_decay": 7.5276703577e-06
}