{
  "batch_size": 68.43762853946612,
  "beta_1": 0.7387742890976196,
  "beta_2": 0.31141310818319645,
  "block_size": 114.76807657997492,
  "dropout": 0.2971250272031097,
  "epsilon": 0.0004957580847995725,
  "lr": 0.08911543526404526,
  "n_embd": 45.575101108518204,
  "n_head": 4.535893407549647,
  "n_layer": 3.9684501974275124,
  "seed": 1856219387.8576062,
  "weight_decay": 0.0046757382627868995
}