{
  "batch_size": 61,
  "beta_1": 0.6569502322734998,
  "beta_2": 0.6709490143316711,
  "block_size": 333,
  "dropout": 0.2453610949644923,
  "epsilon": 7.14799577261e-05,
  "lr": 0.000734108546209,
  "n_embd": 16,
  "n_head": 2,
  "n_layer": 5,
  "seed": 2022504936.9129841,
  "weight_decay": 1.9741748217e-06
}