{
  "batch_size": 77,
  "beta_1": 0.48083486888535865,
  "beta_2": 0.9894230600945386,
  "block_size": 255,
  "dropout": 0.47950492298308434,
  "epsilon": 7.120271371289868e-10,
  "lr": 4.0622744462161613e-05,
  "n_embd": 20,
  "n_head": 6,
  "n_layer": 4,
  "seed": 1986474141,
  "weight_decay": 3.4120401493916923e-07
}