{
  "batch_size": 31,
  "beta_1": 0.4613054269353416,
  "beta_2": 0.7906328309782414,
  "block_size": 172,
  "dropout": 0.19870252579217818,
  "epsilon": 1.7655178726121617e-08,
  "lr": 0.0017558294765497183,
  "n_embd": 37,
  "n_head": 5,
  "n_layer": 4,
  "seed": 2089021914,
  "weight_decay": 2.599681884935864e-07
}