{
  "batch_size": 47,
  "beta_1": 0.14624124813977718,
  "beta_2": 0.5175357494879659,
  "block_size": 139,
  "dropout": 0.11175174541944091,
  "epsilon": 2.6116291699863176e-05,
  "lr": 1.60182031768479e-05,
  "n_embd": 26,
  "n_head": 6,
  "n_layer": 3,
  "seed": 71585591,
  "weight_decay": 5.561582490748485e-07
}