{
  "batch_size": 56,
  "beta_1": 0.7279756773430843,
  "beta_2": 0.7569584294011451,
  "block_size": 69,
  "dropout": 0.2514444093951673,
  "epsilon": 5.3963731768644444e-05,
  "lr": 0.0002482093316720901,
  "n_embd": 17,
  "n_head": 5,
  "n_layer": 4,
  "seed": 874143798,
  "weight_decay": 2.5828988081020486e-07
}