{
  "batch_size": 44,
  "beta_1": 0.6713169584707981,
  "beta_2": 0.5366903577727339,
  "block_size": 167,
  "dropout": 0.2494893405947092,
  "epsilon": 1.4929122262e-06,
  "lr": 0.0015961719171668,
  "n_embd": 25,
  "n_head": 2,
  "n_layer": 2,
  "seed": 1269592513.7583423,
  "weight_decay": 0.0062870137894848
}