{
  "batch_size": 90.51692486141896,
  "beta_1": 0.27838904540805753,
  "beta_2": 0.7785459084955717,
  "block_size": 103.21116387214022,
  "dropout": 0.1281641704477043,
  "epsilon": 0.0004962157227749391,
  "lr": 0.07458102819755608,
  "n_embd": 42.78431211347502,
  "n_head": 6.567648189835625,
  "n_layer": 1.859598561046068,
  "seed": 1243419951.0692403,
  "weight_decay": 0.00518021600307406
}