{
  "batch_size": 42.64695386422522,
  "beta_1": 0.49082752591710044,
  "beta_2": 0.8448395329361781,
  "block_size": 97.86939784726775,
  "dropout": 0.19411750571238892,
  "epsilon": 0.000604489759403059,
  "lr": 0.046816953970384455,
  "n_embd": 23.994856593262234,
  "n_head": 5.434168744628808,
  "n_layer": 1.1009628497109158,
  "seed": 1613808975.9633949,
  "weight_decay": 0.004684318507078323
}