{
  "batch_size": 32.16242670701508,
  "beta_1": 0.9050984288072359,
  "beta_2": 0.47956869234643695,
  "block_size": 352.5176987318475,
  "dropout": 0.2791741950157156,
  "epsilon": 0.0009901287907227217,
  "lr": 0.05714630245902786,
  "n_embd": 14.138262486947749,
  "n_head": 3.210039795248352,
  "n_layer": 1.612209750259657,
  "seed": 877584190.5050641,
  "weight_decay": 0.006206911407139886
}