{
  "batch_size": 75,
  "beta_1": 0.19881095913695468,
  "beta_2": 0.6825076827901001,
  "block_size": 172,
  "dropout": 0.33709426410624327,
  "epsilon": 1.1542853990440779e-06,
  "lr": 0.0013840539016664302,
  "n_embd": 26,
  "n_head": 5,
  "n_layer": 6,
  "seed": 212070312,
  "weight_decay": 0.0006133091711938646
}