{
  "batch_size": 79.61330173516698,
  "beta_1": 0.2716414691686014,
  "beta_2": 0.5850654387187905,
  "block_size": 312.3630864320642,
  "dropout": 0.16953012323129923,
  "epsilon": 0.0008683035724564058,
  "lr": 0.072108792483288,
  "n_embd": 20.473416416278624,
  "n_head": 6.666140773848353,
  "n_layer": 6.745311272718933,
  "seed": 684961395.2058725,
  "weight_decay": 0.009855957274670563
}