{
  "batch_size": 63.00071618642319,
  "beta_1": 0.8383837536866766,
  "beta_2": 0.5016054490783418,
  "block_size": 373.37433531791044,
  "dropout": 0.46574938165828816,
  "epsilon": 0.0004079463369551948,
  "lr": 0.0826428612438658,
  "n_embd": 52.28590750099583,
  "n_head": 5.890967340254781,
  "n_layer": 6.206500411912605,
  "seed": 471368920.2034751,
  "weight_decay": 0.003833761978272589
}