{
  "batch_size": 18,
  "beta_1": 0.3132155941199709,
  "beta_2": 0.2060687250622094,
  "block_size": 371,
  "dropout": 0.3438117858674251,
  "epsilon": 1.22127343585e-05,
  "lr": 0.0013744445862124,
  "n_embd": 43,
  "n_head": 1,
  "n_layer": 3,
  "seed": 1736737844.806024,
  "weight_decay": 3.1901253477e-06
}