{
  "batch_size": 28,
  "beta_1": 0.7808542868975779,
  "beta_2": 0.27656776672154243,
  "block_size": 313,
  "dropout": 0.3624782621168814,
  "epsilon": 5.1149842574081375e-09,
  "lr": 0.09364807907066047,
  "n_embd": 14,
  "n_head": 1,
  "n_layer": 4,
  "seed": 537893960,
  "weight_decay": 5.226730778114665e-06
}