{
  "batch_size": 71,
  "beta_1": 0.3153266152311434,
  "beta_2": 0.568558944233411,
  "block_size": 227,
  "dropout": 0.2041921762966226,
  "epsilon": 0.000384463543094,
  "lr": 0.0010953224540869,
  "n_embd": 28,
  "n_head": 1,
  "n_layer": 1,
  "seed": 169213536.09605998,
  "weight_decay": 5.3366569813e-06
}