{
  "batch_size": 29,
  "beta_1": 0.5500757666230633,
  "beta_2": 0.3526251592165409,
  "block_size": 232,
  "dropout": 0.1539850997210256,
  "epsilon": 2.555031e-10,
  "lr": 3.54280653768e-05,
  "n_embd": 0,
  "n_head": 1,
  "n_layer": 1,
  "seed": 1800895519.9956977,
  "weight_decay": 0.0004107954091731
}