{
  "batch_size": 30,
  "beta_1": 0.5402626296340352,
  "beta_2": 0.5956731096035216,
  "block_size": 361,
  "dropout": 0.2831647799481274,
  "epsilon": 1.0104029e-09,
  "lr": 0.0159368537087405,
  "n_embd": 45,
  "n_head": 6,
  "n_layer": 1,
  "seed": 83504746.17248483,
  "weight_decay": 7.737070593e-07
}