{
  "batch_size": 68,
  "beta_1": 0.8119082229654069,
  "beta_2": 0.8950658348606425,
  "block_size": 360,
  "dropout": 0.10327692413753678,
  "epsilon": 2.669794065409408e-05,
  "lr": 0.0008773299647348767,
  "n_embd": 11,
  "n_head": 1,
  "n_layer": 3,
  "seed": 1785752242,
  "weight_decay": 0.00017457103505792365
}