{
  "batch_size": 69,
  "beta_1": 0.32029040295661915,
  "beta_2": 0.5455914668202938,
  "block_size": 98,
  "dropout": 0.15958797247631556,
  "epsilon": 6.100545507338912e-10,
  "lr": 0.0003004726490859426,
  "n_embd": 26,
  "n_head": 4,
  "n_layer": 1,
  "seed": 1963669163,
  "weight_decay": 3.8128911907723027e-07
}