{
  "batch_size": 93,
  "beta_1": 0.6497826870575413,
  "beta_2": 0.4270812402216258,
  "block_size": 75,
  "dropout": 0.1250322280787218,
  "epsilon": 0.0007823104444682,
  "lr": 0.0002906783317384,
  "n_embd": 37,
  "n_head": 6,
  "n_layer": 5,
  "seed": 1302792333.076281,
  "weight_decay": 1.1310785908e-06
}