{
  "batch_size": 57.44465022083458,
  "beta_1": 0.7341475485678247,
  "beta_2": 0.4579507510281634,
  "block_size": 98.7666732085533,
  "dropout": 0.1033593137312554,
  "epsilon": 0.00011749473775582569,
  "lr": 0.013318032979356602,
  "n_embd": 38.90963012898722,
  "n_head": 4.3833117870123885,
  "n_layer": 4.832373712385481,
  "seed": 218143593.3580473,
  "weight_decay": 0.007995659885627811
}