{
  "batch_size": 94.55876686265813,
  "beta_1": 0.5681722969253553,
  "beta_2": 0.6988248707493465,
  "block_size": 331.2629541722842,
  "dropout": 0.3228698620311333,
  "epsilon": 0.0006711842672088427,
  "lr": 0.025118877457815943,
  "n_embd": 44.843104059163764,
  "n_head": 5.9237148723056885,
  "n_layer": 5.555891258976802,
  "seed": 1707002743.063741,
  "weight_decay": 0.00931699276804732
}