{
  "batch_size": 44,
  "beta_1": 0.1061631106331671,
  "beta_2": 0.7566526932071062,
  "block_size": 221,
  "dropout": 0.278418341663716,
  "epsilon": 4.054040664e-07,
  "lr": 0.0022123010422452,
  "n_embd": 2,
  "n_head": 1,
  "n_layer": 1,
  "seed": 1796077772.6112344,
  "weight_decay": 4.827549827e-07
}