{
  "batch_size": 70.88478413368713,
  "beta_1": 0.44177859968632893,
  "beta_2": 0.579565128721661,
  "block_size": 175.43916732649785,
  "dropout": 0.4453781257370206,
  "epsilon": 0.00046432882988077046,
  "lr": 0.09532726087550812,
  "n_embd": 13.807471255939543,
  "n_head": 3.0978192516241307,
  "n_layer": 1.7320841998839702,
  "seed": 963711019.651931,
  "weight_decay": 0.006540193673930297
}