{
  "batch_size": 92.48548324231322,
  "beta_1": 0.7653651205916677,
  "beta_2": 0.44013444298531856,
  "block_size": 100.45428891078426,
  "dropout": 0.37095556337457214,
  "epsilon": 0.0006063768460179985,
  "lr": 0.04163075827089174,
  "n_embd": 14.08835588347248,
  "n_head": 3.8722507428293045,
  "n_layer": 5.395915137150891,
  "seed": 1186732038.6709282,
  "weight_decay": 0.003303797878571482
}