{
  "batch_size": 91,
  "beta_1": 0.15483932207239645,
  "beta_2": 0.9021918714364277,
  "block_size": 165,
  "dropout": 0.4434991110266592,
  "epsilon": 2.2011647227940155e-08,
  "lr": 0.09228432894264584,
  "n_embd": 49,
  "n_head": 1,
  "n_layer": 6,
  "seed": 1100264917,
  "weight_decay": 0.00016147334884528597
}