{
  "batch_size": 67,
  "beta_1": 0.8898803807176896,
  "beta_2": 0.9927759355420686,
  "block_size": 367,
  "dropout": 0.18731251886615255,
  "epsilon": 2.7831815673578873e-05,
  "lr": 6.480442962633857e-05,
  "n_embd": 36,
  "n_head": 5,
  "n_layer": 3,
  "seed": 680510024,
  "weight_decay": 2.6805064056511614e-08
}