{
  "batch_size": 37,
  "beta_1": 0.906132585843335,
  "beta_2": 0.6111838566429662,
  "block_size": 231,
  "dropout": 0.14647855658355102,
  "epsilon": 2.3637596270157334e-08,
  "lr": 0.005084452466052652,
  "n_embd": 4,
  "n_head": 2,
  "n_layer": 3,
  "seed": 1829345947,
  "weight_decay": 0.004480114831261177
}