{
  "batch_size": 50.68715206440467,
  "beta_1": 0.15297612742994698,
  "beta_2": 0.3250741538126716,
  "block_size": 88.24620787811338,
  "dropout": 0.18356108310005825,
  "epsilon": 0.0006552002263606757,
  "lr": 0.06493918365920767,
  "n_embd": 30.7355593796937,
  "n_head": 3.4654179307855313,
  "n_layer": 2.861214192558046,
  "seed": 422868253.1599077,
  "weight_decay": 0.0021287989137650214
}