{
  "batch_size": 34.98455000140717,
  "beta_1": 0.1726632121530557,
  "beta_2": 0.19516209753961533,
  "block_size": 141.40514807562528,
  "dropout": 0.11922833138156919,
  "epsilon": 0.0008709756495632506,
  "lr": 0.05385653884603066,
  "n_embd": 15.4373754962267,
  "n_head": 5.452428072001226,
  "n_layer": 3.826871289283294,
  "seed": 1494007195.5687637,
  "weight_decay": 0.008421141958992283
}