{
  "batch_size": 19,
  "beta_1": 0.8595701766600538,
  "beta_2": 0.230657044786963,
  "block_size": 224,
  "dropout": 0.2500963123745598,
  "epsilon": 7.97382766e-08,
  "lr": 0.0014352019491642,
  "n_embd": 45,
  "n_head": 6,
  "n_layer": 2,
  "seed": 849180660.0682696,
  "weight_decay": 1.89938909e-08
}