{
  "batch_size": 79.75269899141291,
  "beta_1": 0.9822889609764102,
  "beta_2": 0.916234851303174,
  "block_size": 80.14305936312076,
  "dropout": 0.3523696038805001,
  "epsilon": 0.0009770023245713115,
  "lr": 0.027730567556832276,
  "n_embd": 16.76310640573047,
  "n_head": 6.106928550042621,
  "n_layer": 1.022084760709249,
  "seed": 1647405326.3691504,
  "weight_decay": 0.002201201906682382
}