{
  "batch_size": 32.79970940924945,
  "beta_1": 0.6246522135648123,
  "beta_2": 0.21263610570733688,
  "block_size": 219.70442246213858,
  "dropout": 0.4419054309174778,
  "epsilon": 0.0006849780742766064,
  "lr": 0.09691834733806799,
  "n_embd": 37.108583715888045,
  "n_head": 4.064679766681849,
  "n_layer": 6.934618528251917,
  "seed": 1377600475.9468586,
  "weight_decay": 0.006944594339675901
}