{
  "batch_size": 79.23396053532747,
  "beta_1": 0.798744574057336,
  "beta_2": 0.8159496512181281,
  "block_size": 167.98981882025828,
  "dropout": 0.10010223149324543,
  "epsilon": 0.00014281730755195179,
  "lr": 0.09864274513400012,
  "n_embd": 52.8540343784312,
  "n_head": 5.529017113344964,
  "n_layer": 6.848490598537651,
  "seed": 299287526.7660074,
  "weight_decay": 0.0012033401078797555
}