{
  "batch_size": 58.233771970591675,
  "beta_1": 0.6503656210043783,
  "beta_2": 0.18645579811628799,
  "block_size": 253.4169761073573,
  "dropout": 0.25080260180606906,
  "epsilon": 0.0009827495247497573,
  "lr": 0.09428793653835034,
  "n_embd": 40.48770436013068,
  "n_head": 4.345251323924119,
  "n_layer": 2.9483916527587093,
  "seed": 866496414.8180842,
  "weight_decay": 0.009805758819979485
}