{
  "batch_size": 81.01346371522658,
  "beta_1": 0.9946078892677161,
  "beta_2": 0.5476174549168353,
  "block_size": 265.2457688268654,
  "dropout": 0.3059083623849402,
  "epsilon": 0.0007333618411129891,
  "lr": 0.06227809397350562,
  "n_embd": 30.279087206212527,
  "n_head": 5.6680186707569975,
  "n_layer": 1.9297495135860034,
  "seed": 456448541.71589136,
  "weight_decay": 0.0004111623032615391
}