{
  "batch_size": 60.249098510054324,
  "beta_1": 0.9359006965039344,
  "beta_2": 0.21094552360722474,
  "block_size": 93.15526207644885,
  "dropout": 0.27246373465317203,
  "epsilon": 0.000309122289292764,
  "lr": 0.017737618020346062,
  "n_embd": 13.964402365274594,
  "n_head": 1.050951479716042,
  "n_layer": 2.7994611518886066,
  "seed": 1250618932.0768068,
  "weight_decay": 0.008218596713078556
}