{
  "batch_size": 73.06206740578867,
  "beta_1": 0.6345961352914185,
  "beta_2": 0.5846316187193106,
  "block_size": 250.0459951975585,
  "dropout": 0.2916616601678462,
  "epsilon": 9.959227432592739e-05,
  "lr": 0.0006341099963781522,
  "n_embd": 1.7134846687993117,
  "n_head": 4.495805685448838,
  "n_layer": 2.150444906587198,
  "seed": 1429621328.0361776,
  "weight_decay": 0.002109288789374434
}