{
  "batch_size": 32.42516106337503,
  "beta_1": 0.9376406585127004,
  "beta_2": 0.7864888927097597,
  "block_size": 170.71027026525516,
  "dropout": 0.28084816446055216,
  "epsilon": 0.0004819805111812899,
  "lr": 0.06711527231958252,
  "n_embd": 34.569185269572024,
  "n_head": 6.373127705129361,
  "n_layer": 3.3119065845686944,
  "seed": 2053675445.0236568,
  "weight_decay": 0.008136159990480995
}