{
  "batch_size": 88,
  "beta_1": 0.1489020557168009,
  "beta_2": 0.2550096995815951,
  "block_size": 307,
  "dropout": 0.19961691981700627,
  "epsilon": 2.952674619612253e-08,
  "lr": 0.0007075186780567873,
  "n_embd": 34,
  "n_head": 6,
  "n_layer": 6,
  "seed": 1837652676,
  "weight_decay": 0.000394101172129068
}