{
  "batch_size": 16.46701761621279,
  "beta_1": 0.24454362648050956,
  "beta_2": 0.9646607347272389,
  "block_size": 298.7806399681049,
  "dropout": 0.35722722627268233,
  "epsilon": 0.0008789887113455987,
  "lr": 0.004865544157864041,
  "n_embd": 46.60717687597691,
  "n_head": 2.9701234747209035,
  "n_layer": 5.021229123257406,
  "seed": 1756490345.812331,
  "weight_decay": 0.003568658309584545
}