{
  "batch_size": 52.91138401516483,
  "beta_1": 0.6408022440144033,
  "beta_2": 0.3274617655511421,
  "block_size": 223.23203839072758,
  "dropout": 0.26216438081268023,
  "epsilon": 0.0004507168116254028,
  "lr": 0.04200300950339564,
  "n_embd": 39.42183159951619,
  "n_head": 3.5026266352601327,
  "n_layer": 6.570353883796369,
  "seed": 1390237451.45472,
  "weight_decay": 0.004165704240724366
}