{
  "batch_size": 74,
  "beta_1": 0.6682861369059347,
  "beta_2": 0.2166918756208886,
  "block_size": 73,
  "dropout": 0.1501624866640315,
  "epsilon": 4.9418768933e-05,
  "lr": 0.0010673619432858,
  "n_embd": 18,
  "n_head": 6,
  "n_layer": 5,
  "seed": 830611861.9059075,
  "weight_decay": 0.0061410563620695
}