{
  "batch_size": 85,
  "beta_1": 0.5342029713151673,
  "beta_2": 0.8563034675425008,
  "block_size": 116,
  "dropout": 0.1885820634063491,
  "epsilon": 8.67653989749e-05,
  "lr": 0.0071711620161316,
  "n_embd": 50,
  "n_head": 3,
  "n_layer": 2,
  "seed": 1943620074.5535538,
  "weight_decay": 7.867917132e-07
}