{
  "batch_size": 82.74600348051592,
  "beta_1": 0.6099351276983971,
  "beta_2": 0.1362291420876226,
  "block_size": 102.77593495181165,
  "dropout": 0.1798791070948255,
  "epsilon": 0.0005809416149343223,
  "lr": 0.006579346263484411,
  "n_embd": 22.700166273632572,
  "n_head": 5.647864643808937,
  "n_layer": 3.505581002890295,
  "seed": 1128249137.290195,
  "weight_decay": 0.0022988311189784984
}