{
  "batch_size": 48.73196719678741,
  "beta_1": 0.23598971125336668,
  "beta_2": 0.7818652098545152,
  "block_size": 343.57222809163216,
  "dropout": 0.1254855293615214,
  "epsilon": 0.00011488251885799287,
  "lr": 0.09852513496567902,
  "n_embd": 1.2087163690312879,
  "n_head": 6.46184388508617,
  "n_layer": 3.6949712917035944,
  "seed": 1296259589.720929,
  "weight_decay": 0.004942997167101366
}