{
  "batch_size": 40.18596844891717,
  "beta_1": 0.9248891340514765,
  "beta_2": 0.7300434560197645,
  "block_size": 364.03185144429835,
  "dropout": 0.18411487609065744,
  "epsilon": 0.0004218091460995842,
  "lr": 0.06389388872790443,
  "n_embd": 53.15390422120271,
  "n_head": 1.034495430049878,
  "n_layer": 3.421377153545224,
  "seed": 1817712313.069377,
  "weight_decay": 0.008568726637138601
}