{
  "batch_size": 27,
  "beta_1": 0.7425555222955181,
  "beta_2": 0.211747474897088,
  "block_size": 181,
  "dropout": 0.113588884571881,
  "epsilon": 0.000285635183823,
  "lr": 2.28626649498e-05,
  "n_embd": 48,
  "n_head": 2,
  "n_layer": 1,
  "seed": 1544339011.7026913,
  "weight_decay": 6.976010272e-07
}