{
  "batch_size": 93.02942958083212,
  "beta_1": 0.31968094452692375,
  "beta_2": 0.1861387114720113,
  "block_size": 66.10496870768827,
  "dropout": 0.24140480256777128,
  "epsilon": 0.0007971248033526879,
  "lr": 0.07979026529673286,
  "n_embd": 46.08317805197136,
  "n_head": 4.607687296076493,
  "n_layer": 6.779602804331288,
  "seed": 531885880.8702234,
  "weight_decay": 0.0010333034221226575
}