{
  "batch_size": 90,
  "beta_1": 0.5266511161550367,
  "beta_2": 0.7766512954017148,
  "block_size": 204,
  "dropout": 0.1938067396561181,
  "epsilon": 0.00013637893114327564,
  "lr": 0.00291347118737861,
  "n_embd": 15,
  "n_head": 6,
  "n_layer": 2,
  "seed": 899664619,
  "weight_decay": 4.936597515741893e-08
}