{
  "batch_size": 95,
  "beta_1": 0.824607448972631,
  "beta_2": 0.7998469172553032,
  "block_size": 277,
  "dropout": 0.2910638304825878,
  "epsilon": 8.74635521e-08,
  "lr": 0.0020632259052734,
  "n_embd": 10,
  "n_head": 4,
  "n_layer": 6,
  "seed": 1037766763.3364079,
  "weight_decay": 3.9263412354e-06
}