{
  "batch_size": 31.377678564022567,
  "beta_1": 0.4970749862492161,
  "beta_2": 0.682526556649697,
  "block_size": 311.37929150040884,
  "dropout": 0.3265372375738397,
  "epsilon": 0.000700397617808747,
  "lr": 0.06081581304243289,
  "n_embd": 18.559299601250043,
  "n_head": 3.5331086475114724,
  "n_layer": 1.3942700622860256,
  "seed": 1631463888.7545307,
  "weight_decay": 0.004066457151369453
}