{
  "batch_size": 78,
  "beta_1": 0.8675459719242682,
  "beta_2": 0.9785840106753154,
  "block_size": 110,
  "dropout": 0.1817788141048747,
  "epsilon": 1.68017385627e-05,
  "lr": 0.0016540945445957,
  "n_embd": 32,
  "n_head": 2,
  "n_layer": 3,
  "seed": 1664415512.227972,
  "weight_decay": 3.5006076546e-06
}