{
  "batch_size": 34.907361260510385,
  "beta_1": 0.11783102496914447,
  "beta_2": 0.505410794529387,
  "block_size": 284.509734702807,
  "dropout": 0.2744345758418514,
  "epsilon": 0.00036845494843415244,
  "lr": 0.028925977892696388,
  "n_embd": 49.26981192447946,
  "n_head": 1.761031883985352,
  "n_layer": 2.098343755275166,
  "seed": 1229123303.6261144,
  "weight_decay": 0.004142385121577957
}