{
  "batch_size": 78.01715464799247,
  "beta_1": 0.28966875435895045,
  "beta_2": 0.5439932999596622,
  "block_size": 241.71818884853562,
  "dropout": 0.20404306592964216,
  "epsilon": 0.0005115974304331413,
  "lr": 0.05687836702609347,
  "n_embd": 48.07247678699246,
  "n_head": 2.602620810853208,
  "n_layer": 3.3661414884612046,
  "seed": 1631546688.9475143,
  "weight_decay": 0.00840880275476026
}