{
  "batch_size": 44.29997086131576,
  "beta_1": 0.2921580261831459,
  "beta_2": 0.17750662031035158,
  "block_size": 320.36028870887804,
  "dropout": 0.2544921852412132,
  "epsilon": 0.00014713920255868382,
  "lr": 0.06342275574792189,
  "n_embd": 44.904940124800156,
  "n_head": 5.579682349235631,
  "n_layer": 2.2095699777375475,
  "seed": 1250570167.9853833,
  "weight_decay": 0.006358545157078586
}