{
  "batch_size": 67,
  "beta_1": 0.7275910560417818,
  "beta_2": 0.8472619558382622,
  "block_size": 124,
  "dropout": 0.1582580199649548,
  "epsilon": 1.125544e-10,
  "lr": 0.0011015940319395,
  "n_embd": 19,
  "n_head": 5,
  "n_layer": 4,
  "seed": 650286644.0089856,
  "weight_decay": 1.20111399231e-05
}