{
  "batch_size": 25.096533029917694,
  "beta_1": 0.23697635248355015,
  "beta_2": 0.3292815105772283,
  "block_size": 118.49991727017166,
  "dropout": 0.3636762564571976,
  "epsilon": 0.0004677313528673439,
  "lr": 0.09906864957657169,
  "n_embd": 6.149525854478349,
  "n_head": 1.3983151013131254,
  "n_layer": 4.925529679877339,
  "seed": 1707001565.114641,
  "weight_decay": 0.004885498371512207
}