{
  "batch_size": 54,
  "beta_1": 0.2108871017234768,
  "beta_2": 0.7839063212119772,
  "block_size": 115,
  "dropout": 0.274995220492629,
  "epsilon": 1.29628645061e-05,
  "lr": 0.0706426992743037,
  "n_embd": 1,
  "n_head": 4,
  "n_layer": 1,
  "seed": 1947926962.8015368,
  "weight_decay": 0.0003301468974325
}