{
  "batch_size": 88,
  "beta_1": 0.5916201105517576,
  "beta_2": 0.40104127084614793,
  "block_size": 86,
  "dropout": 0.4093400006668746,
  "epsilon": 0.0008503992359379793,
  "lr": 4.958185880970518e-06,
  "n_embd": 35,
  "n_head": 4,
  "n_layer": 3,
  "seed": 652667313,
  "weight_decay": 0.0001598431137879059
}