{
  "batch_size": 70,
  "beta_1": 0.8056257370745403,
  "beta_2": 0.5777387669561277,
  "block_size": 334,
  "dropout": 0.023125397623374587,
  "epsilon": 0.00034654622968592613,
  "lr": 1.3362446531281486e-05,
  "n_embd": 46,
  "n_head": 2,
  "n_layer": 4,
  "seed": 948826412,
  "weight_decay": 0.003232895256039957
}