{
  "batch_size": 33.242176911372326,
  "beta_1": 0.293935453475733,
  "beta_2": 0.15270302240572858,
  "block_size": 367.4859180798178,
  "dropout": 0.455593322104776,
  "epsilon": 0.0007458378316458187,
  "lr": 0.07728647018475235,
  "n_embd": 47.7082988239039,
  "n_head": 4.195790371803412,
  "n_layer": 5.180108902708091,
  "seed": 73890611.44555983,
  "weight_decay": 0.0066975408639953085
}