{
  "batch_size": 62.67578404861397,
  "beta_1": 0.19474934940713945,
  "beta_2": 0.3401044806013245,
  "block_size": 67.2714847996705,
  "dropout": 0.3178050671087296,
  "epsilon": 0.0007698457506325508,
  "lr": 0.003891459416882891,
  "n_embd": 43.676466344318236,
  "n_head": 5.863181981189805,
  "n_layer": 5.30049635565052,
  "seed": 877527697.0830816,
  "weight_decay": 0.00720127765697969
}