{
  "batch_size": 46,
  "beta_1": 0.488459178400342,
  "beta_2": 0.5618519449025224,
  "block_size": 362,
  "dropout": 0.3274426230834609,
  "epsilon": 2.6414116147e-06,
  "lr": 9.88797888117e-05,
  "n_embd": 32,
  "n_head": 6,
  "n_layer": 5,
  "seed": 1199402585.3651989,
  "weight_decay": 1.501089265e-07
}