{
  "batch_size": 22.465217544541098,
  "beta_1": 0.33234776137995015,
  "beta_2": 0.4308704904318845,
  "block_size": 119.43114033015294,
  "dropout": 0.3625148139227641,
  "epsilon": 0.0009523604480797265,
  "lr": 0.0028493575648966913,
  "n_embd": 40.05245218857948,
  "n_head": 3.987129425213817,
  "n_layer": 3.6520456094066516,
  "seed": 738326213.6546179,
  "weight_decay": 0.0037541576123818064
}