{
  "batch_size": 30.178308825482777,
  "beta_1": 0.29189683444170667,
  "beta_2": 0.4704215139483209,
  "block_size": 339.7906340192954,
  "dropout": 0.1347136275116673,
  "epsilon": 2.7064234849560054e-05,
  "lr": 0.006315769214507907,
  "n_embd": 10.253260884141508,
  "n_head": 5.070216275426576,
  "n_layer": 5.963259049076618,
  "seed": 1044031847.0573028,
  "weight_decay": 0.009965474899237778
}