{
  "batch_size": 18.03952619576664,
  "beta_1": 0.872593689928238,
  "beta_2": 0.2763485502258348,
  "block_size": 138.08430216375683,
  "dropout": 0.24531640497103138,
  "epsilon": 0.0005640133953777795,
  "lr": 0.08615563001039253,
  "n_embd": 45.40029774717878,
  "n_head": 3.2220403323782225,
  "n_layer": 4.8198253724303,
  "seed": 920366169.9387925,
  "weight_decay": 0.0060356058016207146
}