{
  "batch_size": 79,
  "beta_1": 0.352389469333911,
  "beta_2": 0.9747559048840228,
  "block_size": 300,
  "dropout": 0.2087355888935366,
  "epsilon": 3.1033196e-09,
  "lr": 0.0011924406214757,
  "n_embd": 22,
  "n_head": 1,
  "n_layer": 5,
  "seed": 1653826448.4637692,
  "weight_decay": 0.0004451253107353
}