{
  "batch_size": 53,
  "beta_1": 0.6521935047898427,
  "beta_2": 0.7404976718522647,
  "block_size": 250,
  "dropout": 0.4724230455165196,
  "epsilon": 1.5304611772604309e-07,
  "lr": 0.00013185836042686546,
  "n_embd": 22,
  "n_head": 2,
  "n_layer": 3,
  "seed": 29116466,
  "weight_decay": 3.6164794448122464e-08
}