{
  "batch_size": 65.17175583748545,
  "beta_1": 0.20773331067651896,
  "beta_2": 0.6512840684099974,
  "block_size": 156.37771212384132,
  "dropout": 0.1051109322748503,
  "epsilon": 0.0007396277659940886,
  "lr": 0.09824036655125142,
  "n_embd": 6.255442289278996,
  "n_head": 1.54891977049469,
  "n_layer": 2.7333983662160968,
  "seed": 1464272888.5356293,
  "weight_decay": 0.0056927328654086335
}