{
  "batch_size": 81,
  "beta_1": 0.7627820964068917,
  "beta_2": 0.4145809372992715,
  "block_size": 303,
  "dropout": 0.12532988477531185,
  "epsilon": 0.00021526446413696796,
  "lr": 0.0022704583265258527,
  "n_embd": 36,
  "n_head": 2,
  "n_layer": 2,
  "seed": 1216639239,
  "weight_decay": 0.00020729512669142477
}