{
  "batch_size": 64,
  "beta_1": 0.2955617748250426,
  "beta_2": 0.3321511644413019,
  "block_size": 77,
  "dropout": 0.49268419999804036,
  "epsilon": 8.083127629472352e-07,
  "lr": 4.067940805997672e-05,
  "n_embd": 12,
  "n_head": 1,
  "n_layer": 6,
  "seed": 1016159779,
  "weight_decay": 6.316181851792294e-07
}