{
  "batch_size": 21.60789929538297,
  "beta_1": 0.12798366274178255,
  "beta_2": 0.8583829344239658,
  "block_size": 154.16689009811893,
  "dropout": 0.4606658454620368,
  "epsilon": 0.00023754420639660403,
  "lr": 0.0438615408475477,
  "n_embd": 4.019432702426755,
  "n_head": 5.873388187561686,
  "n_layer": 2.979979173196611,
  "seed": 1651455842.8560765,
  "weight_decay": 0.009780694986595628
}