{
  "batch_size": 91.7973754110826,
  "beta_1": 0.9724641097955727,
  "beta_2": 0.11716340852145912,
  "block_size": 113.93655888367998,
  "dropout": 0.13324098403617168,
  "epsilon": 0.0008661044367622538,
  "lr": 0.050556496070994265,
  "n_embd": 52.24085112094049,
  "n_head": 1.4610385323781785,
  "n_layer": 1.0824328484702095,
  "seed": 2127289605.8911037,
  "weight_decay": 0.003874989304287985
}