{
  "batch_size": 59.57873719045347,
  "beta_1": 0.8715982610181178,
  "beta_2": 0.35425991498522935,
  "block_size": 82.34877319718642,
  "dropout": 0.36368725071636165,
  "epsilon": 0.0004919900952629964,
  "lr": 0.015219383411458984,
  "n_embd": 37.99503584248512,
  "n_head": 3.5322855021066757,
  "n_layer": 2.8263646820115564,
  "seed": 1574802125.048074,
  "weight_decay": 0.004893581150213837
}