{
  "batch_size": 36.35933629390787,
  "beta_1": 0.8338548719736152,
  "beta_2": 0.5226531004069005,
  "block_size": 165.06085490474703,
  "dropout": 0.42038598016945306,
  "epsilon": 0.0003055329664559903,
  "lr": 0.04918487886296176,
  "n_embd": 10.125426248567221,
  "n_head": 1.988479132881002,
  "n_layer": 1.7636574136546566,
  "seed": 1860783814.4307323,
  "weight_decay": 0.0005450373625717791
}