{
  "batch_size": 49,
  "beta_1": 0.38431660342496154,
  "beta_2": 0.7667420773720652,
  "block_size": 221,
  "dropout": 0.37694757441536997,
  "epsilon": 9.957010049642987e-05,
  "lr": 0.0020409579030018256,
  "n_embd": 4,
  "n_head": 2,
  "n_layer": 2,
  "seed": 299201192,
  "weight_decay": 2.2206579727770387e-05
}