{
  "batch_size": 64,
  "beta_1": 0.37811439732772867,
  "beta_2": 0.26461122511331053,
  "block_size": 183,
  "dropout": 0.4642696470435136,
  "epsilon": 1.3659365699509829e-08,
  "lr": 3.6551667076143655e-05,
  "n_embd": 16,
  "n_head": 1,
  "n_layer": 3,
  "seed": 32600913,
  "weight_decay": 0.0013820389974041735
}