{
  "batch_size": 44.74770460155326,
  "beta_1": 0.9657489758808107,
  "beta_2": 0.27512398481744194,
  "block_size": 330.6085261233395,
  "dropout": 0.15310973978005352,
  "epsilon": 0.00029759929965513817,
  "lr": 0.009416070382356468,
  "n_embd": 11.695232703439775,
  "n_head": 2.024509389509171,
  "n_layer": 4.514666890369551,
  "seed": 1385119056.3368146,
  "weight_decay": 0.0007773226612001309
}