{
  "batch_size": 40,
  "beta_1": 0.638220743714419,
  "beta_2": 0.4628062042676372,
  "block_size": 384,
  "dropout": 0.1638009184405484,
  "epsilon": 5.851932333423654e-10,
  "lr": 2.2012723314422428e-05,
  "n_embd": 37,
  "n_head": 6,
  "n_layer": 4,
  "seed": 1913537832,
  "weight_decay": 1.0576242660841388e-08
}