{
  "batch_size": 53.846171285435744,
  "beta_1": 0.20855916060119156,
  "beta_2": 0.830719920264098,
  "block_size": 376.5174941575233,
  "dropout": 0.4139420327294844,
  "epsilon": 0.00010590825039763668,
  "lr": 0.09209528199035796,
  "n_embd": 23.092804019407204,
  "n_head": 1.0110044787006662,
  "n_layer": 2.9595311362816514,
  "seed": 890084269.7128403,
  "weight_decay": 0.005061847651943445
}