{
  "batch_size": 71.60493746214036,
  "beta_1": 0.3234403986319002,
  "beta_2": 0.6573550856346491,
  "block_size": 94.28567548151317,
  "dropout": 0.3163127398407171,
  "epsilon": 1.381387387333109e-05,
  "lr": 0.04248824716252054,
  "n_embd": 17.42950483837181,
  "n_head": 6.416673370204498,
  "n_layer": 1.5520967950034683,
  "seed": 1651412464.525088,
  "weight_decay": 0.00493456259830135
}