{
  "batch_size": 84,
  "beta_1": 0.4426766641196168,
  "beta_2": 0.7395810772547892,
  "block_size": 140,
  "dropout": 0.1312010653199304,
  "epsilon": 9.378948085e-07,
  "lr": 0.002873655922851,
  "n_embd": 4,
  "n_head": 5,
  "n_layer": 3,
  "seed": 585838999.0132589,
  "weight_decay": 0.0088628523273099
}