{
  "batch_size": 19,
  "beta_1": 0.8100954056325167,
  "beta_2": 0.9527157011790408,
  "block_size": 93,
  "dropout": 0.18315154454110988,
  "epsilon": 0.00010110278196296994,
  "lr": 0.0004491703620609899,
  "n_embd": 9,
  "n_head": 3,
  "n_layer": 5,
  "seed": 1276750512,
  "weight_decay": 4.279348994324819e-06
}