{
  "batch_size": 60.942754701898885,
  "beta_1": 0.6832421137277891,
  "beta_2": 0.6436665237041201,
  "block_size": 273.9273397219123,
  "dropout": 0.3588037264142714,
  "epsilon": 9.734057016046811e-05,
  "lr": 0.04341484978189422,
  "n_embd": 29.24470856488807,
  "n_head": 4.527718423614615,
  "n_layer": 2.1401266671756334,
  "seed": 586441398.7705449,
  "weight_decay": 0.00030840469289100355
}