{
  "batch_size": 95.42389157707923,
  "beta_1": 0.168339733183842,
  "beta_2": 0.1526432262197284,
  "block_size": 302.83864394197997,
  "dropout": 0.26354312904314836,
  "epsilon": 0.0005748832072661883,
  "lr": 0.054718743704775655,
  "n_embd": 0.15783180603499636,
  "n_head": 3.5519667038478824,
  "n_layer": 1.6350630732703846,
  "seed": 1457111133.789609,
  "weight_decay": 0.004999056960821453
}