{
  "batch_size": 50,
  "beta_1": 0.778608070917448,
  "beta_2": 0.2873653102158451,
  "block_size": 284,
  "dropout": 0.403987134192213,
  "epsilon": 7.466149314699692e-07,
  "lr": 9.174148218224758e-05,
  "n_embd": 49,
  "n_head": 3,
  "n_layer": 5,
  "seed": 1109959222,
  "weight_decay": 0.013969027860900537
}