{
  "batch_size": 16.375606680153055,
  "beta_1": 0.7481658025774973,
  "beta_2": 0.31753302175921294,
  "block_size": 154.94828860994159,
  "dropout": 0.3277066669658979,
  "epsilon": 0.0009221128537473795,
  "lr": 0.09778750442766922,
  "n_embd": 43.38529301387712,
  "n_head": 3.4248634044652517,
  "n_layer": 1.1524570380131043,
  "seed": 1618676780.5135176,
  "weight_decay": 0.004077462489850813
}