{
  "batch_size": 56,
  "beta_1": 0.2816715193199433,
  "beta_2": 0.7119678348550501,
  "block_size": 312,
  "dropout": 0.1061424154016476,
  "epsilon": 2.06479110107e-05,
  "lr": 0.0013218005760429,
  "n_embd": 23,
  "n_head": 6,
  "n_layer": 4,
  "seed": 208648164.5710864,
  "weight_decay": 0.0003324614345415
}