{
  "batch_size": 30,
  "beta_1": 0.40644368126404606,
  "beta_2": 0.6553925016068461,
  "block_size": 285,
  "dropout": 0.11533369644611279,
  "epsilon": 3.746155829146901e-06,
  "lr": 0.0011061411463416462,
  "n_embd": 6,
  "n_head": 6,
  "n_layer": 1,
  "seed": 1222754393,
  "weight_decay": 0.005335210122155591
}