{
  "batch_size": 27.563796737146998,
  "beta_1": 0.3888778406167167,
  "beta_2": 0.8630363292505207,
  "block_size": 117.50714351472801,
  "dropout": 0.21645293435075239,
  "epsilon": 0.00022344929143286755,
  "lr": 0.0705297901880848,
  "n_embd": 20.197362929424905,
  "n_head": 5.780664019417097,
  "n_layer": 4.654131805123586,
  "seed": 1006732598.6371452,
  "weight_decay": 0.009961403755579568
}