{
  "batch_size": 86,
  "beta_1": 0.6494247443480614,
  "beta_2": 0.2889660238049201,
  "block_size": 176,
  "dropout": 0.19718574380511078,
  "epsilon": 1.9251717037850288e-09,
  "lr": 3.606616502445537e-05,
  "n_embd": 38,
  "n_head": 5,
  "n_layer": 4,
  "seed": 832122150,
  "weight_decay": 1.0102027890579245e-06
}