{
  "batch_size": 22.415957249653506,
  "beta_1": 0.9225576028847368,
  "beta_2": 0.9513608189660495,
  "block_size": 219.5792204149855,
  "dropout": 0.24196699626808763,
  "epsilon": 0.0006511179090740378,
  "lr": 0.016954907409208717,
  "n_embd": 37.47693202721367,
  "n_head": 2.8430068534721045,
  "n_layer": 6.717780251115307,
  "seed": 887899830.6155246,
  "weight_decay": 0.0057536428774793815
}