{
  "batch_size": 72.73606915381593,
  "beta_1": 0.6946331529796979,
  "beta_2": 0.8118843326142207,
  "block_size": 98.72973770889882,
  "dropout": 0.4844586513481579,
  "epsilon": 0.0007153283001237999,
  "lr": 0.05850215194862165,
  "n_embd": 15.080971189650686,
  "n_head": 2.410832528088834,
  "n_layer": 4.375058842091359,
  "seed": 2031067461.8844264,
  "weight_decay": 0.0021764515824293867
}