{
  "batch_size": 93,
  "beta_1": 0.6035239805824404,
  "beta_2": 0.5673277366892154,
  "block_size": 272,
  "dropout": 0.4943205962096989,
  "epsilon": 1.9790057388e-06,
  "lr": 5.35661495465e-05,
  "n_embd": 39,
  "n_head": 5,
  "n_layer": 3,
  "seed": 1587570455.1631417,
  "weight_decay": 2.96112846e-07
}