{
  "batch_size": 69.09979955296322,
  "beta_1": 0.6839508517481055,
  "beta_2": 0.16031991267514029,
  "block_size": 364.0819604823095,
  "dropout": 0.17635219398128493,
  "epsilon": 0.0007006031313065303,
  "lr": 0.002895474905793645,
  "n_embd": 42.85302404222394,
  "n_head": 1.9672036843554819,
  "n_layer": 6.9586369860457005,
  "seed": 1973955336.3316064,
  "weight_decay": 0.007147462712051673
}