{
  "batch_size": 36.20788163226152,
  "beta_1": 0.2928819959393651,
  "beta_2": 0.47402776471382146,
  "block_size": 259.50250072496215,
  "dropout": 0.14678806600761726,
  "epsilon": 0.0007824416258904859,
  "lr": 0.034981611845029015,
  "n_embd": 26.931597237158485,
  "n_head": 1.0331727718073689,
  "n_layer": 1.5231130218100541,
  "seed": 1611715311.4727805,
  "weight_decay": 0.001893809419653779
}