{
  "batch_size": 54.531463625939224,
  "beta_1": 0.9748580422282324,
  "beta_2": 0.8239765848161649,
  "block_size": 367.67767178638275,
  "dropout": 0.21407714768338426,
  "epsilon": 0.00025273427430509433,
  "lr": 0.043583638694990566,
  "n_embd": 9.83410423027103,
  "n_head": 3.621705899795854,
  "n_layer": 3.4378013192955237,
  "seed": 206601457.0351535,
  "weight_decay": 0.009933910974349616
}