{
  "batch_size": 78,
  "beta_1": 0.41159677890732915,
  "beta_2": 0.9063723181276319,
  "block_size": 283,
  "dropout": 0.2443523675274432,
  "epsilon": 6.407038356268476e-05,
  "lr": 0.020069657886259105,
  "n_embd": 52,
  "n_head": 2,
  "n_layer": 6,
  "seed": 1068174805,
  "weight_decay": 1.7253028309039048e-06
}