{
  "batch_size": 73,
  "beta_1": 0.2664576677744656,
  "beta_2": 0.7552203055426268,
  "block_size": 71,
  "dropout": 0.1408220749346442,
  "epsilon": 5.2069602e-09,
  "lr": 0.0125088079101574,
  "n_embd": 32,
  "n_head": 1,
  "n_layer": 1,
  "seed": 115680119.31548125,
  "weight_decay": 9.37451552e-08
}