{
  "batch_size": 80,
  "beta_1": 0.495460277401481,
  "beta_2": 0.6961458295696674,
  "block_size": 163,
  "dropout": 0.4383570524011856,
  "epsilon": 4.757287766e-07,
  "lr": 0.0558154244933979,
  "n_embd": 17,
  "n_head": 2,
  "n_layer": 3,
  "seed": 196050646.70312014,
  "weight_decay": 6.08487511463e-05
}