{
  "batch_size": 56.10182481519699,
  "beta_1": 0.8991946753203942,
  "beta_2": 0.7889133448421193,
  "block_size": 177.61573955725746,
  "dropout": 0.33925985704465883,
  "epsilon": 0.0008667629702013245,
  "lr": 0.00048152138278372426,
  "n_embd": 24.451822190077092,
  "n_head": 2.002013727729344,
  "n_layer": 4.371160279190052,
  "seed": 1421998922.171431,
  "weight_decay": 0.003038352388361302
}