{
  "batch_size": 36,
  "beta_1": 0.2844211396511518,
  "beta_2": 0.9944737351090234,
  "block_size": 351,
  "dropout": 0.35688148006600384,
  "epsilon": 6.758551117697615e-05,
  "lr": 7.676809483649195e-06,
  "n_embd": 30,
  "n_head": 5,
  "n_layer": 2,
  "seed": 554523922,
  "weight_decay": 4.491251697229072e-07
}