{
  "batch_size": 51.45227478761552,
  "beta_1": 0.8584359399456181,
  "beta_2": 0.47027367160676425,
  "block_size": 331.171490627852,
  "dropout": 0.24221363601494827,
  "epsilon": 0.0004353799184472378,
  "lr": 0.046348520136934676,
  "n_embd": 16.665882271959486,
  "n_head": 4.517630582420635,
  "n_layer": 1.5156159297987952,
  "seed": 920271703.3073837,
  "weight_decay": 0.001636617946224164
}