{
  "batch_size": 51.13872443393605,
  "beta_1": 0.7614571085074409,
  "beta_2": 0.8968864070280484,
  "block_size": 70.86886959108479,
  "dropout": 0.4444947269830536,
  "epsilon": 0.00045946917420238207,
  "lr": 0.00669864352780198,
  "n_embd": 26.98913656152249,
  "n_head": 1.5197980186794533,
  "n_layer": 2.4981835020517558,
  "seed": 1149321181.3047514,
  "weight_decay": 0.005369126996828984
}