{
  "batch_size": 50,
  "beta_1": 0.12058751038106924,
  "beta_2": 0.9186504563572565,
  "block_size": 192,
  "dropout": 0.08793314974040306,
  "epsilon": 0.00018086426587915255,
  "lr": 0.011993266622419705,
  "n_embd": 13,
  "n_head": 1,
  "n_layer": 4,
  "seed": 2116691318,
  "weight_decay": 6.448179294324923e-08
}