{
  "batch_size": 49,
  "beta_1": 0.7356721033357053,
  "beta_2": 0.853407535170602,
  "block_size": 236,
  "dropout": 0.30628834613250966,
  "epsilon": 0.00010429277207187083,
  "lr": 1.767222306268523e-05,
  "n_embd": 5,
  "n_head": 2,
  "n_layer": 4,
  "seed": 448760735,
  "weight_decay": 0.0001696261329622582
}