{
  "batch_size": 27.329805914604723,
  "beta_1": 0.31859526872886157,
  "beta_2": 0.6943033209738124,
  "block_size": 117.50882755915151,
  "dropout": 0.3595489484920803,
  "epsilon": 0.0009076049741971224,
  "lr": 0.077240929727678,
  "n_embd": 52.38907313537794,
  "n_head": 4.442437216309202,
  "n_layer": 2.3641639314275746,
  "seed": 990334748.8152343,
  "weight_decay": 1.1597894273093254e-05
}