{
  "batch_size": 89,
  "beta_1": 0.5844081210717256,
  "beta_2": 0.2876071771132992,
  "block_size": 91,
  "dropout": 0.2551340354510288,
  "epsilon": 1.464883803e-07,
  "lr": 0.0003324149838014,
  "n_embd": 44,
  "n_head": 3,
  "n_layer": 5,
  "seed": 797996959.3262469,
  "weight_decay": 1.9510045486e-06
}