{
  "batch_size": 34,
  "beta_1": 0.5249207828657736,
  "beta_2": 0.44795481382995317,
  "block_size": 182,
  "dropout": 0.19088455117568268,
  "epsilon": 5.001962489573117e-09,
  "lr": 0.03516739827779101,
  "n_embd": 45,
  "n_head": 3,
  "n_layer": 3,
  "seed": 1860122606,
  "weight_decay": 0.0011048538831410644
}