{
  "batch_size": 33.19641742269113,
  "beta_1": 0.33508736368909436,
  "beta_2": 0.415840946255001,
  "block_size": 281.9683668279803,
  "dropout": 0.4625449875723713,
  "epsilon": 6.12579576637221e-05,
  "lr": 0.04967819947658802,
  "n_embd": 31.1525008881563,
  "n_head": 3.8525705448770555,
  "n_layer": 4.647902085287666,
  "seed": 443624607.4717471,
  "weight_decay": 0.006286082083411481
}