{
  "batch_size": 43.175640595723564,
  "beta_1": 0.9925909664453002,
  "beta_2": 0.1442830288939977,
  "block_size": 160.2017475193631,
  "dropout": 0.4343863882067135,
  "epsilon": 0.0008237471894144568,
  "lr": 0.013335601102392122,
  "n_embd": 25.516478088327048,
  "n_head": 6.465849052703109,
  "n_layer": 3.1046382804978814,
  "seed": 986596412.4255645,
  "weight_decay": 0.004289783775619536
}