{
  "batch_size": 85,
  "beta_1": 0.4059184646048929,
  "beta_2": 0.732076792147962,
  "block_size": 251,
  "dropout": 0.3236640044821699,
  "epsilon": 9.12687235619e-05,
  "lr": 0.0064081935362985,
  "n_embd": 36,
  "n_head": 6,
  "n_layer": 4,
  "seed": 1150502467.2847157,
  "weight_decay": 0.0065562431571847
}