{
  "batch_size": 60,
  "beta_1": 0.9938197401166733,
  "beta_2": 0.43473331244180036,
  "block_size": 224,
  "dropout": 0.2817946599742907,
  "epsilon": 4.1707828219867024e-07,
  "lr": 1.7147779614217435e-05,
  "n_embd": 11,
  "n_head": 5,
  "n_layer": 1,
  "seed": 1083984627,
  "weight_decay": 8.848069585161529e-07
}