{
  "batch_size": 51.5835367714618,
  "beta_1": 0.505023413634618,
  "beta_2": 0.6170574106084123,
  "block_size": 236.29427418910285,
  "dropout": 0.48047225632594204,
  "epsilon": 0.00021916143813708916,
  "lr": 0.06711539704140396,
  "n_embd": 32.60016477814787,
  "n_head": 4.601777369001197,
  "n_layer": 2.0202510152121156,
  "seed": 1706909906.732053,
  "weight_decay": 0.006386963349516335
}