{
  "batch_size": 25,
  "beta_1": 0.910680036069252,
  "beta_2": 0.7550253778283265,
  "block_size": 289,
  "dropout": 0.2431655670011382,
  "epsilon": 7.013298885e-07,
  "lr": 0.000142242667747,
  "n_embd": 18,
  "n_head": 3,
  "n_layer": 3,
  "seed": 1924221132.5259473,
  "weight_decay": 0.0084968833592461
}