{
  "batch_size": 56.08069983767444,
  "beta_1": 0.15465362022174026,
  "beta_2": 0.2053173232846319,
  "block_size": 275.42177034325005,
  "dropout": 0.10630053444506973,
  "epsilon": 0.00041674833187798916,
  "lr": 0.04330346352758681,
  "n_embd": 29.62255318089351,
  "n_head": 5.20464916254631,
  "n_layer": 3.3604042165800463,
  "seed": 986546704.178343,
  "weight_decay": 0.006933497822598679
}