{
  "batch_size": 62.78796977559979,
  "beta_1": 0.2454306404209024,
  "beta_2": 0.31093429972488607,
  "block_size": 74.91051157543343,
  "dropout": 0.265486950445071,
  "epsilon": 0.0009092789634731679,
  "lr": 0.03329160833387131,
  "n_embd": 29.567568219872552,
  "n_head": 5.143608947989303,
  "n_layer": 5.145610186111986,
  "seed": 982243681.8708545,
  "weight_decay": 0.00508286062505315
}