{
  "batch_size": 17.232897978265925,
  "beta_1": 0.810928325459304,
  "beta_2": 0.5133504304369495,
  "block_size": 295.4498353641666,
  "dropout": 0.4822427380191098,
  "epsilon": 0.000994317359167133,
  "lr": 0.03815382047979465,
  "n_embd": 4.327762924096065,
  "n_head": 5.781311596271465,
  "n_layer": 1.0852719376337197,
  "seed": 1245404868.8240864,
  "weight_decay": 2.160016234280846e-05
}