{
  "batch_size": 30.46821722594928,
  "beta_1": 0.7117656775048691,
  "beta_2": 0.11937878569536554,
  "block_size": 322.38678960874387,
  "dropout": 0.3609144515894417,
  "epsilon": 0.0009325366860799854,
  "lr": 0.060217974261127905,
  "n_embd": 7.634623956288748,
  "n_head": 5.963820324378773,
  "n_layer": 1.1539603187955123,
  "seed": 311534466.6222554,
  "weight_decay": 0.003301514012659816
}