{
  "batch_size": 42.40902205314963,
  "beta_1": 0.8711352822567181,
  "beta_2": 0.24872162122258445,
  "block_size": 102.08559372329879,
  "dropout": 0.24709216605481818,
  "epsilon": 0.0009665520776908315,
  "lr": 0.04399377213609578,
  "n_embd": 38.292333608657685,
  "n_head": 3.20591452887058,
  "n_layer": 5.923270011972668,
  "seed": 1608925869.1637259,
  "weight_decay": 0.009170403031099767
}