{
  "batch_size": 81.51261609617858,
  "beta_1": 0.2831389158253921,
  "beta_2": 0.23370247290335003,
  "block_size": 242.64766246615474,
  "dropout": 0.27285972228621447,
  "epsilon": 0.00022662854310387468,
  "lr": 0.026006734939169152,
  "n_embd": 11.420953452174798,
  "n_head": 3.7366355595558347,
  "n_layer": 1.1385462747331196,
  "seed": 448542169.80056334,
  "weight_decay": 0.008092502394091578
}