{
  "batch_size": 83,
  "beta_1": 0.4770368046068312,
  "beta_2": 0.31301114884548736,
  "block_size": 283,
  "dropout": 0.22275817099191106,
  "epsilon": 0.00018775416371212344,
  "lr": 0.0003933037619138624,
  "n_embd": 21,
  "n_head": 3,
  "n_layer": 6,
  "seed": 403831920,
  "weight_decay": 3.460711442764175e-07
}