{
  "batch_size": 84,
  "beta_1": 0.1120778210989399,
  "beta_2": 0.8216344828684449,
  "block_size": 230,
  "dropout": 0.1093105420357485,
  "epsilon": 1.61258776e-08,
  "lr": 0.000447271773799,
  "n_embd": 22,
  "n_head": 4,
  "n_layer": 5,
  "seed": 2038084259.2069602,
  "weight_decay": 3.6589726497e-06
}