{
  "batch_size": 53,
  "beta_1": 0.8925706898769077,
  "beta_2": 0.8648364259625817,
  "block_size": 201,
  "dropout": 0.1954521377682486,
  "epsilon": 2.722639677e-07,
  "lr": 6.73924753534e-05,
  "n_embd": 44,
  "n_head": 5,
  "n_layer": 6,
  "seed": 1600993006.5974886,
  "weight_decay": 1.10842265069e-05
}