{
  "batch_size": 31.44420369594948,
  "beta_1": 0.5282664858895539,
  "beta_2": 0.9405332780881552,
  "block_size": 259.73135081577584,
  "dropout": 0.48752016693668676,
  "epsilon": 0.0007686359638746408,
  "lr": 0.004064575169754365,
  "n_embd": 40.4556145707526,
  "n_head": 6.563548150824368,
  "n_layer": 1.2287215404976162,
  "seed": 624452969.6409906,
  "weight_decay": 0.0044450124604609575
}