{
  "batch_size": 84,
  "beta_1": 0.9284165657679652,
  "beta_2": 0.7671052823641369,
  "block_size": 172,
  "dropout": 0.49939890978702706,
  "epsilon": 9.327558780154164e-07,
  "lr": 0.0013669668164606717,
  "n_embd": 26,
  "n_head": 5,
  "n_layer": 6,
  "seed": 212070312,
  "weight_decay": 7.3271435066355845e-06
}