{
  "batch_size": 76.23913409917216,
  "beta_1": 0.8371735202537394,
  "beta_2": 0.5005445409518352,
  "block_size": 268.2998013254995,
  "dropout": 0.29439513415240676,
  "epsilon": 0.00025858522460539665,
  "lr": 0.08167744414592129,
  "n_embd": 3.4883852871580188,
  "n_head": 5.859922174497193,
  "n_layer": 3.427622119494049,
  "seed": 1798490215.3932273,
  "weight_decay": 0.0001241889453958494
}