{
  "batch_size": 26,
  "beta_1": 0.5359517801385761,
  "beta_2": 0.5463098787807034,
  "block_size": 233,
  "dropout": 0.25543937919926285,
  "epsilon": 5.360841859382867e-09,
  "lr": 0.0038377130025016755,
  "n_embd": 20,
  "n_head": 1,
  "n_layer": 1,
  "seed": 568905812,
  "weight_decay": 2.2805158194415547e-08
}