{
  "batch_size": 41,
  "beta_1": 0.8500680047199799,
  "beta_2": 0.1743173316287045,
  "block_size": 284,
  "dropout": 0.454211610193287,
  "epsilon": 1.81777264e-08,
  "lr": 0.000356065430566,
  "n_embd": 47,
  "n_head": 2,
  "n_layer": 3,
  "seed": 1214442884.6730244,
  "weight_decay": 1.79382438419e-05
}