{
  "batch_size": 61.45960370359682,
  "beta_1": 0.13975425597907576,
  "beta_2": 0.31097922132681083,
  "block_size": 153.43255414927773,
  "dropout": 0.299171462422568,
  "epsilon": 0.0007263269919956543,
  "lr": 0.058337282363239255,
  "n_embd": 20.56505650628599,
  "n_head": 3.2316136980298253,
  "n_layer": 6.604456594316685,
  "seed": 44478615.66124051,
  "weight_decay": 0.004852216793932078
}