{
  "batch_size": 88,
  "beta_1": 0.4995416329556762,
  "beta_2": 0.9166460337959736,
  "block_size": 190,
  "dropout": 0.1922190389734707,
  "epsilon": 2.746714e-10,
  "lr": 0.0016719779875419,
  "n_embd": 47,
  "n_head": 4,
  "n_layer": 4,
  "seed": 244805898.2364129,
  "weight_decay": 0.0002472736594129
}