{
  "batch_size": 56,
  "beta_1": 0.506319249092161,
  "beta_2": 0.6109757736572702,
  "block_size": 108,
  "dropout": 0.4037944263289207,
  "epsilon": 3.0213309626499603e-07,
  "lr": 1.830761692407771e-06,
  "n_embd": 1,
  "n_head": 1,
  "n_layer": 3,
  "seed": 1231013641,
  "weight_decay": 9.064356267035978e-06
}