{
  "batch_size": 33.779523651626945,
  "beta_1": 0.3317040062234512,
  "beta_2": 0.9423559635518609,
  "block_size": 246.17671889625336,
  "dropout": 0.17414769411510467,
  "epsilon": 0.0007260999779860835,
  "lr": 0.08864618986165822,
  "n_embd": 51.673421707757285,
  "n_head": 5.224459902957245,
  "n_layer": 1.3103703564357458,
  "seed": 1963727172.356679,
  "weight_decay": 0.006754580914242087
}