{
  "batch_size": 94,
  "beta_1": 0.6190607435623361,
  "beta_2": 0.7073760394875058,
  "block_size": 361,
  "dropout": 0.1116552291402964,
  "epsilon": 2.051311e-10,
  "lr": 0.0010422952319699,
  "n_embd": 13,
  "n_head": 5,
  "n_layer": 5,
  "seed": 1600170691.737842,
  "weight_decay": 0.0016204489712643
}