{
  "batch_size": 74,
  "beta_1": 0.4237254325181855,
  "beta_2": 0.7357409834852805,
  "block_size": 262,
  "dropout": 0.2493365101002094,
  "epsilon": 5.708954e-09,
  "lr": 0.001078034121078,
  "n_embd": 3,
  "n_head": 6,
  "n_layer": 5,
  "seed": 1841846825.4556196,
  "weight_decay": 0.0007401058794031
}