{
  "batch_size": 38.79442486195911,
  "beta_1": 0.9223198106097373,
  "beta_2": 0.9119040484703448,
  "block_size": 79.07053706602954,
  "dropout": 0.3836322036213644,
  "epsilon": 0.000300532525985262,
  "lr": 0.061952996100915605,
  "n_embd": 38.43093830300596,
  "n_head": 1.0150390160918759,
  "n_layer": 4.54105958721893,
  "seed": 1128121764.9766932,
  "weight_decay": 0.0036469010663034303
}