{
  "batch_size": 19.438610230567964,
  "beta_1": 0.46412795151036423,
  "beta_2": 0.5388216935601801,
  "block_size": 364.67876224166173,
  "dropout": 0.295282576960038,
  "epsilon": 0.00038623619046677504,
  "lr": 0.023353841337412348,
  "n_embd": 42.63944272282552,
  "n_head": 3.2178448226788308,
  "n_layer": 1.01320742592257,
  "seed": 899709310.8054754,
  "weight_decay": 0.003141311205731995
}