{
  "batch_size": 36.56665059030372,
  "beta_1": 0.6644116460529544,
  "beta_2": 0.4327406190449179,
  "block_size": 210.65066743192264,
  "dropout": 0.4716662846430755,
  "epsilon": 0.0007189037525109675,
  "lr": 0.02257856158895605,
  "n_embd": 52.55877788758799,
  "n_head": 4.63057743904956,
  "n_layer": 3.1308549627725073,
  "seed": 1574715438.5884204,
  "weight_decay": 0.00912427770407333
}