{
  "batch_size": 45.53353780410882,
  "beta_1": 0.43434787853841383,
  "beta_2": 0.6553535296725058,
  "block_size": 194.22954391354446,
  "dropout": 0.3000462023013215,
  "epsilon": 0.0004842466802201215,
  "lr": 0.07570660014986888,
  "n_embd": 40.29785728031795,
  "n_head": 5.758426126720751,
  "n_layer": 3.545558216494322,
  "seed": 1347523576.9282544,
  "weight_decay": 0.005892463795834934
}