{
  "batch_size": 51.27673909441267,
  "beta_1": 0.4901673394546775,
  "beta_2": 0.37042607847396936,
  "block_size": 247.89616007821567,
  "dropout": 0.2186300870400776,
  "epsilon": 0.0006470466232133874,
  "lr": 0.0627711726544695,
  "n_embd": 19.231953439769427,
  "n_head": 5.610185284105672,
  "n_layer": 1.7147704101969066,
  "seed": 471342586.3578956,
  "weight_decay": 0.005717353376184375
}