{
  "batch_size": 57.97916148425178,
  "beta_1": 0.49376358033595513,
  "beta_2": 0.12626668780732475,
  "block_size": 309.82474506975365,
  "dropout": 0.14859523394471894,
  "epsilon": 0.0008812698793668274,
  "lr": 0.0581002923392554,
  "n_embd": 17.930566427781653,
  "n_head": 4.810854350999104,
  "n_layer": 1.8189258079457327,
  "seed": 624755005.0171169,
  "weight_decay": 0.00035788311833508715
}