{
  "batch_size": 28.67200199412389,
  "beta_1": 0.223585784497633,
  "beta_2": 0.6881477276371966,
  "block_size": 217.06624462593157,
  "dropout": 0.409532594246392,
  "epsilon": 0.0009382752954968504,
  "lr": 0.014883413178023459,
  "n_embd": 45.21292964846785,
  "n_head": 5.820039118383791,
  "n_layer": 1.4479613713248105,
  "seed": 265577490.8431728,
  "weight_decay": 0.009115915927091576
}