{
  "batch_size": 17.17141944794248,
  "beta_1": 0.9743833915013134,
  "beta_2": 0.6583310161651206,
  "block_size": 222.76617460303413,
  "dropout": 0.27944067388486715,
  "epsilon": 0.000918581056182894,
  "lr": 0.031962353756275506,
  "n_embd": 9.283164804266486,
  "n_head": 2.6519685487779237,
  "n_layer": 5.124504609707269,
  "seed": 877624788.9374204,
  "weight_decay": 0.00952773778321614
}