{
  "batch_size": 30.106597985689312,
  "beta_1": 0.26624884808879845,
  "beta_2": 0.8522942070381329,
  "block_size": 153.24486027190827,
  "dropout": 0.4972998549217762,
  "epsilon": 0.0007276532241072551,
  "lr": 0.0789436086666584,
  "n_embd": 23.297247408215828,
  "n_head": 2.547578323306684,
  "n_layer": 5.8638206003210565,
  "seed": 1382173538.825157,
  "weight_decay": 0.005788259411653109
}