{
  "batch_size": 65,
  "beta_1": 0.7285222976765939,
  "beta_2": 0.8492552383063184,
  "block_size": 328,
  "dropout": 0.35032263296859767,
  "epsilon": 3.0247081000017296e-07,
  "lr": 1.6159050305670795e-05,
  "n_embd": 1,
  "n_head": 4,
  "n_layer": 1,
  "seed": 1319252986,
  "weight_decay": 4.905718983287603e-07
}