{
  "batch_size": 33,
  "beta_1": 0.1168783732958625,
  "beta_2": 0.685832874163124,
  "block_size": 78,
  "dropout": 0.3711722517985408,
  "epsilon": 5.2139345e-09,
  "lr": 0.011203254811524,
  "n_embd": 9,
  "n_head": 6,
  "n_layer": 4,
  "seed": 1446310861.981929,
  "weight_decay": 2.01177538499e-05
}