{
  "batch_size": 65,
  "beta_1": 0.49433826994049135,
  "beta_2": 0.2090891492719134,
  "block_size": 86,
  "dropout": 0.46251656652712436,
  "epsilon": 7.657025002670589e-07,
  "lr": 9.116084612560262e-06,
  "n_embd": 36,
  "n_head": 4,
  "n_layer": 6,
  "seed": 786088963,
  "weight_decay": 1.115000652512359e-05
}