{
  "batch_size": 32.22419335053985,
  "beta_1": 0.21674923985917544,
  "beta_2": 0.5049435376473863,
  "block_size": 160.634509009307,
  "dropout": 0.46391696714277664,
  "epsilon": 0.0003868306124774341,
  "lr": 0.012758665429298474,
  "n_embd": 44.2448103800779,
  "n_head": 2.255334430661643,
  "n_layer": 6.519308230237096,
  "seed": 502272427.8419147,
  "weight_decay": 0.0025712565535363093
}