{
  "batch_size": 35.32289254330543,
  "beta_1": 0.3969500066627454,
  "beta_2": 0.4421103274773608,
  "block_size": 161.92646220608296,
  "dropout": 0.39645188403907206,
  "epsilon": 0.0007017850689706683,
  "lr": 0.0769900394560023,
  "n_embd": 0.19637557714294201,
  "n_head": 4.238464286971663,
  "n_layer": 4.819895742425354,
  "seed": 1480213536.2066443,
  "weight_decay": 0.0025972395022052916
}