{
  "batch_size": 80,
  "beta_1": 0.3033605667019404,
  "beta_2": 0.4343242117165367,
  "block_size": 295,
  "dropout": 0.3575957142366579,
  "epsilon": 2.06356081e-08,
  "lr": 0.0004666632179488,
  "n_embd": 45,
  "n_head": 2,
  "n_layer": 3,
  "seed": 622403814.7662618,
  "weight_decay": 1.184544827e-07
}