{
  "batch_size": 31,
  "beta_1": 0.2630151290802589,
  "beta_2": 0.9978382886902853,
  "block_size": 164,
  "dropout": 0.2835876397345838,
  "epsilon": 0.0005097179637460858,
  "lr": 0.07075511733741904,
  "n_embd": 26,
  "n_head": 2,
  "n_layer": 3,
  "seed": 418613945,
  "weight_decay": 4.3036920063580296e-07
}