{
  "batch_size": 41,
  "beta_1": 0.803290116647578,
  "beta_2": 0.1922489549610323,
  "block_size": 257,
  "dropout": 0.4764042914829111,
  "epsilon": 6.21841e-09,
  "lr": 0.0018319558581271,
  "n_embd": 51,
  "n_head": 3,
  "n_layer": 4,
  "seed": 481800957.3701066,
  "weight_decay": 4.0993240869e-06
}