{
  "batch_size": 72.00496874233053,
  "beta_1": 0.10977493354671096,
  "beta_2": 0.6395781031414426,
  "block_size": 218.6776300125637,
  "dropout": 0.29271560004650776,
  "epsilon": 0.00011019284941762668,
  "lr": 0.0460741193542158,
  "n_embd": 16.995691361285573,
  "n_head": 1.4941265011271936,
  "n_layer": 2.1066467434484766,
  "seed": 218171565.6059548,
  "weight_decay": 0.0012941121452993457
}