{
  "batch_size": 81.08138922488736,
  "beta_1": 0.21614679113189228,
  "beta_2": 0.4352782962297974,
  "block_size": 78.02159955360011,
  "dropout": 0.11064181214991212,
  "epsilon": 0.0009967076570300893,
  "lr": 0.039855672515873825,
  "n_embd": 35.203956652844475,
  "n_head": 5.983748413945288,
  "n_layer": 6.470250712820921,
  "seed": 1136692046.2490742,
  "weight_decay": 0.008826517817323633
}