{
  "batch_size": 67,
  "beta_1": 0.6841058932153502,
  "beta_2": 0.8091330871790198,
  "block_size": 140,
  "dropout": 0.3780562417252219,
  "epsilon": 2.878381537273074e-05,
  "lr": 1.6737145949162374e-06,
  "n_embd": 11,
  "n_head": 2,
  "n_layer": 6,
  "seed": 1477699948,
  "weight_decay": 5.3188389155405235e-08
}