{
  "batch_size": 81,
  "beta_1": 0.1596097100290475,
  "beta_2": 0.7561791250901285,
  "block_size": 140,
  "dropout": 0.2900507682784974,
  "epsilon": 5.959227e-10,
  "lr": 0.000444966872069,
  "n_embd": 29,
  "n_head": 2,
  "n_layer": 4,
  "seed": 2138112240.3492045,
  "weight_decay": 0.0049685646614522
}