{
  "batch_size": 83,
  "beta_1": 0.8154525914305476,
  "beta_2": 0.9930246827014486,
  "block_size": 172,
  "dropout": 0.465788007410028,
  "epsilon": 8.744586356394528e-07,
  "lr": 0.0012815313904318798,
  "n_embd": 26,
  "n_head": 5,
  "n_layer": 6,
  "seed": 212070312,
  "weight_decay": 5.363953963762434e-06
}