{
  "batch_size": 66,
  "beta_1": 0.21651402746229764,
  "beta_2": 0.546591370075908,
  "block_size": 252,
  "dropout": 0.4267837442394854,
  "epsilon": 4.992588057675465e-07,
  "lr": 0.00028789580474017845,
  "n_embd": 13,
  "n_head": 3,
  "n_layer": 5,
  "seed": 2084416672,
  "weight_decay": 1.2792084008313128e-06
}