{
  "batch_size": 84.18886946204003,
  "beta_1": 0.6460390673027883,
  "beta_2": 0.2084536110824226,
  "block_size": 298.0422565764123,
  "dropout": 0.44752018512637637,
  "epsilon": 1.0867199054596971e-05,
  "lr": 0.064436488272179,
  "n_embd": 5.459637556564726,
  "n_head": 3.938904645097165,
  "n_layer": 5.9176744589142825,
  "seed": 1139663550.6197376,
  "weight_decay": 0.009790958024267582
}