{
  "batch_size": 60,
  "beta_1": 0.8829352911983963,
  "beta_2": 0.30963036869257876,
  "block_size": 343,
  "dropout": 0.46538774522483284,
  "epsilon": 1.8024121266675359e-07,
  "lr": 0.00033825613026680634,
  "n_embd": 20,
  "n_head": 5,
  "n_layer": 5,
  "seed": 201126127,
  "weight_decay": 3.770876895406581e-08
}