{
  "batch_size": 34.55526966676909,
  "beta_1": 0.31057554989624386,
  "beta_2": 0.7531140344651369,
  "block_size": 317.9962790845442,
  "dropout": 0.13756072286698187,
  "epsilon": 0.0004830663643531761,
  "lr": 0.03252886871896267,
  "n_embd": 9.654456087626075,
  "n_head": 6.2851068016319385,
  "n_layer": 5.098150198316529,
  "seed": 340312628.4685893,
  "weight_decay": 0.006066454210084988
}