{
  "batch_size": 37,
  "beta_1": 0.8975387845343438,
  "beta_2": 0.25147878987573935,
  "block_size": 157,
  "dropout": 0.6964044901328676,
  "epsilon": 5.248997794133587e-06,
  "lr": 0.00031481524824067273,
  "n_embd": 40,
  "n_head": 1,
  "n_layer": 2,
  "seed": 456197520,
  "weight_decay": 2.7272323040473785e-07
}