{
  "batch_size": 73.1347354125408,
  "beta_1": 0.2882375119809779,
  "beta_2": 0.5586530972281271,
  "block_size": 325.8185457838998,
  "dropout": 0.369644451324988,
  "epsilon": 0.0008123375615070411,
  "lr": 0.02435383499882734,
  "n_embd": 28.685091241705184,
  "n_head": 6.885841100797531,
  "n_layer": 2.6832988086347713,
  "seed": 1419651317.4765036,
  "weight_decay": 0.0037976362131932643
}