{
  "batch_size": 29.451627494402466,
  "beta_1": 0.42056518886457117,
  "beta_2": 0.7274485493092433,
  "block_size": 141.41571517199338,
  "dropout": 0.3051812822580713,
  "epsilon": 0.0008810432153926234,
  "lr": 0.05066112241575731,
  "n_embd": 18.627407329053806,
  "n_head": 1.2268478969081698,
  "n_layer": 1.958726262992362,
  "seed": 1174571434.138117,
  "weight_decay": 0.009779513923029412
}