{
  "batch_size": 18,
  "beta_1": 0.3934993856499107,
  "beta_2": 0.5537413620214392,
  "block_size": 138,
  "dropout": 0.2587997490478406,
  "epsilon": 4.1528987e-09,
  "lr": 0.0003593378429955,
  "n_embd": 44,
  "n_head": 2,
  "n_layer": 4,
  "seed": 1922804794.9895694,
  "weight_decay": 0.0073849916830119
}