{
  "batch_size": 49,
  "beta_1": 0.1349431128448634,
  "beta_2": 0.1235215341539395,
  "block_size": 107,
  "dropout": 0.4218676075415966,
  "epsilon": 0.0001481736826894,
  "lr": 2.06264630144e-05,
  "n_embd": 20,
  "n_head": 3,
  "n_layer": 4,
  "seed": 1415285064.4803526,
  "weight_decay": 1.2145000649e-06
}