{
  "batch_size": 29.834764152163395,
  "beta_1": 0.5733151838138282,
  "beta_2": 0.8610482344155473,
  "block_size": 346.7074775399537,
  "dropout": 0.17969918350852254,
  "epsilon": 0.0003459770656557926,
  "lr": 0.06494473375445148,
  "n_embd": 7.010610537580343,
  "n_head": 1.1917950280001204,
  "n_layer": 4.162277113979792,
  "seed": 1480183803.3256242,
  "weight_decay": 0.007062617049928969
}