{
  "batch_size": 92.37005147179447,
  "beta_1": 0.36621850558191016,
  "beta_2": 0.29293076107061033,
  "block_size": 148.17843199556532,
  "dropout": 0.3388597366235606,
  "epsilon": 0.0007085009480233509,
  "lr": 0.04930477476471749,
  "n_embd": 39.621743380671624,
  "n_head": 3.1871026682065784,
  "n_layer": 6.672794083961559,
  "seed": 218082839.80741906,
  "weight_decay": 0.0010597420003765198
}