{
  "batch_size": 90,
  "beta_1": 0.7624725317849187,
  "beta_2": 0.303317667597641,
  "block_size": 207,
  "dropout": 0.2226152392822485,
  "epsilon": 7.8605241e-08,
  "lr": 0.0111652359871693,
  "n_embd": 16,
  "n_head": 4,
  "n_layer": 4,
  "seed": 1554286451.4615154,
  "weight_decay": 0.0023993792281078
}