{
  "batch_size": 50.06282236810669,
  "beta_1": 0.2487339977590702,
  "beta_2": 0.746439319209052,
  "block_size": 74.80060349035715,
  "dropout": 0.22099259160626553,
  "epsilon": 0.0007364479583601154,
  "lr": 0.046579350356716384,
  "n_embd": 43.73385562996902,
  "n_head": 4.773969077864592,
  "n_layer": 2.4331767635126305,
  "seed": 767162514.6638705,
  "weight_decay": 0.0018900079038682975
}