{
  "batch_size": 67.16851356463692,
  "beta_1": 0.5858703394787328,
  "beta_2": 0.5527745900210805,
  "block_size": 333.65922766248923,
  "dropout": 0.35557832176953863,
  "epsilon": 0.0004241294517067816,
  "lr": 0.026897734433469628,
  "n_embd": 53.55562554454561,
  "n_head": 1.2440538702463104,
  "n_layer": 1.2037361949686205,
  "seed": 1907274043.9305482,
  "weight_decay": 0.0015458933080500206
}