{
  "batch_size": 39,
  "beta_1": 0.8580779716426081,
  "beta_2": 0.8249034221747786,
  "block_size": 378,
  "dropout": 0.2279870532880932,
  "epsilon": 3.7284461028689047e-10,
  "lr": 0.0014442425364874667,
  "n_embd": 19,
  "n_head": 1,
  "n_layer": 5,
  "seed": 430859600,
  "weight_decay": 1.0662282182379656e-07
}