{
  "batch_size": 88.34214424204458,
  "beta_1": 0.6535913629915276,
  "beta_2": 0.9542854995512816,
  "block_size": 130.38207806457635,
  "dropout": 0.42473867846024194,
  "epsilon": 0.000527170933760689,
  "lr": 0.08369015651150817,
  "n_embd": 32.627410195502804,
  "n_head": 4.64468372891615,
  "n_layer": 3.9163082542277223,
  "seed": 141797015.47516078,
  "weight_decay": 0.005820231130087899
}