{
  "batch_size": 21.736447919235662,
  "beta_1": 0.13362049359054015,
  "beta_2": 0.8998793108296094,
  "block_size": 164.85928592032357,
  "dropout": 0.2646479104627186,
  "epsilon": 0.0002440488200636209,
  "lr": 0.02266498856989284,
  "n_embd": 33.92704376889879,
  "n_head": 5.21868531473574,
  "n_layer": 1.4055940077950178,
  "seed": 1812149030.6458879,
  "weight_decay": 0.003110795506133986
}