{
  "batch_size": 18,
  "beta_1": 0.4947501122847016,
  "beta_2": 0.2302129988695607,
  "block_size": 68,
  "dropout": 0.3198813783898808,
  "epsilon": 1.00203444e-08,
  "lr": 0.0004284901411253,
  "n_embd": 24,
  "n_head": 3,
  "n_layer": 4,
  "seed": 612827026.0603795,
  "weight_decay": 5.2868680857e-06
}