{
  "batch_size": 54,
  "beta_1": 0.7480229863999461,
  "beta_2": 0.3694131211054902,
  "block_size": 170,
  "dropout": 0.17369647970631652,
  "epsilon": 0.0009459711902424862,
  "lr": 6.978657749684664e-06,
  "n_embd": 50,
  "n_head": 1,
  "n_layer": 3,
  "seed": 2071560125,
  "weight_decay": 1.467995164720094e-06
}