{
  "batch_size": 91,
  "beta_1": 0.17121755553042198,
  "beta_2": 0.27671696025801984,
  "block_size": 113,
  "dropout": 0.14551382840019034,
  "epsilon": 2.379653593573569e-09,
  "lr": 0.00022803267884310616,
  "n_embd": 28,
  "n_head": 3,
  "n_layer": 3,
  "seed": 293653163,
  "weight_decay": 0.00397291793034381
}