{
  "batch_size": 45,
  "beta_1": 0.20005590996495837,
  "beta_2": 0.1332914166931197,
  "block_size": 288,
  "dropout": 0.20577016806480553,
  "epsilon": 4.386703030726986e-06,
  "lr": 6.803542377137337e-05,
  "n_embd": 42,
  "n_head": 1,
  "n_layer": 3,
  "seed": 1581376168,
  "weight_decay": 1.4094679590314542e-08
}