{
  "batch_size": 43,
  "beta_1": 0.6764902271467678,
  "beta_2": 0.4226113114130623,
  "block_size": 99,
  "dropout": 0.1454441508917522,
  "epsilon": 3.37410024e-07,
  "lr": 0.0007518040906231,
  "n_embd": 21,
  "n_head": 2,
  "n_layer": 2,
  "seed": 1450811431.1971934,
  "weight_decay": 4.51485994e-08
}