{
  "batch_size": 42.60244496536329,
  "beta_1": 0.9691481954088643,
  "beta_2": 0.7041853975408228,
  "block_size": 70.35654639079448,
  "dropout": 0.3454022338865871,
  "epsilon": 0.00015891155465807977,
  "lr": 0.05512059968533799,
  "n_embd": 35.22575569454204,
  "n_head": 1.1511023341184,
  "n_layer": 5.781990199498388,
  "seed": 2019250452.3734803,
  "weight_decay": 0.003772405183650545
}