{
  "batch_size": 76.24086406885404,
  "beta_1": 0.6450959015707182,
  "beta_2": 0.9979763287339004,
  "block_size": 174.72306994558127,
  "dropout": 0.25033413338500843,
  "epsilon": 0.0008176936302451895,
  "lr": 0.01639533900710011,
  "n_embd": 50.456022496638894,
  "n_head": 5.795301990120876,
  "n_layer": 2.0171336731383374,
  "seed": 1849777382.209424,
  "weight_decay": 0.004528294476152814
}