{
  "batch_size": 58.17231298072845,
  "beta_1": 0.49881332032743775,
  "beta_2": 0.5361140567392565,
  "block_size": 381.43193800218495,
  "dropout": 0.13637290356530302,
  "epsilon": 0.0006768075990886882,
  "lr": 0.0294195170897112,
  "n_embd": 36.28532081717705,
  "n_head": 4.281072575763823,
  "n_layer": 2.7146783663586826,
  "seed": 1421996484.1855738,
  "weight_decay": 0.004934800598783911
}