{
  "batch_size": 18.647126408080904,
  "beta_1": 0.10783021024650302,
  "beta_2": 0.724365453527647,
  "block_size": 175.63706676387716,
  "dropout": 0.2903184995605077,
  "epsilon": 5.962473134337283e-05,
  "lr": 0.001850627113667339,
  "n_embd": 34.31893702999906,
  "n_head": 4.017786838972992,
  "n_layer": 4.78101499301631,
  "seed": 1816554150.366693,
  "weight_decay": 0.006757400520248084
}