{
  "batch_size": 96.62655475456107,
  "beta_1": 0.2481955302611865,
  "beta_2": 0.307159768345345,
  "block_size": 346.3954202466497,
  "dropout": 0.26158481232485786,
  "epsilon": 3.741682633327427e-05,
  "lr": 0.08462869065582142,
  "n_embd": 26.724741510082385,
  "n_head": 6.578159749333248,
  "n_layer": 3.2079477573165427,
  "seed": 1963712583.9589844,
  "weight_decay": 0.0033335045049748724
}