{
  "batch_size": 24.14504647639043,
  "beta_1": 0.2980314929583931,
  "beta_2": 0.5460960021688767,
  "block_size": 379.90827060517057,
  "dropout": 0.17751655967227117,
  "epsilon": 0.00012294340249762595,
  "lr": 0.02190022404867945,
  "n_embd": 2.3889451997533597,
  "n_head": 5.861574224389765,
  "n_layer": 5.961584687412223,
  "seed": 1175252409.444467,
  "weight_decay": 0.007420543405412031
}