{
  "batch_size": 53.213840126351926,
  "beta_1": 0.36438402459023556,
  "beta_2": 0.5128492758348574,
  "block_size": 313.3963546470804,
  "dropout": 0.17750358533670388,
  "epsilon": 0.0006184242461089367,
  "lr": 0.021558680356065646,
  "n_embd": 30.034038363574673,
  "n_head": 2.360414916141617,
  "n_layer": 5.216080244207673,
  "seed": 1907164910.590112,
  "weight_decay": 0.004739622169483212
}