{
  "batch_size": 78,
  "beta_1": 0.910234540792866,
  "beta_2": 0.3424617494245741,
  "block_size": 253,
  "dropout": 0.4323169599330874,
  "epsilon": 0.00010992146132403127,
  "lr": 0.003483064848504644,
  "n_embd": 50,
  "n_head": 3,
  "n_layer": 2,
  "seed": 682342382,
  "weight_decay": 3.219828275445391e-05
}