{
  "batch_size": 25,
  "beta_1": 0.7062528869239509,
  "beta_2": 0.9062155826447776,
  "block_size": 214,
  "dropout": 0.12445779275536034,
  "epsilon": 1.7369405666118492e-06,
  "lr": 6.523759789595642e-05,
  "n_embd": 27,
  "n_head": 4,
  "n_layer": 6,
  "seed": 223626316,
  "weight_decay": 0.0001160845258580807
}