{
  "batch_size": 66,
  "beta_1": 0.16937736959895452,
  "beta_2": 0.9289110488244567,
  "block_size": 167,
  "dropout": 0.3270520215980277,
  "epsilon": 2.5816597643135853e-09,
  "lr": 0.014439845645003058,
  "n_embd": 12,
  "n_head": 2,
  "n_layer": 6,
  "seed": 1919157138,
  "weight_decay": 0.005710679466177321
}