{
  "batch_size": 43,
  "beta_1": 0.5891474329149085,
  "beta_2": 0.2004593540414065,
  "block_size": 89,
  "dropout": 0.354698017044267,
  "epsilon": 5.504641993e-07,
  "lr": 8.1875350604e-06,
  "n_embd": 53,
  "n_head": 3,
  "n_layer": 4,
  "seed": 449301765.63489854,
  "weight_decay": 1.880002765e-07
}