{
  "batch_size": 52,
  "beta_1": 0.9418248701617846,
  "beta_2": 0.7563076263638883,
  "block_size": 162,
  "dropout": 0.3733715276624406,
  "epsilon": 8.9922041e-09,
  "lr": 0.0007750891339815,
  "n_embd": 16,
  "n_head": 2,
  "n_layer": 5,
  "seed": 753093856.5571231,
  "weight_decay": 0.0073282746348966
}