{
  "batch_size": 64,
  "beta_1": 0.4954953374356249,
  "beta_2": 0.29210090171660835,
  "block_size": 243,
  "dropout": 0.21956768736474785,
  "epsilon": 0.00011190657428448812,
  "lr": 0.0023304842340534167,
  "n_embd": 7,
  "n_head": 3,
  "n_layer": 1,
  "seed": 466684830,
  "weight_decay": 8.748197544074431e-08
}