{
  "batch_size": 81,
  "beta_1": 0.21156424142228,
  "beta_2": 0.9412431846733946,
  "block_size": 115,
  "dropout": 0.3789605749530248,
  "epsilon": 3.14863974e-07,
  "lr": 0.0242782635294246,
  "n_embd": 44,
  "n_head": 3,
  "n_layer": 4,
  "seed": 1045668149.0253433,
  "weight_decay": 0.0055539881670745
}