{
  "batch_size": 71,
  "beta_1": 0.9696401911192127,
  "beta_2": 0.12469470509102518,
  "block_size": 163,
  "dropout": 0.25309760497841594,
  "epsilon": 1.7233285225314036e-05,
  "lr": 0.0040997246900736604,
  "n_embd": 42,
  "n_head": 6,
  "n_layer": 6,
  "seed": 620340954,
  "weight_decay": 7.665819576494114e-08
}