{
  "batch_size": 50.30352876001639,
  "beta_1": 0.18927308490871292,
  "beta_2": 0.2809873007509668,
  "block_size": 157.96237616830086,
  "dropout": 0.11887136293416828,
  "epsilon": 0.0008774972341127618,
  "lr": 0.06140265443738466,
  "n_embd": 3.201351647433524,
  "n_head": 5.052586972051133,
  "n_layer": 5.300733191434286,
  "seed": 1478915227.3296776,
  "weight_decay": 0.003129005863179187
}