{
  "batch_size": 30.927723085333913,
  "beta_1": 0.1866911425803661,
  "beta_2": 0.22890360144744099,
  "block_size": 277.89488659151056,
  "dropout": 0.31180280050322173,
  "epsilon": 0.0005068789370756655,
  "lr": 0.011616077597376064,
  "n_embd": 32.07927359329245,
  "n_head": 5.57861722888662,
  "n_layer": 5.566941854480705,
  "seed": 1755804000.708694,
  "weight_decay": 0.0012529725297192572
}