{
  "batch_size": 62.36690332558453,
  "beta_1": 0.5760406151477688,
  "beta_2": 0.3238641280840388,
  "block_size": 205.14417493458706,
  "dropout": 0.4880662861693884,
  "epsilon": 0.000590202355093837,
  "lr": 0.046173230683900786,
  "n_embd": 6.118099220805081,
  "n_head": 5.9669513609405875,
  "n_layer": 2.698481869260859,
  "seed": 1421701669.7841928,
  "weight_decay": 0.0014151262953467103
}