{
  "batch_size": 66.3796133519434,
  "beta_1": 0.1210336497818119,
  "beta_2": 0.6952318472941135,
  "block_size": 331.35257951374786,
  "dropout": 0.15411989941573584,
  "epsilon": 0.0004397429033138651,
  "lr": 0.03443919043030663,
  "n_embd": 50.736968578070226,
  "n_head": 3.0700651919097672,
  "n_layer": 1.666295426828274,
  "seed": 912223555.0207516,
  "weight_decay": 0.0035105820826909218
}