{
  "batch_size": 36.28976632764825,
  "beta_1": 0.6184900259499765,
  "beta_2": 0.2795165075511846,
  "block_size": 80.03191207742117,
  "dropout": 0.19478033433117742,
  "epsilon": 9.75793226133042e-05,
  "lr": 0.0641256568148191,
  "n_embd": 17.053874937831676,
  "n_head": 3.800730935160156,
  "n_layer": 4.695382556978305,
  "seed": 335276941.8924113,
  "weight_decay": 0.004153064564078281
}