{
  "batch_size": 36.90027885913044,
  "beta_1": 0.6145099444289583,
  "beta_2": 0.5598974057199573,
  "block_size": 130.79552720196546,
  "dropout": 0.307697730344767,
  "epsilon": 0.0004555901979235133,
  "lr": 0.03154899707175073,
  "n_embd": 19.466668463562062,
  "n_head": 2.5087468875191057,
  "n_layer": 6.543629594050717,
  "seed": 1527177566.9779334,
  "weight_decay": 0.005207711378065796
}