{
  "batch_size": 64.51177043811695,
  "beta_1": 0.11683897938561198,
  "beta_2": 0.7276651120723042,
  "block_size": 360.8601689014922,
  "dropout": 0.14359764014091986,
  "epsilon": 0.00021999878521375063,
  "lr": 0.09051719532473147,
  "n_embd": 3.665060858890307,
  "n_head": 6.498458149292064,
  "n_layer": 6.169267142030801,
  "seed": 105038416.5696456,
  "weight_decay": 0.00849517910587695
}