{
  "batch_size": 25.89579211162181,
  "beta_1": 0.5625251483756779,
  "beta_2": 0.3009666842941695,
  "block_size": 333.28294001075574,
  "dropout": 0.4557942767034765,
  "epsilon": 9.727492818427803e-05,
  "lr": 0.0163053708516289,
  "n_embd": 7.688871031393474,
  "n_head": 3.3105152842413834,
  "n_layer": 2.6522498116372146,
  "seed": 887935288.7707547,
  "weight_decay": 0.007463834136233766
}