{
  "batch_size": 76,
  "beta_1": 0.139573889117851,
  "beta_2": 0.8131314475862822,
  "block_size": 335,
  "dropout": 0.264219348573771,
  "epsilon": 1.29579019809e-05,
  "lr": 0.0037200666289755,
  "n_embd": 8,
  "n_head": 4,
  "n_layer": 2,
  "seed": 1748099008.3782892,
  "weight_decay": 0.0004473259458778
}