{
  "batch_size": 92.6610133244857,
  "beta_1": 0.4025745881034656,
  "beta_2": 0.48184155202091017,
  "block_size": 230.92777744469197,
  "dropout": 0.4122655847606038,
  "epsilon": 0.0007651939003828317,
  "lr": 0.045499139617293266,
  "n_embd": 33.07904560466777,
  "n_head": 4.621403052189212,
  "n_layer": 2.3304835071783594,
  "seed": 532794998.607506,
  "weight_decay": 0.007746140000905952
}