{
  "batch_size": 66.00550837959078,
  "beta_1": 0.601601686812204,
  "beta_2": 0.9921194152632975,
  "block_size": 108.34802249567126,
  "dropout": 0.2568080706681759,
  "epsilon": 0.0005674327885369289,
  "lr": 0.06608753138294077,
  "n_embd": 12.165646931604403,
  "n_head": 1.7102245177887676,
  "n_layer": 4.920220059472988,
  "seed": 6162118.858845857,
  "weight_decay": 0.009401430807852705
}