{
  "batch_size": 17.031522293318844,
  "beta_1": 0.338712436480749,
  "beta_2": 0.2719583073276535,
  "block_size": 166.41200702745644,
  "dropout": 0.49370432027997113,
  "epsilon": 8.698909418183412e-05,
  "lr": 0.04190832608587243,
  "n_embd": 48.68740379591357,
  "n_head": 5.0029434043865075,
  "n_layer": 6.449732308597208,
  "seed": 604489412.9913441,
  "weight_decay": 0.004631404762308217
}