{
  "batch_size": 37,
  "beta_1": 0.4035361861706604,
  "beta_2": 0.6399981343015126,
  "block_size": 166,
  "dropout": 0.2190196011612278,
  "epsilon": 4.149993e-09,
  "lr": 0.0009586246275965,
  "n_embd": 4,
  "n_head": 2,
  "n_layer": 5,
  "seed": 1993382671.290188,
  "weight_decay": 8.93120351526e-05
}