{
  "batch_size": 33,
  "beta_1": 0.1384910611902387,
  "beta_2": 0.6070385871399274,
  "block_size": 106,
  "dropout": 0.3747035712984198,
  "epsilon": 1.37939e-10,
  "lr": 0.0004493120266371,
  "n_embd": 17,
  "n_head": 5,
  "n_layer": 4,
  "seed": 1022748597.5682251,
  "weight_decay": 5.57728916921e-05
}