{
  "batch_size": 50.37591402760084,
  "beta_1": 0.9061043754029787,
  "beta_2": 0.6504984462087819,
  "block_size": 181.43113122157698,
  "dropout": 0.2760618148011838,
  "epsilon": 0.0007195761179413286,
  "lr": 0.025000995558957725,
  "n_embd": 14.240155713682638,
  "n_head": 2.085487856111468,
  "n_layer": 4.712520829612652,
  "seed": 781624037.3869284,
  "weight_decay": 0.0013713335612103225
}