{
  "batch_size": 82.26123494148226,
  "beta_1": 0.28900647774523114,
  "beta_2": 0.47038991423221554,
  "block_size": 368.376725958626,
  "dropout": 0.3330786069407337,
  "epsilon": 0.0005913921696558785,
  "lr": 0.04498812694922243,
  "n_embd": 39.58524517653112,
  "n_head": 5.665537788355176,
  "n_layer": 5.451499746947056,
  "seed": 1531970201.1917365,
  "weight_decay": 0.005026366232301766
}