{
  "batch_size": 79.31703608183102,
  "beta_1": 0.8502594760756452,
  "beta_2": 0.5979494649666763,
  "block_size": 303.76984990887695,
  "dropout": 0.35771635690549386,
  "epsilon": 1.0324799214153662e-05,
  "lr": 0.04374884421528082,
  "n_embd": 5.500224328697939,
  "n_head": 1.3583151094997796,
  "n_layer": 6.802574289456958,
  "seed": 1140782077.6814663,
  "weight_decay": 0.007008180963343536
}