{
  "batch_size": 19,
  "beta_1": 0.18840949795015166,
  "beta_2": 0.32355416286430844,
  "block_size": 313,
  "dropout": 0.5208444663278788,
  "epsilon": 6.189130951463847e-09,
  "lr": 1.0091349558103427e-06,
  "n_embd": 14,
  "n_head": 1,
  "n_layer": 4,
  "seed": 537893960,
  "weight_decay": 5.174463470333519e-06
}