{
  "batch_size": 22,
  "beta_1": 0.7453834065791267,
  "beta_2": 0.3839153023570445,
  "block_size": 328,
  "dropout": 0.3989434931505623,
  "epsilon": 3.167504503358766e-08,
  "lr": 2.6389160526701612e-05,
  "n_embd": 14,
  "n_head": 6,
  "n_layer": 1,
  "seed": 330966587,
  "weight_decay": 0.0013054842787666849
}