{
  "batch_size": 69.96052503483816,
  "beta_1": 0.9859360988441687,
  "beta_2": 0.2266205808639745,
  "block_size": 243.35398496277764,
  "dropout": 0.21132716084410352,
  "epsilon": 0.0005653331173964028,
  "lr": 0.07731859901301466,
  "n_embd": 5.60445089267442,
  "n_head": 3.163192229763527,
  "n_layer": 3.155087763359982,
  "seed": 960333542.6012455,
  "weight_decay": 0.0010353494647238055
}