{
  "batch_size": 73.96380256878001,
  "beta_1": 0.9180609985251295,
  "beta_2": 0.36000065221437894,
  "block_size": 245.37346787838695,
  "dropout": 0.35165387258799685,
  "epsilon": 0.000975890484609095,
  "lr": 0.09143836747990904,
  "n_embd": 36.4394639414345,
  "n_head": 2.018557902040314,
  "n_layer": 3.1134078252002104,
  "seed": 68437674.0094959,
  "weight_decay": 0.006863395845416432
}