{
  "batch_size": 17,
  "beta_1": 0.4534615695304418,
  "beta_2": 0.4789634035833886,
  "block_size": 109,
  "dropout": 0.14212519051838593,
  "epsilon": 1.2716229845664288e-10,
  "lr": 0.012149389474016592,
  "n_embd": 19,
  "n_head": 4,
  "n_layer": 4,
  "seed": 1114440447,
  "weight_decay": 8.736506674645775e-08
}