{
  "batch_size": 52,
  "beta_1": 0.6353352480506274,
  "beta_2": 0.44574711587924076,
  "block_size": 336,
  "dropout": 0.10904332771659152,
  "epsilon": 2.9243907824136967e-10,
  "lr": 0.04482130828923099,
  "n_embd": 38,
  "n_head": 6,
  "n_layer": 3,
  "seed": 813536776,
  "weight_decay": 0.0009324065369384786
}