{
  "batch_size": 65.98919858886383,
  "beta_1": 0.48020965659590586,
  "beta_2": 0.901463907564936,
  "block_size": 212.7865297152904,
  "dropout": 0.48430392440580905,
  "epsilon": 0.0008326910037423635,
  "lr": 0.00037090846245640746,
  "n_embd": 24.852738422420018,
  "n_head": 4.790952885114076,
  "n_layer": 4.729099316371686,
  "seed": 702307008.7936012,
  "weight_decay": 0.003956932944706309
}