{
  "batch_size": 20,
  "beta_1": 0.7304620252757195,
  "beta_2": 0.7440567540840454,
  "block_size": 154,
  "dropout": 0.3240508908423448,
  "epsilon": 7.460611368e-07,
  "lr": 0.0003716307830645,
  "n_embd": 22,
  "n_head": 3,
  "n_layer": 4,
  "seed": 2007541657.6105967,
  "weight_decay": 0.0011225662096035
}