{
  "batch_size": 20.010935029367946,
  "beta_1": 0.8826691527732251,
  "beta_2": 0.8511693021502951,
  "block_size": 278.3286759017943,
  "dropout": 0.4248950717953841,
  "epsilon": 1.9118587918583756e-05,
  "lr": 0.01768173757082194,
  "n_embd": 52.9275520468785,
  "n_head": 5.002384227171446,
  "n_layer": 1.9808823445962234,
  "seed": 1880742619.5282526,
  "weight_decay": 0.0047290803917948735
}