{
  "batch_size": 37.932977344170254,
  "beta_1": 0.7754470258051401,
  "beta_2": 0.1192138181648842,
  "block_size": 301.91357354546955,
  "dropout": 0.150340685253452,
  "epsilon": 0.0008473961080059018,
  "lr": 0.02339024433373777,
  "n_embd": 38.3037152577268,
  "n_head": 2.9049754714866562,
  "n_layer": 6.280674758856298,
  "seed": 272014418.27814,
  "weight_decay": 0.006541168435743954
}