{
  "batch_size": 89,
  "beta_1": 0.531863635905622,
  "beta_2": 0.3192553047553613,
  "block_size": 380,
  "dropout": 0.18174440958085547,
  "epsilon": 4.417234928952603e-06,
  "lr": 0.0004976172482296885,
  "n_embd": 19,
  "n_head": 2,
  "n_layer": 6,
  "seed": 534297173,
  "weight_decay": 2.414820374276491e-06
}