{
  "batch_size": 25.19178701995746,
  "beta_1": 0.7706329338046733,
  "beta_2": 0.5923780914676636,
  "block_size": 340.2039116414819,
  "dropout": 0.4776957341980357,
  "epsilon": 0.0002538128792720583,
  "lr": 0.06453238836772461,
  "n_embd": 4.217651291579008,
  "n_head": 6.544660066343917,
  "n_layer": 3.0554237444736727,
  "seed": 925701042.437232,
  "weight_decay": 5.497049374045317e-05
}