{
  "batch_size": 26,
  "beta_1": 0.2871128328684722,
  "beta_2": 0.8915072012828816,
  "block_size": 156,
  "dropout": 0.1086016864596516,
  "epsilon": 1.04577e-10,
  "lr": 1.66105970588e-05,
  "n_embd": 27,
  "n_head": 5,
  "n_layer": 6,
  "seed": 589584833.5359151,
  "weight_decay": 2.25595188493e-05
}