{
  "batch_size": 85.26459869840535,
  "beta_1": 0.36422799036460707,
  "beta_2": 0.9736598178722121,
  "block_size": 237.1623089242896,
  "dropout": 0.17129132281532028,
  "epsilon": 0.000540824616069511,
  "lr": 0.057559685368222,
  "n_embd": 36.94406983195651,
  "n_head": 3.826625254941705,
  "n_layer": 5.941503480747195,
  "seed": 1686921701.1265635,
  "weight_decay": 0.0019780541011234485
}