{
  "batch_size": 41.61532077883354,
  "beta_1": 0.9808893774849999,
  "beta_2": 0.7600261953380312,
  "block_size": 264.1328696577958,
  "dropout": 0.3689752584761674,
  "epsilon": 7.730003995463289e-05,
  "lr": 0.011184503836267606,
  "n_embd": 44.17043461109159,
  "n_head": 6.858917667827202,
  "n_layer": 6.867586787884791,
  "seed": 766229725.719325,
  "weight_decay": 0.002603215126426904
}