{
  "batch_size": 27,
  "beta_1": 0.10116497653289058,
  "beta_2": 0.6830964152849103,
  "block_size": 253,
  "dropout": 0.4264964228782395,
  "epsilon": 0.0005832023336463908,
  "lr": 0.0909435002010865,
  "n_embd": 24,
  "n_head": 6,
  "n_layer": 6,
  "seed": 239190327,
  "weight_decay": 4.3715617191654355e-07
}