{
  "batch_size": 72.98239117082937,
  "beta_1": 0.6300902863440851,
  "beta_2": 0.2713155009174907,
  "block_size": 113.79801567526951,
  "dropout": 0.2783629156537303,
  "epsilon": 9.300088328063354e-05,
  "lr": 0.025374626373669093,
  "n_embd": 53.264211766992915,
  "n_head": 5.5758950553336435,
  "n_layer": 3.2382480165607053,
  "seed": 1381993440.4720616,
  "weight_decay": 0.006271148947499675
}