{
  "batch_size": 68,
  "beta_1": 0.41604739930020673,
  "beta_2": 0.5686939152074442,
  "block_size": 252,
  "dropout": 0.42934992448129883,
  "epsilon": 3.1555075107921702e-06,
  "lr": 0.00019251092290938684,
  "n_embd": 37,
  "n_head": 6,
  "n_layer": 3,
  "seed": 1859794695,
  "weight_decay": 0.003391345325170004
}