{
  "batch_size": 44.2323502800388,
  "beta_1": 0.2904443772182499,
  "beta_2": 0.19452792542282205,
  "block_size": 137.19169661052626,
  "dropout": 0.18680614019477756,
  "epsilon": 2.664815824847611e-05,
  "lr": 0.014342069685080052,
  "n_embd": 38.330676975376946,
  "n_head": 1.3596666667902493,
  "n_layer": 3.8278773789177647,
  "seed": 1404920610.039891,
  "weight_decay": 0.008720465047202901
}