{
  "batch_size": 70,
  "beta_1": 0.8038970931106092,
  "beta_2": 0.2728714535382338,
  "block_size": 120,
  "dropout": 0.3666168458951962,
  "epsilon": 2.4015663432e-06,
  "lr": 0.00151270167605,
  "n_embd": 45,
  "n_head": 4,
  "n_layer": 1,
  "seed": 1172493777.9404218,
  "weight_decay": 2.480830957e-07
}