{
  "batch_size": 35,
  "beta_1": 0.7853908333218572,
  "beta_2": 0.7285118481876625,
  "block_size": 81,
  "dropout": 0.3335365685275873,
  "epsilon": 8.34916663821e-05,
  "lr": 0.0002737003815227,
  "n_embd": 36,
  "n_head": 6,
  "n_layer": 3,
  "seed": 406063434.9499418,
  "weight_decay": 0.0015081040213711
}