{
  "batch_size": 81,
  "beta_1": 0.384846109610531,
  "beta_2": 0.34889116469351855,
  "block_size": 154,
  "dropout": 0.3232999323053969,
  "epsilon": 1.6125302934110586e-10,
  "lr": 1.448597047556263e-06,
  "n_embd": 42,
  "n_head": 6,
  "n_layer": 5,
  "seed": 124479989,
  "weight_decay": 2.1054118492005154e-05
}