{
  "batch_size": 57,
  "beta_1": 0.5309182620986387,
  "beta_2": 0.7974917120951457,
  "block_size": 64,
  "dropout": 0.2174932955703399,
  "epsilon": 3.8967713956223336e-09,
  "lr": 5.614599489848671e-06,
  "n_embd": 20,
  "n_head": 6,
  "n_layer": 6,
  "seed": 637013491,
  "weight_decay": 3.0125870562876284e-05
}