{
  "batch_size": 63,
  "beta_1": 0.1065243101097818,
  "beta_2": 0.1397966541794532,
  "block_size": 187,
  "dropout": 0.1571157113846238,
  "epsilon": 3.87793691e-08,
  "lr": 7.01091685785e-05,
  "n_embd": 42,
  "n_head": 3,
  "n_layer": 1,
  "seed": 1338178248.030899,
  "weight_decay": 0.004214023450093
}