{
  "batch_size": 27,
  "beta_1": 0.4523004487048023,
  "beta_2": 0.1831777902738892,
  "block_size": 257,
  "dropout": 0.4440207470381765,
  "epsilon": 8.609871481e-07,
  "lr": 0.0413532499938899,
  "n_embd": 31,
  "n_head": 4,
  "n_layer": 3,
  "seed": 1351289401.3405406,
  "weight_decay": 0.0080911909727422
}