{
  "batch_size": 38,
  "beta_1": 0.9203620002908968,
  "beta_2": 0.6355200305864807,
  "block_size": 174,
  "dropout": 0.4008690489737976,
  "epsilon": 5.7928101749659376e-05,
  "lr": 0.00793304658176927,
  "n_embd": 31,
  "n_head": 1,
  "n_layer": 6,
  "seed": 212653310,
  "weight_decay": 8.472635791198602e-07
}