{
  "batch_size": 27,
  "beta_1": 0.2373360915926849,
  "beta_2": 0.7940168157920491,
  "block_size": 268,
  "dropout": 0.4290948197330692,
  "epsilon": 0.0002581046884853102,
  "lr": 0.0023739427262514487,
  "n_embd": 11,
  "n_head": 4,
  "n_layer": 2,
  "seed": 1299592634,
  "weight_decay": 0.0006471150953905278
}