{
  "batch_size": 62,
  "beta_1": 0.6398114328198033,
  "beta_2": 0.9001235322728142,
  "block_size": 134,
  "dropout": 0.4640111601897116,
  "epsilon": 5.8350507e-09,
  "lr": 0.0040328989123957,
  "n_embd": 52,
  "n_head": 3,
  "n_layer": 5,
  "seed": 691482119.2267848,
  "weight_decay": 6.6177224842e-06
}