{
  "batch_size": 44,
  "beta_1": 0.7542105526441574,
  "beta_2": 0.8402524233364277,
  "block_size": 315,
  "dropout": 0.3045044344133866,
  "epsilon": 7.577229e-10,
  "lr": 0.0003257425409135,
  "n_embd": 30,
  "n_head": 4,
  "n_layer": 4,
  "seed": 1073802439.2166452,
  "weight_decay": 0.0006930857340785
}