{
  "batch_size": 66,
  "beta_1": 0.8420306308090313,
  "beta_2": 0.7797764029105408,
  "block_size": 175,
  "dropout": 0.3055441918803693,
  "epsilon": 7.838116919925163e-08,
  "lr": 0.006997589091867793,
  "n_embd": 32,
  "n_head": 5,
  "n_layer": 5,
  "seed": 688291291,
  "weight_decay": 2.7052503480467718e-08
}