{
  "batch_size": 94,
  "beta_1": 0.5808413701861415,
  "beta_2": 0.5939694502106508,
  "block_size": 376,
  "dropout": 0.2034930192486764,
  "epsilon": 1.8301106735e-06,
  "lr": 0.003972035128552,
  "n_embd": 51,
  "n_head": 5,
  "n_layer": 2,
  "seed": 128510429.70712331,
  "weight_decay": 0.0017431882886863
}