{
  "batch_size": 40.8893112308183,
  "beta_1": 0.22321594034861725,
  "beta_2": 0.8449449665421104,
  "block_size": 359.6244916017332,
  "dropout": 0.3337905779758444,
  "epsilon": 0.0007758319873510055,
  "lr": 0.06294472010706158,
  "n_embd": 14.363169873175067,
  "n_head": 2.941597466166165,
  "n_layer": 2.452028512013399,
  "seed": 1201283653.64353,
  "weight_decay": 0.0018725132046023044
}