{
  "batch_size": 21.671650886204716,
  "beta_1": 0.7221015751543008,
  "beta_2": 0.5589764998459326,
  "block_size": 86.03297618805504,
  "dropout": 0.42696878755862044,
  "epsilon": 0.00019942075522988732,
  "lr": 0.07440794425482998,
  "n_embd": 5.704804491201306,
  "n_head": 4.594000407551736,
  "n_layer": 2.5062121196058813,
  "seed": 1338650926.894476,
  "weight_decay": 0.008147936227698304
}