{
  "batch_size": 84,
  "beta_1": 0.11138840669806233,
  "beta_2": 0.7778542305832377,
  "block_size": 297,
  "dropout": 0.30312585975862416,
  "epsilon": 3.8300134974386476e-07,
  "lr": 0.005327674542402602,
  "n_embd": 8,
  "n_head": 5,
  "n_layer": 2,
  "seed": 1805813456,
  "weight_decay": 1.7940511944449552e-06
}