{
  "batch_size": 84.56114805134426,
  "beta_1": 0.30702260844005713,
  "beta_2": 0.29851446189675185,
  "block_size": 266.8762808517996,
  "dropout": 0.27927726505128325,
  "epsilon": 0.0003136312375915177,
  "lr": 0.06814198391850201,
  "n_embd": 29.592347033439765,
  "n_head": 1.5348204077554186,
  "n_layer": 6.278863806343234,
  "seed": 1174510299.3251958,
  "weight_decay": 0.001145542515241318
}