{
  "batch_size": 37.57859770406219,
  "beta_1": 0.15873062975962388,
  "beta_2": 0.2694446198522889,
  "block_size": 144.96938507686212,
  "dropout": 0.16794992985314564,
  "epsilon": 0.00028647309169217515,
  "lr": 0.0540984559461829,
  "n_embd": 42.981272044379985,
  "n_head": 4.64771956169577,
  "n_layer": 4.021500402015638,
  "seed": 1989128452.1721146,
  "weight_decay": 0.0010030004821219996
}