{
  "batch_size": 76,
  "beta_1": 0.5804250670236322,
  "beta_2": 0.793930153901003,
  "block_size": 69,
  "dropout": 0.23146445738436788,
  "epsilon": 2.82420004218734e-09,
  "lr": 0.003317875827352412,
  "n_embd": 45,
  "n_head": 6,
  "n_layer": 6,
  "seed": 1740545992,
  "weight_decay": 2.0224075444384692e-08
}