{
  "batch_size": 30,
  "beta_1": 0.3891752830921976,
  "beta_2": 0.4514807383880427,
  "block_size": 274,
  "dropout": 0.2238331495831788,
  "epsilon": 1.2788517001727092e-09,
  "lr": 1.1858766302082748e-05,
  "n_embd": 0,
  "n_head": 1,
  "n_layer": 2,
  "seed": 646815230,
  "weight_decay": 7.417731342773933e-07
}