{
  "batch_size": 51.52999454482066,
  "beta_1": 0.23966026806248267,
  "beta_2": 0.43884732276141825,
  "block_size": 118.5651536399254,
  "dropout": 0.4345205074030345,
  "epsilon": 0.0006207214700979257,
  "lr": 0.08588293736998208,
  "n_embd": 6.978113473650941,
  "n_head": 1.0586794736078375,
  "n_layer": 4.614877346138972,
  "seed": 604546568.6598842,
  "weight_decay": 0.0055034107052148945
}