{
  "batch_size": 79,
  "beta_1": 0.7636465825577741,
  "beta_2": 0.9099657140043658,
  "block_size": 336,
  "dropout": 0.1930039075182573,
  "epsilon": 0.0001345721894378,
  "lr": 0.0040514641224002,
  "n_embd": 49,
  "n_head": 5,
  "n_layer": 3,
  "seed": 645091557.6294203,
  "weight_decay": 1.1377245739e-06
}