{
  "batch_size": 40.15313682096904,
  "beta_1": 0.24678904443040806,
  "beta_2": 0.5514766863093545,
  "block_size": 70.35073637828819,
  "dropout": 0.41636425761325424,
  "epsilon": 0.0007926055969557832,
  "lr": 0.007788923369367068,
  "n_embd": 40.46757688328849,
  "n_head": 5.974291471443189,
  "n_layer": 6.17658603878654,
  "seed": 1984092679.68342,
  "weight_decay": 0.0018775223314501548
}