{
  "batch_size": 90,
  "beta_1": 0.1761358573610491,
  "beta_2": 0.8398594253458849,
  "block_size": 361,
  "dropout": 0.4042116479228751,
  "epsilon": 6.274258e-10,
  "lr": 2.98952811779e-05,
  "n_embd": 46,
  "n_head": 3,
  "n_layer": 2,
  "seed": 358289915.4529257,
  "weight_decay": 0.0045559928059946
}