{
  "batch_size": 77,
  "beta_1": 0.5418018135663581,
  "beta_2": 0.9108796713874578,
  "block_size": 257,
  "dropout": 0.3168077412923332,
  "epsilon": 8.70591286e-08,
  "lr": 0.0017541059673823,
  "n_embd": 6,
  "n_head": 3,
  "n_layer": 1,
  "seed": 1372945310.0577712,
  "weight_decay": 0.0075932479112372
}