{
  "batch_size": 36.51428793293444,
  "beta_1": 0.8448989355244128,
  "beta_2": 0.6969879288074415,
  "block_size": 84.14865503924236,
  "dropout": 0.3958153499096351,
  "epsilon": 0.0008676060567248212,
  "lr": 0.061475049639876024,
  "n_embd": 36.198742827742166,
  "n_head": 5.0916363472402235,
  "n_layer": 3.012520514985795,
  "seed": 975784850.8150914,
  "weight_decay": 0.0029382644295491115
}