{
  "batch_size": 35,
  "beta_1": 0.958449481198469,
  "beta_2": 0.4215640247159579,
  "block_size": 107,
  "dropout": 0.1455457818733688,
  "epsilon": 1.414848931e-06,
  "lr": 3.416878012e-06,
  "n_embd": 37,
  "n_head": 6,
  "n_layer": 5,
  "seed": 1063476208.7803084,
  "weight_decay": 9.40074497e-08
}