{
  "batch_size": 93,
  "beta_1": 0.5633723736268504,
  "beta_2": 0.7684300501732684,
  "block_size": 360,
  "dropout": 0.23207633552075518,
  "epsilon": 5.924680356694554e-06,
  "lr": 1.2447038288569985e-05,
  "n_embd": 22,
  "n_head": 3,
  "n_layer": 3,
  "seed": 1953498158,
  "weight_decay": 2.5575883866634564e-05
}