{
  "batch_size": 77.03765542009205,
  "beta_1": 0.8652309646959059,
  "beta_2": 0.5436493902275701,
  "block_size": 356.6235315977838,
  "dropout": 0.19684545364393002,
  "epsilon": 0.0006108550718828182,
  "lr": 0.08356520129910536,
  "n_embd": 50.506554868174085,
  "n_head": 5.886505686259082,
  "n_layer": 2.1890824364698283,
  "seed": 1681842946.5506103,
  "weight_decay": 0.009373531023276717
}