{
  "batch_size": 91,
  "beta_1": 0.3973960659447428,
  "beta_2": 0.2080143848398043,
  "block_size": 367,
  "dropout": 0.1440353981760018,
  "epsilon": 5.2158224e-09,
  "lr": 0.0010848964784424,
  "n_embd": 28,
  "n_head": 6,
  "n_layer": 3,
  "seed": 672125688.6712462,
  "weight_decay": 4.48542473e-08
}