{
  "batch_size": 38,
  "beta_1": 0.1873081713944946,
  "beta_2": 0.112920775708502,
  "block_size": 68,
  "dropout": 0.1101821886744594,
  "epsilon": 2.008584285e-07,
  "lr": 2.21066269636e-05,
  "n_embd": 24,
  "n_head": 6,
  "n_layer": 1,
  "seed": 1883199909.734253,
  "weight_decay": 3.189304575e-07
}