{
  "batch_size": 43,
  "beta_1": 0.6162724020167095,
  "beta_2": 0.1908958111734916,
  "block_size": 65,
  "dropout": 0.279495802898687,
  "epsilon": 1.2782932e-09,
  "lr": 4.4512044988e-06,
  "n_embd": 11,
  "n_head": 6,
  "n_layer": 1,
  "seed": 612467185.0056032,
  "weight_decay": 2.06221041e-08
}