{
  "batch_size": 18,
  "beta_1": 0.5201895378193404,
  "beta_2": 0.2356613640262827,
  "block_size": 199,
  "dropout": 0.4639401492037456,
  "epsilon": 1.7202154963426435e-05,
  "lr": 0.01960929224405601,
  "n_embd": 4,
  "n_head": 5,
  "n_layer": 4,
  "seed": 214555738,
  "weight_decay": 9.078214146862348e-05
}