{
  "batch_size": 31.292497808196735,
  "beta_1": 0.9156805031505894,
  "beta_2": 0.5480484183906492,
  "block_size": 301.8956082511162,
  "dropout": 0.2868690410064464,
  "epsilon": 0.0006888928860007738,
  "lr": 0.047885814786444374,
  "n_embd": 21.947261991395784,
  "n_head": 1.5635860132785162,
  "n_layer": 4.9175092248326155,
  "seed": 753734604.2639306,
  "weight_decay": 0.003778601655553896
}