{
  "batch_size": 77.44236089095348,
  "beta_1": 0.9742125167945342,
  "beta_2": 0.9158837747844424,
  "block_size": 340.4000224703102,
  "dropout": 0.1408901940087481,
  "epsilon": 0.0005042956004325,
  "lr": 0.05843482652982164,
  "n_embd": 28.520587915146862,
  "n_head": 6.498078297913789,
  "n_layer": 5.674776337786622,
  "seed": 624703736.56135,
  "weight_decay": 0.00027961938363580264
}