{
  "batch_size": 20.543587916812868,
  "beta_1": 0.20927582300977315,
  "beta_2": 0.9740049480508667,
  "block_size": 302.89762637376106,
  "dropout": 0.44678310355955886,
  "epsilon": 0.0005756402838330823,
  "lr": 0.08796471128448216,
  "n_embd": 50.44632555009106,
  "n_head": 2.819371439319536,
  "n_layer": 3.0884218621279937,
  "seed": 1860285783.0850549,
  "weight_decay": 0.0021365995837218173
}