{
  "batch_size": 86,
  "beta_1": 0.37155635316682323,
  "beta_2": 0.8182449705001876,
  "block_size": 81,
  "dropout": 0.34477551820283203,
  "epsilon": 8.169058822084738e-07,
  "lr": 1.843813649990853e-05,
  "n_embd": 42,
  "n_head": 1,
  "n_layer": 3,
  "seed": 962596098,
  "weight_decay": 0.00020344588710210408
}