{
  "batch_size": 62.79241579237177,
  "beta_1": 0.6335976501693275,
  "beta_2": 0.11059516422592451,
  "block_size": 162.14389030042392,
  "dropout": 0.11215719799566588,
  "epsilon": 3.8267575396464794e-05,
  "lr": 0.03269540580664126,
  "n_embd": 25.86080011727182,
  "n_head": 3.8677270292590906,
  "n_layer": 5.153834097772196,
  "seed": 1212541789.1013627,
  "weight_decay": 0.005904089035667841
}