{
  "batch_size": 55,
  "beta_1": 0.9175824159131816,
  "beta_2": 0.6881520436425519,
  "block_size": 105,
  "dropout": 0.11331419336170506,
  "epsilon": 0.00029494730062390624,
  "lr": 0.0563984437326134,
  "n_embd": 35,
  "n_head": 1,
  "n_layer": 5,
  "seed": 1654443853,
  "weight_decay": 4.490213356579562e-05
}