{
  "batch_size": 74,
  "beta_1": 0.3069938005500076,
  "beta_2": 0.5619033054221446,
  "block_size": 214,
  "dropout": 0.23309171252175576,
  "epsilon": 0.0008361536694807119,
  "lr": 3.74011146424354e-05,
  "n_embd": 31,
  "n_head": 1,
  "n_layer": 4,
  "seed": 1835699593,
  "weight_decay": 1.090660079982008e-08
}