{
  "batch_size": 28.666441558773236,
  "beta_1": 0.4360064451017087,
  "beta_2": 0.9623402388841235,
  "block_size": 163.40772950948707,
  "dropout": 0.3351199791087579,
  "epsilon": 0.0005092389032414727,
  "lr": 0.03015354745465357,
  "n_embd": 43.28619863778991,
  "n_head": 4.911559302929328,
  "n_layer": 6.503945414308771,
  "seed": 996731370.73615,
  "weight_decay": 0.0006402106661568072
}