{
  "batch_size": 90,
  "beta_1": 0.633322016123155,
  "beta_2": 0.8642713750244324,
  "block_size": 225,
  "dropout": 0.35085675788774806,
  "epsilon": 2.8491766542539094e-10,
  "lr": 0.00965973886928619,
  "n_embd": 1,
  "n_head": 5,
  "n_layer": 1,
  "seed": 107313003,
  "weight_decay": 1.9034952071178047e-05
}