{
  "batch_size": 62.261040466024845,
  "beta_1": 0.3485931416544815,
  "beta_2": 0.7948939783654235,
  "block_size": 195.18444765775794,
  "dropout": 0.18030591549082794,
  "epsilon": 0.0005755759966599161,
  "lr": 0.055035803605987296,
  "n_embd": 32.4036920878658,
  "n_head": 1.5668397727221586,
  "n_layer": 4.373416721071846,
  "seed": 508917908.2873892,
  "weight_decay": 0.009508743089685174
}