{
  "batch_size": 76,
  "beta_1": 0.8581725224734105,
  "beta_2": 0.2379225308080925,
  "block_size": 170,
  "dropout": 0.3732170390862772,
  "epsilon": 1.01103828e-07,
  "lr": 0.000261655183779,
  "n_embd": 49,
  "n_head": 5,
  "n_layer": 2,
  "seed": 970154231.0918151,
  "weight_decay": 8.3797893799e-06
}