{
  "batch_size": 82,
  "beta_1": 0.1366311368996307,
  "beta_2": 0.4382374939286857,
  "block_size": 343,
  "dropout": 0.2188926480383266,
  "epsilon": 0.0005114181589577,
  "lr": 0.000417425164709,
  "n_embd": 25,
  "n_head": 2,
  "n_layer": 6,
  "seed": 1094190797.3135068,
  "weight_decay": 1.4660082815e-06
}