{
  "batch_size": 72,
  "beta_1": 0.6719500299847214,
  "beta_2": 0.44003617754532176,
  "block_size": 219,
  "dropout": 0.2231791287685247,
  "epsilon": 8.50679831120593e-10,
  "lr": 0.010830902439533949,
  "n_embd": 21,
  "n_head": 5,
  "n_layer": 5,
  "seed": 384335604,
  "weight_decay": 4.2198329595769654e-05
}