{
  "batch_size": 44,
  "beta_1": 0.7159548346799969,
  "beta_2": 0.2084228380959076,
  "block_size": 366,
  "dropout": 0.441794757401798,
  "epsilon": 0.0002272148178336,
  "lr": 0.00080533464331,
  "n_embd": 42,
  "n_head": 2,
  "n_layer": 1,
  "seed": 1662104027.209658,
  "weight_decay": 4.06829795279e-05
}