{
  "batch_size": 53,
  "beta_1": 0.1211058646415436,
  "beta_2": 0.1625604204111443,
  "block_size": 380,
  "dropout": 0.3164331916333068,
  "epsilon": 5.997081536e-07,
  "lr": 0.0005360462136438,
  "n_embd": 18,
  "n_head": 6,
  "n_layer": 5,
  "seed": 797669655.475202,
  "weight_decay": 1.4830741044e-06
}