{
  "batch_size": 77,
  "beta_1": 0.7325139520407824,
  "beta_2": 0.7955890645814937,
  "block_size": 356,
  "dropout": 0.4777395467264868,
  "epsilon": 5.013177e-10,
  "lr": 3.80918903833e-05,
  "n_embd": 22,
  "n_head": 4,
  "n_layer": 1,
  "seed": 1289737309.136921,
  "weight_decay": 4.42050313934e-05
}