{
  "batch_size": 46,
  "beta_1": 0.5237097841677061,
  "beta_2": 0.5693972731294324,
  "block_size": 310,
  "dropout": 0.19673018909106596,
  "epsilon": 4.953526303055292e-09,
  "lr": 0.00017364085127510097,
  "n_embd": 48,
  "n_head": 5,
  "n_layer": 2,
  "seed": 2096027460,
  "weight_decay": 5.627590617073015e-06
}