{
  "batch_size": 96,
  "beta_1": 0.1265323890766012,
  "beta_2": 0.486085277196515,
  "block_size": 174,
  "dropout": 0.1638360633037247,
  "epsilon": 2.373155065e-07,
  "lr": 0.001140279105012,
  "n_embd": 30,
  "n_head": 1,
  "n_layer": 4,
  "seed": 1308560381.474663,
  "weight_decay": 5.46064824944e-05
}