{
  "batch_size": 63,
  "beta_1": 0.959587784244002,
  "beta_2": 0.3318404019288501,
  "block_size": 204,
  "dropout": 0.2576129688180233,
  "epsilon": 1.5360660308990842e-06,
  "lr": 0.0023012000546020015,
  "n_embd": 36,
  "n_head": 4,
  "n_layer": 1,
  "seed": 2009107704,
  "weight_decay": 4.791257366293103e-06
}