{
  "batch_size": 50.95457615021773,
  "beta_1": 0.37922552100167317,
  "beta_2": 0.9141188750712516,
  "block_size": 307.12505887289524,
  "dropout": 0.43313326581482403,
  "epsilon": 0.0005800135504484611,
  "lr": 0.03824974899501721,
  "n_embd": 12.916980784320021,
  "n_head": 1.4232304735620607,
  "n_layer": 6.227334864093103,
  "seed": 1381649471.2946792,
  "weight_decay": 0.00029737236947377244
}