{
  "batch_size": 21.014477159412806,
  "beta_1": 0.5657387563705734,
  "beta_2": 0.7439491730838937,
  "block_size": 184.10612145151876,
  "dropout": 0.10283460848610684,
  "epsilon": 4.905758536930721e-05,
  "lr": 0.05802367869138033,
  "n_embd": 5.195053969185558,
  "n_head": 1.7772780898126295,
  "n_layer": 2.830728094484714,
  "seed": 1611673658.1246161,
  "weight_decay": 0.009643661947147712
}