{
  "batch_size": 57,
  "beta_1": 0.6996804142278046,
  "beta_2": 0.4693709032467468,
  "block_size": 367,
  "dropout": 0.3993082464816655,
  "epsilon": 1.64410204e-07,
  "lr": 0.0050667030852541,
  "n_embd": 0,
  "n_head": 5,
  "n_layer": 4,
  "seed": 1798994289.0909054,
  "weight_decay": 3.55786808454e-05
}