{
  "batch_size": 57,
  "beta_1": 0.5925482465833208,
  "beta_2": 0.4635749369109701,
  "block_size": 93,
  "dropout": 0.2092993749864985,
  "epsilon": 0.000159306964405,
  "lr": 0.0013357555983729,
  "n_embd": 27,
  "n_head": 2,
  "n_layer": 2,
  "seed": 1203329020.4735801,
  "weight_decay": 0.0017277501027857
}