{
  "batch_size": 45,
  "beta_1": 0.4429659919491651,
  "beta_2": 0.1988198138094978,
  "block_size": 109,
  "dropout": 0.4483263342074204,
  "epsilon": 4.8614355973e-05,
  "lr": 0.0031546160740834,
  "n_embd": 53,
  "n_head": 5,
  "n_layer": 2,
  "seed": 825304538.3834808,
  "weight_decay": 6.48323281e-08
}