{
  "batch_size": 42.31293919468669,
  "beta_1": 0.31749344432986676,
  "beta_2": 0.5748649601570524,
  "block_size": 307.85346611253067,
  "dropout": 0.3607843094429075,
  "epsilon": 7.249630714577277e-05,
  "lr": 0.016001187874630566,
  "n_embd": 37.08560082700579,
  "n_head": 6.361854958139398,
  "n_layer": 1.3753372032054563,
  "seed": 273919509.32356167,
  "weight_decay": 0.0006894882526370287
}