{
  "batch_size": 45.20055263221296,
  "beta_1": 0.7740913816969959,
  "beta_2": 0.4592935744444403,
  "block_size": 231.13708490466308,
  "dropout": 0.31595435922824266,
  "epsilon": 0.00023939154642368333,
  "lr": 0.052913673055411205,
  "n_embd": 14.269625171779811,
  "n_head": 2.6947579765644676,
  "n_layer": 3.4970589687300087,
  "seed": 1865273115.7387733,
  "weight_decay": 0.007314463481997867
}