{
  "batch_size": 42,
  "beta_1": 0.4725371158415692,
  "beta_2": 0.2893761055570314,
  "block_size": 239,
  "dropout": 0.4158005752314922,
  "epsilon": 6.31026905e-08,
  "lr": 0.0009811077771005,
  "n_embd": 49,
  "n_head": 5,
  "n_layer": 6,
  "seed": 663422450.9212259,
  "weight_decay": 0.0017359301872099
}