{
  "batch_size": 89,
  "beta_1": 0.15461471111275735,
  "beta_2": 0.8850288782037568,
  "block_size": 115,
  "dropout": 0.17387916709703505,
  "epsilon": 1.948069726404116e-08,
  "lr": 0.014444885063029891,
  "n_embd": 45,
  "n_head": 2,
  "n_layer": 1,
  "seed": 325509061,
  "weight_decay": 1.5309780622794903e-07
}