{
  "batch_size": 49,
  "beta_1": 0.3412577906998134,
  "beta_2": 0.1815290560743996,
  "block_size": 267,
  "dropout": 0.1300075576877949,
  "epsilon": 0.0002630587269758,
  "lr": 0.0116771093615086,
  "n_embd": 22,
  "n_head": 6,
  "n_layer": 4,
  "seed": 6472791.972332139,
  "weight_decay": 0.0077350238191022
}