{
  "batch_size": 59.66776150898208,
  "beta_1": 0.8598343486564668,
  "beta_2": 0.5073552990891865,
  "block_size": 371.7321022004333,
  "dropout": 0.41214514171119,
  "epsilon": 0.0007925080208376061,
  "lr": 0.07694133280078679,
  "n_embd": 28.22302167103951,
  "n_head": 5.812009906638183,
  "n_layer": 3.724828143343965,
  "seed": 2083938807.4141486,
  "weight_decay": 0.006523371041199526
}