{
  "batch_size": 92.0334479641406,
  "beta_1": 0.9635125026239245,
  "beta_2": 0.20962487857417006,
  "block_size": 231.24053195100436,
  "dropout": 0.4828040783689952,
  "epsilon": 0.000919463580863336,
  "lr": 0.004513880964501123,
  "n_embd": 6.578971586515071,
  "n_head": 1.912274283767562,
  "n_layer": 5.212628584775466,
  "seed": 379032974.5817974,
  "weight_decay": 0.000318427509350397
}