{
  "batch_size": 70.65738426110455,
  "beta_1": 0.6997204280507041,
  "beta_2": 0.5941463967430441,
  "block_size": 70.76574682032403,
  "dropout": 0.2360236627541534,
  "epsilon": 0.00040870860215719225,
  "lr": 0.07943067837675917,
  "n_embd": 49.14523280443306,
  "n_head": 6.935844839043994,
  "n_layer": 1.6224217084885055,
  "seed": 1486726750.7043993,
  "weight_decay": 0.004681734240465582
}