{
  "batch_size": 72.69735171418883,
  "beta_1": 0.9140863234847244,
  "beta_2": 0.7206750551784367,
  "block_size": 310.48491803417903,
  "dropout": 0.4360700056198358,
  "epsilon": 0.0005629270909662688,
  "lr": 0.08596608082226417,
  "n_embd": 7.81880185292773,
  "n_head": 5.460085583281507,
  "n_layer": 6.783626848706162,
  "seed": 404797351.2283719,
  "weight_decay": 0.00426757538736136
}