{
  "batch_size": 79,
  "beta_1": 0.3485190336452171,
  "beta_2": 0.7221246546033747,
  "block_size": 342,
  "dropout": 0.23700514557733943,
  "epsilon": 2.2282860778750447e-05,
  "lr": 2.8654830080915073e-05,
  "n_embd": 49,
  "n_head": 2,
  "n_layer": 4,
  "seed": 1826583752,
  "weight_decay": 1.4544189730687375e-05
}