{
  "batch_size": 92.71054859958625,
  "beta_1": 0.9721064167194945,
  "beta_2": 0.466175330571467,
  "block_size": 166.40275013544232,
  "dropout": 0.3689398102163802,
  "epsilon": 0.0006469279167310492,
  "lr": 0.08731210318231626,
  "n_embd": 52.04133262711952,
  "n_head": 4.412162556834696,
  "n_layer": 2.319293229632261,
  "seed": 284406270.30164886,
  "weight_decay": 0.008900135551612188
}