{
  "batch_size": 89,
  "beta_1": 0.707096984179817,
  "beta_2": 0.9154791236913126,
  "block_size": 96,
  "dropout": 0.3957129551232224,
  "epsilon": 2.8120248104e-06,
  "lr": 0.0002771171313712,
  "n_embd": 52,
  "n_head": 3,
  "n_layer": 6,
  "seed": 1892724968.3711352,
  "weight_decay": 4.26198910586e-05
}