{
  "batch_size": 85,
  "beta_1": 0.3059427448700146,
  "beta_2": 0.4188055516148096,
  "block_size": 374,
  "dropout": 0.29097034047345227,
  "epsilon": 1.7608292677513083e-07,
  "lr": 0.0003751566161652388,
  "n_embd": 42,
  "n_head": 1,
  "n_layer": 3,
  "seed": 400826042,
  "weight_decay": 6.19725101971472e-06
}