{
  "batch_size": 69,
  "beta_1": 0.3298884703215911,
  "beta_2": 0.5299627994540356,
  "block_size": 121,
  "dropout": 0.38997527795265796,
  "epsilon": 4.467396578287994e-06,
  "lr": 0.0025475010372680274,
  "n_embd": 50,
  "n_head": 5,
  "n_layer": 6,
  "seed": 16616599,
  "weight_decay": 3.841472044207549e-05
}