{
  "batch_size": 22,
  "beta_1": 0.644432769764651,
  "beta_2": 0.9800046225204556,
  "block_size": 271,
  "dropout": 0.2140751585377383,
  "epsilon": 4.6546739e-08,
  "lr": 0.0003121544673994,
  "n_embd": 47,
  "n_head": 3,
  "n_layer": 6,
  "seed": 1370019940.849677,
  "weight_decay": 0.0016728482563435
}