{
  "batch_size": 45.478632806041446,
  "beta_1": 0.6373957055441596,
  "beta_2": 0.514748028052637,
  "block_size": 322.7401718294292,
  "dropout": 0.1450586837995851,
  "epsilon": 0.000696566182129082,
  "lr": 0.06307056467098798,
  "n_embd": 20.59582588435525,
  "n_head": 2.6957909439187504,
  "n_layer": 6.57702169829764,
  "seed": 473056286.2860961,
  "weight_decay": 0.004514630799423771
}