{
  "batch_size": 36.516986389039346,
  "beta_1": 0.8228421822521959,
  "beta_2": 0.6697338216381519,
  "block_size": 129.48117499987364,
  "dropout": 0.16394135403851018,
  "epsilon": 0.0006597649558287425,
  "lr": 0.05861326316346615,
  "n_embd": 8.822929325300656,
  "n_head": 6.9934964780163185,
  "n_layer": 3.4625473402983054,
  "seed": 691716783.4437169,
  "weight_decay": 0.006633528892957232
}