{
  "batch_size": 29,
  "beta_1": 0.6696622478298968,
  "beta_2": 0.5461573896065437,
  "block_size": 313,
  "dropout": 0.1812391310584407,
  "epsilon": 2.5574921287040688e-09,
  "lr": 0.046824039535330236,
  "n_embd": 14,
  "n_head": 1,
  "n_layer": 4,
  "seed": 537893960,
  "weight_decay": 7.840096167171998e-06
}