{
  "batch_size": 49.991562419658024,
  "beta_1": 0.5125677682420792,
  "beta_2": 0.2690182349599519,
  "block_size": 85.20240702901546,
  "dropout": 0.45826981563722413,
  "epsilon": 0.0008348735284658651,
  "lr": 0.040837712225171144,
  "n_embd": 20.264647138245493,
  "n_head": 2.2261058758041337,
  "n_layer": 6.5983507322439285,
  "seed": 598281634.7373662,
  "weight_decay": 0.008948039752152664
}