{
  "batch_size": 93.0087061248497,
  "beta_1": 0.9452856217613204,
  "beta_2": 0.8906133718900316,
  "block_size": 382.44598116223665,
  "dropout": 0.15671376360940173,
  "epsilon": 0.0007665059743885333,
  "lr": 0.04734297175934573,
  "n_embd": 39.40585310312081,
  "n_head": 6.73884668635406,
  "n_layer": 6.976724269514354,
  "seed": 899784848.256657,
  "weight_decay": 0.007847014920506176
}