{
  "batch_size": 85,
  "beta_1": 0.2215033760138781,
  "beta_2": 0.9755727937400618,
  "block_size": 328,
  "dropout": 0.2251656584125685,
  "epsilon": 1.511346759e-07,
  "lr": 0.0006691672937299,
  "n_embd": 51,
  "n_head": 3,
  "n_layer": 4,
  "seed": 1034710970.7354136,
  "weight_decay": 1.37832348e-08
}