{
  "batch_size": 57,
  "beta_1": 0.7225657884592672,
  "beta_2": 0.9256887801287086,
  "block_size": 142,
  "dropout": 0.446192854928672,
  "epsilon": 4.917547e-10,
  "lr": 0.0017674996047152,
  "n_embd": 49,
  "n_head": 3,
  "n_layer": 3,
  "seed": 865964211.7406003,
  "weight_decay": 4.71805087e-08
}