{
  "batch_size": 85.39196888828612,
  "beta_1": 0.9554311054317287,
  "beta_2": 0.41331178713263494,
  "block_size": 179.5956628296271,
  "dropout": 0.48948426220613916,
  "epsilon": 0.0009751725077679111,
  "lr": 0.09914505605154188,
  "n_embd": 49.44390409646693,
  "n_head": 6.820613431968042,
  "n_layer": 1.1457141557811974,
  "seed": 1421775670.8004506,
  "weight_decay": 0.003218913584641992
}