{
  "batch_size": 51,
  "beta_1": 0.9685682435876355,
  "beta_2": 0.5507290543756227,
  "block_size": 289,
  "dropout": 0.46765828311494284,
  "epsilon": 1.2935996264190042e-07,
  "lr": 0.031305314629482044,
  "n_embd": 14,
  "n_head": 5,
  "n_layer": 5,
  "seed": 1768875696,
  "weight_decay": 0.00368037191540756
}