{
  "batch_size": 44,
  "beta_1": 0.1762145351230392,
  "beta_2": 0.644685765243502,
  "block_size": 188,
  "dropout": 0.3114345724152368,
  "epsilon": 0.0002198652155111,
  "lr": 0.0001612173362314,
  "n_embd": 7,
  "n_head": 1,
  "n_layer": 1,
  "seed": 376527613.12171686,
  "weight_decay": 3.3872551601e-06
}