{
  "batch_size": 88.74940081414361,
  "beta_1": 0.3616147395524033,
  "beta_2": 0.23891464758750605,
  "block_size": 198.88671208293212,
  "dropout": 0.1943336369116263,
  "epsilon": 6.239516481408676e-05,
  "lr": 0.08036856724900367,
  "n_embd": 23.62892883239838,
  "n_head": 2.7321922118670074,
  "n_layer": 5.323752912739672,
  "seed": 578097738.9687829,
  "weight_decay": 0.00037132857022040874
}