{
  "batch_size": 62,
  "beta_1": 0.7194589564873161,
  "beta_2": 0.19106716609493646,
  "block_size": 245,
  "dropout": 0.1028500960783576,
  "epsilon": 0.00010465154118056673,
  "lr": 1.1412666270485103e-05,
  "n_embd": 53,
  "n_head": 3,
  "n_layer": 4,
  "seed": 1410512718,
  "weight_decay": 1.3168945519312747e-06
}