{
  "batch_size": 95.01209459639388,
  "beta_1": 0.852349561487984,
  "beta_2": 0.5963817876759827,
  "block_size": 147.61349324107715,
  "dropout": 0.3422291321665809,
  "epsilon": 0.0006375454294177674,
  "lr": 0.08618325778688535,
  "n_embd": 51.163564060502914,
  "n_head": 6.804981755666271,
  "n_layer": 4.752691536474795,
  "seed": 1139677099.892675,
  "weight_decay": 0.005804961626728588
}