{
  "batch_size": 53.90655232378082,
  "beta_1": 0.7806990234351496,
  "beta_2": 0.9037295195565951,
  "block_size": 354.16180342863714,
  "dropout": 0.3768611694382722,
  "epsilon": 0.00048223550713747483,
  "lr": 0.08579403983658661,
  "n_embd": 11.046992415162556,
  "n_head": 3.7736996328068173,
  "n_layer": 6.013325714926622,
  "seed": 1131084853.0195935,
  "weight_decay": 0.009735983123605687
}