{
  "batch_size": 39.80831273233842,
  "beta_1": 0.1874086688705931,
  "beta_2": 0.6288382731725153,
  "block_size": 140.6152731679784,
  "dropout": 0.4993368520190383,
  "epsilon": 0.0009847416116635058,
  "lr": 0.03839960650753256,
  "n_embd": 32.204540771453246,
  "n_head": 3.477380169906283,
  "n_layer": 3.393352360470366,
  "seed": 1681983604.6362157,
  "weight_decay": 0.006637303118247813
}