{
  "batch_size": 48.43094303226015,
  "beta_1": 0.6485966157191437,
  "beta_2": 0.2838582670085689,
  "block_size": 90.2633077964422,
  "dropout": 0.468697625847169,
  "epsilon": 0.00022793265554251125,
  "lr": 0.07637319760412443,
  "n_embd": 30.328274420571404,
  "n_head": 1.7752733655946389,
  "n_layer": 5.64703426954922,
  "seed": 33940045.59363886,
  "weight_decay": 0.0014434303669918261
}