{
  "batch_size": 40.273444809045685,
  "beta_1": 0.478719646425258,
  "beta_2": 0.7418655430391414,
  "block_size": 127.47545536677077,
  "dropout": 0.3689637526991101,
  "epsilon": 4.840511667881654e-05,
  "lr": 0.09388965656845227,
  "n_embd": 6.166017838011598,
  "n_head": 6.486976457865703,
  "n_layer": 5.020618843188592,
  "seed": 220970271.1575929,
  "weight_decay": 0.006849100816666609
}