{
  "batch_size": 54.34791704159091,
  "beta_1": 0.9443544971274427,
  "beta_2": 0.3694106678563811,
  "block_size": 248.20051426628265,
  "dropout": 0.40298974587503833,
  "epsilon": 0.0006466129481057274,
  "lr": 0.057751170267305606,
  "n_embd": 16.899412628739707,
  "n_head": 5.6870158806728535,
  "n_layer": 3.2829845958160453,
  "seed": 1531972668.8859355,
  "weight_decay": 0.00015193777077503082
}