{
  "batch_size": 20.053278676309862,
  "beta_1": 0.7499282079572065,
  "beta_2": 0.22063621783341023,
  "block_size": 171.57017799923176,
  "dropout": 0.15111881163154406,
  "epsilon": 0.00013776890309252578,
  "lr": 0.07066915257649568,
  "n_embd": 5.2174359543814175,
  "n_head": 3.693799778025152,
  "n_layer": 2.862149015124033,
  "seed": 1139657794.0924988,
  "weight_decay": 0.002285512510510424
}