{
  "batch_size": 67,
  "beta_1": 0.5250678037798656,
  "beta_2": 0.8493506064776666,
  "block_size": 113,
  "dropout": 0.19401843786692044,
  "epsilon": 3.172871458098092e-09,
  "lr": 0.00010134785726360273,
  "n_embd": 28,
  "n_head": 3,
  "n_layer": 3,
  "seed": 293653163,
  "weight_decay": 0.00529722390712508
}