{
  "batch_size": 20.107047630151385,
  "beta_1": 0.9874809058575738,
  "beta_2": 0.7699586092793667,
  "block_size": 246.2134764459499,
  "dropout": 0.11880405827024498,
  "epsilon": 0.0003094768375768543,
  "lr": 0.03828281535494855,
  "n_embd": 28.51009178183221,
  "n_head": 6.531534525644977,
  "n_layer": 2.9169041622573832,
  "seed": 478486747.3969048,
  "weight_decay": 0.0044622614186434
}