{
  "batch_size": 68.30807087649978,
  "beta_1": 0.8435025134773275,
  "beta_2": 0.9456985868962865,
  "block_size": 158.53650873880395,
  "dropout": 0.46625841824298675,
  "epsilon": 0.000874095625176532,
  "lr": 0.0529162991439449,
  "n_embd": 27.214664058678146,
  "n_head": 3.590400474738873,
  "n_layer": 1.0051611516285384,
  "seed": 706150296.726623,
  "weight_decay": 0.00931835509509465
}