{
  "batch_size": 44.04743979199759,
  "beta_1": 0.7862492077795222,
  "beta_2": 0.8498727444708299,
  "block_size": 326.647049803358,
  "dropout": 0.2970415677140569,
  "epsilon": 0.0008242700132233421,
  "lr": 0.03155723951483239,
  "n_embd": 5.910188731869866,
  "n_head": 5.6863392467202,
  "n_layer": 2.0420413612277333,
  "seed": 1969655154.168573,
  "weight_decay": 0.0016453876055618493
}