{
  "batch_size": 23.09922511144559,
  "beta_1": 0.5599205974094251,
  "beta_2": 0.9629375190711883,
  "block_size": 65.83326986065426,
  "dropout": 0.2703574007489436,
  "epsilon": 0.00021156947364316247,
  "lr": 0.046950006819506174,
  "n_embd": 45.94055054856614,
  "n_head": 5.261561432062636,
  "n_layer": 3.9505490265404513,
  "seed": 1963692266.5004773,
  "weight_decay": 0.005924442860303438
}