{
  "batch_size": 85,
  "beta_1": 0.11311020775512289,
  "beta_2": 0.2801285813258164,
  "block_size": 158,
  "dropout": 0.1750613139564594,
  "epsilon": 7.3579623322797e-07,
  "lr": 0.00031358390229555927,
  "n_embd": 3,
  "n_head": 2,
  "n_layer": 6,
  "seed": 707984878,
  "weight_decay": 6.985295042840034e-05
}