{
  "batch_size": 29.908709320231413,
  "beta_1": 0.46034195832794056,
  "beta_2": 0.5570388185637696,
  "block_size": 357.6837389123671,
  "dropout": 0.3743382524866208,
  "epsilon": 0.0006614775281706561,
  "lr": 0.013905490944852817,
  "n_embd": 38.028824497082894,
  "n_head": 3.008006395088152,
  "n_layer": 1.683899034805445,
  "seed": 1860273645.7327383,
  "weight_decay": 0.009181821389901567
}