{
  "batch_size": 66,
  "beta_1": 0.6754346641874666,
  "beta_2": 0.6569179935293072,
  "block_size": 309,
  "dropout": 0.3830918849855872,
  "epsilon": 4.1631760171395284e-10,
  "lr": 0.00020074679311188044,
  "n_embd": 36,
  "n_head": 3,
  "n_layer": 3,
  "seed": 1637715223,
  "weight_decay": 4.668485409002615e-08
}