{
  "batch_size": 47.80915097216868,
  "beta_1": 0.9534978037652385,
  "beta_2": 0.5676336656009826,
  "block_size": 287.61082572870083,
  "dropout": 0.1461777444397092,
  "epsilon": 0.0008208673420294405,
  "lr": 0.052953515118237114,
  "n_embd": 32.913938802757556,
  "n_head": 2.2193320250963415,
  "n_layer": 4.635447673186057,
  "seed": 1681875980.0935297,
  "weight_decay": 0.005688707900288086
}