{
  "batch_size": 86.63650708540494,
  "beta_1": 0.25527573886119853,
  "beta_2": 0.5614373252826343,
  "block_size": 123.1565531496961,
  "dropout": 0.44482682734794754,
  "epsilon": 0.0008415595874474882,
  "lr": 0.07392781711705791,
  "n_embd": 10.946018417220492,
  "n_head": 3.4078276342929326,
  "n_layer": 2.4716346147915402,
  "seed": 1798590487.165313,
  "weight_decay": 0.005454042439215193
}