{
  "batch_size": 80.42497479658297,
  "beta_1": 0.441029427324637,
  "beta_2": 0.5172551014803031,
  "block_size": 341.9569624272069,
  "dropout": 0.4575731979066423,
  "epsilon": 0.0008713768868882999,
  "lr": 0.08998365418201637,
  "n_embd": 3.988266085853603,
  "n_head": 2.193396792573929,
  "n_layer": 4.901371716690932,
  "seed": 1856465006.5116453,
  "weight_decay": 0.008732398807013915
}