{
  "batch_size": 69.27338374401816,
  "beta_1": 0.9373291600362355,
  "beta_2": 0.5881232047521299,
  "block_size": 172.25516631494284,
  "dropout": 0.1417812547584549,
  "epsilon": 0.00010171694057025229,
  "lr": 0.02558351669269458,
  "n_embd": 32.73265655221443,
  "n_head": 6.8946844316901155,
  "n_layer": 1.5807836396711754,
  "seed": 1707000702.9168477,
  "weight_decay": 0.0071366454022891036
}