{
  "batch_size": 63.48576174494483,
  "beta_1": 0.6980130330474444,
  "beta_2": 0.4905070595922897,
  "block_size": 300.39784031961136,
  "dropout": 0.39574855372678985,
  "epsilon": 0.000326122183307537,
  "lr": 0.08102281250252408,
  "n_embd": 38.76317020508197,
  "n_head": 2.9714504126090144,
  "n_layer": 4.1316095696394255,
  "seed": 2115115088.1084855,
  "weight_decay": 0.0067471368606394945
}