{
  "batch_size": 92,
  "beta_1": 0.5972526219170671,
  "beta_2": 0.8170395293731113,
  "block_size": 292,
  "dropout": 0.41845788323846034,
  "epsilon": 3.886340112119263e-10,
  "lr": 0.029658095426747553,
  "n_embd": 42,
  "n_head": 6,
  "n_layer": 5,
  "seed": 1990613334,
  "weight_decay": 0.002954748939951691
}