{
  "batch_size": 48.09572737377321,
  "beta_1": 0.27011645735489176,
  "beta_2": 0.8050649885056631,
  "block_size": 361.87323997976335,
  "dropout": 0.43835486667447976,
  "epsilon": 4.9556522727780065e-05,
  "lr": 0.07477142135455288,
  "n_embd": 40.35941975802357,
  "n_head": 6.799411249852335,
  "n_layer": 3.500550496214965,
  "seed": 2006297826.2080407,
  "weight_decay": 0.00276287041661824
}