{
  "batch_size": 41,
  "beta_1": 0.7049194705236065,
  "beta_2": 0.5146987770266875,
  "block_size": 201,
  "dropout": 0.3111335026390224,
  "epsilon": 5.19716658081e-05,
  "lr": 0.0001391698623414,
  "n_embd": 39,
  "n_head": 3,
  "n_layer": 6,
  "seed": 1182748876.4751794,
  "weight_decay": 1.72740476725e-05
}