{
  "batch_size": 16.5062679700723,
  "beta_1": 0.7615347784196047,
  "beta_2": 0.9457442248358464,
  "block_size": 384.3440942315377,
  "dropout": 0.3210977984959257,
  "epsilon": 0.00046631956510893017,
  "lr": 0.03199062278509592,
  "n_embd": 43.83714923612253,
  "n_head": 5.335026183669655,
  "n_layer": 5.232229233444037,
  "seed": 1681851823.9536695,
  "weight_decay": 0.001081511432380674
}