{
  "batch_size": 39,
  "beta_1": 0.17347246165501728,
  "beta_2": 0.21672404060458572,
  "block_size": 225,
  "dropout": 0.2884521425115461,
  "epsilon": 2.467417404652367e-05,
  "lr": 4.73453724206232e-05,
  "n_embd": 13,
  "n_head": 4,
  "n_layer": 4,
  "seed": 897467421,
  "weight_decay": 3.8007720821686256e-08
}