{
  "batch_size": 73.93258220815667,
  "beta_1": 0.9595043784155557,
  "beta_2": 0.7045994422562569,
  "block_size": 147.40659624868212,
  "dropout": 0.15835430401024886,
  "epsilon": 0.00011800939237435934,
  "lr": 0.04000763477962249,
  "n_embd": 4.7601971343165825,
  "n_head": 5.513995635895692,
  "n_layer": 1.0212294943491085,
  "seed": 1817460622.3060925,
  "weight_decay": 0.005861741782369884
}