{
  "batch_size": 29.649333750125383,
  "beta_1": 0.9680672057511429,
  "beta_2": 0.6268889333988353,
  "block_size": 368.72663893487913,
  "dropout": 0.3583379308801411,
  "epsilon": 0.0006135748475946073,
  "lr": 0.015672136712624633,
  "n_embd": 24.773971218247937,
  "n_head": 4.558138234768169,
  "n_layer": 5.946508403440042,
  "seed": 531770373.64392495,
  "weight_decay": 0.00417086918220882
}