{
  "batch_size": 82.66887390171226,
  "beta_1": 0.801506466377347,
  "beta_2": 0.23639405506282204,
  "block_size": 325.07509834299145,
  "dropout": 0.14862414885176467,
  "epsilon": 0.0001737922568216971,
  "lr": 0.013971616088683667,
  "n_embd": 25.502286550718313,
  "n_head": 4.14193753138344,
  "n_layer": 4.30915813445573,
  "seed": 314875578.9201531,
  "weight_decay": 0.007821794178619708
}