{
  "batch_size": 63.53309178104357,
  "beta_1": 0.5541510833006007,
  "beta_2": 0.6295681094677829,
  "block_size": 224.0063886669771,
  "dropout": 0.14879753303250706,
  "epsilon": 4.197972387183191e-05,
  "lr": 0.06825797887544426,
  "n_embd": 15.919689890474926,
  "n_head": 4.9035733589229915,
  "n_layer": 4.367230633627716,
  "seed": 925683707.7318387,
  "weight_decay": 0.0026411501854954633
}