{
  "batch_size": 96,
  "beta_1": 0.2879098296651378,
  "beta_2": 0.9939348364182478,
  "block_size": 299,
  "dropout": 0.2627532392327758,
  "epsilon": 3.63599274e-08,
  "lr": 0.0016165589903658,
  "n_embd": 19,
  "n_head": 6,
  "n_layer": 4,
  "seed": 1053160676.7645789,
  "weight_decay": 0.0029051205037589
}