{
  "batch_size": 76,
  "beta_1": 0.6151243425058283,
  "beta_2": 0.6766375736274263,
  "block_size": 239,
  "dropout": 0.2961585658756316,
  "epsilon": 8.22452028e-07,
  "lr": 0.0090253871261713,
  "n_embd": 45,
  "n_head": 5,
  "n_layer": 5,
  "seed": 1857396571.72015,
  "weight_decay": 2.7417335051e-06
}