{
  "batch_size": 89.31642074759404,
  "beta_1": 0.7764064964177229,
  "beta_2": 0.5756772096203838,
  "block_size": 239.07528359543005,
  "dropout": 0.4471771022378953,
  "epsilon": 0.000543415506838492,
  "lr": 0.038834311547592544,
  "n_embd": 38.17897431583004,
  "n_head": 4.531561623456764,
  "n_layer": 3.054109398302571,
  "seed": 2098285617.3313003,
  "weight_decay": 0.0084484373737583
}