{
  "batch_size": 69.58588003579254,
  "beta_1": 0.8988092718186003,
  "beta_2": 0.8249018256507022,
  "block_size": 298.32975641658743,
  "dropout": 0.2054624159923013,
  "epsilon": 0.0003255540839751615,
  "lr": 0.019215149987819858,
  "n_embd": 43.04617294314716,
  "n_head": 3.4793699358107233,
  "n_layer": 1.7205746694523687,
  "seed": 385336808.14900374,
  "weight_decay": 0.00656521007160942
}