{
  "batch_size": 67,
  "beta_1": 0.7655855967883922,
  "beta_2": 0.8185816196529574,
  "block_size": 186,
  "dropout": 0.3360675250058436,
  "epsilon": 0.0009747858646881328,
  "lr": 0.039395677123157946,
  "n_embd": 27,
  "n_head": 6,
  "n_layer": 5,
  "seed": 1841951765,
  "weight_decay": 1.087574540167048e-06
}