{
  "batch_size": 23.291238753906836,
  "beta_1": 0.8639435841880961,
  "beta_2": 0.67660228289375,
  "block_size": 312.0260744662669,
  "dropout": 0.3453226105603133,
  "epsilon": 0.0006201352001554756,
  "lr": 0.0027318381190784657,
  "n_embd": 37.32701443548409,
  "n_head": 6.912465561471275,
  "n_layer": 2.490497906305688,
  "seed": 371549184.79826593,
  "weight_decay": 0.0056954626965459
}