{
  "batch_size": 63,
  "beta_1": 0.6124571992691104,
  "beta_2": 0.47139072867779286,
  "block_size": 245,
  "dropout": 0.15673099943237637,
  "epsilon": 8.747830437725573e-10,
  "lr": 3.2798585927832406e-06,
  "n_embd": 53,
  "n_head": 3,
  "n_layer": 4,
  "seed": 1410512718,
  "weight_decay": 1.1358176917501422e-06
}