{
  "batch_size": 58,
  "beta_1": 0.588815250906072,
  "beta_2": 0.2626349339689168,
  "block_size": 276,
  "dropout": 0.2968510583773506,
  "epsilon": 3.704761995e-06,
  "lr": 0.0120111452445771,
  "n_embd": 49,
  "n_head": 5,
  "n_layer": 6,
  "seed": 2122793081.4763901,
  "weight_decay": 0.0033905159212647
}