{
  "batch_size": 37.60338871260943,
  "beta_1": 0.4366948347598769,
  "beta_2": 0.5279364072478249,
  "block_size": 67.0860610358287,
  "dropout": 0.4255198601957705,
  "epsilon": 0.0004272414838672635,
  "lr": 0.005400396444726587,
  "n_embd": 17.44315552518522,
  "n_head": 2.6409420872317346,
  "n_layer": 5.2781183684817,
  "seed": 1245436135.5236812,
  "weight_decay": 0.009908943376146182
}