{
  "batch_size": 45,
  "beta_1": 0.34366837385482724,
  "beta_2": 0.12714467334981058,
  "block_size": 283,
  "dropout": 0.18417798919972173,
  "epsilon": 3.2605491730105894e-07,
  "lr": 2.1721688258907824e-05,
  "n_embd": 45,
  "n_head": 2,
  "n_layer": 4,
  "seed": 1439355366,
  "weight_decay": 4.330168275534515e-07
}