{
  "batch_size": 48.18163753383745,
  "beta_1": 0.8598880593829208,
  "beta_2": 0.1401214977603004,
  "block_size": 311.54494629578176,
  "dropout": 0.3135360178361212,
  "epsilon": 6.985105881330886e-05,
  "lr": 0.06280529411262688,
  "n_embd": 2.9105841363097116,
  "n_head": 1.0369102246845194,
  "n_layer": 3.2894157890756466,
  "seed": 1588879926.7081234,
  "weight_decay": 0.0056472868836707595
}