{
  "batch_size": 33,
  "beta_1": 0.2874349213446923,
  "beta_2": 0.8776342602109263,
  "block_size": 213,
  "dropout": 0.366029715092797,
  "epsilon": 2.5126530432155387e-06,
  "lr": 0.00010144172374585756,
  "n_embd": 25,
  "n_head": 1,
  "n_layer": 3,
  "seed": 876727211,
  "weight_decay": 0.00047136343254250255
}