{
  "batch_size": 64.99834762771897,
  "beta_1": 0.39009686749253925,
  "beta_2": 0.4329436558258184,
  "block_size": 331.5397505683544,
  "dropout": 0.1689325702276407,
  "epsilon": 0.0003678922285476167,
  "lr": 0.009159106292271109,
  "n_embd": 45.10763627793389,
  "n_head": 4.704804390675392,
  "n_layer": 5.027350549157476,
  "seed": 1683964924.4056344,
  "weight_decay": 0.008780689044681452
}