{
  "batch_size": 80.63054093567744,
  "beta_1": 0.6648036236231055,
  "beta_2": 0.9783761799988426,
  "block_size": 86.50139792385616,
  "dropout": 0.19656240375102893,
  "epsilon": 0.0008100024001109968,
  "lr": 0.06230969886823509,
  "n_embd": 53.090317356182105,
  "n_head": 5.852685266652291,
  "n_layer": 4.449058734133704,
  "seed": 920319447.9252238,
  "weight_decay": 0.0008656667096382865
}