{
  "batch_size": 70.14019515316488,
  "beta_1": 0.18441402247001457,
  "beta_2": 0.4512570316663097,
  "block_size": 323.45127858585903,
  "dropout": 0.3018925132493513,
  "epsilon": 0.0002965577013096846,
  "lr": 0.05921554088431251,
  "n_embd": 26.02520539447022,
  "n_head": 3.9475970039820494,
  "n_layer": 5.596353779233014,
  "seed": 487068921.3760568,
  "weight_decay": 0.007659295844455754
}