{
  "batch_size": 91.8024999521818,
  "beta_1": 0.9875854800603134,
  "beta_2": 0.25473065872090106,
  "block_size": 194.21163759576288,
  "dropout": 0.32925018160704994,
  "epsilon": 0.0009279339451721153,
  "lr": 0.009147350029965475,
  "n_embd": 43.02390115117095,
  "n_head": 3.9576945343996504,
  "n_layer": 3.54877662398712,
  "seed": 2127246521.5036783,
  "weight_decay": 0.0002608429824981176
}