{
  "batch_size": 31,
  "beta_1": 0.8350507702157108,
  "beta_2": 0.1745421535264346,
  "block_size": 79,
  "dropout": 0.166853543069769,
  "epsilon": 1.0591334e-08,
  "lr": 0.000207370636595,
  "n_embd": 43,
  "n_head": 6,
  "n_layer": 6,
  "seed": 76737172.9588701,
  "weight_decay": 0.0004943634263809
}