{
  "batch_size": 69.0447101144606,
  "beta_1": 0.7421683389643166,
  "beta_2": 0.4642772408437351,
  "block_size": 287.24851313556235,
  "dropout": 0.2798282166634716,
  "epsilon": 0.0007608268955848463,
  "lr": 0.0934774104307631,
  "n_embd": 1.0510235564104473,
  "n_head": 5.693586660409838,
  "n_layer": 2.2316585795314423,
  "seed": 1798471229.2810624,
  "weight_decay": 0.0015088133159622324
}