{
  "batch_size": 71,
  "beta_1": 0.7250944728355032,
  "beta_2": 0.2584403599749598,
  "block_size": 141,
  "dropout": 0.1175134605169863,
  "epsilon": 0.0006841466527198,
  "lr": 0.0013866661948066,
  "n_embd": 35,
  "n_head": 5,
  "n_layer": 3,
  "seed": 1949032271.5356452,
  "weight_decay": 4.05792487e-08
}