{
  "batch_size": 58,
  "beta_1": 0.2385394229110207,
  "beta_2": 0.5389696949711696,
  "block_size": 201,
  "dropout": 0.3092686586849338,
  "epsilon": 1.20039033867634e-09,
  "lr": 0.00012028374811332068,
  "n_embd": 38,
  "n_head": 6,
  "n_layer": 6,
  "seed": 713108275,
  "weight_decay": 5.3841872487516894e-05
}