{
  "batch_size": 79.21488317091718,
  "beta_1": 0.4540033161578253,
  "beta_2": 0.6863142761922264,
  "block_size": 384.90565009692216,
  "dropout": 0.17884875728143648,
  "epsilon": 6.235190764351586e-05,
  "lr": 0.028317162503268524,
  "n_embd": 27.961368508880792,
  "n_head": 5.094045993527667,
  "n_layer": 5.254408344427839,
  "seed": 1250614141.6565976,
  "weight_decay": 0.004406683351788619
}