{
  "batch_size": 78,
  "beta_1": 0.552792510034938,
  "beta_2": 0.2327051248991743,
  "block_size": 72,
  "dropout": 0.1801919151359438,
  "epsilon": 3.24175508904e-05,
  "lr": 0.0004562150551332,
  "n_embd": 6,
  "n_head": 3,
  "n_layer": 5,
  "seed": 489656751.6267093,
  "weight_decay": 0.0028870669606342
}