{
  "batch_size": 42.61072546804324,
  "beta_1": 0.7838499278989748,
  "beta_2": 0.45438181143945233,
  "block_size": 90.58715263975371,
  "dropout": 0.35981879138104944,
  "epsilon": 0.000984696197357881,
  "lr": 0.039071812600206826,
  "n_embd": 3.4001994483027334,
  "n_head": 3.874754826924283,
  "n_layer": 2.1439418306212508,
  "seed": 1404940074.210467,
  "weight_decay": 0.007854892571775806
}