{
  "batch_size": 33.24769390624,
  "beta_1": 0.4467513723780834,
  "beta_2": 0.4027328563884026,
  "block_size": 178.7973407040847,
  "dropout": 0.152227831857344,
  "epsilon": 0.000274843937923439,
  "lr": 0.045354602188219906,
  "n_embd": 4.069627649189552,
  "n_head": 1.850322516648343,
  "n_layer": 2.473986119116103,
  "seed": 1313790706.857375,
  "weight_decay": 0.00472752069817531
}