{
  "batch_size": 50.76931506143696,
  "beta_1": 0.5767975840909659,
  "beta_2": 0.27289936577769847,
  "block_size": 351.49858604036535,
  "dropout": 0.25999510861908437,
  "epsilon": 0.00019084756492738163,
  "lr": 0.05639712744059421,
  "n_embd": 43.21417903679334,
  "n_head": 6.24306599122297,
  "n_layer": 4.871293157057091,
  "seed": 362541940.7161475,
  "weight_decay": 0.0007121875405478929
}