{
  "batch_size": 80.97169638312499,
  "beta_1": 0.46815262781142153,
  "beta_2": 0.5858855326471113,
  "block_size": 316.1429467003037,
  "dropout": 0.2734923880266189,
  "epsilon": 0.0004095599857157864,
  "lr": 0.049300408050442494,
  "n_embd": 17.094733580928292,
  "n_head": 3.568166092856119,
  "n_layer": 6.949295559118715,
  "seed": 638471327.5168444,
  "weight_decay": 0.004514613977967883
}