{
  "batch_size": 26,
  "beta_1": 0.7156375005218203,
  "beta_2": 0.4273098610007448,
  "block_size": 163,
  "dropout": 0.1824841526720288,
  "epsilon": 5.74711253479e-05,
  "lr": 0.0017018918521578,
  "n_embd": 23,
  "n_head": 6,
  "n_layer": 5,
  "seed": 818379542.7550117,
  "weight_decay": 5.493505121e-07
}