{
  "batch_size": 32.69368889632538,
  "beta_1": 0.7261890828260469,
  "beta_2": 0.396137057775771,
  "block_size": 316.1508034026996,
  "dropout": 0.4014945572969858,
  "epsilon": 0.0004405905807557991,
  "lr": 0.08672557019764869,
  "n_embd": 15.025605657995762,
  "n_head": 5.034631526690896,
  "n_layer": 1.6418413014721325,
  "seed": 1103128584.850859,
  "weight_decay": 0.0067166496417968395
}