{
  "batch_size": 45,
  "beta_1": 0.84865425638047,
  "beta_2": 0.7613121654269827,
  "block_size": 126,
  "dropout": 0.10831026777364379,
  "epsilon": 0.000978745190892567,
  "lr": 9.071339455843272e-05,
  "n_embd": 0,
  "n_head": 4,
  "n_layer": 4,
  "seed": 402173774,
  "weight_decay": 7.448610747668509e-08
}