{
  "batch_size": 71.18697769719408,
  "beta_1": 0.44179022758215447,
  "beta_2": 0.1998253245690959,
  "block_size": 254.6552245013069,
  "dropout": 0.27085667290787974,
  "epsilon": 0.0001867319021972139,
  "lr": 0.01406190409080874,
  "n_embd": 26.8829718294731,
  "n_head": 4.848777607585729,
  "n_layer": 4.450598622650144,
  "seed": 415965336.09286064,
  "weight_decay": 0.005537866294515688
}