{
  "batch_size": 74.27330662700436,
  "beta_1": 0.23301698701776255,
  "beta_2": 0.20414324941474737,
  "block_size": 284.2720206637898,
  "dropout": 0.2979469015360424,
  "epsilon": 0.0006123352889918405,
  "lr": 0.04651141278898611,
  "n_embd": 45.86298026456116,
  "n_head": 3.141238463390442,
  "n_layer": 5.238978163272476,
  "seed": 1472152541.6590896,
  "weight_decay": 0.000840441102076406
}