{
  "batch_size": 22.64364301443628,
  "beta_1": 0.8942448978872645,
  "beta_2": 0.5430162289506221,
  "block_size": 380.0259928510573,
  "dropout": 0.26538048914624335,
  "epsilon": 0.0006617214243743575,
  "lr": 0.07477516144372802,
  "n_embd": 17.710407056997468,
  "n_head": 3.8856085960744493,
  "n_layer": 2.0382509128799313,
  "seed": 14599244.90447756,
  "weight_decay": 0.0013336971978165058
}