{
  "batch_size": 47.430970665771085,
  "beta_1": 0.3058113674977657,
  "beta_2": 0.8743991256660908,
  "block_size": 299.7658714561765,
  "dropout": 0.41771500978034026,
  "epsilon": 0.00032288416792582223,
  "lr": 0.04133770612069186,
  "n_embd": 15.865647366343246,
  "n_head": 5.00887570546971,
  "n_layer": 5.453418633038578,
  "seed": 795011258.2043103,
  "weight_decay": 0.005206107417152129
}