{
  "batch_size": 95,
  "beta_1": 0.969078154141541,
  "beta_2": 0.4502676718211212,
  "block_size": 205,
  "dropout": 0.1075259277657502,
  "epsilon": 8.066925e-09,
  "lr": 3.18480240421e-05,
  "n_embd": 9,
  "n_head": 2,
  "n_layer": 1,
  "seed": 772453361.3052394,
  "weight_decay": 1.5161069034e-06
}