{
  "batch_size": 57.36986703678812,
  "beta_1": 0.6541208567596719,
  "beta_2": 0.40189414696602543,
  "block_size": 254.19457777825286,
  "dropout": 0.2227438932491133,
  "epsilon": 0.0003911792094384676,
  "lr": 0.07913694020669657,
  "n_embd": 51.347938566729304,
  "n_head": 3.487520860763706,
  "n_layer": 1.5011578760635924,
  "seed": 1155714640.7637453,
  "weight_decay": 0.008338759059800959
}