{
  "batch_size": 34,
  "beta_1": 0.7560673404206906,
  "beta_2": 0.4165075642632774,
  "block_size": 268,
  "dropout": 0.1138204999468094,
  "epsilon": 1.79320291e-08,
  "lr": 8.29000227191e-05,
  "n_embd": 32,
  "n_head": 1,
  "n_layer": 5,
  "seed": 1649542452.8053591,
  "weight_decay": 5.21155141e-08
}