{
  "batch_size": 17.667933210060276,
  "beta_1": 0.7660129235112173,
  "beta_2": 0.10901670236683454,
  "block_size": 107.57740889933555,
  "dropout": 0.11904045304091562,
  "epsilon": 0.0006893003453953995,
  "lr": 0.00776362095540689,
  "n_embd": 20.42407821841143,
  "n_head": 3.13392560594997,
  "n_layer": 1.9191655235695622,
  "seed": 1531964875.3929272,
  "weight_decay": 0.004420298331414647
}