{
  "batch_size": 48.361580640506034,
  "beta_1": 0.8431592549247237,
  "beta_2": 0.7678038987735053,
  "block_size": 384.9251415843197,
  "dropout": 0.4993939925417359,
  "epsilon": 0.0002567853373149619,
  "lr": 0.0372433709448747,
  "n_embd": 20.645328458015957,
  "n_head": 4.785580129366149,
  "n_layer": 1.4006522060421984,
  "seed": 1755790789.787135,
  "weight_decay": 0.007516447607669187
}