{
  "batch_size": 96.81241920701943,
  "beta_1": 0.711489723992124,
  "beta_2": 0.5187384742235683,
  "block_size": 133.19573637937842,
  "dropout": 0.11945609159175859,
  "epsilon": 0.00044295172523266176,
  "lr": 0.09779501305352024,
  "n_embd": 3.5224856854301114,
  "n_head": 5.509995645810175,
  "n_layer": 5.14042636486562,
  "seed": 1532085186.9412355,
  "weight_decay": 0.008387412076598483
}