{
  "batch_size": 27.835980936662395,
  "beta_1": 0.8735977900774547,
  "beta_2": 0.9205154344154259,
  "block_size": 289.9669292154247,
  "dropout": 0.25128671780033374,
  "epsilon": 0.0006191912525065349,
  "lr": 0.09721922278221809,
  "n_embd": 41.00099549376784,
  "n_head": 5.112266330463482,
  "n_layer": 5.758026412954663,
  "seed": 2097325691.5794694,
  "weight_decay": 0.007561107446645649
}