{
  "batch_size": 67.23907317646939,
  "beta_1": 0.9069510151528223,
  "beta_2": 0.4194178731628292,
  "block_size": 267.942127495076,
  "dropout": 0.20010930160200885,
  "epsilon": 0.0007428675414236281,
  "lr": 0.07197392985667887,
  "n_embd": 52.82152342070522,
  "n_head": 1.2933554072016569,
  "n_layer": 1.5550308408335378,
  "seed": 2054201124.7328444,
  "weight_decay": 0.006030164662947131
}