{
  "batch_size": 38,
  "beta_1": 0.7481912928478485,
  "beta_2": 0.7576414924352569,
  "block_size": 247,
  "dropout": 0.2966656768226416,
  "epsilon": 0.0007540868540834,
  "lr": 0.0183629637160761,
  "n_embd": 24,
  "n_head": 6,
  "n_layer": 2,
  "seed": 689289514.2014774,
  "weight_decay": 6.2219215274e-05
}