{
  "batch_size": 53,
  "beta_1": 0.9535013599278787,
  "beta_2": 0.7967413718166128,
  "block_size": 193,
  "dropout": 0.6144889519463634,
  "epsilon": 1.8894593298912927e-05,
  "lr": 0.0018637481139783152,
  "n_embd": 13,
  "n_head": 5,
  "n_layer": 2,
  "seed": 1699284216,
  "weight_decay": 0.0005007965996677774
}