{
  "batch_size": 20,
  "beta_1": 0.22442145703468835,
  "beta_2": 0.16124689637287629,
  "block_size": 124,
  "dropout": 0.4953232337468071,
  "epsilon": 2.7967888587025325e-07,
  "lr": 0.021573355978708013,
  "n_embd": 53,
  "n_head": 1,
  "n_layer": 6,
  "seed": 1724539890,
  "weight_decay": 0.0017995817517993929
}