{
  "batch_size": 88.77121053675957,
  "beta_1": 0.10708158683797254,
  "beta_2": 0.24563494181074683,
  "block_size": 80.90379910178098,
  "dropout": 0.3267876028745639,
  "epsilon": 0.0007685598476953199,
  "lr": 0.009286953726300416,
  "n_embd": 22.69398218073838,
  "n_head": 5.628575598636647,
  "n_layer": 5.971727483030882,
  "seed": 14886411.315536255,
  "weight_decay": 0.0039777805901747045
}