{
  "batch_size": 35,
  "beta_1": 0.7899691078535828,
  "beta_2": 0.5178959698937428,
  "block_size": 95,
  "dropout": 0.246277776372478,
  "epsilon": 1.152996e-10,
  "lr": 0.0059786846740385,
  "n_embd": 50,
  "n_head": 5,
  "n_layer": 4,
  "seed": 746456315.2144719,
  "weight_decay": 3.2729149996e-06
}