{
  "batch_size": 56.54274431008853,
  "beta_1": 0.7828971674321005,
  "beta_2": 0.5886247731723575,
  "block_size": 278.84246217414614,
  "dropout": 0.47373546523707943,
  "epsilon": 0.0005477277270489738,
  "lr": 0.048177585097072026,
  "n_embd": 21.356132847377594,
  "n_head": 2.021457767388487,
  "n_layer": 5.119531196596751,
  "seed": 1149424254.228242,
  "weight_decay": 0.006624767284316553
}