{
  "batch_size": 93,
  "beta_1": 0.6742393461581686,
  "beta_2": 0.6943901181462852,
  "block_size": 144,
  "dropout": 0.4802759776475011,
  "epsilon": 4.537985459e-07,
  "lr": 0.0016186398405986,
  "n_embd": 26,
  "n_head": 1,
  "n_layer": 5,
  "seed": 851648660.0901469,
  "weight_decay": 3.5223447007e-06
}