{
  "batch_size": 22,
  "beta_1": 0.9547289291572817,
  "beta_2": 0.8674815501978997,
  "block_size": 328,
  "dropout": 0.3171422239578412,
  "epsilon": 1.3197935430661525e-08,
  "lr": 1.6493225329188508e-05,
  "n_embd": 14,
  "n_head": 6,
  "n_layer": 1,
  "seed": 330966587,
  "weight_decay": 4.8294484212096273e-08
}