{
  "batch_size": 53,
  "beta_1": 0.4672639141277266,
  "beta_2": 0.4793234386277906,
  "block_size": 350,
  "dropout": 0.2875425765445747,
  "epsilon": 0.00015005066437831304,
  "lr": 0.005569147612726383,
  "n_embd": 8,
  "n_head": 3,
  "n_layer": 1,
  "seed": 1616000427,
  "weight_decay": 1.78828396207331e-06
}