{
  "batch_size": 21,
  "beta_1": 0.7755385799313809,
  "beta_2": 0.7720534441813978,
  "block_size": 116,
  "dropout": 0.2224032870182615,
  "epsilon": 5.3272204e-09,
  "lr": 0.0027302593269466,
  "n_embd": 9,
  "n_head": 2,
  "n_layer": 2,
  "seed": 86224734.75722535,
  "weight_decay": 1.04246563482e-05
}