{
  "batch_size": 42,
  "beta_1": 0.9140674652972034,
  "beta_2": 0.5918746728955145,
  "block_size": 374,
  "dropout": 0.1379391222912465,
  "epsilon": 0.0001653883094660267,
  "lr": 0.0004012439457787776,
  "n_embd": 42,
  "n_head": 1,
  "n_layer": 3,
  "seed": 400826042,
  "weight_decay": 6.285122029480026e-06
}