{
  "batch_size": 66.73870494923207,
  "beta_1": 0.3104654021174406,
  "beta_2": 0.17879113097392513,
  "block_size": 139.50920474563898,
  "dropout": 0.4435272004822681,
  "epsilon": 0.00020018568478838677,
  "lr": 0.09553068703154446,
  "n_embd": 24.684939532571047,
  "n_head": 6.989065484770691,
  "n_layer": 6.879578898198692,
  "seed": 297661089.2408976,
  "weight_decay": 0.005739552819144762
}