{
  "batch_size": 86,
  "beta_1": 0.5850405824377871,
  "beta_2": 0.6082585497271943,
  "block_size": 377,
  "dropout": 0.31352217572140095,
  "epsilon": 1.2068767010651497e-10,
  "lr": 2.1815386822429675e-05,
  "n_embd": 32,
  "n_head": 6,
  "n_layer": 3,
  "seed": 876261079,
  "weight_decay": 1.1039976870719908e-08
}