{
  "batch_size": 64,
  "beta_1": 0.30545040025109005,
  "beta_2": 0.12155339035292467,
  "block_size": 337,
  "dropout": 0.34336334513125616,
  "epsilon": 8.364637177279189e-09,
  "lr": 0.010538545721886982,
  "n_embd": 31,
  "n_head": 2,
  "n_layer": 6,
  "seed": 363694705,
  "weight_decay": 0.0029845189232467055
}