{
  "batch_size": 83,
  "beta_1": 0.189885792927245,
  "beta_2": 0.11967902778055493,
  "block_size": 66,
  "dropout": 0.13507321941772388,
  "epsilon": 4.214375561315935e-09,
  "lr": 0.00040084586457127806,
  "n_embd": 52,
  "n_head": 4,
  "n_layer": 6,
  "seed": 1800740359,
  "weight_decay": 1.494396777669652e-08
}