{
  "batch_size": 20,
  "beta_1": 0.696697146199162,
  "beta_2": 0.8151916384383291,
  "block_size": 148,
  "dropout": 0.1160990547532207,
  "epsilon": 1.35772188382e-05,
  "lr": 0.0001883104550624,
  "n_embd": 39,
  "n_head": 5,
  "n_layer": 4,
  "seed": 1047823151.3464448,
  "weight_decay": 0.0002748149798426
}