{
  "batch_size": 72.0458746794661,
  "beta_1": 0.92238731300844,
  "beta_2": 0.4972703361909888,
  "block_size": 231.1838046453598,
  "dropout": 0.23299333360492205,
  "epsilon": 0.0009473289795176928,
  "lr": 0.014202028713568605,
  "n_embd": 12.3677156659131,
  "n_head": 6.67459057900022,
  "n_layer": 4.1165719703621635,
  "seed": 1527266556.839497,
  "weight_decay": 0.0023822258375434838
}