{
  "batch_size": 62.25867837062315,
  "beta_1": 0.7801405575732071,
  "beta_2": 0.936177901065321,
  "block_size": 294.9412014718679,
  "dropout": 0.4988804006104607,
  "epsilon": 0.0003575148203111561,
  "lr": 0.02183564033799374,
  "n_embd": 2.547892982917157,
  "n_head": 3.0644799320496774,
  "n_layer": 1.7668037328349246,
  "seed": 1810251023.839605,
  "weight_decay": 0.009697081317115703
}