{
  "batch_size": 82,
  "beta_1": 0.6274119108326375,
  "beta_2": 0.3226975554059894,
  "block_size": 103,
  "dropout": 0.4003678688670028,
  "epsilon": 1.04674793638e-05,
  "lr": 0.0006848948511706,
  "n_embd": 10,
  "n_head": 3,
  "n_layer": 2,
  "seed": 1851638127.0147908,
  "weight_decay": 6.59139047999e-05
}