{
  "batch_size": 73.74925504006788,
  "beta_1": 0.33183914697441086,
  "beta_2": 0.49318716493285897,
  "block_size": 311.5828918630755,
  "dropout": 0.16954064890628345,
  "epsilon": 0.0007383491300300025,
  "lr": 0.030272430858763067,
  "n_embd": 10.84821421513216,
  "n_head": 2.5452626295866767,
  "n_layer": 4.323343829795941,
  "seed": 1758385946.0489664,
  "weight_decay": 0.00369326923724137
}