{
  "batch_size": 79,
  "beta_1": 0.5330232047333909,
  "beta_2": 0.5897424989831773,
  "block_size": 136,
  "dropout": 0.145396750277523,
  "epsilon": 1.9666927464660063e-10,
  "lr": 1.9226809628983373e-06,
  "n_embd": 9,
  "n_head": 3,
  "n_layer": 1,
  "seed": 537272890,
  "weight_decay": 3.5805663300286904e-06
}