{
  "batch_size": 72,
  "beta_1": 0.9524445774849264,
  "beta_2": 0.7820148400890411,
  "block_size": 291,
  "dropout": 0.12246772996927523,
  "epsilon": 1.606236423457155e-05,
  "lr": 0.00011326431999997519,
  "n_embd": 16,
  "n_head": 2,
  "n_layer": 4,
  "seed": 956370117,
  "weight_decay": 9.34290234667061e-08
}