{
  "batch_size": 92,
  "beta_1": 0.4984848405367192,
  "beta_2": 0.8681670274852442,
  "block_size": 101,
  "dropout": 0.1048962593818135,
  "epsilon": 2.686224161e-07,
  "lr": 0.0002455810060112,
  "n_embd": 51,
  "n_head": 3,
  "n_layer": 5,
  "seed": 940183062.1497355,
  "weight_decay": 0.0006855506338854
}