{
  "batch_size": 53,
  "beta_1": 0.6221627361973342,
  "beta_2": 0.7729208947790488,
  "block_size": 299,
  "dropout": 0.2090426096315361,
  "epsilon": 4.751784283e-06,
  "lr": 0.0016686748715798,
  "n_embd": 31,
  "n_head": 3,
  "n_layer": 6,
  "seed": 1144325547.423897,
  "weight_decay": 1.943847357e-07
}