{
  "batch_size": 33.169415320872446,
  "beta_1": 0.5157580519358194,
  "beta_2": 0.11629515714122703,
  "block_size": 219.852755578906,
  "dropout": 0.4241980362687031,
  "epsilon": 0.000467058148229594,
  "lr": 0.059655919867241655,
  "n_embd": 29.162742360717615,
  "n_head": 5.520114406597833,
  "n_layer": 5.876416831271667,
  "seed": 2125255617.8616085,
  "weight_decay": 0.005474455804311475
}