{
  "batch_size": 88,
  "beta_1": 0.2600402366371954,
  "beta_2": 0.390000079075732,
  "block_size": 111,
  "dropout": 0.1265592625620758,
  "epsilon": 2.4176976e-09,
  "lr": 0.0011041328548868,
  "n_embd": 40,
  "n_head": 5,
  "n_layer": 2,
  "seed": 1632743063.8322241,
  "weight_decay": 1.797984944e-07
}