{
  "batch_size": 57.46293751466886,
  "beta_1": 0.33647247818567005,
  "beta_2": 0.24255083085803378,
  "block_size": 337.07097392292513,
  "dropout": 0.431905854455373,
  "epsilon": 0.00019154690008908469,
  "lr": 0.058953423066622726,
  "n_embd": 9.923078177340301,
  "n_head": 5.149875579354283,
  "n_layer": 6.952823964460763,
  "seed": 1042229589.5941836,
  "weight_decay": 0.004582454879664645
}