{
  "batch_size": 68,
  "beta_1": 0.318789777279996,
  "beta_2": 0.3266372028152726,
  "block_size": 104,
  "dropout": 0.4918281308665992,
  "epsilon": 6.0730129771e-06,
  "lr": 0.0835315231248826,
  "n_embd": 41,
  "n_head": 2,
  "n_layer": 2,
  "seed": 572918046.9338642,
  "weight_decay": 1.73501268248e-05
}