{
  "batch_size": 21.655233703139153,
  "beta_1": 0.2674082199715876,
  "beta_2": 0.8628679761772281,
  "block_size": 304.39589635128624,
  "dropout": 0.21121324783666223,
  "epsilon": 0.0006669771939959392,
  "lr": 0.025959244511816137,
  "n_embd": 44.16995963855445,
  "n_head": 3.6014278944146305,
  "n_layer": 1.120703990398178,
  "seed": 141857795.58279443,
  "weight_decay": 0.009360030050832444
}