{
  "batch_size": 82.48554205624556,
  "beta_1": 0.8736684558283593,
  "beta_2": 0.29867697539445526,
  "block_size": 205.91951490531346,
  "dropout": 0.33948415102595564,
  "epsilon": 0.00025102671290203857,
  "lr": 0.03784363705775842,
  "n_embd": 23.68168972244144,
  "n_head": 4.33929314745895,
  "n_layer": 6.804351788350629,
  "seed": 1880849269.5747368,
  "weight_decay": 0.0073980163534965605
}