{
  "batch_size": 85,
  "beta_1": 0.5091390196188571,
  "beta_2": 0.8113260697323738,
  "block_size": 341,
  "dropout": 0.37141540291138,
  "epsilon": 1.3692799415988593e-10,
  "lr": 0.00014106022970179798,
  "n_embd": 31,
  "n_head": 2,
  "n_layer": 4,
  "seed": 1259172369,
  "weight_decay": 9.9982453179111e-05
}