{
  "batch_size": 50,
  "beta_1": 0.4567819941801349,
  "beta_2": 0.6261671931879575,
  "block_size": 176,
  "dropout": 0.43830575317893183,
  "epsilon": 9.820185233800168e-10,
  "lr": 0.0011552583848135594,
  "n_embd": 12,
  "n_head": 3,
  "n_layer": 3,
  "seed": 1811507820,
  "weight_decay": 1.2379566789040014e-05
}