{
  "batch_size": 46,
  "beta_1": 0.3338842494763473,
  "beta_2": 0.13855746796109591,
  "block_size": 257,
  "dropout": 0.24700645576399682,
  "epsilon": 2.700851566410446e-07,
  "lr": 1.262915435608804e-05,
  "n_embd": 23,
  "n_head": 2,
  "n_layer": 5,
  "seed": 1883527043,
  "weight_decay": 0.0005332841637789613
}