{
  "batch_size": 36.43305636879292,
  "beta_1": 0.8198630715878547,
  "beta_2": 0.9487706831007483,
  "block_size": 378.55518260897287,
  "dropout": 0.12554985886356557,
  "epsilon": 0.0006450475788227884,
  "lr": 0.005352225509278668,
  "n_embd": 13.161091019465067,
  "n_head": 5.405022135502242,
  "n_layer": 1.3010527841043396,
  "seed": 1397730897.3493962,
  "weight_decay": 0.0026192165229771795
}