{
  "batch_size": 88,
  "beta_1": 0.28663467471871024,
  "beta_2": 0.9207623234762027,
  "block_size": 196,
  "dropout": 0.2840473942806663,
  "epsilon": 4.136887126175335e-06,
  "lr": 0.0002218610833698037,
  "n_embd": 17,
  "n_head": 2,
  "n_layer": 3,
  "seed": 132180547,
  "weight_decay": 1.0103030553676492e-07
}