{
  "batch_size": 86,
  "beta_1": 0.288696064670407,
  "beta_2": 0.228704316786911,
  "block_size": 330,
  "dropout": 0.4170577931204532,
  "epsilon": 9.62115635960653e-10,
  "lr": 8.674516570056035e-05,
  "n_embd": 3,
  "n_head": 3,
  "n_layer": 1,
  "seed": 586525544,
  "weight_decay": 3.0851833975635935e-08
}