{
  "batch_size": 91,
  "beta_1": 0.127169743844403,
  "beta_2": 0.4555919147300178,
  "block_size": 361,
  "dropout": 0.273550763696232,
  "epsilon": 2.7839747e-09,
  "lr": 0.0021844009732525,
  "n_embd": 28,
  "n_head": 3,
  "n_layer": 2,
  "seed": 1380298915.016552,
  "weight_decay": 2.22568466485e-05
}