{
  "batch_size": 91.34200751422001,
  "beta_1": 0.13491404822937003,
  "beta_2": 0.403513606547814,
  "block_size": 329.9834650238779,
  "dropout": 0.172166008077213,
  "epsilon": 0.0009805193600221202,
  "lr": 0.014175346260095244,
  "n_embd": 23.965230691470403,
  "n_head": 2.7419985320100237,
  "n_layer": 5.754948456607722,
  "seed": 992123094.3968052,
  "weight_decay": 0.001112266080740782
}