{
  "batch_size": 89.53928015349409,
  "beta_1": 0.8178895184689418,
  "beta_2": 0.5629558035129234,
  "block_size": 109.1760527752474,
  "dropout": 0.33972158795770874,
  "epsilon": 0.00036864632122315336,
  "lr": 0.0499643178679135,
  "n_embd": 6.761363071350071,
  "n_head": 3.180215656971366,
  "n_layer": 6.069421439356298,
  "seed": 1031446168.3295242,
  "weight_decay": 0.009182517087005909
}