{
  "batch_size": 91,
  "beta_1": 0.13640839154875517,
  "beta_2": 0.12334408891331078,
  "block_size": 167,
  "dropout": 0.2854176039771108,
  "epsilon": 3.704323972992969e-10,
  "lr": 0.0038221820157360734,
  "n_embd": 46,
  "n_head": 3,
  "n_layer": 1,
  "seed": 443726376,
  "weight_decay": 0.00045304094361950625
}