{
  "batch_size": 78.27785144424448,
  "beta_1": 0.44741499628705383,
  "beta_2": 0.25892665832011064,
  "block_size": 198.77132370836503,
  "dropout": 0.28926958168921313,
  "epsilon": 0.000792968264299687,
  "lr": 0.013350584731945824,
  "n_embd": 11.911230469826053,
  "n_head": 5.962158224323166,
  "n_layer": 4.687023982572425,
  "seed": 510289029.33912724,
  "weight_decay": 0.0011193980309996939
}