{
  "batch_size": 38.94186328706791,
  "beta_1": 0.907626589434345,
  "beta_2": 0.6203551832005781,
  "block_size": 181.14105311991267,
  "dropout": 0.3754400200976987,
  "epsilon": 0.0007089418174042771,
  "lr": 0.005489590041933074,
  "n_embd": 43.14037748352607,
  "n_head": 6.675898112459436,
  "n_layer": 4.409779040608157,
  "seed": 1472986040.000459,
  "weight_decay": 0.0022621080320555822
}