{
  "batch_size": 73,
  "beta_1": 0.4189325430867062,
  "beta_2": 0.2123392624817982,
  "block_size": 302,
  "dropout": 0.1756691384425643,
  "epsilon": 3.953729e-10,
  "lr": 0.0700972203358974,
  "n_embd": 44,
  "n_head": 6,
  "n_layer": 1,
  "seed": 1490814005.2039611,
  "weight_decay": 0.009529032042789
}