{
  "batch_size": 85,
  "beta_1": 0.3646178658593311,
  "beta_2": 0.8983042312074706,
  "block_size": 166,
  "dropout": 0.14661677634884956,
  "epsilon": 3.3066134671693264e-07,
  "lr": 0.09808272168004223,
  "n_embd": 32,
  "n_head": 4,
  "n_layer": 5,
  "seed": 746805996,
  "weight_decay": 0.0020007693281474353
}