{
  "batch_size": 51,
  "beta_1": 0.9035870008856082,
  "beta_2": 0.2129910549579072,
  "block_size": 302,
  "dropout": 0.1507420830193945,
  "epsilon": 0.0007938888659201,
  "lr": 0.0017231298974515,
  "n_embd": 14,
  "n_head": 3,
  "n_layer": 6,
  "seed": 1972534563.0887382,
  "weight_decay": 0.0061233541933918
}