{
  "batch_size": 66.414678100781,
  "beta_1": 0.6724497420834126,
  "beta_2": 0.2826946408465826,
  "block_size": 67.383577922991,
  "dropout": 0.30292470945264516,
  "epsilon": 0.00033556401513126457,
  "lr": 0.06482152867791942,
  "n_embd": 51.57469622680733,
  "n_head": 4.585537744307781,
  "n_layer": 5.395404683111318,
  "seed": 1216090799.4915218,
  "weight_decay": 0.004784314189265889
}