{
  "batch_size": 40.064611816060875,
  "beta_1": 0.5901756201028711,
  "beta_2": 0.5695732080333351,
  "block_size": 256.43837640718755,
  "dropout": 0.4874799917295314,
  "epsilon": 7.265440037481427e-05,
  "lr": 0.04487303227802436,
  "n_embd": 10.216522615487543,
  "n_head": 1.8766164669812904,
  "n_layer": 2.156900920906999,
  "seed": 920300742.858121,
  "weight_decay": 0.007169169387548646
}