{
  "batch_size": 33,
  "beta_1": 0.8820185862867593,
  "beta_2": 0.4879947955901258,
  "block_size": 380,
  "dropout": 0.43783633111957,
  "epsilon": 2.2809909909244057e-07,
  "lr": 0.0037430906005661243,
  "n_embd": 3,
  "n_head": 1,
  "n_layer": 4,
  "seed": 542336253,
  "weight_decay": 1.047607047203892e-08
}