{
  "batch_size": 62.258678376334096,
  "beta_1": 0.7801405575732071,
  "beta_2": 0.936177901065321,
  "block_size": 294.94120147906233,
  "dropout": 0.4988804006104607,
  "epsilon": 0.0003575148203111561,
  "lr": 0.02183564033799374,
  "n_embd": 2.547892983388989,
  "n_head": 3.0644799354904775,
  "n_layer": 1.766803734112931,
  "seed": 1810251023.839605,
  "weight_decay": 0.009697081317115703
}