{
  "batch_size": 78,
  "beta_1": 0.5445439404382257,
  "beta_2": 0.17658887564160503,
  "block_size": 229,
  "dropout": 0.36788951258158176,
  "epsilon": 8.856936908737856e-05,
  "lr": 1.90242471914106e-05,
  "n_embd": 37,
  "n_head": 5,
  "n_layer": 5,
  "seed": 1159504132,
  "weight_decay": 1.295075176849692e-05
}