{
  "batch_size": 42.419775407102584,
  "beta_1": 0.4031285257765653,
  "beta_2": 0.35196563310249784,
  "block_size": 112.55409814784883,
  "dropout": 0.3630290149782698,
  "epsilon": 0.00018006813835668215,
  "lr": 0.05793718927953938,
  "n_embd": 35.586534552250924,
  "n_head": 3.7705601993869147,
  "n_layer": 6.179722694046656,
  "seed": 1038760399.2942476,
  "weight_decay": 0.0014377503686559456
}