{
  "batch_size": 19.239822048457683,
  "beta_1": 0.2491948180386631,
  "beta_2": 0.5849040013507997,
  "block_size": 99.05374465552278,
  "dropout": 0.40432710277335515,
  "epsilon": 0.0009811664233733218,
  "lr": 0.08375302047017577,
  "n_embd": 16.362701407676877,
  "n_head": 4.426068535306392,
  "n_layer": 2.2391544260682785,
  "seed": 1631593935.426877,
  "weight_decay": 0.0006401057728277542
}