{
  "batch_size": 63.57316190706113,
  "beta_1": 0.5440020553570212,
  "beta_2": 0.9839948407987054,
  "block_size": 305.9164804638555,
  "dropout": 0.36571202552192095,
  "epsilon": 0.00021753992419950492,
  "lr": 0.006657450882098275,
  "n_embd": 19.50055157329089,
  "n_head": 4.83735001115156,
  "n_layer": 1.6829746729886836,
  "seed": 1934057070.7415156,
  "weight_decay": 0.007150701597553384
}