{
  "batch_size": 84,
  "beta_1": 0.301251772659827,
  "beta_2": 0.5740929116169186,
  "block_size": 247,
  "dropout": 0.4478533906326912,
  "epsilon": 7.71998777764e-05,
  "lr": 2.5641510943e-06,
  "n_embd": 11,
  "n_head": 4,
  "n_layer": 3,
  "seed": 1981962612.3081932,
  "weight_decay": 0.0092665103594932
}