{
  "batch_size": 36.57882716558311,
  "beta_1": 0.8704385213868326,
  "beta_2": 0.7792494176074565,
  "block_size": 379.90140442253056,
  "dropout": 0.24753600838557596,
  "epsilon": 0.00012714087090802975,
  "lr": 0.02960512906320724,
  "n_embd": 22.35332019339558,
  "n_head": 1.3545059093609497,
  "n_layer": 6.2246086017667785,
  "seed": 756618009.8779284,
  "weight_decay": 0.002461328482097036
}