{
  "batch_size": 45,
  "beta_1": 0.6660201608470534,
  "beta_2": 0.6964079426899146,
  "block_size": 312,
  "dropout": 0.3624666859753754,
  "epsilon": 7.11603797457e-05,
  "lr": 0.0002478629312899,
  "n_embd": 38,
  "n_head": 6,
  "n_layer": 5,
  "seed": 148626424.0305636,
  "weight_decay": 9.989365658e-07
}