{
  "batch_size": 91,
  "beta_1": 0.1629537714223825,
  "beta_2": 0.7998836431251497,
  "block_size": 263,
  "dropout": 0.3439714239333314,
  "epsilon": 1.4587517549291645e-06,
  "lr": 6.319508440979936e-06,
  "n_embd": 26,
  "n_head": 5,
  "n_layer": 4,
  "seed": 1309804638,
  "weight_decay": 1.4524090846193556e-06
}