{
  "batch_size": 64.13718943190018,
  "beta_1": 0.3532996385305808,
  "beta_2": 0.6665326585535365,
  "block_size": 220.5977123901357,
  "dropout": 0.2731481233413344,
  "epsilon": 0.0003151431333134916,
  "lr": 0.08345629793941615,
  "n_embd": 50.862864406260414,
  "n_head": 1.8697216596566661,
  "n_layer": 3.5985507936956087,
  "seed": 1907301222.5928776,
  "weight_decay": 0.0012602726685009666
}