{
  "batch_size": 76,
  "beta_1": 0.4497791812542954,
  "beta_2": 0.6497643270793262,
  "block_size": 295,
  "dropout": 0.2896472000377118,
  "epsilon": 1.1043735014032253e-09,
  "lr": 0.0027564050373064127,
  "n_embd": 53,
  "n_head": 5,
  "n_layer": 4,
  "seed": 2051578525,
  "weight_decay": 0.0006542773728086446
}