{
  "batch_size": 56.00217046060843,
  "beta_1": 0.585450034893346,
  "beta_2": 0.8332412238809611,
  "block_size": 280.3316920842975,
  "dropout": 0.11113820410023277,
  "epsilon": 0.0007860129409524972,
  "lr": 0.06884266773383764,
  "n_embd": 45.08894364412531,
  "n_head": 5.381323019853386,
  "n_layer": 1.3257962419449694,
  "seed": 690426185.4775718,
  "weight_decay": 0.0036254313588128043
}