{
  "batch_size": 31.825593411208594,
  "beta_1": 0.5732757263888939,
  "beta_2": 0.9637221949729321,
  "block_size": 90.19792134339794,
  "dropout": 0.2794182842519517,
  "epsilon": 0.00023197714248860427,
  "lr": 0.09911479835198969,
  "n_embd": 37.623496908184286,
  "n_head": 3.553858130948046,
  "n_layer": 3.9358279290802383,
  "seed": 3552999.16166867,
  "weight_decay": 0.003349816259948833
}