{
  "batch_size": 82,
  "beta_1": 0.4586359166151618,
  "beta_2": 0.36560364689147273,
  "block_size": 132,
  "dropout": 0.17178607351876388,
  "epsilon": 1.9565511310132433e-06,
  "lr": 0.02050540127199467,
  "n_embd": 40,
  "n_head": 3,
  "n_layer": 4,
  "seed": 1950504025,
  "weight_decay": 0.0005037993221791728
}