{
  "batch_size": 56,
  "beta_1": 0.5727819100109294,
  "beta_2": 0.1167597395626054,
  "block_size": 137,
  "dropout": 0.2957288909389374,
  "epsilon": 3.6766504808184475e-06,
  "lr": 0.0013013276854959412,
  "n_embd": 18,
  "n_head": 3,
  "n_layer": 5,
  "seed": 568687703,
  "weight_decay": 1.9068130336761676e-08
}