{
  "batch_size": 54.40965443386192,
  "beta_1": 0.6277919144651214,
  "beta_2": 0.347946953683547,
  "block_size": 153.0429823067456,
  "dropout": 0.4619096994533952,
  "epsilon": 0.00038157216231351847,
  "lr": 0.059607571190482704,
  "n_embd": 32.35109029744096,
  "n_head": 4.404104827795898,
  "n_layer": 5.473326747449713,
  "seed": 141897893.46282378,
  "weight_decay": 0.0038248838241103545
}