{
  "batch_size": 60.98977768894917,
  "beta_1": 0.9599403801843308,
  "beta_2": 0.43071777601250905,
  "block_size": 157.82994523880652,
  "dropout": 0.29927691370880494,
  "epsilon": 0.0009415081166518259,
  "lr": 0.07137074501404755,
  "n_embd": 45.42546710699729,
  "n_head": 6.988268122631991,
  "n_layer": 6.7196067910456385,
  "seed": 739608652.9491282,
  "weight_decay": 0.0036429238357293136
}