{
  "batch_size": 60.57597324336797,
  "beta_1": 0.9625821953780735,
  "beta_2": 0.47564029879702974,
  "block_size": 342.9868379018415,
  "dropout": 0.2524539122244163,
  "epsilon": 0.0004234836165145222,
  "lr": 0.082151487999684,
  "n_embd": 0.5140046889270584,
  "n_head": 1.9302861826343252,
  "n_layer": 3.1490174799527035,
  "seed": 1611474763.640107,
  "weight_decay": 0.00877332775501834
}