{
  "batch_size": 70,
  "beta_1": 0.6343417788425891,
  "beta_2": 0.5649337873508246,
  "block_size": 144,
  "dropout": 0.18392649511980036,
  "epsilon": 1.029323954427472e-08,
  "lr": 0.003340284476264518,
  "n_embd": 9,
  "n_head": 2,
  "n_layer": 5,
  "seed": 1984635409,
  "weight_decay": 1.5183404751696802e-08
}