{
  "batch_size": 68.38465454402686,
  "beta_1": 0.2385564672971901,
  "beta_2": 0.8187452074053301,
  "block_size": 266.7163241955577,
  "dropout": 0.4019223214108525,
  "epsilon": 0.0007462514951911685,
  "lr": 0.05662910505485187,
  "n_embd": 46.26544480109103,
  "n_head": 2.757882454782609,
  "n_layer": 6.396279413270384,
  "seed": 1981136264.171921,
  "weight_decay": 0.007993816557437713
}