{
  "batch_size": 39,
  "beta_1": 0.8991474310432704,
  "beta_2": 0.4671509678666402,
  "block_size": 153,
  "dropout": 0.2063974836983918,
  "epsilon": 5.4671591666e-06,
  "lr": 0.015198637828273,
  "n_embd": 10,
  "n_head": 1,
  "n_layer": 3,
  "seed": 57456580.735604316,
  "weight_decay": 4.08348056476e-05
}