{
  "batch_size": 58.04189269365098,
  "beta_1": 0.24517731738534967,
  "beta_2": 0.4967724714844005,
  "block_size": 182.0562259430967,
  "dropout": 0.4969709172656812,
  "epsilon": 0.0008292301982266125,
  "lr": 0.03183683700608024,
  "n_embd": 5.62597419854122,
  "n_head": 6.033820080252218,
  "n_layer": 5.458773530998547,
  "seed": 1670367203.5745492,
  "weight_decay": 0.0047693688255840295
}