{
  "batch_size": 27.8204107153637,
  "beta_1": 0.9884414039607012,
  "beta_2": 0.4504324780112895,
  "block_size": 300.80047033887286,
  "dropout": 0.4708942480328433,
  "epsilon": 0.0005530698683670355,
  "lr": 0.06263751299272209,
  "n_embd": 31.737861970745143,
  "n_head": 1.3745222506503272,
  "n_layer": 2.351281123424199,
  "seed": 352209461.79342747,
  "weight_decay": 0.009775775030260123
}