{
  "batch_size": 92.82132838513306,
  "beta_1": 0.9980396426489754,
  "beta_2": 0.2915091045522088,
  "block_size": 340.36546152458254,
  "dropout": 0.2993439840275146,
  "epsilon": 0.00021606705373551334,
  "lr": 0.07935945012117808,
  "n_embd": 45.476652242400725,
  "n_head": 5.907542345179128,
  "n_layer": 6.788110710303334,
  "seed": 604558064.3893849,
  "weight_decay": 0.009361399069793124
}