{
  "batch_size": 78.45786032603249,
  "beta_1": 0.5439632877455645,
  "beta_2": 0.5051075083725625,
  "block_size": 123.39208365867776,
  "dropout": 0.20722745916715227,
  "epsilon": 0.0009916088740503175,
  "lr": 0.06014587028123125,
  "n_embd": 25.296017537030785,
  "n_head": 3.410886837495327,
  "n_layer": 2.080880488744354,
  "seed": 2002403428.0435069,
  "weight_decay": 0.00024284368750132634
}