{
  "batch_size": 79,
  "beta_1": 0.5430883762552057,
  "beta_2": 0.8422199608371093,
  "block_size": 345,
  "dropout": 0.1570054899574798,
  "epsilon": 0.0001757186987901,
  "lr": 0.0038536868224609,
  "n_embd": 20,
  "n_head": 4,
  "n_layer": 5,
  "seed": 1021199157.0306947,
  "weight_decay": 3.442252426e-07
}