{
  "batch_size": 72.68184371507043,
  "beta_1": 0.8840060834500864,
  "beta_2": 0.9309368901029562,
  "block_size": 177.68743240008564,
  "dropout": 0.22184618308571202,
  "epsilon": 0.0007277704158054965,
  "lr": 0.009533669015153966,
  "n_embd": 31.29734697931279,
  "n_head": 3.4362287339602706,
  "n_layer": 5.974897901766733,
  "seed": 1545852457.4069693,
  "weight_decay": 0.006366277876711084
}