{
  "batch_size": 18.34746045849612,
  "beta_1": 0.7768829018981004,
  "beta_2": 0.2618015377112868,
  "block_size": 226.37390111502205,
  "dropout": 0.17117888241542373,
  "epsilon": 1.3880562449648761e-05,
  "lr": 0.04086171906039264,
  "n_embd": 35.69446095707268,
  "n_head": 4.531677556152173,
  "n_layer": 2.68918136335624,
  "seed": 141871185.96520135,
  "weight_decay": 0.0009143945477346432
}