{
  "batch_size": 39.08877601728352,
  "beta_1": 0.11666328656065801,
  "beta_2": 0.23434621089395594,
  "block_size": 380.40754138851617,
  "dropout": 0.1624993971575086,
  "epsilon": 0.00020241803244235327,
  "lr": 0.06261833175863403,
  "n_embd": 22.09700353993246,
  "n_head": 2.6916794356638496,
  "n_layer": 1.2077855242748297,
  "seed": 259808295.82411548,
  "weight_decay": 0.0028081018752816765
}