{
  "batch_size": 94,
  "beta_1": 0.3278251582597027,
  "beta_2": 0.9361873282998479,
  "block_size": 150,
  "dropout": 0.2987354693609944,
  "epsilon": 1.10806449485e-05,
  "lr": 0.0019065607276649,
  "n_embd": 42,
  "n_head": 5,
  "n_layer": 5,
  "seed": 1294814744.6671057,
  "weight_decay": 0.0004021209681694
}