{
  "batch_size": 54,
  "beta_1": 0.21810131977070613,
  "beta_2": 0.35594429207159106,
  "block_size": 289,
  "dropout": 0.25385639057498827,
  "epsilon": 2.4423003789376312e-08,
  "lr": 1.913171792413759e-06,
  "n_embd": 37,
  "n_head": 5,
  "n_layer": 3,
  "seed": 1369310322,
  "weight_decay": 1.2211159056606258e-08
}