{
  "batch_size": 88,
  "beta_1": 0.5971405812944944,
  "beta_2": 0.2827010282692782,
  "block_size": 207,
  "dropout": 0.48778888333419523,
  "epsilon": 2.6004688022530905e-09,
  "lr": 0.049777991487301554,
  "n_embd": 30,
  "n_head": 3,
  "n_layer": 4,
  "seed": 1334590461,
  "weight_decay": 0.000470139338221911
}