{
  "batch_size": 26.86805367245342,
  "beta_1": 0.30106232385654913,
  "beta_2": 0.4404241266033455,
  "block_size": 223.120514169579,
  "dropout": 0.3880174832325014,
  "epsilon": 0.0007594378401295688,
  "lr": 0.05813731654920017,
  "n_embd": 27.61286311847701,
  "n_head": 6.0478769341016,
  "n_layer": 5.707267873443188,
  "seed": 1164851597.4474313,
  "weight_decay": 0.0038761506817647433
}