{
  "batch_size": 33,
  "beta_1": 0.375360576503979,
  "beta_2": 0.938892334647314,
  "block_size": 274,
  "dropout": 0.1544642393405424,
  "epsilon": 1.400058e-10,
  "lr": 0.0003069041417261,
  "n_embd": 30,
  "n_head": 2,
  "n_layer": 5,
  "seed": 1974234211.4635615,
  "weight_decay": 1.5438808499e-06
}