{
  "batch_size": 30.9269287241144,
  "beta_1": 0.6364165011834745,
  "beta_2": 0.5483339128038847,
  "block_size": 336.2187127209073,
  "dropout": 0.4540465454681043,
  "epsilon": 0.000508439076164448,
  "lr": 0.05879653787677753,
  "n_embd": 4.148840009859663,
  "n_head": 6.153168284417088,
  "n_layer": 6.486530113962436,
  "seed": 698184309.8655045,
  "weight_decay": 0.005699757020960854
}