{
  "batch_size": 67.84017823064684,
  "beta_1": 0.24955468489687713,
  "beta_2": 0.5186003867965894,
  "block_size": 295.98698159846833,
  "dropout": 0.37335677545323764,
  "epsilon": 0.0007123330717890155,
  "lr": 0.09457247070386432,
  "n_embd": 39.69290417685692,
  "n_head": 1.6751263928313014,
  "n_layer": 3.247065215260898,
  "seed": 624628867.0605246,
  "weight_decay": 0.005345831314536111
}