{
  "batch_size": 83,
  "beta_1": 0.8100472019928203,
  "beta_2": 0.6843494823808886,
  "block_size": 88,
  "dropout": 0.386356206918121,
  "epsilon": 0.00019651507398740978,
  "lr": 0.00015176758684673375,
  "n_embd": 45,
  "n_head": 2,
  "n_layer": 1,
  "seed": 17018927,
  "weight_decay": 8.57374682186547e-08
}