{
  "batch_size": 54.01340381979662,
  "beta_1": 0.9685737465946032,
  "beta_2": 0.18001121286257593,
  "block_size": 278.3248680751028,
  "dropout": 0.11049500368560423,
  "epsilon": 7.014922588874858e-05,
  "lr": 0.01935099309542688,
  "n_embd": 31.563887959268346,
  "n_head": 5.441634549257523,
  "n_layer": 1.2636044031286666,
  "seed": 1362763153.575941,
  "weight_decay": 0.008483783702648023
}