{
  "batch_size": 79,
  "beta_1": 0.3481639907180104,
  "beta_2": 0.6811904730688494,
  "block_size": 258,
  "dropout": 0.3021836169446488,
  "epsilon": 8.9839378e-09,
  "lr": 0.0001678004576145,
  "n_embd": 39,
  "n_head": 5,
  "n_layer": 2,
  "seed": 12617781.294458902,
  "weight_decay": 2.48157144e-08
}