{
  "batch_size": 68.85973053127333,
  "beta_1": 0.7357576419971283,
  "beta_2": 0.3915312685063894,
  "block_size": 353.43059990733076,
  "dropout": 0.35403659336869253,
  "epsilon": 0.0005889751445136396,
  "lr": 0.07462194078191249,
  "n_embd": 27.252338753268308,
  "n_head": 1.5288729463655804,
  "n_layer": 1.5503740606381795,
  "seed": 2120349482.5546093,
  "weight_decay": 0.0033554640349718647
}