{
  "batch_size": 46,
  "beta_1": 0.612382520552547,
  "beta_2": 0.744462620051239,
  "block_size": 367,
  "dropout": 0.4825483079514133,
  "epsilon": 0.0007684398479043,
  "lr": 1.2382813248e-06,
  "n_embd": 44,
  "n_head": 5,
  "n_layer": 3,
  "seed": 1023827321.8106562,
  "weight_decay": 2.94544863338e-05
}