{
  "batch_size": 84.99971189288033,
  "beta_1": 0.6767849660956513,
  "beta_2": 0.5784001237738549,
  "block_size": 276.4975528751486,
  "dropout": 0.1705206246772103,
  "epsilon": 0.0009228170345476439,
  "lr": 0.03783351461397832,
  "n_embd": 48.82973634218827,
  "n_head": 1.201864897495484,
  "n_layer": 6.131582334157068,
  "seed": 141880773.4540384,
  "weight_decay": 0.002810178382425536
}