{
  "batch_size": 92.13487717619178,
  "beta_1": 0.9981469059155952,
  "beta_2": 0.18350056193113243,
  "block_size": 238.70870771258527,
  "dropout": 0.2932337966184082,
  "epsilon": 6.27621603286445e-05,
  "lr": 0.005410623897767179,
  "n_embd": 35.21239145538586,
  "n_head": 4.768482659804555,
  "n_layer": 4.127409682730862,
  "seed": 963986675.1518229,
  "weight_decay": 0.005628537489237268
}