{
  "batch_size": 83.49022395256775,
  "beta_1": 0.3859772088005464,
  "beta_2": 0.3246043774573333,
  "block_size": 155.58256084653638,
  "dropout": 0.33754260410706627,
  "epsilon": 0.0005033117275339355,
  "lr": 0.04215780162308179,
  "n_embd": 8.1595392084852,
  "n_head": 3.981796538847375,
  "n_layer": 1.1026274082937575,
  "seed": 1945272589.0229683,
  "weight_decay": 0.002436897193309769
}