{
  "batch_size": 65.72041416990677,
  "beta_1": 0.9277653093444639,
  "beta_2": 0.8655761372151867,
  "block_size": 262.941133374593,
  "dropout": 0.21068350450784654,
  "epsilon": 0.0006462920003897819,
  "lr": 0.07867700672979568,
  "n_embd": 30.75417862128771,
  "n_head": 1.9756185645710933,
  "n_layer": 5.264215333243244,
  "seed": 297589073.4426082,
  "weight_decay": 0.006164501998867829
}