{
  "batch_size": 33.84282820115314,
  "beta_1": 0.3397192355644767,
  "beta_2": 0.41644101540387746,
  "block_size": 77.30203206450764,
  "dropout": 0.20060547467163095,
  "epsilon": 0.0008305205770434253,
  "lr": 0.08479442581543184,
  "n_embd": 0.2060572113831703,
  "n_head": 5.117294465154404,
  "n_layer": 3.8569531879558947,
  "seed": 1288341976.1959302,
  "weight_decay": 0.0006004729089983133
}