{
  "batch_size": 84,
  "beta_1": 0.26382560602654187,
  "beta_2": 0.9970810670588642,
  "block_size": 280,
  "dropout": 0.17674513493858984,
  "epsilon": 2.9328614360106025e-06,
  "lr": 0.011484176108390363,
  "n_embd": 20,
  "n_head": 2,
  "n_layer": 4,
  "seed": 1657384527,
  "weight_decay": 0.0005419921067041309
}