{
  "batch_size": 92.69242474522116,
  "beta_1": 0.6852455447422474,
  "beta_2": 0.39497442709203345,
  "block_size": 360.48900679424605,
  "dropout": 0.40226106556317265,
  "epsilon": 8.571690784721463e-05,
  "lr": 0.06290179239504767,
  "n_embd": 6.954210084615561,
  "n_head": 3.413331593668391,
  "n_layer": 4.81561233314519,
  "seed": 586371529.3276949,
  "weight_decay": 0.006688314664489837
}