{
  "batch_size": 54,
  "beta_1": 0.5572115853747275,
  "beta_2": 0.5379340373497149,
  "block_size": 370,
  "dropout": 0.1840340752937102,
  "epsilon": 9.189792e-10,
  "lr": 0.0003273254268039,
  "n_embd": 16,
  "n_head": 6,
  "n_layer": 6,
  "seed": 1371139600.2527492,
  "weight_decay": 0.0024023723375601
}