{
  "batch_size": 78.64800311487718,
  "beta_1": 0.901420141655912,
  "beta_2": 0.3215217759383143,
  "block_size": 170.58224997537104,
  "dropout": 0.47859655402590684,
  "epsilon": 0.0002554580629020603,
  "lr": 0.04443475540114884,
  "n_embd": 12.330776983327977,
  "n_head": 5.915175212175659,
  "n_layer": 3.4920648030703,
  "seed": 1328517136.456883,
  "weight_decay": 0.009349921998661212
}