{
  "batch_size": 17.494477674165328,
  "beta_1": 0.6458085517518882,
  "beta_2": 0.8065880216170088,
  "block_size": 135.0630290827328,
  "dropout": 0.3812301936533292,
  "epsilon": 9.499877252968232e-05,
  "lr": 0.05750143775152077,
  "n_embd": 9.883380754213482,
  "n_head": 3.1686757060644264,
  "n_layer": 6.630866911336265,
  "seed": 1802108278.812791,
  "weight_decay": 0.005080897714236221
}