{
  "batch_size": 29,
  "beta_1": 0.3327670694017733,
  "beta_2": 0.4155247854293122,
  "block_size": 102,
  "dropout": 0.1988082702557846,
  "epsilon": 1.6542596e-09,
  "lr": 0.0003685363942123,
  "n_embd": 38,
  "n_head": 1,
  "n_layer": 6,
  "seed": 1863311089.5490723,
  "weight_decay": 0.0002303081486882
}