{
  "batch_size": 34.43567466281917,
  "beta_1": 0.6564129353695297,
  "beta_2": 0.4438813051854632,
  "block_size": 220.10097934600796,
  "dropout": 0.21560752025735558,
  "epsilon": 0.0009729161993840266,
  "lr": 0.07434887389240183,
  "n_embd": 24.80255071307709,
  "n_head": 5.889400072932253,
  "n_layer": 6.694562560014417,
  "seed": 624669517.9471067,
  "weight_decay": 0.007951765504364945
}