{
  "batch_size": 20,
  "beta_1": 0.29995050890451674,
  "beta_2": 0.3573085598720187,
  "block_size": 299,
  "dropout": 0.23184248213167225,
  "epsilon": 2.8512182235371417e-08,
  "lr": 7.016070732155199e-05,
  "n_embd": 27,
  "n_head": 1,
  "n_layer": 5,
  "seed": 1747379551,
  "weight_decay": 5.943464630824752e-05
}