{
  "batch_size": 83,
  "beta_1": 0.7834503004806909,
  "beta_2": 0.9515710213517528,
  "block_size": 251,
  "dropout": 0.2050126974424967,
  "epsilon": 0.0002519455834331,
  "lr": 0.002538683932447,
  "n_embd": 0,
  "n_head": 2,
  "n_layer": 5,
  "seed": 1794514585.2982965,
  "weight_decay": 1.80790558378e-05
}