{
  "batch_size": 43.06152713483035,
  "beta_1": 0.8540672032951392,
  "beta_2": 0.5985527832124821,
  "block_size": 152.49031284225006,
  "dropout": 0.12242944668736576,
  "epsilon": 0.0008404488840534952,
  "lr": 0.011433992014041964,
  "n_embd": 8.034141786817033,
  "n_head": 3.21792613648526,
  "n_layer": 4.639140811183115,
  "seed": 1681845260.5173693,
  "weight_decay": 0.004044353412136857
}