{
  "batch_size": 39,
  "beta_1": 0.7302629580302348,
  "beta_2": 0.23748803684142558,
  "block_size": 226,
  "dropout": 0.1042750988498177,
  "epsilon": 6.249270332431956e-05,
  "lr": 1.2134018329884022e-05,
  "n_embd": 45,
  "n_head": 1,
  "n_layer": 5,
  "seed": 1518652354,
  "weight_decay": 3.434695330006442e-07
}