{
  "batch_size": 21,
  "beta_1": 0.9501170274105628,
  "beta_2": 0.17098029949548285,
  "block_size": 216,
  "dropout": 0.2836738086138345,
  "epsilon": 5.157047044236008e-07,
  "lr": 6.792210797290699e-06,
  "n_embd": 50,
  "n_head": 2,
  "n_layer": 5,
  "seed": 400448821,
  "weight_decay": 1.646496870335444e-08
}