{
  "batch_size": 84,
  "beta_1": 0.231990408479747,
  "beta_2": 0.9800632496730816,
  "block_size": 331,
  "dropout": 0.4454895447040207,
  "epsilon": 1.35751281471e-05,
  "lr": 0.0121623662356356,
  "n_embd": 28,
  "n_head": 2,
  "n_layer": 1,
  "seed": 786123110.7698394,
  "weight_decay": 0.000364585920005
}