{
  "batch_size": 24.2628733585734,
  "beta_1": 0.910137193334673,
  "beta_2": 0.9713468078852451,
  "block_size": 168.28276415727868,
  "dropout": 0.31672945471673775,
  "epsilon": 0.0005223075342139084,
  "lr": 0.08522414824197515,
  "n_embd": 40.49505938053176,
  "n_head": 1.6605412868689862,
  "n_layer": 3.507817826724509,
  "seed": 1382204976.8840718,
  "weight_decay": 0.004955079535403501
}