{
  "batch_size": 66.78452939189327,
  "beta_1": 0.9772725405937606,
  "beta_2": 0.9595715254185171,
  "block_size": 296.0990961022951,
  "dropout": 0.20168073766967193,
  "epsilon": 0.00039160190488621885,
  "lr": 0.0935090203996953,
  "n_embd": 49.094604466124395,
  "n_head": 2.826211122303936,
  "n_layer": 6.924316132769941,
  "seed": 1812173679.3990595,
  "weight_decay": 0.003091898566087435
}