{
  "batch_size": 25,
  "beta_1": 0.3694314268142638,
  "beta_2": 0.9295551412946536,
  "block_size": 163,
  "dropout": 0.27179691954044,
  "epsilon": 4.7454363e-09,
  "lr": 0.000551593109113,
  "n_embd": 4,
  "n_head": 3,
  "n_layer": 4,
  "seed": 424012596.3575603,
  "weight_decay": 1.3950375369e-06
}