{
  "batch_size": 79.13674053369778,
  "beta_1": 0.3419146218590328,
  "beta_2": 0.8006241096719027,
  "block_size": 284.2501385756548,
  "dropout": 0.1562955046189304,
  "epsilon": 0.0005569858573340758,
  "lr": 0.027212008897130928,
  "n_embd": 18.421601710196263,
  "n_head": 5.130073027376292,
  "n_layer": 4.059226883204181,
  "seed": 1943729644.6719542,
  "weight_decay": 0.004281278483026793
}