{
  "batch_size": 28.01654064365708,
  "beta_1": 0.8991561817231681,
  "beta_2": 0.7999447022397927,
  "block_size": 288.3669777417831,
  "dropout": 0.28173095730233527,
  "epsilon": 1.9567281023208912e-05,
  "lr": 0.0995937715460706,
  "n_embd": 49.85360827959543,
  "n_head": 1.6222492615940198,
  "n_layer": 6.400196241765946,
  "seed": 1907132805.5877793,
  "weight_decay": 0.00985870162514618
}