{
  "batch_size": 78,
  "beta_1": 0.1153521893875172,
  "beta_2": 0.9576025745715718,
  "block_size": 247,
  "dropout": 0.195567157274103,
  "epsilon": 3.8949590775e-06,
  "lr": 0.0004248664877739,
  "n_embd": 24,
  "n_head": 2,
  "n_layer": 3,
  "seed": 1209210553.456368,
  "weight_decay": 9.318042809e-07
}