{
  "batch_size": 62.40950118459502,
  "beta_1": 0.9695330688118534,
  "beta_2": 0.37504490576538585,
  "block_size": 91.30276358390755,
  "dropout": 0.35076427603587335,
  "epsilon": 0.0002738964481107569,
  "lr": 0.09377845973599204,
  "n_embd": 53.40409488940707,
  "n_head": 6.652953215864285,
  "n_layer": 6.202879867261147,
  "seed": 1608723561.647634,
  "weight_decay": 0.004294841550133786
}