{
  "batch_size": 30,
  "beta_1": 0.8815586561760148,
  "beta_2": 0.17531579302070566,
  "block_size": 169,
  "dropout": 0.1517243241208457,
  "epsilon": 2.4909840961692798e-08,
  "lr": 0.0018539942786787698,
  "n_embd": 18,
  "n_head": 4,
  "n_layer": 4,
  "seed": 1283249481,
  "weight_decay": 9.946143805077806e-07
}