{
  "batch_size": 51.84705819432413,
  "beta_1": 0.39803748631255476,
  "beta_2": 0.12065001104037662,
  "block_size": 246.19523346458465,
  "dropout": 0.4853226592663057,
  "epsilon": 0.0008410671425279753,
  "lr": 0.05250633188034226,
  "n_embd": 4.548658333302533,
  "n_head": 3.6138553910639617,
  "n_layer": 1.0827887209633875,
  "seed": 1139692370.4245777,
  "weight_decay": 0.007827628297558266
}