{
  "batch_size": 59,
  "beta_1": 0.2107901818599236,
  "beta_2": 0.43677294099659125,
  "block_size": 220,
  "dropout": 0.42853312809219013,
  "epsilon": 4.930368929378592e-06,
  "lr": 0.07650869808959483,
  "n_embd": 53,
  "n_head": 5,
  "n_layer": 3,
  "seed": 1352127826,
  "weight_decay": 1.0995578196507526e-06
}