{
  "batch_size": 42,
  "beta_1": 0.771525186180549,
  "beta_2": 0.34888785638154823,
  "block_size": 271,
  "dropout": 0.11747767480610377,
  "epsilon": 1.955752276136469e-08,
  "lr": 5.486595876475786e-06,
  "n_embd": 45,
  "n_head": 1,
  "n_layer": 6,
  "seed": 1650464506,
  "weight_decay": 0.0010707387816577612
}