{
  "batch_size": 79,
  "beta_1": 0.5970801214428766,
  "beta_2": 0.6598969479401213,
  "block_size": 178,
  "dropout": 0.24226052437768236,
  "epsilon": 7.558832997241005e-09,
  "lr": 1.0401647016128563e-05,
  "n_embd": 40,
  "n_head": 5,
  "n_layer": 5,
  "seed": 1119956105,
  "weight_decay": 1.3135859537280151e-05
}