{
  "batch_size": 76.66114319677398,
  "beta_1": 0.9880137736840793,
  "beta_2": 0.5075136525870891,
  "block_size": 273.73691831485974,
  "dropout": 0.16454639801987572,
  "epsilon": 0.0002883167011192681,
  "lr": 0.07568425268898019,
  "n_embd": 27.418328647333183,
  "n_head": 1.4315185604647267,
  "n_layer": 3.591996613649553,
  "seed": 1943954099.3518157,
  "weight_decay": 0.0017667875410696467
}