{
  "batch_size": 87.08118696588173,
  "beta_1": 0.1771838242708792,
  "beta_2": 0.8880310616491107,
  "block_size": 211.35161373240845,
  "dropout": 0.1208201315275554,
  "epsilon": 0.00035942728564533524,
  "lr": 0.045626818150348476,
  "n_embd": 40.46277982428688,
  "n_head": 1.2672775633047206,
  "n_layer": 6.399787092425011,
  "seed": 1461824420.8204572,
  "weight_decay": 0.007829740251456102
}