{
  "batch_size": 58.83836380591183,
  "beta_1": 0.17409136031081912,
  "beta_2": 0.9381013881303913,
  "block_size": 255.50929211035148,
  "dropout": 0.17505515934652904,
  "epsilon": 0.0009442929243964367,
  "lr": 0.03327899998271757,
  "n_embd": 50.21230426452377,
  "n_head": 2.600143632743591,
  "n_layer": 5.562787169955375,
  "seed": 1316329578.3906713,
  "weight_decay": 0.008256391602051176
}