{
  "batch_size": 65.7403315053913,
  "beta_1": 0.17516512940619994,
  "beta_2": 0.19470849321825534,
  "block_size": 173.03402607124656,
  "dropout": 0.45381968100839676,
  "epsilon": 0.00022482282685894634,
  "lr": 0.047179029570947224,
  "n_embd": 18.025861579859303,
  "n_head": 5.577339331957157,
  "n_layer": 4.193575621217947,
  "seed": 82678005.98126853,
  "weight_decay": 0.0002037056426426933
}