{
  "batch_size": 39,
  "beta_1": 0.6590159601116643,
  "beta_2": 0.435265299645684,
  "block_size": 87,
  "dropout": 0.2426277427658449,
  "epsilon": 5.0147663068e-06,
  "lr": 0.0057106938074371,
  "n_embd": 10,
  "n_head": 3,
  "n_layer": 3,
  "seed": 701196705.4120749,
  "weight_decay": 1.414563034e-07
}