{
  "batch_size": 56,
  "beta_1": 0.9344270325374068,
  "beta_2": 0.419248698010988,
  "block_size": 177,
  "dropout": 0.4665626056673376,
  "epsilon": 1.7760063e-09,
  "lr": 0.0004836413364304,
  "n_embd": 37,
  "n_head": 3,
  "n_layer": 5,
  "seed": 667170069.4178272,
  "weight_decay": 5.6208285982e-06
}