{
  "batch_size": 85,
  "beta_1": 0.1395344623431843,
  "beta_2": 0.9016436768610148,
  "block_size": 329,
  "dropout": 0.314001251216072,
  "epsilon": 2.532383152e-07,
  "lr": 1.76472016657e-05,
  "n_embd": 11,
  "n_head": 5,
  "n_layer": 2,
  "seed": 599028871.3703829,
  "weight_decay": 0.0032116263724606
}