{
  "batch_size": 26,
  "beta_1": 0.922144119144041,
  "beta_2": 0.751293001598586,
  "block_size": 148,
  "dropout": 0.4730027105602148,
  "epsilon": 0.0009462288801985,
  "lr": 6.76570689468e-05,
  "n_embd": 29,
  "n_head": 5,
  "n_layer": 1,
  "seed": 504711282.9997014,
  "weight_decay": 1.0459566548e-06
}