{
  "batch_size": 36,
  "beta_1": 0.3636402072687372,
  "beta_2": 0.4013284558509175,
  "block_size": 118,
  "dropout": 0.1985582392612493,
  "epsilon": 1.85062990655e-05,
  "lr": 0.000396921821841,
  "n_embd": 21,
  "n_head": 2,
  "n_layer": 4,
  "seed": 957768195.6527053,
  "weight_decay": 0.0001555829012079
}