{
  "batch_size": 21.215691642772576,
  "beta_1": 0.9404678170119143,
  "beta_2": 0.7453121515389023,
  "block_size": 156.4941605726176,
  "dropout": 0.18944897648456074,
  "epsilon": 0.0001134293919671273,
  "lr": 0.011593825956927567,
  "n_embd": 31.243652528641842,
  "n_head": 5.224833820179264,
  "n_layer": 3.6691540837179915,
  "seed": 1995930764.859903,
  "weight_decay": 0.004418884494591047
}