{
  "batch_size": 57.08909838528678,
  "beta_1": 0.7829487451720933,
  "beta_2": 0.1098792461193283,
  "block_size": 154.80777274489395,
  "dropout": 0.3010688991043403,
  "epsilon": 0.00038075634891487274,
  "lr": 0.010155113569230701,
  "n_embd": 29.29787499262876,
  "n_head": 1.5363858417193221,
  "n_layer": 4.90910086221127,
  "seed": 1810249665.282033,
  "weight_decay": 0.006007503936009183
}