{
  "batch_size": 47.36660385199661,
  "beta_1": 0.17587735762731793,
  "beta_2": 0.2995313141097298,
  "block_size": 196.21902548694413,
  "dropout": 0.30936800441066625,
  "epsilon": 0.0008192794712918296,
  "lr": 0.08953661782446952,
  "n_embd": 2.694200086876543,
  "n_head": 5.315721315148257,
  "n_layer": 1.8391890111434204,
  "seed": 1722870273.6480253,
  "weight_decay": 0.008087187954567513
}