{
  "batch_size": 96.50218914484623,
  "beta_1": 0.5670129683259333,
  "beta_2": 0.8766282556599475,
  "block_size": 100.51459533833946,
  "dropout": 0.37706493572899424,
  "epsilon": 0.00058854370015018,
  "lr": 0.0197489246118658,
  "n_embd": 37.57542046074348,
  "n_head": 4.500211264571465,
  "n_layer": 1.2092734391188251,
  "seed": 1613814795.0574796,
  "weight_decay": 0.0012590536312994782
}