{
  "batch_size": 42,
  "beta_1": 0.5884583858116412,
  "beta_2": 0.8461244342638277,
  "block_size": 241,
  "dropout": 0.478142670333786,
  "epsilon": 5.655841341035051e-10,
  "lr": 1.0199443987513358e-05,
  "n_embd": 10,
  "n_head": 2,
  "n_layer": 6,
  "seed": 349060910,
  "weight_decay": 1.3655278358540074e-06
}