{
  "batch_size": 36.347098351481606,
  "beta_1": 0.3158778000787888,
  "beta_2": 0.133721981264892,
  "block_size": 166.4967893812364,
  "dropout": 0.41587871394241527,
  "epsilon": 0.0009105329855792141,
  "lr": 0.0558650678020624,
  "n_embd": 34.13556683019179,
  "n_head": 5.520172778349852,
  "n_layer": 1.0323656247541748,
  "seed": 2097330622.3590882,
  "weight_decay": 0.0006366652309373291
}