{
  "batch_size": 53,
  "beta_1": 0.5917640984119718,
  "beta_2": 0.7378602707344832,
  "block_size": 374,
  "dropout": 0.1059372459196773,
  "epsilon": 2.7061203410205514e-06,
  "lr": 0.0013144714933857305,
  "n_embd": 42,
  "n_head": 1,
  "n_layer": 3,
  "seed": 400826042,
  "weight_decay": 4.857943981102381e-06
}