{
  "batch_size": 20.844197064901763,
  "beta_1": 0.23631835605469548,
  "beta_2": 0.19105510371700402,
  "block_size": 155.7140998893388,
  "dropout": 0.37616001879180927,
  "epsilon": 0.0001136067925999254,
  "lr": 0.05892850018716893,
  "n_embd": 16.53172759956272,
  "n_head": 3.0499984436951153,
  "n_layer": 4.604288628689942,
  "seed": 1639243754.1390893,
  "weight_decay": 0.004830908003249727
}