{
  "batch_size": 46,
  "beta_1": 0.2085117774287748,
  "beta_2": 0.819706469667097,
  "block_size": 100,
  "dropout": 0.40308602882475153,
  "epsilon": 1.4748350488840072e-05,
  "lr": 0.0018220491923276745,
  "n_embd": 29,
  "n_head": 4,
  "n_layer": 2,
  "seed": 86509746,
  "weight_decay": 3.070009227359882e-05
}