{
  "batch_size": 77,
  "beta_1": 0.1253910825986914,
  "beta_2": 0.4893127871572042,
  "block_size": 163,
  "dropout": 0.1856383302237272,
  "epsilon": 2.35087133785e-05,
  "lr": 2.94884852205e-05,
  "n_embd": 46,
  "n_head": 4,
  "n_layer": 5,
  "seed": 1280056584.2346883,
  "weight_decay": 4.124068e-08
}