{
  "batch_size": 51.779253402489,
  "beta_1": 0.19320303407481337,
  "beta_2": 0.33964787499424715,
  "block_size": 158.746270528355,
  "dropout": 0.4198194334394696,
  "epsilon": 0.0002141557022356644,
  "lr": 0.05976486256346563,
  "n_embd": 17.25374024883198,
  "n_head": 2.7429254699662353,
  "n_layer": 5.1312311619115905,
  "seed": 311016302.8478015,
  "weight_decay": 0.00945205516479688
}