{
  "batch_size": 22,
  "beta_1": 0.1823002541620588,
  "beta_2": 0.9454945610484526,
  "block_size": 295,
  "dropout": 0.1820496834126597,
  "epsilon": 1.3276039e-09,
  "lr": 1.83670983094e-05,
  "n_embd": 44,
  "n_head": 6,
  "n_layer": 4,
  "seed": 2114742626.939311,
  "weight_decay": 0.0050787158862819
}