{
  "batch_size": 62,
  "beta_1": 0.19336527474285048,
  "beta_2": 0.9868383627628616,
  "block_size": 229,
  "dropout": 0.3514186611897783,
  "epsilon": 2.467624180162927e-08,
  "lr": 0.0002753880532901899,
  "n_embd": 37,
  "n_head": 5,
  "n_layer": 5,
  "seed": 1159504132,
  "weight_decay": 8.931307661651158e-06
}