{
  "batch_size": 56,
  "beta_1": 0.3999177888416552,
  "beta_2": 0.9918232992827832,
  "block_size": 238,
  "dropout": 0.1803387699326836,
  "epsilon": 2.948480436e-07,
  "lr": 0.0637995329260274,
  "n_embd": 18,
  "n_head": 5,
  "n_layer": 4,
  "seed": 1671689541.417168,
  "weight_decay": 8.0225772389e-06
}