{
  "batch_size": 94.47933295277858,
  "beta_1": 0.43533328760822043,
  "beta_2": 0.9746673733397158,
  "block_size": 261.0912132183318,
  "dropout": 0.23281997628497575,
  "epsilon": 4.6016776980897395e-05,
  "lr": 0.06969336182245907,
  "n_embd": 42.18261740834621,
  "n_head": 6.051201463565274,
  "n_layer": 2.91993650009554,
  "seed": 1419734522.3251166,
  "weight_decay": 0.005357745910749927
}