{
  "batch_size": 67,
  "beta_1": 0.6597089220178051,
  "beta_2": 0.965820839217835,
  "block_size": 376,
  "dropout": 0.198061589922619,
  "epsilon": 1.40331e-10,
  "lr": 0.0004576205230002,
  "n_embd": 17,
  "n_head": 1,
  "n_layer": 6,
  "seed": 460367878.5110302,
  "weight_decay": 1.96095153e-08
}