{
  "batch_size": 56,
  "beta_1": 0.3261530197246606,
  "beta_2": 0.4150985084367902,
  "block_size": 66,
  "dropout": 0.3487163879105895,
  "epsilon": 4.957615e-10,
  "lr": 0.0001093983458471,
  "n_embd": 23,
  "n_head": 4,
  "n_layer": 6,
  "seed": 1741460310.5730093,
  "weight_decay": 1.8184261124e-06
}