{
  "batch_size": 55.723267904534914,
  "beta_1": 0.9766525955670122,
  "beta_2": 0.3502060200556558,
  "block_size": 294.26924293764785,
  "dropout": 0.12260002933206904,
  "epsilon": 0.0007514543738249422,
  "lr": 0.08781262907868291,
  "n_embd": 29.157815188790053,
  "n_head": 4.095679355460555,
  "n_layer": 6.079542333836523,
  "seed": 515448830.70967937,
  "weight_decay": 0.0012107410646227134
}