{
  "batch_size": 83,
  "beta_1": 0.3130009604648588,
  "beta_2": 0.1693204590600641,
  "block_size": 260,
  "dropout": 0.4667995023609187,
  "epsilon": 1.9539548484719287e-07,
  "lr": 1.8533830293384726e-05,
  "n_embd": 39,
  "n_head": 2,
  "n_layer": 6,
  "seed": 1329570261,
  "weight_decay": 3.337008694114555e-06
}