{
  "batch_size": 57.35593712237513,
  "beta_1": 0.6850018386158258,
  "beta_2": 0.9431037100029259,
  "block_size": 367.4374854282288,
  "dropout": 0.46571560024942693,
  "epsilon": 0.00029144349134232084,
  "lr": 0.09977362583205891,
  "n_embd": 49.71119487989005,
  "n_head": 4.074492156736904,
  "n_layer": 4.121933583187443,
  "seed": 877813346.5553222,
  "weight_decay": 0.0011094752038539586
}