{
  "batch_size": 62.86249401896794,
  "beta_1": 0.33260451896563653,
  "beta_2": 0.7452306248383431,
  "block_size": 279.2254574638139,
  "dropout": 0.32550915303427486,
  "epsilon": 0.0002658045040868297,
  "lr": 0.08936395442094623,
  "n_embd": 21.698169340045084,
  "n_head": 2.5236796880949717,
  "n_layer": 5.526961997972227,
  "seed": 1339146623.3989403,
  "weight_decay": 0.0012344815968130785
}