{
  "batch_size": 81.73292728619404,
  "beta_1": 0.388774144899355,
  "beta_2": 0.7650480828422362,
  "block_size": 208.1174661013405,
  "dropout": 0.46303276100898216,
  "epsilon": 0.0007945643735002545,
  "lr": 0.03234147074261023,
  "n_embd": 40.084518588876016,
  "n_head": 3.6656208930746286,
  "n_layer": 1.8426081108104655,
  "seed": 1266577423.5496655,
  "weight_decay": 0.004225435285490171
}