{
  "batch_size": 53,
  "beta_1": 0.5322711031085872,
  "beta_2": 0.8335817131711004,
  "block_size": 284,
  "dropout": 0.10252291511586012,
  "epsilon": 1.6798835958074304e-06,
  "lr": 6.880611163668569e-05,
  "n_embd": 49,
  "n_head": 3,
  "n_layer": 5,
  "seed": 1109959222,
  "weight_decay": 0.002626249024239921
}