{
  "batch_size": 33.22211202569942,
  "beta_1": 0.558690335083963,
  "beta_2": 0.6932811463788949,
  "block_size": 194.57003755043192,
  "dropout": 0.29979869646444884,
  "epsilon": 8.937952113589718e-05,
  "lr": 0.07572055956251576,
  "n_embd": 2.867685767700016,
  "n_head": 5.266191213139369,
  "n_layer": 6.023161911479961,
  "seed": 492135579.4333319,
  "weight_decay": 0.00464194341048177
}