{
  "batch_size": 96.01681611626218,
  "beta_1": 0.9974573629837031,
  "beta_2": 0.9125734784892195,
  "block_size": 244.214531875793,
  "dropout": 0.19538424066064652,
  "epsilon": 0.0009331147736001501,
  "lr": 0.03501682002608738,
  "n_embd": 27.159621102691396,
  "n_head": 6.860213993544839,
  "n_layer": 6.93997062063286,
  "seed": 1527263705.386935,
  "weight_decay": 0.006359446086298788
}