{
  "batch_size": 20,
  "beta_1": 0.160375578035934,
  "beta_2": 0.8228505951929653,
  "block_size": 246,
  "dropout": 0.1038037992356073,
  "epsilon": 5.20501483e-07,
  "lr": 0.002186615144444,
  "n_embd": 41,
  "n_head": 2,
  "n_layer": 2,
  "seed": 1737836089.2537622,
  "weight_decay": 4.62367722958e-05
}