{
  "batch_size": 85.25014312727806,
  "beta_1": 0.35300149177150997,
  "beta_2": 0.47654846541805085,
  "block_size": 347.5335864457362,
  "dropout": 0.2950301960051007,
  "epsilon": 0.00016119895576983685,
  "lr": 0.09203781979324004,
  "n_embd": 32.338175975450206,
  "n_head": 5.046242235805539,
  "n_layer": 6.481073247451964,
  "seed": 218011613.055985,
  "weight_decay": 0.006544468354792397
}