{
  "batch_size": 31.314486461610144,
  "beta_1": 0.44767725294846683,
  "beta_2": 0.7068798713345962,
  "block_size": 139.31517456991892,
  "dropout": 0.4488486742870236,
  "epsilon": 0.0009727662141950673,
  "lr": 0.020517899758440466,
  "n_embd": 13.462315463655877,
  "n_head": 4.300882119186011,
  "n_layer": 6.680136776846159,
  "seed": 297578957.5502467,
  "weight_decay": 0.004294525148929109
}