{
  "batch_size": 89,
  "beta_1": 0.5413228519813448,
  "beta_2": 0.697287296455708,
  "block_size": 363,
  "dropout": 0.1621751370346302,
  "epsilon": 1.98516574589982e-06,
  "lr": 4.2680650022147455e-06,
  "n_embd": 30,
  "n_head": 6,
  "n_layer": 1,
  "seed": 1643091187,
  "weight_decay": 3.424521456910176e-05
}