{
  "batch_size": 82,
  "beta_1": 0.9394805986194118,
  "beta_2": 0.4704564214538144,
  "block_size": 169,
  "dropout": 0.3432850031483364,
  "epsilon": 5.7596912884e-06,
  "lr": 0.0031839484193625,
  "n_embd": 35,
  "n_head": 4,
  "n_layer": 5,
  "seed": 401707071.79671144,
  "weight_decay": 0.0001941134135547
}