{
  "batch_size": 47.97128110180097,
  "beta_1": 0.4734844431498352,
  "beta_2": 0.1643290139890453,
  "block_size": 197.8920892326208,
  "dropout": 0.4760398851464801,
  "epsilon": 1.4705153940541067e-05,
  "lr": 0.009578868705777132,
  "n_embd": 16.673455597086495,
  "n_head": 6.9072226849328535,
  "n_layer": 4.240825725892131,
  "seed": 1611596963.6883297,
  "weight_decay": 0.009335931157185997
}