{
  "batch_size": 47.431133293328,
  "beta_1": 0.953716729609386,
  "beta_2": 0.7593287090957631,
  "block_size": 64.77758540529724,
  "dropout": 0.45998100677405007,
  "epsilon": 0.0002716319823907941,
  "lr": 0.03195695037669038,
  "n_embd": 20.35223744267583,
  "n_head": 5.805941502315241,
  "n_layer": 2.245934637470464,
  "seed": 1856513758.5609968,
  "weight_decay": 0.0030159776409576936
}