{
  "batch_size": 31.326401679169027,
  "beta_1": 0.24253640172836324,
  "beta_2": 0.7153701896770882,
  "block_size": 369.78631044732424,
  "dropout": 0.1718552798171872,
  "epsilon": 0.0008077107653890038,
  "lr": 0.0746959428714946,
  "n_embd": 38.76777474301125,
  "n_head": 6.9783606276930215,
  "n_layer": 3.335469117553884,
  "seed": 1758377789.4741359,
  "weight_decay": 0.006092001210926001
}