{
  "batch_size": 71.13356396917843,
  "beta_1": 0.15708287930883152,
  "beta_2": 0.15519689923393776,
  "block_size": 134.2561937066575,
  "dropout": 0.3321795780159664,
  "epsilon": 0.0003532651322566388,
  "lr": 0.07682166249382787,
  "n_embd": 41.85572754304239,
  "n_head": 1.8630476679111039,
  "n_layer": 2.3688522679330832,
  "seed": 42659122.03307352,
  "weight_decay": 0.00939650586954269
}