{
  "batch_size": 41,
  "beta_1": 0.194000191739827,
  "beta_2": 0.8301942060051605,
  "block_size": 72,
  "dropout": 0.4346982545684758,
  "epsilon": 3.120285e-10,
  "lr": 0.0013629572006686,
  "n_embd": 15,
  "n_head": 2,
  "n_layer": 6,
  "seed": 37481926.033298135,
  "weight_decay": 9.837521677e-07
}