{
  "batch_size": 41,
  "beta_1": 0.44912234496618364,
  "beta_2": 0.5177498598633946,
  "block_size": 361,
  "dropout": 0.32928408451352725,
  "epsilon": 2.2690640946919128e-07,
  "lr": 2.1793904767674233e-05,
  "n_embd": 52,
  "n_head": 1,
  "n_layer": 4,
  "seed": 246988184,
  "weight_decay": 4.5417584939338925e-05
}