{
  "batch_size": 46,
  "beta_1": 0.997340141306907,
  "beta_2": 0.5654631682995277,
  "block_size": 271,
  "dropout": 0.1929388137507556,
  "epsilon": 7.2499198e-09,
  "lr": 0.024539512145788,
  "n_embd": 3,
  "n_head": 5,
  "n_layer": 2,
  "seed": 1693219609.7515721,
  "weight_decay": 0.0001085024307209
}