{
  "batch_size": 72.40374275176549,
  "beta_1": 0.16315474152435744,
  "beta_2": 0.1638484555726053,
  "block_size": 92.67590168408313,
  "dropout": 0.2652977991881319,
  "epsilon": 0.00022275288606927286,
  "lr": 0.03935714475853733,
  "n_embd": 35.523444780599355,
  "n_head": 2.8954894294523275,
  "n_layer": 6.94828421028768,
  "seed": 2034481355.04655,
  "weight_decay": 0.008510490091783488
}