{
  "batch_size": 39.633488656124825,
  "beta_1": 0.19045009112860983,
  "beta_2": 0.7079834563411305,
  "block_size": 202.2157245573337,
  "dropout": 0.37275805438362253,
  "epsilon": 0.0007868514884518007,
  "lr": 0.04473487657990559,
  "n_embd": 13.95974199235073,
  "n_head": 3.916496724035079,
  "n_layer": 3.2539459260061103,
  "seed": 141768036.64384133,
  "weight_decay": 0.009926573449412428
}