{
  "batch_size": 87,
  "beta_1": 0.5400392738306012,
  "beta_2": 0.6330861616826954,
  "block_size": 188,
  "dropout": 0.343985593877708,
  "epsilon": 0.0002842167529805,
  "lr": 0.0008554527346272,
  "n_embd": 41,
  "n_head": 3,
  "n_layer": 5,
  "seed": 1810699463.5809681,
  "weight_decay": 0.0021651076732818
}