{
  "batch_size": 63,
  "beta_1": 0.7066446996886665,
  "beta_2": 0.4066117797090856,
  "block_size": 67,
  "dropout": 0.27379864146251687,
  "epsilon": 0.0005812517098302073,
  "lr": 9.336480671084846e-06,
  "n_embd": 17,
  "n_head": 5,
  "n_layer": 4,
  "seed": 813099431,
  "weight_decay": 1.7977993150058345e-07
}