{
  "batch_size": 30.411518643961056,
  "beta_1": 0.949977422335222,
  "beta_2": 0.9593949867965658,
  "block_size": 339.5007786477781,
  "dropout": 0.4132424425743687,
  "epsilon": 0.0008222495585920783,
  "lr": 0.02967905520113464,
  "n_embd": 52.81571481927631,
  "n_head": 3.8257840063914323,
  "n_layer": 2.853364078886385,
  "seed": 1798529214.1447191,
  "weight_decay": 0.0008886709422243741
}