{
  "batch_size": 38,
  "beta_1": 0.5916125670081033,
  "beta_2": 0.766959206784332,
  "block_size": 199,
  "dropout": 0.09493452516932106,
  "epsilon": 5.943719846388979e-10,
  "lr": 6.6636416967252284e-06,
  "n_embd": 27,
  "n_head": 1,
  "n_layer": 6,
  "seed": 196359754,
  "weight_decay": 8.62466988744989e-05
}