{
  "batch_size": 49,
  "beta_1": 0.5152959807522,
  "beta_2": 0.22397949457152294,
  "block_size": 84,
  "dropout": 0.4529362090247334,
  "epsilon": 3.329312257063576e-08,
  "lr": 2.8024065538052058e-05,
  "n_embd": 28,
  "n_head": 4,
  "n_layer": 3,
  "seed": 1892467613,
  "weight_decay": 2.6142728802037188e-05
}