{
  "batch_size": 71.28533428012977,
  "beta_1": 0.28529598734981965,
  "beta_2": 0.9161329624321787,
  "block_size": 312.01779010167945,
  "dropout": 0.31448968664487925,
  "epsilon": 0.0009012364087796458,
  "lr": 0.09589035474719859,
  "n_embd": 42.549256004341316,
  "n_head": 5.555447934378128,
  "n_layer": 6.797041920336146,
  "seed": 1419552472.4006572,
  "weight_decay": 0.009407558680505863
}