{
  "batch_size": 32.26350668369622,
  "beta_1": 0.47912170831018985,
  "beta_2": 0.1348988325432425,
  "block_size": 121.49058813930101,
  "dropout": 0.3745098818689171,
  "epsilon": 0.00010118764216534746,
  "lr": 0.02605024843522285,
  "n_embd": 11.656147044203735,
  "n_head": 3.587563931432687,
  "n_layer": 3.4130179910850007,
  "seed": 624983115.0682325,
  "weight_decay": 0.002967225035622301
}