{
  "batch_size": 50.31756279360493,
  "beta_1": 0.30239864443718684,
  "beta_2": 0.20849897090712483,
  "block_size": 188.36878280791765,
  "dropout": 0.4726900900021108,
  "epsilon": 5.021990012815351e-05,
  "lr": 0.09539354458479432,
  "n_embd": 31.426398620280764,
  "n_head": 5.944221361678494,
  "n_layer": 4.794491117540271,
  "seed": 1802119918.9209702,
  "weight_decay": 0.007188250013623459
}