{
  "batch_size": 32,
  "beta_1": 0.6284595224151994,
  "beta_2": 0.9512832377860956,
  "block_size": 233,
  "dropout": 0.4456829907245178,
  "epsilon": 5.4412726e-09,
  "lr": 2.6411227587e-06,
  "n_embd": 20,
  "n_head": 3,
  "n_layer": 3,
  "seed": 841237701.3757187,
  "weight_decay": 0.0069510472666861
}