{
  "batch_size": 27,
  "beta_1": 0.5473385549645778,
  "beta_2": 0.14747518618105138,
  "block_size": 289,
  "dropout": 0.29312021836111707,
  "epsilon": 2.99431725280726e-08,
  "lr": 1.5823568480030396e-06,
  "n_embd": 12,
  "n_head": 2,
  "n_layer": 1,
  "seed": 473692547,
  "weight_decay": 3.591545322080286e-05
}