{
  "batch_size": 34.290076036480755,
  "beta_1": 0.17742727701296926,
  "beta_2": 0.2895698969487478,
  "block_size": 314.0234913905888,
  "dropout": 0.2785268663559717,
  "epsilon": 0.0003085571263964255,
  "lr": 0.09344057881324115,
  "n_embd": 40.60480254710129,
  "n_head": 2.8205086508088937,
  "n_layer": 1.8486735486546757,
  "seed": 1139674424.962718,
  "weight_decay": 0.008408317476444917
}