{
  "batch_size": 79.03662452123058,
  "beta_1": 0.8946645097765424,
  "beta_2": 0.48567532929189317,
  "block_size": 130.1574347712693,
  "dropout": 0.46856100711918747,
  "epsilon": 0.0007701382558811897,
  "lr": 0.03851596455402971,
  "n_embd": 31.068746974244625,
  "n_head": 2.394445444558146,
  "n_layer": 3.900992847891313,
  "seed": 890037291.479965,
  "weight_decay": 0.006881224040098328
}