{
  "batch_size": 29,
  "beta_1": 0.951754533197046,
  "beta_2": 0.6667340493182222,
  "block_size": 208,
  "dropout": 0.135258999794282,
  "epsilon": 1.2976984785e-06,
  "lr": 0.0024769574956339,
  "n_embd": 52,
  "n_head": 3,
  "n_layer": 4,
  "seed": 1914413474.6428552,
  "weight_decay": 3.514149e-08
}