{
  "batch_size": 24.531840025831638,
  "beta_1": 0.8527159035853003,
  "beta_2": 0.1656431805256759,
  "block_size": 265.4317345645086,
  "dropout": 0.2602258455688473,
  "epsilon": 0.00039301894618355937,
  "lr": 0.07768068427762764,
  "n_embd": 37.858472006285915,
  "n_head": 1.6835026558865689,
  "n_layer": 1.5056233260169587,
  "seed": 1186359815.0589805,
  "weight_decay": 0.009961773460434942
}