{
  "batch_size": 16.009857780271265,
  "beta_1": 0.3806174771355869,
  "beta_2": 0.6897845997387271,
  "block_size": 340.8113403303439,
  "dropout": 0.18162024510301467,
  "epsilon": 0.0006061086516412734,
  "lr": 0.058587712210730634,
  "n_embd": 4.875634799265132,
  "n_head": 1.0619490661108202,
  "n_layer": 3.4001175326165756,
  "seed": 1196211808.7961867,
  "weight_decay": 0.009000345953196955
}