{
  "batch_size": 80,
  "beta_1": 0.6616542676761548,
  "beta_2": 0.49225234773687787,
  "block_size": 310,
  "dropout": 0.42641340911503245,
  "epsilon": 1.0769180690904892e-06,
  "lr": 0.05347584272335637,
  "n_embd": 35,
  "n_head": 2,
  "n_layer": 4,
  "seed": 688718484,
  "weight_decay": 0.0026057871324438055
}