{
  "batch_size": 85.25458363311175,
  "beta_1": 0.7164337860641938,
  "beta_2": 0.9212018076966101,
  "block_size": 296.9124395063599,
  "dropout": 0.28942807174930746,
  "epsilon": 0.0006771948077197759,
  "lr": 0.03164544227738197,
  "n_embd": 32.59073659767534,
  "n_head": 5.553840132479584,
  "n_layer": 6.45452311378237,
  "seed": 297719705.6516593,
  "weight_decay": 0.0072716274705580545
}