{
  "batch_size": 82.66948932435623,
  "beta_1": 0.7303127460641814,
  "beta_2": 0.8521842654709473,
  "block_size": 238.4469153535861,
  "dropout": 0.1923937738528746,
  "epsilon": 0.0002460522437084146,
  "lr": 0.006947797811070799,
  "n_embd": 36.73945151639729,
  "n_head": 5.925070903120097,
  "n_layer": 4.32113343092934,
  "seed": 471797827.3244955,
  "weight_decay": 0.007545432319767179
}