{
  "batch_size": 85,
  "beta_1": 0.32470423190990977,
  "beta_2": 0.9984918803558802,
  "block_size": 101,
  "dropout": 0.233624910636865,
  "epsilon": 4.0318449151071655e-10,
  "lr": 0.00011934155662538333,
  "n_embd": 24,
  "n_head": 3,
  "n_layer": 4,
  "seed": 424339489,
  "weight_decay": 1.8361983354257344e-07
}