{
  "batch_size": 81.95926068865731,
  "beta_1": 0.10649973201631491,
  "beta_2": 0.6703956584875551,
  "block_size": 257.0676938958667,
  "dropout": 0.2439899466934865,
  "epsilon": 0.0005877766161258826,
  "lr": 0.0969763275583431,
  "n_embd": 1.303537235388516,
  "n_head": 3.11543558544879,
  "n_layer": 6.758428729272107,
  "seed": 1798530314.7485666,
  "weight_decay": 0.004953423900861224
}