{
  "batch_size": 69,
  "beta_1": 0.7972616830352094,
  "beta_2": 0.857187177199264,
  "block_size": 210,
  "dropout": 0.3726066530138114,
  "epsilon": 0.0005811705428989,
  "lr": 0.0045914470578704,
  "n_embd": 36,
  "n_head": 6,
  "n_layer": 1,
  "seed": 1011223840.7261026,
  "weight_decay": 0.001387936452023
}