{
  "batch_size": 43,
  "beta_1": 0.4987729333465917,
  "beta_2": 0.45335088127693457,
  "block_size": 296,
  "dropout": 0.19073082654446544,
  "epsilon": 8.198020991019672e-08,
  "lr": 0.00017555669370208677,
  "n_embd": 39,
  "n_head": 6,
  "n_layer": 4,
  "seed": 1878594761,
  "weight_decay": 0.0005713573323987083
}