{
  "batch_size": 48.86828239483408,
  "beta_1": 0.2219021873127979,
  "beta_2": 0.6006695132033647,
  "block_size": 76.58394480247682,
  "dropout": 0.2893655939881348,
  "epsilon": 0.000538039298959793,
  "lr": 0.028705817145943887,
  "n_embd": 10.38436996253063,
  "n_head": 6.976340785139372,
  "n_layer": 1.495907487245259,
  "seed": 1316335868.7970016,
  "weight_decay": 0.0021844212253829165
}