{
  "batch_size": 48.138057915543826,
  "beta_1": 0.22568745476918042,
  "beta_2": 0.3412465344343425,
  "block_size": 275.4836205519433,
  "dropout": 0.34811453591216235,
  "epsilon": 0.0008393697823868382,
  "lr": 0.09131513452881491,
  "n_embd": 17.50806945125537,
  "n_head": 6.001774110535719,
  "n_layer": 4.282286928393498,
  "seed": 899836708.5988585,
  "weight_decay": 0.0010874174810708258
}