{
  "batch_size": 83,
  "beta_1": 0.8768337857697027,
  "beta_2": 0.8744231331071519,
  "block_size": 121,
  "dropout": 0.27881412973511244,
  "epsilon": 2.6583061563378835e-05,
  "lr": 0.0011160177377949904,
  "n_embd": 28,
  "n_head": 1,
  "n_layer": 4,
  "seed": 1697495742,
  "weight_decay": 1.7245513503033615e-07
}