{
  "batch_size": 79.31309551893716,
  "beta_1": 0.5907903749211122,
  "beta_2": 0.9202336015677697,
  "block_size": 79.78582559611921,
  "dropout": 0.2757045148561186,
  "epsilon": 0.0008064251296308538,
  "lr": 0.061927123685775076,
  "n_embd": 16.609612172561167,
  "n_head": 6.508752931285633,
  "n_layer": 3.045785163197516,
  "seed": 567778143.4850975,
  "weight_decay": 0.002643239878734456
}