{
  "batch_size": 87.30760663260482,
  "beta_1": 0.6136333987464009,
  "beta_2": 0.15643647090344867,
  "block_size": 249.30812106139462,
  "dropout": 0.33838136907416816,
  "epsilon": 0.0008366838570242971,
  "lr": 0.01197506736835443,
  "n_embd": 29.098404955978772,
  "n_head": 5.629979989423488,
  "n_layer": 4.706802610218514,
  "seed": 877717198.7050704,
  "weight_decay": 0.009860700804166095
}