{
  "batch_size": 44.00567524481595,
  "beta_1": 0.12095751839315841,
  "beta_2": 0.20490087115994426,
  "block_size": 329.6617509345136,
  "dropout": 0.15022532456992807,
  "epsilon": 0.00010323685078597296,
  "lr": 0.022942002701326424,
  "n_embd": 23.72904125733364,
  "n_head": 2.9964957303231676,
  "n_layer": 1.0037687945037002,
  "seed": 1136662839.5782838,
  "weight_decay": 0.004537586119717698
}