{
  "batch_size": 92,
  "beta_1": 0.8840695189105534,
  "beta_2": 0.5492074928746772,
  "block_size": 312,
  "dropout": 0.1448863343309694,
  "epsilon": 7.3257341265e-06,
  "lr": 0.0019489194827444,
  "n_embd": 45,
  "n_head": 4,
  "n_layer": 3,
  "seed": 1372349722.2116485,
  "weight_decay": 1.320592465e-07
}