{
  "batch_size": 76,
  "beta_1": 0.5293049828329757,
  "beta_2": 0.5315129894583718,
  "block_size": 297,
  "dropout": 0.26856130467443484,
  "epsilon": 1.439809667964185e-07,
  "lr": 1.1386307193281638e-06,
  "n_embd": 12,
  "n_head": 3,
  "n_layer": 6,
  "seed": 334581960,
  "weight_decay": 2.921872722917525e-05
}