{
  "batch_size": 43.5731780177576,
  "beta_1": 0.6835026875755746,
  "beta_2": 0.4170266804466072,
  "block_size": 147.13603693327514,
  "dropout": 0.4018824251864691,
  "epsilon": 0.00090995787648557,
  "lr": 0.08874502273757456,
  "n_embd": 30.683860974643775,
  "n_head": 5.228181465733316,
  "n_layer": 4.9438773245616705,
  "seed": 877540666.78185,
  "weight_decay": 0.006175693154483568
}