{
  "batch_size": 69,
  "beta_1": 0.2534530697725498,
  "beta_2": 0.3892694402706375,
  "block_size": 92,
  "dropout": 0.1739620527349717,
  "epsilon": 2.2875417798e-06,
  "lr": 0.0104685398672543,
  "n_embd": 45,
  "n_head": 2,
  "n_layer": 4,
  "seed": 216618496.83399892,
  "weight_decay": 0.0001478361520986
}