{
  "batch_size": 54,
  "beta_1": 0.4608387687245692,
  "beta_2": 0.450891370557422,
  "block_size": 330,
  "dropout": 0.1393048552571563,
  "epsilon": 4.0191384435447445e-08,
  "lr": 4.811177471698003e-06,
  "n_embd": 41,
  "n_head": 5,
  "n_layer": 6,
  "seed": 841012874,
  "weight_decay": 0.004446837306641816
}