{
  "batch_size": 70,
  "beta_1": 0.25785516391088104,
  "beta_2": 0.8946233822840162,
  "block_size": 105,
  "dropout": 0.16046975630499027,
  "epsilon": 0.00015634289929856285,
  "lr": 0.0016726912327282093,
  "n_embd": 25,
  "n_head": 3,
  "n_layer": 4,
  "seed": 1691974472,
  "weight_decay": 0.00012722958775492491
}