{
  "batch_size": 79.25653392588461,
  "beta_1": 0.9852795734731539,
  "beta_2": 0.11345358071350031,
  "block_size": 378.5857855596647,
  "dropout": 0.142444654489286,
  "epsilon": 9.394193925315437e-05,
  "lr": 0.05497725620799043,
  "n_embd": 30.430980435342924,
  "n_head": 5.131449811567061,
  "n_layer": 5.141329648547607,
  "seed": 1196305730.013914,
  "weight_decay": 0.007457317375496009
}