{
  "batch_size": 18,
  "beta_1": 0.2399484861139938,
  "beta_2": 0.1295403542254992,
  "block_size": 81,
  "dropout": 0.2318139643176409,
  "epsilon": 1.0617736944e-06,
  "lr": 0.0030005544625559,
  "n_embd": 30,
  "n_head": 4,
  "n_layer": 5,
  "seed": 1397623629.5187154,
  "weight_decay": 1.34153498e-08
}