{
  "batch_size": 22,
  "beta_1": 0.9754304040673981,
  "beta_2": 0.8121487226396912,
  "block_size": 224,
  "dropout": 0.14285064525305927,
  "epsilon": 2.089291631776426e-10,
  "lr": 7.336537124859555e-05,
  "n_embd": 40,
  "n_head": 3,
  "n_layer": 3,
  "seed": 780115425,
  "weight_decay": 0.003649798116561964
}