{
  "batch_size": 78.35252100895518,
  "beta_1": 0.4635752335736769,
  "beta_2": 0.7301344212855685,
  "block_size": 243.07210283990713,
  "dropout": 0.48644623584260316,
  "epsilon": 0.0003917039309985809,
  "lr": 0.04425166126959899,
  "n_embd": 40.216305654238184,
  "n_head": 1.3257242604115091,
  "n_layer": 4.369764029441795,
  "seed": 312307841.14612216,
  "weight_decay": 0.0072011775738257035
}