{
  "batch_size": 23,
  "beta_1": 0.5529926801064871,
  "beta_2": 0.2684462824455327,
  "block_size": 162,
  "dropout": 0.3993297123319304,
  "epsilon": 3.42591181e-08,
  "lr": 0.0007842055453243,
  "n_embd": 25,
  "n_head": 6,
  "n_layer": 4,
  "seed": 1673702900.9864514,
  "weight_decay": 1.20075985e-08
}