{
  "batch_size": 20,
  "beta_1": 0.4506414989292734,
  "beta_2": 0.3445267889339138,
  "block_size": 328,
  "dropout": 0.43177269173543487,
  "epsilon": 1.2834095646173617e-08,
  "lr": 3.628509572421472e-05,
  "n_embd": 14,
  "n_head": 6,
  "n_layer": 1,
  "seed": 330966587,
  "weight_decay": 7.860434892668665e-06
}