{
  "batch_size": 25.67546685238902,
  "beta_1": 0.6974214800345785,
  "beta_2": 0.8169031160986064,
  "block_size": 297.10930909968704,
  "dropout": 0.4670717453721932,
  "epsilon": 0.0006121911532606466,
  "lr": 0.09525333868679227,
  "n_embd": 7.038579954423116,
  "n_head": 1.157373668159771,
  "n_layer": 2.999268069646545,
  "seed": 1041129945.3907282,
  "weight_decay": 0.003413781108702493
}