{
  "batch_size": 40.44849625727495,
  "beta_1": 0.4911244649713523,
  "beta_2": 0.11407094540355413,
  "block_size": 280.37987777255046,
  "dropout": 0.11442276140827148,
  "epsilon": 0.00029834163974964023,
  "lr": 0.012438695375671546,
  "n_embd": 50.26310826609823,
  "n_head": 4.318119963841746,
  "n_layer": 4.205078216569849,
  "seed": 1216051324.160376,
  "weight_decay": 0.007851068752287305
}