{
  "batch_size": 82,
  "beta_1": 0.2194496500078204,
  "beta_2": 0.9715766294397197,
  "block_size": 303,
  "dropout": 0.48446128561748314,
  "epsilon": 1.791853035798536e-10,
  "lr": 0.0004913406638985952,
  "n_embd": 3,
  "n_head": 2,
  "n_layer": 4,
  "seed": 1960089415,
  "weight_decay": 3.481020051074339e-07
}