{
  "batch_size": 90,
  "beta_1": 0.1255275823317418,
  "beta_2": 0.6065533709577553,
  "block_size": 264,
  "dropout": 0.1836156666697995,
  "epsilon": 8.7551437e-09,
  "lr": 0.0016795623285971,
  "n_embd": 52,
  "n_head": 5,
  "n_layer": 3,
  "seed": 1607406983.550585,
  "weight_decay": 3.82238786e-08
}