{
  "batch_size": 44,
  "beta_1": 0.2014789690850074,
  "beta_2": 0.7349210665241952,
  "block_size": 151,
  "dropout": 0.1142424210117226,
  "epsilon": 1.76846808275e-05,
  "lr": 0.0005544220379067,
  "n_embd": 35,
  "n_head": 4,
  "n_layer": 4,
  "seed": 406924109.6651135,
  "weight_decay": 0.0006104859301297
}