{
  "batch_size": 51,
  "beta_1": 0.34807797669776275,
  "beta_2": 0.9265253910286068,
  "block_size": 104,
  "dropout": 0.15370009145074115,
  "epsilon": 2.7152377055467064e-08,
  "lr": 0.024862493998553042,
  "n_embd": 18,
  "n_head": 4,
  "n_layer": 5,
  "seed": 641452353,
  "weight_decay": 1.6959937774035497e-07
}