{
  "batch_size": 73.92498762546234,
  "beta_1": 0.7710110241201631,
  "beta_2": 0.25235893703180834,
  "block_size": 247.60052763184424,
  "dropout": 0.49282189794499887,
  "epsilon": 0.0005527286605535188,
  "lr": 0.0546321827241099,
  "n_embd": 37.67018244687473,
  "n_head": 6.597192236613898,
  "n_layer": 1.5129771695299743,
  "seed": 982706061.8662126,
  "weight_decay": 0.007960346620405893
}