{
  "batch_size": 80.83107382865927,
  "beta_1": 0.19256972355094198,
  "beta_2": 0.7117992423564345,
  "block_size": 120.310941192971,
  "dropout": 0.4806685419596567,
  "epsilon": 5.630528187705277e-05,
  "lr": 0.07489901261919168,
  "n_embd": 25.842972078623806,
  "n_head": 4.607753760085361,
  "n_layer": 6.414131129894205,
  "seed": 1416476090.1591842,
  "weight_decay": 0.001659347153698549
}