{
  "batch_size": 76.46969784674471,
  "beta_1": 0.5857546347992907,
  "beta_2": 0.9966980947085587,
  "block_size": 110.19937400798972,
  "dropout": 0.23810746748310066,
  "epsilon": 0.00019728795796577426,
  "lr": 0.04724022795401469,
  "n_embd": 19.56991742604756,
  "n_head": 4.460017785432495,
  "n_layer": 6.723191118669859,
  "seed": 960288229.7250917,
  "weight_decay": 0.0010220344994801435
}