{
  "batch_size": 34.605622687394614,
  "beta_1": 0.4070074349182081,
  "beta_2": 0.8269764728337686,
  "block_size": 341.9276198753481,
  "dropout": 0.29820445648758187,
  "epsilon": 0.0004955623133215724,
  "lr": 0.07569861489341848,
  "n_embd": 25.882409231185434,
  "n_head": 1.750572325829331,
  "n_layer": 4.734985476456258,
  "seed": 1631565501.0442255,
  "weight_decay": 0.004151081541569646
}