{
  "batch_size": 88.25810595684243,
  "beta_1": 0.6535100357198261,
  "beta_2": 0.9192453079964215,
  "block_size": 342.94231344692486,
  "dropout": 0.4056516074957762,
  "epsilon": 0.0008982413017057277,
  "lr": 0.018598593140388656,
  "n_embd": 36.6629386898688,
  "n_head": 3.2771359509654228,
  "n_layer": 4.5293555074783445,
  "seed": 2120852692.6181066,
  "weight_decay": 0.009748890895693113
}