{
  "batch_size": 94,
  "beta_1": 0.642378593433072,
  "beta_2": 0.2589816825514092,
  "block_size": 172,
  "dropout": 0.2349080749363798,
  "epsilon": 1.3746005716e-06,
  "lr": 0.0003973954941887,
  "n_embd": 34,
  "n_head": 6,
  "n_layer": 5,
  "seed": 1777520353.3052342,
  "weight_decay": 6.7143532787e-06
}