{
  "batch_size": 54,
  "beta_1": 0.7954903173221427,
  "beta_2": 0.30509793079295133,
  "block_size": 306,
  "dropout": 0.10098924801964744,
  "epsilon": 0.00039180791374692604,
  "lr": 1.1103125120248437e-05,
  "n_embd": 13,
  "n_head": 1,
  "n_layer": 6,
  "seed": 726811252,
  "weight_decay": 5.91476361834424e-05
}