{
  "batch_size": 23,
  "beta_1": 0.6873994839621185,
  "beta_2": 0.3292282040101192,
  "block_size": 150,
  "dropout": 0.220312639277408,
  "epsilon": 0.0001921046452544,
  "lr": 0.0029948470454761,
  "n_embd": 29,
  "n_head": 1,
  "n_layer": 1,
  "seed": 454883969.6300811,
  "weight_decay": 0.0019675262002146
}