{
  "batch_size": 65.59822047913201,
  "beta_1": 0.2528924234164998,
  "beta_2": 0.7921715858433762,
  "block_size": 169.58516613337568,
  "dropout": 0.3578178126567024,
  "epsilon": 0.0006996633242851002,
  "lr": 0.07017860029434102,
  "n_embd": 32.09937632442462,
  "n_head": 1.030530252476285,
  "n_layer": 2.1862975684467294,
  "seed": 1586749737.4822474,
  "weight_decay": 0.004568893124462871
}