{
  "batch_size": 83.86182059616151,
  "beta_1": 0.735199842550118,
  "beta_2": 0.328083722430149,
  "block_size": 90.56843491400127,
  "dropout": 0.25716203691701073,
  "epsilon": 0.0007436761664191134,
  "lr": 0.0664669749313315,
  "n_embd": 45.18679226885533,
  "n_head": 3.225639207334749,
  "n_layer": 6.15333878104374,
  "seed": 1574723199.7311795,
  "weight_decay": 0.00170520975892695
}