{
  "batch_size": 95,
  "beta_1": 0.9329198647180962,
  "beta_2": 0.8566941800829975,
  "block_size": 121,
  "dropout": 0.3378170727825705,
  "epsilon": 2.7710188204e-05,
  "lr": 0.0296577221440292,
  "n_embd": 40,
  "n_head": 1,
  "n_layer": 5,
  "seed": 429337955.62865907,
  "weight_decay": 1.7653172641e-06
}