{
  "batch_size": 38.38200164262318,
  "beta_1": 0.8440929952640428,
  "beta_2": 0.1556723290939176,
  "block_size": 360.84114927355523,
  "dropout": 0.28009074846898274,
  "epsilon": 0.00031139283376838947,
  "lr": 0.07408879031877838,
  "n_embd": 0.8534034863066006,
  "n_head": 2.7381826216383027,
  "n_layer": 2.4704339283722447,
  "seed": 2026251937.36972,
  "weight_decay": 0.005610884350937767
}