{
  "batch_size": 21,
  "beta_1": 0.9888600049505505,
  "beta_2": 0.9271250771722396,
  "block_size": 224,
  "dropout": 0.269270436704745,
  "epsilon": 1.6714333054211408e-09,
  "lr": 6.521366333208494e-05,
  "n_embd": 40,
  "n_head": 3,
  "n_layer": 3,
  "seed": 780115425,
  "weight_decay": 6.527906061475275e-08
}