{
  "batch_size": 93,
  "beta_1": 0.63919411128226,
  "beta_2": 0.8993398585715547,
  "block_size": 119,
  "dropout": 0.1687232836544773,
  "epsilon": 1.6018567e-09,
  "lr": 0.007736868019512,
  "n_embd": 11,
  "n_head": 3,
  "n_layer": 3,
  "seed": 1774012742.8458815,
  "weight_decay": 1.60997091e-08
}