{
  "batch_size": 41.43083647765603,
  "beta_1": 0.7165300301261615,
  "beta_2": 0.32062511344372496,
  "block_size": 307.55830985518446,
  "dropout": 0.3935867489187591,
  "epsilon": 0.0005415617883429446,
  "lr": 0.09257273836864348,
  "n_embd": 44.68609950554204,
  "n_head": 3.0741362292607346,
  "n_layer": 5.692235071148512,
  "seed": 1274939379.488013,
  "weight_decay": 0.0036425308917911355
}