{
  "batch_size": 37,
  "beta_1": 0.6526013180660457,
  "beta_2": 0.8832897384070244,
  "block_size": 204,
  "dropout": 0.2139353310448417,
  "epsilon": 0.00015189203456082327,
  "lr": 0.00011398002175131313,
  "n_embd": 15,
  "n_head": 6,
  "n_layer": 2,
  "seed": 899664619,
  "weight_decay": 6.176610667842753e-06
}