{
  "batch_size": 26,
  "beta_1": 0.6957681722666407,
  "beta_2": 0.3144300739121687,
  "block_size": 371,
  "dropout": 0.38201293967076166,
  "epsilon": 0.0005434331203707167,
  "lr": 0.046713583799976414,
  "n_embd": 43,
  "n_head": 1,
  "n_layer": 5,
  "seed": 1350331156,
  "weight_decay": 2.9730546663259227e-06
}