{
  "batch_size": 66,
  "beta_1": 0.921086165399898,
  "beta_2": 0.13499146924829664,
  "block_size": 283,
  "dropout": 0.37082817546654484,
  "epsilon": 5.244732896582715e-09,
  "lr": 0.014748575049265425,
  "n_embd": 49,
  "n_head": 5,
  "n_layer": 1,
  "seed": 876935080,
  "weight_decay": 3.045785402350945e-08
}