{
  "batch_size": 82,
  "beta_1": 0.11604586956369661,
  "beta_2": 0.9066230123250009,
  "block_size": 310,
  "dropout": 0.4415416334386594,
  "epsilon": 9.92985772190973e-10,
  "lr": 1.6386944702637988e-05,
  "n_embd": 48,
  "n_head": 2,
  "n_layer": 2,
  "seed": 1050982982,
  "weight_decay": 1.001461779465087e-08
}