{
  "batch_size": 57.62102564550743,
  "beta_1": 0.32300974531896304,
  "beta_2": 0.21600603241089897,
  "block_size": 176.97375614787728,
  "dropout": 0.28309273184953254,
  "epsilon": 0.00043558873743409067,
  "lr": 0.061442911801170674,
  "n_embd": 29.054507374266,
  "n_head": 1.1120866461115422,
  "n_layer": 4.9495187128624405,
  "seed": 1331036426.3791869,
  "weight_decay": 0.0039902512534552535
}