{
  "batch_size": 66.57773110466971,
  "beta_1": 0.7924493689368246,
  "beta_2": 0.293139521340264,
  "block_size": 281.47805637458987,
  "dropout": 0.2820727890766951,
  "epsilon": 0.0007177813438481329,
  "lr": 0.04828565815183084,
  "n_embd": 41.04095550273791,
  "n_head": 4.513807649085301,
  "n_layer": 4.694127980999488,
  "seed": 1912987272.140319,
  "weight_decay": 0.0008171376774844364
}