{
  "batch_size": 83.115530636607,
  "beta_1": 0.40442895096677967,
  "beta_2": 0.6327017642840638,
  "block_size": 325.4705682400335,
  "dropout": 0.22010983664147027,
  "epsilon": 0.0009294930873504042,
  "lr": 0.04188190394035904,
  "n_embd": 14.529876754005112,
  "n_head": 5.0069827894638825,
  "n_layer": 5.636212825234455,
  "seed": 1429791153.5228786,
  "weight_decay": 0.0029036581388579433
}