{
  "batch_size": 61,
  "beta_1": 0.4305240607772012,
  "beta_2": 0.19769455523823626,
  "block_size": 207,
  "dropout": 0.2312312529422249,
  "epsilon": 3.75125467500267e-10,
  "lr": 1.0870609615245083e-05,
  "n_embd": 38,
  "n_head": 4,
  "n_layer": 4,
  "seed": 1517098975,
  "weight_decay": 2.6242540795329343e-08
}