{
  "batch_size": 17,
  "beta_1": 0.5944472251688194,
  "beta_2": 0.2692698948946117,
  "block_size": 104,
  "dropout": 0.4259948931992713,
  "epsilon": 6.586283500612682e-07,
  "lr": 0.04501897337070158,
  "n_embd": 49,
  "n_head": 2,
  "n_layer": 6,
  "seed": 629821254,
  "weight_decay": 4.552853427264802e-05
}