{
  "batch_size": 36,
  "beta_1": 0.9700261776713022,
  "beta_2": 0.5105627213911647,
  "block_size": 381,
  "dropout": 0.2152436772585565,
  "epsilon": 9.7577829e-09,
  "lr": 3.5969059473e-06,
  "n_embd": 51,
  "n_head": 3,
  "n_layer": 4,
  "seed": 676052115.9914795,
  "weight_decay": 0.002724920237039
}