{
  "batch_size": 38,
  "beta_1": 0.453278354356727,
  "beta_2": 0.915660337038992,
  "block_size": 154,
  "dropout": 0.4357040135752509,
  "epsilon": 2.7519146e-08,
  "lr": 0.0013294836939006,
  "n_embd": 21,
  "n_head": 4,
  "n_layer": 1,
  "seed": 1033944364.181461,
  "weight_decay": 7.393137351e-07
}