{
  "batch_size": 71,
  "beta_1": 0.8996344714638708,
  "beta_2": 0.1989949277466028,
  "block_size": 331,
  "dropout": 0.2145876878987883,
  "epsilon": 6.8853195e-09,
  "lr": 1.40702077805e-05,
  "n_embd": 11,
  "n_head": 6,
  "n_layer": 3,
  "seed": 1231428765.2607126,
  "weight_decay": 0.0024039050972939
}