{
  "batch_size": 54.590433807708294,
  "beta_1": 0.38550008986104634,
  "beta_2": 0.6276595483023847,
  "block_size": 186.50298694895213,
  "dropout": 0.21561898868761956,
  "epsilon": 0.0002909355892992712,
  "lr": 0.0737075397316596,
  "n_embd": 38.71934561527524,
  "n_head": 3.9499080713960035,
  "n_layer": 3.8078780035163144,
  "seed": 1128161836.9076269,
  "weight_decay": 0.007716597893733924
}