{
  "batch_size": 90,
  "beta_1": 0.1274083084033534,
  "beta_2": 0.1814615688268609,
  "block_size": 67,
  "dropout": 0.147577757394964,
  "epsilon": 0.0001916414375529,
  "lr": 0.0025278248158729,
  "n_embd": 4,
  "n_head": 5,
  "n_layer": 4,
  "seed": 1970570373.1455545,
  "weight_decay": 0.0009329737713697
}