{
  "batch_size": 74.89345814421964,
  "beta_1": 0.4608897500948502,
  "beta_2": 0.9453413786383245,
  "block_size": 70.05781093399494,
  "dropout": 0.12737031426962667,
  "epsilon": 0.00028951977391223575,
  "lr": 0.05676853372467127,
  "n_embd": 3.342442845691561,
  "n_head": 3.7996743081297697,
  "n_layer": 1.1239284848724638,
  "seed": 1790150793.5304441,
  "weight_decay": 0.0007307090005693609
}