{
  "batch_size": 33.64091286508622,
  "beta_1": 0.3548297383736163,
  "beta_2": 0.2909268862977118,
  "block_size": 196.3007638496112,
  "dropout": 0.313347152993251,
  "epsilon": 2.1904294922102628e-05,
  "lr": 0.08940755856590805,
  "n_embd": 43.15157226435929,
  "n_head": 5.177765372034912,
  "n_layer": 4.0730323197417375,
  "seed": 14862979.657992778,
  "weight_decay": 0.008200709055440599
}