{
  "batch_size": 45.37503709915056,
  "beta_1": 0.6636928804101269,
  "beta_2": 0.181469752498144,
  "block_size": 253.49671737235613,
  "dropout": 0.36445390248326703,
  "epsilon": 9.175108992150219e-05,
  "lr": 0.09110981553919167,
  "n_embd": 18.62612671822118,
  "n_head": 6.879023802236268,
  "n_layer": 6.039140450098938,
  "seed": 139991112.46965525,
  "weight_decay": 0.00017791277720716122
}