{
  "batch_size": 16.266010703178043,
  "beta_1": 0.12256578277187764,
  "beta_2": 0.6152152443804848,
  "block_size": 346.6958306962764,
  "dropout": 0.4716001599462595,
  "epsilon": 0.0005120054367039417,
  "lr": 0.017359718715291527,
  "n_embd": 4.437205725331507,
  "n_head": 6.038509135893422,
  "n_layer": 6.959075148766478,
  "seed": 2124423715.3656952,
  "weight_decay": 0.005300669280747525
}