{
  "batch_size": 80.08457411896177,
  "beta_1": 0.6695579466071534,
  "beta_2": 0.934524956641934,
  "block_size": 77.436937792128,
  "dropout": 0.267445070613921,
  "epsilon": 0.0009243674077358695,
  "lr": 0.04276088760122499,
  "n_embd": 2.916000130185439,
  "n_head": 1.3216459505644726,
  "n_layer": 5.127763530743299,
  "seed": 1527019847.471823,
  "weight_decay": 0.003495207853381394
}