{
  "batch_size": 89.36378550413417,
  "beta_1": 0.7165448727551554,
  "beta_2": 0.9549274739435367,
  "block_size": 78.19088896972218,
  "dropout": 0.27609515715359567,
  "epsilon": 0.00048486675325926283,
  "lr": 0.06381689635717261,
  "n_embd": 26.890724510027272,
  "n_head": 3.9638267149474937,
  "n_layer": 4.402065036437352,
  "seed": 1777344701.6194692,
  "weight_decay": 0.005993758255642609
}