{
  "batch_size": 22.90244117350738,
  "beta_1": 0.47006485744328774,
  "beta_2": 0.37149001578768825,
  "block_size": 190.57094147202577,
  "dropout": 0.30009355152969397,
  "epsilon": 0.000213797461007044,
  "lr": 0.051334090306662535,
  "n_embd": 26.99651974990189,
  "n_head": 3.5476836257877973,
  "n_layer": 6.442135175793533,
  "seed": 1933977931.1355429,
  "weight_decay": 0.008238604399966163
}