{
  "batch_size": 54,
  "beta_1": 0.4199512481976335,
  "beta_2": 0.18705985096893712,
  "block_size": 181,
  "dropout": 0.2793092362803171,
  "epsilon": 2.6751860060353826e-10,
  "lr": 1.847536599848197e-05,
  "n_embd": 52,
  "n_head": 2,
  "n_layer": 3,
  "seed": 91675548,
  "weight_decay": 2.774518804674541e-08
}