{
  "batch_size": 35,
  "beta_1": 0.317032885228812,
  "beta_2": 0.579898287098247,
  "block_size": 145,
  "dropout": 0.2957858242902488,
  "epsilon": 1.48617829522e-05,
  "lr": 7.8089147922e-06,
  "n_embd": 36,
  "n_head": 5,
  "n_layer": 2,
  "seed": 718855037.9161772,
  "weight_decay": 0.0001784001017849
}