{
  "batch_size": 67,
  "beta_1": 0.3760931590796064,
  "beta_2": 0.6438328692010505,
  "block_size": 211,
  "dropout": 0.10441574621961812,
  "epsilon": 9.37275374443212e-10,
  "lr": 0.0334872051456919,
  "n_embd": 16,
  "n_head": 2,
  "n_layer": 3,
  "seed": 834863035,
  "weight_decay": 0.00016334508740900732
}