{
  "batch_size": 16,
  "beta_1": 0.21534997241021275,
  "beta_2": 0.8220919363456043,
  "block_size": 89,
  "dropout": 0.12065845024269924,
  "epsilon": 2.005729980924398e-05,
  "lr": 6.392529362133391e-06,
  "n_embd": 5,
  "n_head": 1,
  "n_layer": 4,
  "seed": 843472038,
  "weight_decay": 1.7297780856799729e-07
}