{
  "batch_size": 65,
  "beta_1": 0.7131430069350138,
  "beta_2": 0.3800395998170413,
  "block_size": 200,
  "dropout": 0.3507742545734084,
  "epsilon": 0.0002283165306538623,
  "lr": 0.075427502038011,
  "n_embd": 16,
  "n_head": 4,
  "n_layer": 5,
  "seed": 2064818255,
  "weight_decay": 0.0007147845634170227
}