{
  "batch_size": 66.6080568053076,
  "beta_1": 0.733427950976934,
  "beta_2": 0.4932769470984274,
  "block_size": 370.57649107645125,
  "dropout": 0.3985111385940039,
  "epsilon": 0.0008618171837554076,
  "lr": 0.04713426323247618,
  "n_embd": 50.85393227078101,
  "n_head": 4.664419459663373,
  "n_layer": 2.9923523905896108,
  "seed": 1020598475.9718353,
  "weight_decay": 0.005513447043887657
}