{
  "batch_size": 24,
  "beta_1": 0.17058373420451473,
  "beta_2": 0.5373922480337875,
  "block_size": 247,
  "dropout": 0.2699450660088796,
  "epsilon": 1.7798457066529636e-06,
  "lr": 0.0001374749025369863,
  "n_embd": 41,
  "n_head": 6,
  "n_layer": 2,
  "seed": 8691287,
  "weight_decay": 7.597342638661109e-08
}