{
  "batch_size": 82.7364718277247,
  "beta_1": 0.886548352013514,
  "beta_2": 0.9884142147433881,
  "block_size": 107.95049514527423,
  "dropout": 0.29609974587120746,
  "epsilon": 0.0008448350971947786,
  "lr": 0.017571696307668788,
  "n_embd": 25.940823935887785,
  "n_head": 1.6640703766916092,
  "n_layer": 3.002295553886613,
  "seed": 1856335206.272841,
  "weight_decay": 0.004179622135391347
}