{
  "batch_size": 44,
  "beta_1": 0.3085625206275952,
  "beta_2": 0.8934068089826142,
  "block_size": 283,
  "dropout": 0.12263526884980612,
  "epsilon": 1.6302745865052947e-07,
  "lr": 0.001404612282573373,
  "n_embd": 45,
  "n_head": 2,
  "n_layer": 4,
  "seed": 1439355366,
  "weight_decay": 6.495252413301773e-07
}