{
  "batch_size": 85,
  "beta_1": 0.7250666285496508,
  "beta_2": 0.9646295960783636,
  "block_size": 196,
  "dropout": 0.1045090135724431,
  "epsilon": 9.3488344e-09,
  "lr": 1.2222959598e-06,
  "n_embd": 5,
  "n_head": 6,
  "n_layer": 6,
  "seed": 1876870124.1486702,
  "weight_decay": 4.97892945e-08
}