{
  "batch_size": 60,
  "beta_1": 0.126017187616938,
  "beta_2": 0.3677473576599165,
  "block_size": 275,
  "dropout": 0.2604513707789146,
  "epsilon": 1.21174665e-07,
  "lr": 0.0003423073114541,
  "n_embd": 40,
  "n_head": 2,
  "n_layer": 2,
  "seed": 925021759.3044791,
  "weight_decay": 6.223057295e-07
}