{
  "batch_size": 47.538991820762064,
  "beta_1": 0.4841289556763747,
  "beta_2": 0.4442975262762755,
  "block_size": 154.05504024547753,
  "dropout": 0.2753094355645652,
  "epsilon": 0.00042450904489697015,
  "lr": 0.050635552193862725,
  "n_embd": 23.387064284692013,
  "n_head": 4.643796959827762,
  "n_layer": 3.418001826569445,
  "seed": 1880860001.6763449,
  "weight_decay": 0.003989812783555822
}