{
  "batch_size": 35.32464907238085,
  "beta_1": 0.9443355915235029,
  "beta_2": 0.5136769400971672,
  "block_size": 298.4166051054199,
  "dropout": 0.4359702244087086,
  "epsilon": 0.0005909229577571302,
  "lr": 0.023109996983384302,
  "n_embd": 35.91718477338648,
  "n_head": 2.1822493324573937,
  "n_layer": 6.807461640223724,
  "seed": 992094361.6810597,
  "weight_decay": 0.0014069816319267903
}