{
  "batch_size": 94.64914853246859,
  "beta_1": 0.20133969796139908,
  "beta_2": 0.8304358887881528,
  "block_size": 373.24569064366125,
  "dropout": 0.4830236638898685,
  "epsilon": 0.0009239588725410142,
  "lr": 0.0943927769166691,
  "n_embd": 46.95125791973451,
  "n_head": 3.614489716469137,
  "n_layer": 6.54070280487269,
  "seed": 641917010.6058788,
  "weight_decay": 0.009013255672822027
}