{
  "batch_size": 81.43495489195391,
  "beta_1": 0.646918289003965,
  "beta_2": 0.8959335863463336,
  "block_size": 339.70391227545633,
  "dropout": 0.302970552510455,
  "epsilon": 0.0006439962428080561,
  "lr": 0.010200297506520578,
  "n_embd": 37.2637952564169,
  "n_head": 5.123860783597053,
  "n_layer": 3.045411027244905,
  "seed": 1296252604.5514512,
  "weight_decay": 0.005728457073919427
}