{
  "batch_size": 51.34634140725049,
  "beta_1": 0.37848767800806804,
  "beta_2": 0.32282605854165414,
  "block_size": 157.55328500048176,
  "dropout": 0.27256116645463824,
  "epsilon": 0.00039243911051593935,
  "lr": 0.0790268651386396,
  "n_embd": 9.217438160463079,
  "n_head": 6.279935885993178,
  "n_layer": 5.376581840146961,
  "seed": 1374841648.5191424,
  "weight_decay": 0.006210968121482463
}