{
  "batch_size": 34.72754515732792,
  "beta_1": 0.8656867838170845,
  "beta_2": 0.1439444169067085,
  "block_size": 361.7924306160313,
  "dropout": 0.2760432015709678,
  "epsilon": 0.0003060123420798887,
  "lr": 0.017627791489605627,
  "n_embd": 50.463858235986905,
  "n_head": 2.1380093381404857,
  "n_layer": 2.975282173477399,
  "seed": 1935433334.1662602,
  "weight_decay": 0.007988912342417092
}