{
  "batch_size": 31.304425830307032,
  "beta_1": 0.6044310677757038,
  "beta_2": 0.736966940774576,
  "block_size": 331.8549093804272,
  "dropout": 0.30390511572703016,
  "epsilon": 0.0008895826435376934,
  "lr": 0.059465611447555904,
  "n_embd": 22.36497698558251,
  "n_head": 5.680704212707367,
  "n_layer": 6.035843481872405,
  "seed": 2002449484.3850265,
  "weight_decay": 0.0013554240599248644
}