{
  "batch_size": 94,
  "beta_1": 0.8453343047469406,
  "beta_2": 0.5692211265336395,
  "block_size": 338,
  "dropout": 0.2890856729100937,
  "epsilon": 1.7560447e-09,
  "lr": 0.0009034202947188,
  "n_embd": 1,
  "n_head": 5,
  "n_layer": 5,
  "seed": 81822615.6570218,
  "weight_decay": 4.78841225e-08
}