{
  "batch_size": 83,
  "beta_1": 0.6342815746092443,
  "beta_2": 0.8816997798927475,
  "block_size": 66,
  "dropout": 0.18419075375144164,
  "epsilon": 0.00036004660448962555,
  "lr": 0.001689077932574109,
  "n_embd": 52,
  "n_head": 4,
  "n_layer": 6,
  "seed": 1800740359,
  "weight_decay": 1.0260875546716054e-06
}