{
  "batch_size": 39.99831661287333,
  "beta_1": 0.5675307612250323,
  "beta_2": 0.21551567661510002,
  "block_size": 309.70282467774916,
  "dropout": 0.34810473493204386,
  "epsilon": 0.0008443946631890453,
  "lr": 0.029454101209080808,
  "n_embd": 20.090279321257114,
  "n_head": 5.446123560470428,
  "n_layer": 2.9866621382911704,
  "seed": 624953800.8651145,
  "weight_decay": 0.006664439537162246
}