{
  "batch_size": 52,
  "beta_1": 0.6148818568907437,
  "beta_2": 0.2596200800145606,
  "block_size": 225,
  "dropout": 0.2540186166274113,
  "epsilon": 3.1092639960851065e-09,
  "lr": 8.029119182034643e-05,
  "n_embd": 32,
  "n_head": 4,
  "n_layer": 3,
  "seed": 454733701,
  "weight_decay": 0.0019065658777430135
}