{
  "batch_size": 88,
  "beta_1": 0.6505610565526233,
  "beta_2": 0.8422941811035664,
  "block_size": 119,
  "dropout": 0.3264238366660042,
  "epsilon": 0.0004594856051118,
  "lr": 0.0037940808694502,
  "n_embd": 21,
  "n_head": 3,
  "n_layer": 2,
  "seed": 1027641263.9852991,
  "weight_decay": 0.0020505213483243
}