{
  "batch_size": 83,
  "beta_1": 0.4037700112498144,
  "beta_2": 0.881778716956361,
  "block_size": 138,
  "dropout": 0.250243511886433,
  "epsilon": 3.55418e-10,
  "lr": 2.55758574423e-05,
  "n_embd": 48,
  "n_head": 2,
  "n_layer": 4,
  "seed": 451250207.8148366,
  "weight_decay": 8.3438033636e-06
}