{
  "batch_size": 84.70231055671904,
  "beta_1": 0.7088635060668986,
  "beta_2": 0.6128190700011047,
  "block_size": 143.01158249174898,
  "dropout": 0.4684306654767584,
  "epsilon": 0.00041151986860281863,
  "lr": 0.08794115445427929,
  "n_embd": 31.66048154347412,
  "n_head": 3.5944536767718573,
  "n_layer": 4.926308759316713,
  "seed": 955527584.6911519,
  "weight_decay": 0.009204103008567477
}