{
  "batch_size": 58.537786875944825,
  "beta_1": 0.25947949345745747,
  "beta_2": 0.7692213073182398,
  "block_size": 373.2833076006377,
  "dropout": 0.40360613902527065,
  "epsilon": 0.000603174908915595,
  "lr": 0.09371619062761546,
  "n_embd": 27.041101330854914,
  "n_head": 5.247845344987408,
  "n_layer": 5.986155973716304,
  "seed": 1611596324.709855,
  "weight_decay": 0.0010816496860946124
}