{
  "batch_size": 35.76932557505151,
  "beta_1": 0.5315206202045765,
  "beta_2": 0.10595450704968792,
  "block_size": 382.6891917811978,
  "dropout": 0.20991109031205768,
  "epsilon": 0.00025668626338946687,
  "lr": 0.08893639321216162,
  "n_embd": 24.50652207738106,
  "n_head": 6.461284019157799,
  "n_layer": 4.041576480318767,
  "seed": 1611725575.1938708,
  "weight_decay": 0.005104369762843873
}