{
  "batch_size": 46.95988475942154,
  "beta_1": 0.11897266393621486,
  "beta_2": 0.8349156584653249,
  "block_size": 64.59648073891054,
  "dropout": 0.2903401650679348,
  "epsilon": 0.0005263796771304379,
  "lr": 0.03199297127147151,
  "n_embd": 14.043436349329877,
  "n_head": 5.394362933178135,
  "n_layer": 4.0757007588146825,
  "seed": 746399069.8051585,
  "weight_decay": 0.004682247281040644
}