{
  "batch_size": 17,
  "beta_1": 0.985970589086311,
  "beta_2": 0.8004259335190018,
  "block_size": 219,
  "dropout": 0.469911863196252,
  "epsilon": 6.478919e-10,
  "lr": 0.0009523970514141,
  "n_embd": 39,
  "n_head": 5,
  "n_layer": 6,
  "seed": 390325803.07636815,
  "weight_decay": 0.001287255909711
}