{
  "batch_size": 95.94374191842837,
  "beta_1": 0.2820916134278335,
  "beta_2": 0.7371891506021808,
  "block_size": 320.36074025602124,
  "dropout": 0.3024047496826875,
  "epsilon": 0.0007142072880940084,
  "lr": 0.04314468586035291,
  "n_embd": 24.200034350140037,
  "n_head": 6.162043681177185,
  "n_layer": 2.5860293785438895,
  "seed": 890284861.7926522,
  "weight_decay": 0.004078778128553664
}