{
  "batch_size": 95,
  "beta_1": 0.459466449898172,
  "beta_2": 0.2094110438303203,
  "block_size": 249,
  "dropout": 0.4523968169152447,
  "epsilon": 0.000152938932855,
  "lr": 2.43360502194e-05,
  "n_embd": 46,
  "n_head": 5,
  "n_layer": 3,
  "seed": 196388042.21244594,
  "weight_decay": 2.7112381925e-06
}