{
  "batch_size": 93,
  "beta_1": 0.4326599017814168,
  "beta_2": 0.5945498425278009,
  "block_size": 317,
  "dropout": 0.2583115814043807,
  "epsilon": 2.6391012351e-05,
  "lr": 0.0006161031851184,
  "n_embd": 44,
  "n_head": 3,
  "n_layer": 2,
  "seed": 1266573605.5848787,
  "weight_decay": 3.647819807e-07
}