{
  "batch_size": 66,
  "beta_1": 0.4944191270193271,
  "beta_2": 0.3149233577234236,
  "block_size": 260,
  "dropout": 0.4908106632980465,
  "epsilon": 0.0004253363436587,
  "lr": 0.0100345148442959,
  "n_embd": 38,
  "n_head": 6,
  "n_layer": 6,
  "seed": 466037610.97948486,
  "weight_decay": 3.6987958146e-06
}