{
  "batch_size": 81.87734643970758,
  "beta_1": 0.43242114382182295,
  "beta_2": 0.9679807535616652,
  "block_size": 94.06763262721182,
  "dropout": 0.18821217904662949,
  "epsilon": 0.0006722270650169025,
  "lr": 0.00863879142469356,
  "n_embd": 15.118418590421468,
  "n_head": 1.7246290519157341,
  "n_layer": 5.303837911209253,
  "seed": 1467867133.7733254,
  "weight_decay": 0.004969710898135249
}