{
  "batch_size": 35.812784519536514,
  "beta_1": 0.43582748882251343,
  "beta_2": 0.9959218140146823,
  "block_size": 145.9553748220946,
  "dropout": 0.4990362762978634,
  "epsilon": 0.0006822150176658278,
  "lr": 0.004909730126720049,
  "n_embd": 43.879869126793814,
  "n_head": 5.430419193798075,
  "n_layer": 3.544967609851137,
  "seed": 1419593633.2440789,
  "weight_decay": 0.004620671084914461
}