{
  "batch_size": 89.54986372275243,
  "beta_1": 0.3050586812436695,
  "beta_2": 0.316285231828714,
  "block_size": 234.340473846192,
  "dropout": 0.16950050218272694,
  "epsilon": 3.0516120580699184e-05,
  "lr": 0.0050470466687145814,
  "n_embd": 11.89681576899289,
  "n_head": 3.064113067215579,
  "n_layer": 3.1508893841691306,
  "seed": 1054350382.0311244,
  "weight_decay": 0.0011566866070500455
}