{
  "batch_size": 31.83650574366641,
  "beta_1": 0.9035890792334973,
  "beta_2": 0.8694479306786483,
  "block_size": 317.82486682329613,
  "dropout": 0.1590699495372188,
  "epsilon": 0.0009842434749259177,
  "lr": 0.03945922074004788,
  "n_embd": 42.037094877777584,
  "n_head": 4.131129392202219,
  "n_layer": 2.1176363131986324,
  "seed": 1004721427.8542854,
  "weight_decay": 0.0027439736331528264
}