{
  "batch_size": 69,
  "beta_1": 0.5543592760462921,
  "beta_2": 0.35669925738350217,
  "block_size": 199,
  "dropout": 0.18797035983525573,
  "epsilon": 2.0584979212062186e-05,
  "lr": 3.724222495235937e-06,
  "n_embd": 27,
  "n_head": 1,
  "n_layer": 6,
  "seed": 196359754,
  "weight_decay": 5.103281198195013e-06
}