{
  "batch_size": 43,
  "beta_1": 0.6758657873566241,
  "beta_2": 0.34250797956206047,
  "block_size": 127,
  "dropout": 0.13626926366418246,
  "epsilon": 6.853368315156512e-05,
  "lr": 0.00253220461171991,
  "n_embd": 9,
  "n_head": 2,
  "n_layer": 2,
  "seed": 217289573,
  "weight_decay": 9.814494778190652e-07
}