{
  "batch_size": 27,
  "beta_1": 0.5266563218130743,
  "beta_2": 0.9065004765856703,
  "block_size": 351,
  "dropout": 0.1939491434291632,
  "epsilon": 3.5222544443868586e-05,
  "lr": 2.285371217612402e-05,
  "n_embd": 52,
  "n_head": 6,
  "n_layer": 5,
  "seed": 1487167399,
  "weight_decay": 5.612736156036086e-07
}