{
  "batch_size": 30,
  "beta_1": 0.1305860976955607,
  "beta_2": 0.7165596234449065,
  "block_size": 331,
  "dropout": 0.381065232791687,
  "epsilon": 2.814990265e-07,
  "lr": 0.0009278540152196,
  "n_embd": 36,
  "n_head": 2,
  "n_layer": 4,
  "seed": 1428969420.2145743,
  "weight_decay": 3.11380187e-08
}