{
  "batch_size": 68,
  "beta_1": 0.6712866775383943,
  "beta_2": 0.346913810001207,
  "block_size": 163,
  "dropout": 0.4381680960143225,
  "epsilon": 3.2247897891492865e-05,
  "lr": 0.000178297424635506,
  "n_embd": 32,
  "n_head": 1,
  "n_layer": 1,
  "seed": 1479397751,
  "weight_decay": 4.960604453088462e-06
}