{
  "batch_size": 42,
  "beta_1": 0.1481918791180162,
  "beta_2": 0.1509613205196306,
  "block_size": 113,
  "dropout": 0.1939937603767831,
  "epsilon": 0.0001098642105152,
  "lr": 0.0324713898838596,
  "n_embd": 7,
  "n_head": 5,
  "n_layer": 4,
  "seed": 153162687.34176463,
  "weight_decay": 2.42821080854e-05
}