{
  "batch_size": 86,
  "beta_1": 0.8513743404501675,
  "beta_2": 0.3810426932512156,
  "block_size": 247,
  "dropout": 0.3798911832933726,
  "epsilon": 1.28366829526e-05,
  "lr": 0.0021334211182874,
  "n_embd": 14,
  "n_head": 6,
  "n_layer": 3,
  "seed": 650376799.6623962,
  "weight_decay": 2.1702548261e-06
}