{
  "batch_size": 23.45271402298896,
  "beta_1": 0.5271495425204838,
  "beta_2": 0.1594601143781622,
  "block_size": 190.26036428404637,
  "dropout": 0.11109791860133199,
  "epsilon": 0.0007527889953887931,
  "lr": 0.013525139611914308,
  "n_embd": 45.797584114231036,
  "n_head": 6.765429423685262,
  "n_layer": 5.638262402269362,
  "seed": 1811845027.0216842,
  "weight_decay": 0.006197710841831444
}