{
  "batch_size": 22.16240953016858,
  "beta_1": 0.9779531423379839,
  "beta_2": 0.6625696318483211,
  "block_size": 294.2882256197588,
  "dropout": 0.2068651954157913,
  "epsilon": 0.0007486354899582045,
  "lr": 0.011071068488163555,
  "n_embd": 10.061339521999539,
  "n_head": 6.743739243437862,
  "n_layer": 2.3309364862248385,
  "seed": 3525563.8006632645,
  "weight_decay": 0.0018213524234774816
}