{
  "batch_size": 80,
  "beta_1": 0.9855066656247092,
  "beta_2": 0.6000884910840805,
  "block_size": 193,
  "dropout": 0.2326280153213769,
  "epsilon": 4.252949592449004e-06,
  "lr": 0.002392918602037195,
  "n_embd": 27,
  "n_head": 4,
  "n_layer": 6,
  "seed": 290787391,
  "weight_decay": 0.0007817120917495313
}