{
  "batch_size": 48,
  "beta_1": 0.5239921945971611,
  "beta_2": 0.9081232952585577,
  "block_size": 333,
  "dropout": 0.3324040577097441,
  "epsilon": 1.1454066823821377e-08,
  "lr": 0.009953368292219841,
  "n_embd": 48,
  "n_head": 3,
  "n_layer": 3,
  "seed": 1541155739,
  "weight_decay": 1.373360065766896e-07
}