{
  "batch_size": 81,
  "beta_1": 0.6937516535522623,
  "beta_2": 0.2100750406068322,
  "block_size": 330,
  "dropout": 0.23410430958409933,
  "epsilon": 2.043001334974981e-05,
  "lr": 4.7854367918062125e-05,
  "n_embd": 41,
  "n_head": 5,
  "n_layer": 6,
  "seed": 841012874,
  "weight_decay": 9.512593442071017e-06
}