{
  "batch_size": 66,
  "beta_1": 0.5388847124083149,
  "beta_2": 0.5035020502087962,
  "block_size": 283,
  "dropout": 0.3489032296799712,
  "epsilon": 7.0639131237809505e-06,
  "lr": 0.03600729106672898,
  "n_embd": 15,
  "n_head": 6,
  "n_layer": 1,
  "seed": 158736592,
  "weight_decay": 3.026733709491208e-07
}