{
  "batch_size": 81.67603588699076,
  "beta_1": 0.3798401251873482,
  "beta_2": 0.9706983626136841,
  "block_size": 252.7316739735159,
  "dropout": 0.10661730320225807,
  "epsilon": 0.00035208408899833844,
  "lr": 0.04118811434328959,
  "n_embd": 26.244600682330926,
  "n_head": 4.699486970493629,
  "n_layer": 6.396041300075914,
  "seed": 834893140.3417665,
  "weight_decay": 0.0034863973317369366
}