{
  "batch_size": 57.38742528203804,
  "beta_1": 0.6013356760406976,
  "beta_2": 0.839218948327403,
  "block_size": 91.95563199650488,
  "dropout": 0.23554757876493385,
  "epsilon": 0.0009014434660465025,
  "lr": 0.09964857293841788,
  "n_embd": 27.413924473911507,
  "n_head": 1.4140857120374384,
  "n_layer": 3.017800053366485,
  "seed": 180432609.96374595,
  "weight_decay": 0.006717475210732462
}