{
  "batch_size": 52.974553503529805,
  "beta_1": 0.493744675328636,
  "beta_2": 0.40935575632204557,
  "block_size": 229.57072627545347,
  "dropout": 0.2535454899342392,
  "epsilon": 0.0003311579992718562,
  "lr": 0.031159658158384177,
  "n_embd": 32.5630223778495,
  "n_head": 2.4774314811346043,
  "n_layer": 2.3109421729679833,
  "seed": 1058989497.3445971,
  "weight_decay": 0.009142112494233703
}