{
  "batch_size": 28,
  "beta_1": 0.230914027231638,
  "beta_2": 0.2429950156537406,
  "block_size": 359,
  "dropout": 0.4835119312059022,
  "epsilon": 0.0003143388442088,
  "lr": 0.0011121619471228,
  "n_embd": 18,
  "n_head": 2,
  "n_layer": 5,
  "seed": 393915636.6864821,
  "weight_decay": 8.08614311404e-05
}