{
  "batch_size": 62,
  "beta_1": 0.747885266069715,
  "beta_2": 0.9330052153057686,
  "block_size": 367,
  "dropout": 0.4976500132264758,
  "epsilon": 3.2314585812e-06,
  "lr": 0.001267118419792,
  "n_embd": 26,
  "n_head": 6,
  "n_layer": 4,
  "seed": 189241758.1349128,
  "weight_decay": 0.0013296557911849
}