{
  "batch_size": 21.483814332102884,
  "beta_1": 0.9309984674605658,
  "beta_2": 0.8669753488027849,
  "block_size": 260.61398720223417,
  "dropout": 0.1013449782115782,
  "epsilon": 0.0006966746329022023,
  "lr": 0.01232369103772232,
  "n_embd": 15.25040925830541,
  "n_head": 6.5053625653166245,
  "n_layer": 5.615592948383225,
  "seed": 1618773094.9901943,
  "weight_decay": 0.008974458689168307
}