{
  "batch_size": 83,
  "beta_1": 0.6744016993700969,
  "beta_2": 0.492353560419993,
  "block_size": 340,
  "dropout": 0.3971755312890006,
  "epsilon": 9.961686054e-07,
  "lr": 2.66392833359e-05,
  "n_embd": 38,
  "n_head": 4,
  "n_layer": 5,
  "seed": 984356681.606245,
  "weight_decay": 9.23959724e-07
}