{
  "batch_size": 86,
  "beta_1": 0.5465635678239229,
  "beta_2": 0.3465911599219443,
  "block_size": 105,
  "dropout": 0.2212756984888119,
  "epsilon": 1.9395155e-09,
  "lr": 0.0006040423907511,
  "n_embd": 52,
  "n_head": 3,
  "n_layer": 5,
  "seed": 1702485600.0899405,
  "weight_decay": 1.4762040487e-06
}