{
  "batch_size": 66.19141924749363,
  "beta_1": 0.6834789828976973,
  "beta_2": 0.3392798367189206,
  "block_size": 288.7479407265911,
  "dropout": 0.286938578348712,
  "epsilon": 0.0003970548535252384,
  "lr": 0.08825163445470893,
  "n_embd": 44.573077756178705,
  "n_head": 5.359396460076901,
  "n_layer": 3.0732138122189063,
  "seed": 1994983771.4799523,
  "weight_decay": 0.0007041625918209255
}