{
  "batch_size": 74.84823502716225,
  "beta_1": 0.9861252215950719,
  "beta_2": 0.5171884515135808,
  "block_size": 195.74744895246167,
  "dropout": 0.19657479089613414,
  "epsilon": 0.0002489206043345484,
  "lr": 0.08595493423541077,
  "n_embd": 29.02499031090056,
  "n_head": 3.6534912743878523,
  "n_layer": 5.101343322181522,
  "seed": 1141925935.2347658,
  "weight_decay": 0.006020965071720777
}