{
  "batch_size": 28.699783796875874,
  "beta_1": 0.780300756518581,
  "beta_2": 0.7244239018152048,
  "block_size": 357.2970967967068,
  "dropout": 0.3810876047722267,
  "epsilon": 0.0007398856200709094,
  "lr": 0.0673931232456592,
  "n_embd": 31.526838329148642,
  "n_head": 1.533166651737183,
  "n_layer": 4.374674777138661,
  "seed": 1608971608.9588451,
  "weight_decay": 0.0014156564817766248
}