{
  "batch_size": 35.66993287383609,
  "beta_1": 0.24991767744685423,
  "beta_2": 0.6077081036846906,
  "block_size": 110.22622877827462,
  "dropout": 0.42150355350761093,
  "epsilon": 0.00012817721985456,
  "lr": 0.059563067011148295,
  "n_embd": 8.575703037261366,
  "n_head": 6.809275228860406,
  "n_layer": 2.126360002818795,
  "seed": 1563363408.9256628,
  "weight_decay": 0.007701951768244916
}