{
  "batch_size": 37.72554578247743,
  "beta_1": 0.6461933659576006,
  "beta_2": 0.6584979986704182,
  "block_size": 98.6097729861408,
  "dropout": 0.16223937659691778,
  "epsilon": 0.00044576017934834397,
  "lr": 0.035454829851578905,
  "n_embd": 15.813987309465713,
  "n_head": 1.2117021265890338,
  "n_layer": 5.895128056823069,
  "seed": 1336173310.6338456,
  "weight_decay": 0.0008589148415966211
}