{
  "batch_size": 90,
  "beta_1": 0.8921675943139571,
  "beta_2": 0.19273689691747214,
  "block_size": 231,
  "dropout": 0.3906607321938267,
  "epsilon": 4.988929539559507e-06,
  "lr": 3.0765152235501114e-06,
  "n_embd": 2,
  "n_head": 3,
  "n_layer": 2,
  "seed": 1142553315,
  "weight_decay": 1.1549384169931997e-05
}