{
  "batch_size": 92,
  "beta_1": 0.360954563568684,
  "beta_2": 0.7603352171639322,
  "block_size": 227,
  "dropout": 0.1119200902364933,
  "epsilon": 0.0007799836856883,
  "lr": 0.0016698322303269,
  "n_embd": 13,
  "n_head": 5,
  "n_layer": 6,
  "seed": 1939625772.7405443,
  "weight_decay": 1.2259821806e-06
}