{
  "batch_size": 89.79258857863991,
  "beta_1": 0.5214119671405478,
  "beta_2": 0.9227377108445495,
  "block_size": 70.27973614470378,
  "dropout": 0.12204259436360904,
  "epsilon": 0.0005719753441773754,
  "lr": 0.04143872225004848,
  "n_embd": 31.72717300293877,
  "n_head": 3.5834402250001443,
  "n_layer": 6.181916071906538,
  "seed": 382936583.1283324,
  "weight_decay": 0.00374952582801389
}