{
  "batch_size": 60,
  "beta_1": 0.33782927838891585,
  "beta_2": 0.29743654385429097,
  "block_size": 73,
  "dropout": 0.4573459665337931,
  "epsilon": 6.706470480997977e-07,
  "lr": 0.0257199834463424,
  "n_embd": 43,
  "n_head": 2,
  "n_layer": 3,
  "seed": 1892770458,
  "weight_decay": 3.4830154703815714e-08
}