{
  "batch_size": 60.37920888747482,
  "beta_1": 0.9194931839992763,
  "beta_2": 0.388047361988187,
  "block_size": 195.1136220935432,
  "dropout": 0.16175464449046115,
  "epsilon": 0.0009085267959386599,
  "lr": 0.0826447735554799,
  "n_embd": 29.483533084487398,
  "n_head": 6.475615832777531,
  "n_layer": 6.276776286307514,
  "seed": 71818656.67142515,
  "weight_decay": 0.009854057538841079
}