{
  "batch_size": 28,
  "beta_1": 0.2926289491338866,
  "beta_2": 0.5444774836054364,
  "block_size": 87,
  "dropout": 0.1298071798821184,
  "epsilon": 7.065412493e-07,
  "lr": 0.0005562562787657,
  "n_embd": 4,
  "n_head": 6,
  "n_layer": 5,
  "seed": 1537592888.115369,
  "weight_decay": 0.0068230308823737
}