{
  "batch_size": 60,
  "beta_1": 0.40365091581750223,
  "beta_2": 0.8197280569449249,
  "block_size": 155,
  "dropout": 0.13785690231839892,
  "epsilon": 6.005028648455491e-06,
  "lr": 0.00043430587284429143,
  "n_embd": 41,
  "n_head": 5,
  "n_layer": 4,
  "seed": 1844499865,
  "weight_decay": 7.261079947993868e-05
}