{
  "batch_size": 33.07614974885347,
  "beta_1": 0.40411666629989706,
  "beta_2": 0.1900174981722521,
  "block_size": 70.40074377437294,
  "dropout": 0.3163602714924808,
  "epsilon": 0.00031918982765469526,
  "lr": 0.03880430150816841,
  "n_embd": 3.209699665154441,
  "n_head": 6.293053259513686,
  "n_layer": 1.0916761537726165,
  "seed": 955557021.0381998,
  "weight_decay": 0.0070485049578328015
}