{
  "batch_size": 92,
  "beta_1": 0.3841004087023516,
  "beta_2": 0.9627603111221071,
  "block_size": 115,
  "dropout": 0.1571574819529365,
  "epsilon": 5.098856951326405e-09,
  "lr": 0.0017441146026981242,
  "n_embd": 52,
  "n_head": 6,
  "n_layer": 3,
  "seed": 75730362,
  "weight_decay": 3.868508681764415e-06
}