{
  "batch_size": 95,
  "beta_1": 0.3994789951046252,
  "beta_2": 0.2437553876101278,
  "block_size": 177,
  "dropout": 0.2459691652293683,
  "epsilon": 5.3894074e-09,
  "lr": 0.0002931634301075,
  "n_embd": 48,
  "n_head": 4,
  "n_layer": 6,
  "seed": 927489956.1546507,
  "weight_decay": 2.221401214e-06
}