{
  "batch_size": 73,
  "beta_1": 0.15417624417059284,
  "beta_2": 0.2990184671109628,
  "block_size": 285,
  "dropout": 0.11300194999941282,
  "epsilon": 0.0005763675767850601,
  "lr": 0.001463109381072869,
  "n_embd": 15,
  "n_head": 6,
  "n_layer": 1,
  "seed": 2115734680,
  "weight_decay": 0.0005602889343600116
}