{
  "batch_size": 27.321138456226798,
  "beta_1": 0.2700576321939776,
  "beta_2": 0.7519761514147597,
  "block_size": 161.54330653582008,
  "dropout": 0.32282793317288405,
  "epsilon": 0.0008606866093279315,
  "lr": 0.033136524170576755,
  "n_embd": 47.72243094324236,
  "n_head": 6.711678381555925,
  "n_layer": 2.324821852702166,
  "seed": 2054470604.6358874,
  "weight_decay": 0.008629835174549226
}