{
  "batch_size": 44,
  "beta_1": 0.6353260428146768,
  "beta_2": 0.12184083446585585,
  "block_size": 367,
  "dropout": 0.20946982723085705,
  "epsilon": 0.00023457001991816334,
  "lr": 0.005576613802215477,
  "n_embd": 36,
  "n_head": 5,
  "n_layer": 3,
  "seed": 680510024,
  "weight_decay": 0.003015403115575327
}