{
  "batch_size": 67.00884760208046,
  "beta_1": 0.45754417166637484,
  "beta_2": 0.5429413733849198,
  "block_size": 257.07580820505007,
  "dropout": 0.27729026962055914,
  "epsilon": 0.0003279962889438508,
  "lr": 0.017485875726710294,
  "n_embd": 50.13040557276621,
  "n_head": 1.277105675578735,
  "n_layer": 1.360050900598826,
  "seed": 1553322245.0095668,
  "weight_decay": 0.0003643059261080897
}