{
  "batch_size": 22.801950158416663,
  "beta_1": 0.8606304292425087,
  "beta_2": 0.28807939208473116,
  "block_size": 381.8423924298035,
  "dropout": 0.3416266953382723,
  "epsilon": 0.0009121460491153596,
  "lr": 0.04765055263896635,
  "n_embd": 50.367654253315095,
  "n_head": 1.1736718526097076,
  "n_layer": 1.8276040902686284,
  "seed": 2127220009.2138374,
  "weight_decay": 0.008046091748371904
}