{
  "batch_size": 70,
  "beta_1": 0.9962092668791986,
  "beta_2": 0.3242237178745243,
  "block_size": 113,
  "dropout": 0.19328679591786976,
  "epsilon": 3.1411427435171116e-09,
  "lr": 0.002483944723695105,
  "n_embd": 28,
  "n_head": 3,
  "n_layer": 3,
  "seed": 293653163,
  "weight_decay": 0.005244251668053829
}