{
  "batch_size": 44.03591306180914,
  "beta_1": 0.8036792814875704,
  "beta_2": 0.18536609280514244,
  "block_size": 341.73232496195186,
  "dropout": 0.3979443719952851,
  "epsilon": 0.0009840725276499926,
  "lr": 0.0955590898990483,
  "n_embd": 6.27731171603211,
  "n_head": 1.757505974930253,
  "n_layer": 6.887593002696054,
  "seed": 273901303.6633941,
  "weight_decay": 0.0035339276211835704
}