{
  "batch_size": 90,
  "beta_1": 0.6287373983045638,
  "beta_2": 0.9769106904710643,
  "block_size": 204,
  "dropout": 0.23700837350827753,
  "epsilon": 0.00019178287192023137,
  "lr": 2.7106659973059012e-05,
  "n_embd": 15,
  "n_head": 6,
  "n_layer": 2,
  "seed": 899664619,
  "weight_decay": 0.0006397578421198428
}