{
  "batch_size": 62,
  "beta_1": 0.18942285317590352,
  "beta_2": 0.2032534726490942,
  "block_size": 164,
  "dropout": 0.193610655913647,
  "epsilon": 1.4249357562290099e-10,
  "lr": 4.135148883610694e-06,
  "n_embd": 53,
  "n_head": 6,
  "n_layer": 4,
  "seed": 1695181980,
  "weight_decay": 1.2841463478841866e-06
}