{
  "batch_size": 88,
  "beta_1": 0.1489831269092552,
  "beta_2": 0.2457563148934735,
  "block_size": 374,
  "dropout": 0.2829326295725083,
  "epsilon": 6.222819e-10,
  "lr": 0.0015083021684663,
  "n_embd": 29,
  "n_head": 3,
  "n_layer": 2,
  "seed": 435435564.7490894,
  "weight_decay": 0.0031821261295551
}