{
  "batch_size": 47,
  "beta_1": 0.5301839781047115,
  "beta_2": 0.9531384249657102,
  "block_size": 316,
  "dropout": 0.4409053009774716,
  "epsilon": 6.79361397421e-05,
  "lr": 0.0019193187628605,
  "n_embd": 30,
  "n_head": 4,
  "n_layer": 4,
  "seed": 1862345197.8589113,
  "weight_decay": 0.0059210563322712
}