{
  "batch_size": 94,
  "beta_1": 0.8492614823076283,
  "beta_2": 0.7633504425542308,
  "block_size": 213,
  "dropout": 0.1425736329883745,
  "epsilon": 2.246215490329618e-05,
  "lr": 9.72936182429625e-05,
  "n_embd": 53,
  "n_head": 1,
  "n_layer": 2,
  "seed": 767766774,
  "weight_decay": 8.393187848052167e-08
}