{
  "batch_size": 54.552918090053076,
  "beta_1": 0.15791842732141892,
  "beta_2": 0.8843516533920615,
  "block_size": 248.47593610598943,
  "dropout": 0.42627014600571755,
  "epsilon": 0.0008900998763179896,
  "lr": 0.025959326060099767,
  "n_embd": 24.81574091616628,
  "n_head": 1.4533366079001653,
  "n_layer": 1.6113923134758448,
  "seed": 1532076263.7319498,
  "weight_decay": 0.005715165374299159
}