{
  "batch_size": 68.207988085974,
  "beta_1": 0.48785600128732776,
  "beta_2": 0.6561611329932062,
  "block_size": 275.10963107569023,
  "dropout": 0.21071124961353138,
  "epsilon": 0.00048332145415319166,
  "lr": 0.055923414377194725,
  "n_embd": 51.98016099442229,
  "n_head": 2.776272049482962,
  "n_layer": 3.35566044779238,
  "seed": 917642839.2391448,
  "weight_decay": 0.009454440465020178
}