{
  "batch_size": 90,
  "beta_1": 0.5589892660018149,
  "beta_2": 0.480176676512728,
  "block_size": 238,
  "dropout": 0.33887218331504665,
  "epsilon": 9.701614271917433e-07,
  "lr": 2.9644539025498883e-06,
  "n_embd": 30,
  "n_head": 5,
  "n_layer": 3,
  "seed": 145003267,
  "weight_decay": 1.9582465591110856e-06
}