{
  "batch_size": 56.24084997439644,
  "beta_1": 0.8967952786186901,
  "beta_2": 0.14485640331050387,
  "block_size": 325.0745862693737,
  "dropout": 0.2542851352373221,
  "epsilon": 0.0005036587372124628,
  "lr": 0.011496626911282838,
  "n_embd": 7.806965217759248,
  "n_head": 5.652864900499799,
  "n_layer": 4.783787508264137,
  "seed": 1467533524.6649015,
  "weight_decay": 0.005028879932854925
}