{
  "batch_size": 76,
  "beta_1": 0.2130678526051525,
  "beta_2": 0.117181389039847,
  "block_size": 286,
  "dropout": 0.3067387161520093,
  "epsilon": 4.854725e-10,
  "lr": 0.0025570094330675,
  "n_embd": 25,
  "n_head": 5,
  "n_layer": 3,
  "seed": 288378958.4595909,
  "weight_decay": 0.0001914573526876
}