{
  "batch_size": 90,
  "beta_1": 0.2754080093345622,
  "beta_2": 0.5733776849097513,
  "block_size": 320,
  "dropout": 0.2141282693202937,
  "epsilon": 1.28971925392e-05,
  "lr": 0.0029347801889469,
  "n_embd": 44,
  "n_head": 6,
  "n_layer": 2,
  "seed": 363116153.58906764,
  "weight_decay": 5.80377101e-08
}