{
  "batch_size": 25.027300195159864,
  "beta_1": 0.1818400779259427,
  "beta_2": 0.5837967409522481,
  "block_size": 266.3763735334932,
  "dropout": 0.4149767654706962,
  "epsilon": 0.00012570894940695673,
  "lr": 0.004441808680695268,
  "n_embd": 0.2372789080043701,
  "n_head": 5.453906545108528,
  "n_layer": 1.3884758919375164,
  "seed": 1053592013.8978212,
  "weight_decay": 0.005281314746861989
}