{
  "batch_size": 90,
  "beta_1": 0.3949068312012146,
  "beta_2": 0.434666609006424,
  "block_size": 354,
  "dropout": 0.1222787663528787,
  "epsilon": 1.422413e-10,
  "lr": 1.05119972397e-05,
  "n_embd": 0,
  "n_head": 1,
  "n_layer": 3,
  "seed": 718525664.6721019,
  "weight_decay": 1.40282893898e-05
}