{
  "batch_size": 33.368873263346316,
  "beta_1": 0.8355268613627582,
  "beta_2": 0.5822432338507108,
  "block_size": 366.345780465395,
  "dropout": 0.17362765313488393,
  "epsilon": 0.000140458294218285,
  "lr": 0.05178236742781477,
  "n_embd": 12.30177254865386,
  "n_head": 3.0032813978375246,
  "n_layer": 1.0352226679729395,
  "seed": 1613879212.2324765,
  "weight_decay": 0.004986122692246079
}