{
  "batch_size": 76,
  "beta_1": 0.2814630870829853,
  "beta_2": 0.30086258102187186,
  "block_size": 348,
  "dropout": 0.15368608764854794,
  "epsilon": 7.29715277558879e-08,
  "lr": 0.011564550239294771,
  "n_embd": 15,
  "n_head": 6,
  "n_layer": 4,
  "seed": 354648108,
  "weight_decay": 6.9833105579919355e-06
}