{
  "batch_size": 84.1823327844555,
  "beta_1": 0.9007526626391504,
  "beta_2": 0.47897354829402583,
  "block_size": 116.54415063147555,
  "dropout": 0.26873197728068543,
  "epsilon": 0.0006598366958169365,
  "lr": 0.05853163063045178,
  "n_embd": 52.74477977574113,
  "n_head": 4.328169443510838,
  "n_layer": 1.5812588159688676,
  "seed": 1766393841.4667332,
  "weight_decay": 0.004162104423405889
}