{
  "batch_size": 49,
  "beta_1": 0.597155698282803,
  "beta_2": 0.931820917679868,
  "block_size": 96,
  "dropout": 0.4843885153016427,
  "epsilon": 3.5781986e-08,
  "lr": 0.0011130721577086,
  "n_embd": 40,
  "n_head": 3,
  "n_layer": 6,
  "seed": 41856998.87900801,
  "weight_decay": 7.17988802614e-05
}