{
  "batch_size": 71.44258257359853,
  "beta_1": 0.5544258020466142,
  "beta_2": 0.756068787957843,
  "block_size": 264.40342215416445,
  "dropout": 0.28839550254705726,
  "epsilon": 0.000817233038578885,
  "lr": 0.05600189146462098,
  "n_embd": 4.335677746330722,
  "n_head": 2.816709979955881,
  "n_layer": 2.5222921385019124,
  "seed": 1128164972.9301596,
  "weight_decay": 0.004247912003439639
}