{
  "batch_size": 34.587013279621814,
  "beta_1": 0.9642095376684552,
  "beta_2": 0.6491167703461532,
  "block_size": 356.19129505151506,
  "dropout": 0.12967648734428378,
  "epsilon": 0.0005556597538614546,
  "lr": 0.061463915201036695,
  "n_embd": 49.89136044185682,
  "n_head": 1.8073455842013835,
  "n_layer": 6.923911603203257,
  "seed": 1615992187.106878,
  "weight_decay": 0.0041015549533791485
}