{
  "batch_size": 71,
  "beta_1": 0.8857123600857687,
  "beta_2": 0.5042098236361883,
  "block_size": 142,
  "dropout": 0.1929676864257379,
  "epsilon": 2.6540275163617844e-08,
  "lr": 0.00041741393789222205,
  "n_embd": 46,
  "n_head": 1,
  "n_layer": 5,
  "seed": 1650082446,
  "weight_decay": 1.4647595292407086e-05
}