{
  "batch_size": 23,
  "beta_1": 0.16665706237684497,
  "beta_2": 0.6707459038627245,
  "block_size": 83,
  "dropout": 0.41369129411485106,
  "epsilon": 9.516168307475078e-08,
  "lr": 0.0005529421861583362,
  "n_embd": 21,
  "n_head": 3,
  "n_layer": 1,
  "seed": 1759511459,
  "weight_decay": 1.4855871214091549e-07
}