{
  "batch_size": 22,
  "beta_1": 0.9745252922737317,
  "beta_2": 0.3215398921148499,
  "block_size": 339,
  "dropout": 0.3430326186060226,
  "epsilon": 2.6391574e-09,
  "lr": 0.071841756971731,
  "n_embd": 44,
  "n_head": 1,
  "n_layer": 6,
  "seed": 1525104870.5539212,
  "weight_decay": 0.0062036585387791
}