{
  "batch_size": 49,
  "beta_1": 0.2113546982843021,
  "beta_2": 0.6548207910186042,
  "block_size": 246,
  "dropout": 0.32923758162813543,
  "epsilon": 0.0006790067166401759,
  "lr": 0.061637063958398,
  "n_embd": 25,
  "n_head": 6,
  "n_layer": 4,
  "seed": 2013272288,
  "weight_decay": 0.0017072908961416704
}