{
  "batch_size": 78,
  "beta_1": 0.9324604569240078,
  "beta_2": 0.46890923273393015,
  "block_size": 192,
  "dropout": 0.2166453944803923,
  "epsilon": 0.0004767217146370749,
  "lr": 0.00019002971733286865,
  "n_embd": 15,
  "n_head": 1,
  "n_layer": 5,
  "seed": 1100620134,
  "weight_decay": 0.00013052213343348423
}