{
  "batch_size": 37.383647379388876,
  "beta_1": 0.2721812637580749,
  "beta_2": 0.19083958889307406,
  "block_size": 96.01766473226283,
  "dropout": 0.2671928407245502,
  "epsilon": 0.0004467527488411523,
  "lr": 0.00022289590687809584,
  "n_embd": 0.03591259897153363,
  "n_head": 5.999327683321395,
  "n_layer": 1.6852995212535844,
  "seed": 113441540.79956925,
  "weight_decay": 0.006567824832943182
}