{
  "batch_size": 89.80196612634231,
  "beta_1": 0.8489629060780471,
  "beta_2": 0.9959042992943872,
  "block_size": 164.3254864786484,
  "dropout": 0.4577540714120224,
  "epsilon": 0.0009589347308540495,
  "lr": 0.08011008459658073,
  "n_embd": 35.744066199253425,
  "n_head": 4.980187712408254,
  "n_layer": 1.1004509042616109,
  "seed": 1483272285.3404753,
  "weight_decay": 0.00204808653433104
}