{
  "batch_size": 43,
  "beta_1": 0.8386375540338612,
  "beta_2": 0.446709708036574,
  "block_size": 168,
  "dropout": 0.4675478358815336,
  "epsilon": 3.4791491837e-06,
  "lr": 0.0011752330376298,
  "n_embd": 39,
  "n_head": 1,
  "n_layer": 4,
  "seed": 302246793.9466281,
  "weight_decay": 7.7487517197e-06
}