{
  "batch_size": 25.000841645810603,
  "beta_1": 0.888621020072972,
  "beta_2": 0.3659191203966172,
  "block_size": 330.9363511709628,
  "dropout": 0.15476749584462182,
  "epsilon": 0.0004324059160354221,
  "lr": 0.008755093101712547,
  "n_embd": 28.77918603981065,
  "n_head": 6.379286996345931,
  "n_layer": 6.456443467980487,
  "seed": 981820602.675922,
  "weight_decay": 0.0090410604780406
}