{
  "batch_size": 34,
  "beta_1": 0.7959821577110845,
  "beta_2": 0.2500995249897368,
  "block_size": 343,
  "dropout": 0.3213450292585261,
  "epsilon": 1.098849038e-07,
  "lr": 0.000670805178505,
  "n_embd": 44,
  "n_head": 3,
  "n_layer": 4,
  "seed": 1805394566.4875643,
  "weight_decay": 3.820546054e-06
}