{
  "batch_size": 70,
  "beta_1": 0.36753681318601283,
  "beta_2": 0.43865739836784556,
  "block_size": 258,
  "dropout": 0.20687651527951761,
  "epsilon": 1.2258111574120043e-09,
  "lr": 0.012943781037708425,
  "n_embd": 17,
  "n_head": 2,
  "n_layer": 4,
  "seed": 46391548,
  "weight_decay": 0.005634400339173568
}