{
  "batch_size": 57.70224428133733,
  "beta_1": 0.5292058402140839,
  "beta_2": 0.9638295401313036,
  "block_size": 297.8510616701821,
  "dropout": 0.21227334553031804,
  "epsilon": 0.0007605834567158877,
  "lr": 0.043304692092426836,
  "n_embd": 21.340680737307597,
  "n_head": 2.9191543330120195,
  "n_layer": 1.1920608179389538,
  "seed": 738313229.9004381,
  "weight_decay": 0.004043200673229338
}