{
  "batch_size": 95,
  "beta_1": 0.3539386374111874,
  "beta_2": 0.5363065916426909,
  "block_size": 230,
  "dropout": 0.2513746100006606,
  "epsilon": 4.5410079713e-06,
  "lr": 0.0014471674909713,
  "n_embd": 36,
  "n_head": 2,
  "n_layer": 5,
  "seed": 50836745.70015428,
  "weight_decay": 6.7262512781e-06
}