{
  "batch_size": 49,
  "beta_1": 0.643098602605992,
  "beta_2": 0.2664645886459384,
  "block_size": 133,
  "dropout": 0.19090161894873114,
  "epsilon": 1.2506481888111114e-07,
  "lr": 4.6843622180689367e-05,
  "n_embd": 27,
  "n_head": 4,
  "n_layer": 3,
  "seed": 46736697,
  "weight_decay": 7.812464312607437e-05
}