{
  "batch_size": 94.55671357196219,
  "beta_1": 0.9958270921633902,
  "beta_2": 0.9893176277293465,
  "block_size": 300.13061739886314,
  "dropout": 0.4884458113198066,
  "epsilon": 0.00012061404357555497,
  "lr": 0.08815875088708552,
  "n_embd": 52.65143734145655,
  "n_head": 4.638426774917507,
  "n_layer": 1.1419461839441225,
  "seed": 2082581580.460876,
  "weight_decay": 0.00364736871783907
}