{
  "batch_size": 79,
  "beta_1": 0.5012910192490978,
  "beta_2": 0.5559457365239058,
  "block_size": 216,
  "dropout": 0.1309258685987703,
  "epsilon": 1.65156416451e-05,
  "lr": 0.0009904198301617,
  "n_embd": 48,
  "n_head": 4,
  "n_layer": 4,
  "seed": 1574638736.0710943,
  "weight_decay": 8.36306109e-08
}