{
  "batch_size": 47.25570176336694,
  "beta_1": 0.8032139070872113,
  "beta_2": 0.4169230295706682,
  "block_size": 277.413110750384,
  "dropout": 0.33868928990108627,
  "epsilon": 6.55570914553082e-05,
  "lr": 0.07949288559272026,
  "n_embd": 45.53826219598068,
  "n_head": 5.829423282908205,
  "n_layer": 2.7911829442735026,
  "seed": 1426504686.091561,
  "weight_decay": 0.006340980249463703
}