{
  "batch_size": 42.32136124579203,
  "beta_1": 0.7273328516255184,
  "beta_2": 0.3058951291149383,
  "block_size": 143.7920644862523,
  "dropout": 0.1877069089333716,
  "epsilon": 0.0007540648429065368,
  "lr": 0.00643784746818339,
  "n_embd": 11.801384161194417,
  "n_head": 2.901971612173493,
  "n_layer": 2.219255909742662,
  "seed": 297552411.6706395,
  "weight_decay": 0.0034755370447936513
}