{
  "batch_size": 80.5607996345861,
  "beta_1": 0.5011553400720671,
  "beta_2": 0.11921770093387878,
  "block_size": 230.0546134187869,
  "dropout": 0.19779148211225617,
  "epsilon": 0.0005638052540132822,
  "lr": 0.057000256355565715,
  "n_embd": 36.70183971998652,
  "n_head": 2.0690523841453823,
  "n_layer": 4.230817062936019,
  "seed": 150008984.74440235,
  "weight_decay": 0.0008562654231494756
}