{
  "batch_size": 53,
  "beta_1": 0.272966705030114,
  "beta_2": 0.48483038275632073,
  "block_size": 350,
  "dropout": 0.2505094358045764,
  "epsilon": 0.00033761399485120435,
  "lr": 0.001523575721226721,
  "n_embd": 8,
  "n_head": 3,
  "n_layer": 1,
  "seed": 1616000427,
  "weight_decay": 4.470709905183275e-07
}