{
  "batch_size": 32.44690186556879,
  "beta_1": 0.2428318352691035,
  "beta_2": 0.20668348000623776,
  "block_size": 321.77365776584077,
  "dropout": 0.35732638518414916,
  "epsilon": 0.0009742422701881748,
  "lr": 0.030909771470074825,
  "n_embd": 29.467942927709935,
  "n_head": 4.408697945287189,
  "n_layer": 5.22639709878747,
  "seed": 677635293.7509521,
  "weight_decay": 0.0037460943605446525
}