{
  "batch_size": 48,
  "beta_1": 0.52292564010119,
  "beta_2": 0.6765395649038685,
  "block_size": 350,
  "dropout": 0.3795183873483552,
  "epsilon": 1.90735331e-08,
  "lr": 0.0053316940848125,
  "n_embd": 1,
  "n_head": 2,
  "n_layer": 6,
  "seed": 1843950221.2306778,
  "weight_decay": 1.67901265e-08
}