{
  "batch_size": 89.24449882546598,
  "beta_1": 0.8416482628938353,
  "beta_2": 0.3373329972236405,
  "block_size": 202.5280389164118,
  "dropout": 0.29958896415448333,
  "epsilon": 0.0001503008478323848,
  "lr": 0.04064294829303208,
  "n_embd": 3.071201799823668,
  "n_head": 4.861080839208875,
  "n_layer": 4.946334720093883,
  "seed": 141874302.0090999,
  "weight_decay": 0.0064535977472671546
}