{
  "batch_size": 25,
  "beta_1": 0.9266731363747844,
  "beta_2": 0.6322371288546648,
  "block_size": 245,
  "dropout": 0.1084458231285996,
  "epsilon": 8.7092257912e-06,
  "lr": 0.0021389120347072,
  "n_embd": 32,
  "n_head": 2,
  "n_layer": 6,
  "seed": 762859266.6827762,
  "weight_decay": 8.79327219e-07
}