{
  "batch_size": 36.8621399642877,
  "beta_1": 0.2584219580144892,
  "beta_2": 0.1544719000361262,
  "block_size": 85.84539043806853,
  "dropout": 0.406155690166777,
  "epsilon": 0.0002405995245827184,
  "lr": 0.04946606385317109,
  "n_embd": 10.45359406541012,
  "n_head": 5.58350001553014,
  "n_layer": 4.225163607006952,
  "seed": 361172705.27800286,
  "weight_decay": 0.008492580844462564
}