{
  "batch_size": 80.57169175405922,
  "beta_1": 0.8194204067608083,
  "beta_2": 0.3677049262639639,
  "block_size": 294.2984594824117,
  "dropout": 0.12168280880535245,
  "epsilon": 0.00023808515364897911,
  "lr": 0.046404947361153574,
  "n_embd": 17.14713479211167,
  "n_head": 1.512050665232665,
  "n_layer": 2.7349505932378158,
  "seed": 1140567550.9511561,
  "weight_decay": 0.004724460042392902
}