{
  "batch_size": 62,
  "beta_1": 0.8168677679290461,
  "beta_2": 0.742356856409109,
  "block_size": 329,
  "dropout": 0.440439575892525,
  "epsilon": 2.28685682e-08,
  "lr": 0.0033541923211219,
  "n_embd": 22,
  "n_head": 4,
  "n_layer": 6,
  "seed": 256293287.35947138,
  "weight_decay": 0.0010597659028908
}