{
  "batch_size": 57.76610217754976,
  "beta_1": 0.7356480635772373,
  "beta_2": 0.52105189833275,
  "block_size": 273.69984358062106,
  "dropout": 0.2017975336115684,
  "epsilon": 0.0008286600518161787,
  "lr": 0.06318303516750282,
  "n_embd": 52.17343235104621,
  "n_head": 4.094412361417168,
  "n_layer": 6.9088912304480115,
  "seed": 1857940350.511857,
  "weight_decay": 0.004848833987822544
}