{
  "batch_size": 73,
  "beta_1": 0.5815687870290459,
  "beta_2": 0.299997065520657,
  "block_size": 106,
  "dropout": 0.4927857602887051,
  "epsilon": 0.0005027421801285,
  "lr": 0.0062789657801171,
  "n_embd": 46,
  "n_head": 1,
  "n_layer": 6,
  "seed": 896042925.7583218,
  "weight_decay": 3.8169307953e-06
}