{
  "batch_size": 54.7703305686954,
  "beta_1": 0.6065866956514792,
  "beta_2": 0.40487032318423566,
  "block_size": 191.3641873525478,
  "dropout": 0.3692383572673007,
  "epsilon": 0.00010527181422965751,
  "lr": 0.033446053497663705,
  "n_embd": 28.78962200247163,
  "n_head": 3.7068713215527236,
  "n_layer": 2.951962012428031,
  "seed": 1941130296.1708074,
  "weight_decay": 0.008901032955809287
}