{
  "batch_size": 63,
  "beta_1": 0.2047237102582426,
  "beta_2": 0.9279983531712698,
  "block_size": 101,
  "dropout": 0.3755589593092721,
  "epsilon": 1.30540171e-08,
  "lr": 1.5960969979e-06,
  "n_embd": 17,
  "n_head": 5,
  "n_layer": 4,
  "seed": 1156519168.572103,
  "weight_decay": 6.15895667e-08
}