{
  "batch_size": 27,
  "beta_1": 0.9496176030979065,
  "beta_2": 0.22582020069375,
  "block_size": 143,
  "dropout": 0.3963685576052644,
  "epsilon": 1.5889819448e-06,
  "lr": 9.6085742528e-06,
  "n_embd": 11,
  "n_head": 6,
  "n_layer": 3,
  "seed": 874424723.7306676,
  "weight_decay": 4.4932444e-08
}