{
  "batch_size": 88,
  "beta_1": 0.2066589591831822,
  "beta_2": 0.5189820521442216,
  "block_size": 375,
  "dropout": 0.2147288397277476,
  "epsilon": 3.3200757e-09,
  "lr": 0.0003408157129124,
  "n_embd": 50,
  "n_head": 4,
  "n_layer": 2,
  "seed": 443602830.42720556,
  "weight_decay": 3.47378258e-08
}