{
  "batch_size": 86.36053495893772,
  "beta_1": 0.6807991279129244,
  "beta_2": 0.723514595059231,
  "block_size": 90.06760023885977,
  "dropout": 0.11563930715053923,
  "epsilon": 0.00020091554729637347,
  "lr": 0.06860116220001015,
  "n_embd": 6.875008459348339,
  "n_head": 6.5390613894805645,
  "n_layer": 2.612122995235368,
  "seed": 641887945.812369,
  "weight_decay": 0.005501263663219942
}