{
  "batch_size": 39,
  "beta_1": 0.9766952633280951,
  "beta_2": 0.33042292364265474,
  "block_size": 67,
  "dropout": 0.2186899249722778,
  "epsilon": 8.054333620716049e-06,
  "lr": 0.00010609487930267266,
  "n_embd": 12,
  "n_head": 5,
  "n_layer": 4,
  "seed": 2062190944,
  "weight_decay": 2.562427949807654e-06
}