{
  "batch_size": 73,
  "beta_1": 0.27401690343326907,
  "beta_2": 0.9139498517126807,
  "block_size": 305,
  "dropout": 0.3886302198306977,
  "epsilon": 2.5912841116187624e-05,
  "lr": 0.0037585440491662322,
  "n_embd": 10,
  "n_head": 3,
  "n_layer": 4,
  "seed": 416931821,
  "weight_decay": 0.008199035784381128
}