{
  "batch_size": 72.7885329360438,
  "beta_1": 0.2173551332032012,
  "beta_2": 0.6623758568249223,
  "block_size": 337.6283588221477,
  "dropout": 0.19027019062569078,
  "epsilon": 0.0008281108718420063,
  "lr": 0.005480835084233285,
  "n_embd": 47.585408410146066,
  "n_head": 6.609082834214384,
  "n_layer": 2.6891509263699556,
  "seed": 603325023.211745,
  "weight_decay": 0.003840173712010661
}