{
  "batch_size": 55.47328821803306,
  "beta_1": 0.7018121981460681,
  "beta_2": 0.4345601602547562,
  "block_size": 294.35042209360915,
  "dropout": 0.4431131904021516,
  "epsilon": 2.3581486511196364e-05,
  "lr": 0.06712281903816825,
  "n_embd": 34.366296252892354,
  "n_head": 1.0075766475839305,
  "n_layer": 2.972944826770382,
  "seed": 507713057.95136,
  "weight_decay": 0.002790107085322686
}