{
  "batch_size": 39.69465012527071,
  "beta_1": 0.8280050027906571,
  "beta_2": 0.9719327309642856,
  "block_size": 295.8585096968741,
  "dropout": 0.47315354474168037,
  "epsilon": 0.0006200196113358802,
  "lr": 0.02710707276644714,
  "n_embd": 52.465950778023064,
  "n_head": 5.412776828287341,
  "n_layer": 6.6967776033704745,
  "seed": 1292001516.4088938,
  "weight_decay": 0.005561095904883621
}