{
  "batch_size": 94.09912064882326,
  "beta_1": 0.7046706320357434,
  "beta_2": 0.31636249659806354,
  "block_size": 179.24987012060166,
  "dropout": 0.11893517141302526,
  "epsilon": 0.0007126819467932083,
  "lr": 0.03622685458923068,
  "n_embd": 27.038283944223746,
  "n_head": 4.799355048985351,
  "n_layer": 4.991616744456209,
  "seed": 492179493.6975517,
  "weight_decay": 0.00025746563728113283
}