{
  "batch_size": 80.5407750180736,
  "beta_1": 0.3774742344861075,
  "beta_2": 0.8244936516760446,
  "block_size": 169.63520105259397,
  "dropout": 0.24780056200466355,
  "epsilon": 0.0003018171700894884,
  "lr": 0.09870726001397724,
  "n_embd": 17.507491025049713,
  "n_head": 4.9235571253464165,
  "n_layer": 2.6011766989237413,
  "seed": 1861186601.9344,
  "weight_decay": 0.009818557113574135
}