{
  "batch_size": 69.0510093366317,
  "beta_1": 0.18481165369637909,
  "beta_2": 0.8286386814504415,
  "block_size": 98.45094566913278,
  "dropout": 0.30860818967617476,
  "epsilon": 4.433376518972064e-05,
  "lr": 0.03706829080289717,
  "n_embd": 23.6848153563488,
  "n_head": 4.914982743977687,
  "n_layer": 5.7171034218167565,
  "seed": 1186354264.1802285,
  "weight_decay": 0.0036517135220658107
}