{
  "batch_size": 35,
  "beta_1": 0.3131084889399281,
  "beta_2": 0.7951938585836181,
  "block_size": 289,
  "dropout": 0.2176872897491713,
  "epsilon": 0.0003200998841140761,
  "lr": 0.0005037508884041804,
  "n_embd": 26,
  "n_head": 5,
  "n_layer": 1,
  "seed": 1447440120,
  "weight_decay": 4.534805283769407e-08
}