{
  "batch_size": 90.85599512991827,
  "beta_1": 0.36995124695252124,
  "beta_2": 0.6065498180589337,
  "block_size": 235.72834585911014,
  "dropout": 0.14136726753170753,
  "epsilon": 0.0003352643838308624,
  "lr": 0.00035411740589447475,
  "n_embd": 10.96671539513245,
  "n_head": 6.090351277219119,
  "n_layer": 1.2685483893605316,
  "seed": 184788430.50472477,
  "weight_decay": 0.0061851951171719875
}