{
  "batch_size": 71,
  "beta_1": 0.2352858363593948,
  "beta_2": 0.9728798288761253,
  "block_size": 83,
  "dropout": 0.42474282610923464,
  "epsilon": 0.00013267028656018112,
  "lr": 9.032826477551428e-06,
  "n_embd": 8,
  "n_head": 2,
  "n_layer": 2,
  "seed": 2122742501,
  "weight_decay": 4.745872265825117e-08
}