{
  "batch_size": 44,
  "beta_1": 0.8090346844562022,
  "beta_2": 0.4956233364374235,
  "block_size": 188,
  "dropout": 0.48032767919506836,
  "epsilon": 2.3797059937234956e-10,
  "lr": 0.024544889814489823,
  "n_embd": 14,
  "n_head": 4,
  "n_layer": 4,
  "seed": 947987533,
  "weight_decay": 7.213783481835448e-07
}