{
  "batch_size": 54.74174952685178,
  "beta_1": 0.32168695315276197,
  "beta_2": 0.521154106682744,
  "block_size": 169.86223381605572,
  "dropout": 0.2651731000961191,
  "epsilon": 0.0005731718481029922,
  "lr": 0.009663454239866988,
  "n_embd": 29.16384825397363,
  "n_head": 6.234894570006325,
  "n_layer": 2.801135415725685,
  "seed": 1457110297.2070868,
  "weight_decay": 0.008952831068145
}