{
  "batch_size": 55.63888374267357,
  "beta_1": 0.9177880798032184,
  "beta_2": 0.24760117576503402,
  "block_size": 371.79812267566336,
  "dropout": 0.33090930281944286,
  "epsilon": 0.0007912029465645586,
  "lr": 0.05936216688330575,
  "n_embd": 22.36439998199629,
  "n_head": 6.7148525354879585,
  "n_layer": 6.918577443315517,
  "seed": 297718569.93829787,
  "weight_decay": 5.65419434761515e-05
}