{
  "batch_size": 95,
  "beta_1": 0.7028897255770781,
  "beta_2": 0.2215197485423434,
  "block_size": 125,
  "dropout": 0.2782208572422492,
  "epsilon": 1.6828151066689852e-07,
  "lr": 1.0692388114570807e-06,
  "n_embd": 11,
  "n_head": 4,
  "n_layer": 4,
  "seed": 440538358,
  "weight_decay": 5.990054385830165e-07
}