{
  "batch_size": 41,
  "beta_1": 0.9339784572649193,
  "beta_2": 0.8315996333533642,
  "block_size": 362,
  "dropout": 0.1117872025837669,
  "epsilon": 2.070374836e-07,
  "lr": 0.0005285580626309,
  "n_embd": 44,
  "n_head": 2,
  "n_layer": 2,
  "seed": 1122448946.7100317,
  "weight_decay": 1.9510045308e-06
}