{
  "batch_size": 63.398183884372045,
  "beta_1": 0.585037138712376,
  "beta_2": 0.5396652569631027,
  "block_size": 72.69937008165681,
  "dropout": 0.12759805658592485,
  "epsilon": 6.575912877961187e-05,
  "lr": 0.08456968633716201,
  "n_embd": 34.98808557575094,
  "n_head": 6.464208680978507,
  "n_layer": 3.558876132840047,
  "seed": 415975849.160574,
  "weight_decay": 0.0004513648557506968
}