{
  "batch_size": 26.966114745944157,
  "beta_1": 0.9897645075202677,
  "beta_2": 0.32679025358504943,
  "block_size": 333.9264347778136,
  "dropout": 0.1397200471694714,
  "epsilon": 0.0001871952059000956,
  "lr": 0.06360456360801138,
  "n_embd": 34.26794795149777,
  "n_head": 2.304022146992748,
  "n_layer": 2.675351753823761,
  "seed": 1464278734.7773006,
  "weight_decay": 0.0038036023611269175
}