{
  "batch_size": 28,
  "beta_1": 0.1773907775752358,
  "beta_2": 0.8222892978057194,
  "block_size": 221,
  "dropout": 0.35466781307198036,
  "epsilon": 3.0623344539570825e-05,
  "lr": 0.00011618739997318777,
  "n_embd": 15,
  "n_head": 4,
  "n_layer": 4,
  "seed": 1241404421,
  "weight_decay": 1.01338530164455e-06
}