{
  "batch_size": 50,
  "beta_1": 0.28341217408020114,
  "beta_2": 0.9808166869029025,
  "block_size": 266,
  "dropout": 0.2373411510902999,
  "epsilon": 9.745945511578295e-08,
  "lr": 5.089746696362025e-05,
  "n_embd": 10,
  "n_head": 5,
  "n_layer": 1,
  "seed": 279671926,
  "weight_decay": 4.304754212184932e-07
}