{
  "batch_size": 31.958594959332373,
  "beta_1": 0.13019971239673422,
  "beta_2": 0.38450640019671645,
  "block_size": 274.5051421190325,
  "dropout": 0.2845105455454553,
  "epsilon": 0.0008790441101473475,
  "lr": 0.0838426067725859,
  "n_embd": 39.51578292388062,
  "n_head": 5.432709774121006,
  "n_layer": 2.1131263615396296,
  "seed": 884749726.1338644,
  "weight_decay": 0.0017829053730511295
}