{
  "batch_size": 26,
  "beta_1": 0.9803579913886318,
  "beta_2": 0.812979600632923,
  "block_size": 102,
  "dropout": 0.1173438034784788,
  "epsilon": 8.1803289167e-06,
  "lr": 0.0011123041887826,
  "n_embd": 10,
  "n_head": 5,
  "n_layer": 3,
  "seed": 2064686801.0313163,
  "weight_decay": 7.87710465145e-05
}