{
  "batch_size": 76,
  "beta_1": 0.6900880109294061,
  "beta_2": 0.377731143331675,
  "block_size": 144,
  "dropout": 0.3268387270394664,
  "epsilon": 2.30985367368e-05,
  "lr": 0.0002733309353607,
  "n_embd": 10,
  "n_head": 6,
  "n_layer": 1,
  "seed": 1736071104.3530657,
  "weight_decay": 0.000159583471737
}