{
  "batch_size": 95.377707909102,
  "beta_1": 0.9756319368028501,
  "beta_2": 0.5349490392952,
  "block_size": 176.46036563538644,
  "dropout": 0.30853050064090703,
  "epsilon": 0.00020125156191885902,
  "lr": 0.0015044676251823146,
  "n_embd": 18.200153887599196,
  "n_head": 5.115132742516802,
  "n_layer": 5.105253103105808,
  "seed": 1681816158.230611,
  "weight_decay": 0.008717064675097334
}