{
  "batch_size": 72,
  "beta_1": 0.6475061205225842,
  "beta_2": 0.7386482401893688,
  "block_size": 336,
  "dropout": 0.1221801452073031,
  "epsilon": 3.8661761e-09,
  "lr": 3.5356694579e-06,
  "n_embd": 14,
  "n_head": 2,
  "n_layer": 6,
  "seed": 1298095266.1634398,
  "weight_decay": 7.6990680011e-06
}