{
  "batch_size": 46,
  "beta_1": 0.34172816905306347,
  "beta_2": 0.9409208024963404,
  "block_size": 185,
  "dropout": 0.2955945247828342,
  "epsilon": 1.7572634231798062e-05,
  "lr": 0.00010543566872352425,
  "n_embd": 32,
  "n_head": 4,
  "n_layer": 3,
  "seed": 285064871,
  "weight_decay": 4.96801801248506e-07
}