{
  "batch_size": 60.293455567672076,
  "beta_1": 0.20367611109892944,
  "beta_2": 0.7343202251219556,
  "block_size": 365.7516734988393,
  "dropout": 0.22604936865568384,
  "epsilon": 0.00016279729405594993,
  "lr": 0.04530959586561105,
  "n_embd": 4.501874636610069,
  "n_head": 5.063894322670349,
  "n_layer": 6.821552745419771,
  "seed": 1196286098.1476772,
  "weight_decay": 0.005364395400819654
}