{
  "batch_size": 49,
  "beta_1": 0.26773124145751886,
  "beta_2": 0.497734086604826,
  "block_size": 79,
  "dropout": 0.35231761243617365,
  "epsilon": 0.00032589708285032953,
  "lr": 0.005011160341494207,
  "n_embd": 25,
  "n_head": 1,
  "n_layer": 6,
  "seed": 306784202,
  "weight_decay": 0.000527704276904681
}