{
  "batch_size": 93.76694243668491,
  "beta_1": 0.5162502672538792,
  "beta_2": 0.12643314383989418,
  "block_size": 290.91556335776625,
  "dropout": 0.3526464731060318,
  "epsilon": 0.0006562512196885612,
  "lr": 0.05317094220344465,
  "n_embd": 5.32881025941655,
  "n_head": 4.370693914067672,
  "n_layer": 2.95037536946805,
  "seed": 738318288.4785478,
  "weight_decay": 0.0053736719377870095
}