{
  "batch_size": 61,
  "beta_1": 0.1429593592544612,
  "beta_2": 0.8141740460567629,
  "block_size": 134,
  "dropout": 0.1018300269603238,
  "epsilon": 6.49018780636e-05,
  "lr": 0.0002394902710237,
  "n_embd": 8,
  "n_head": 6,
  "n_layer": 1,
  "seed": 1079872883.2284524,
  "weight_decay": 0.0001888753798975
}