{
  "batch_size": 69.33064866413716,
  "beta_1": 0.8579275415193419,
  "beta_2": 0.6662829074536066,
  "block_size": 329.2128534099514,
  "dropout": 0.36714936961955924,
  "epsilon": 0.000719125708232553,
  "lr": 0.0773000458370575,
  "n_embd": 11.372120116675642,
  "n_head": 1.864212337562856,
  "n_layer": 2.882241700780468,
  "seed": 1514042360.4803147,
  "weight_decay": 0.00405129673075667
}