{
  "batch_size": 84.04440224398333,
  "beta_1": 0.28292012507802833,
  "beta_2": 0.10499883490422664,
  "block_size": 305.55367969326255,
  "dropout": 0.4514223127322876,
  "epsilon": 0.000479792200760335,
  "lr": 0.051323764339575716,
  "n_embd": 42.444940484705896,
  "n_head": 4.550557163240914,
  "n_layer": 1.0667307830619432,
  "seed": 2127268058.7635763,
  "weight_decay": 0.005657896155589588
}