{
  "batch_size": 79.68167931091487,
  "beta_1": 0.6106758865941564,
  "beta_2": 0.36845111926835095,
  "block_size": 76.27163541809043,
  "dropout": 0.4708700883524217,
  "epsilon": 0.0004677084663655474,
  "lr": 0.07094592301191646,
  "n_embd": 39.60539136956911,
  "n_head": 4.7424830981226,
  "n_layer": 1.82127686038354,
  "seed": 1995946265.0052853,
  "weight_decay": 0.009598675404568253
}