{
  "batch_size": 68,
  "beta_1": 0.1217245789551906,
  "beta_2": 0.1931560028424882,
  "block_size": 173,
  "dropout": 0.1678214760355921,
  "epsilon": 3.7198765e-09,
  "lr": 0.0008538227872464,
  "n_embd": 6,
  "n_head": 5,
  "n_layer": 3,
  "seed": 1383770067.1618204,
  "weight_decay": 0.0024319336038554
}