{
  "batch_size": 19.87212344610087,
  "beta_1": 0.20181299278844225,
  "beta_2": 0.6247174202205112,
  "block_size": 330.0091073018271,
  "dropout": 0.36336132450225844,
  "epsilon": 0.00010002335183071437,
  "lr": 0.04310858218137756,
  "n_embd": 5.917568721490245,
  "n_head": 1.1122892909983848,
  "n_layer": 3.8320720787724,
  "seed": 1139525496.6406767,
  "weight_decay": 0.0019842887521178227
}