{
  "batch_size": 25,
  "beta_1": 0.9268810082634842,
  "beta_2": 0.7968727308622343,
  "block_size": 136,
  "dropout": 0.1160422930968185,
  "epsilon": 3.11195342e-07,
  "lr": 0.002126425331171,
  "n_embd": 5,
  "n_head": 6,
  "n_layer": 2,
  "seed": 400996559.7716429,
  "weight_decay": 0.0009378359182263
}