{
  "batch_size": 23,
  "beta_1": 0.2058168473523427,
  "beta_2": 0.1302856789047279,
  "block_size": 118,
  "dropout": 0.3137416256183554,
  "epsilon": 4.252655e-10,
  "lr": 0.0004360978518633,
  "n_embd": 53,
  "n_head": 6,
  "n_layer": 4,
  "seed": 662600916.4289709,
  "weight_decay": 5.1034249e-08
}