{
  "batch_size": 53.805918625433236,
  "beta_1": 0.8664697483243761,
  "beta_2": 0.9641735861455336,
  "block_size": 246.96842716830452,
  "dropout": 0.47314743953272653,
  "epsilon": 0.000513986019024358,
  "lr": 0.03955095381513144,
  "n_embd": 25.65440242450624,
  "n_head": 4.728617135401343,
  "n_layer": 3.52818442715148,
  "seed": 1303551650.693342,
  "weight_decay": 0.008505338174149404
}