{
  "batch_size": 61,
  "beta_1": 0.4278769658734376,
  "beta_2": 0.34616349332466334,
  "block_size": 248,
  "dropout": 0.1454976205887356,
  "epsilon": 7.125953503672817e-05,
  "lr": 0.00012182743649938497,
  "n_embd": 44,
  "n_head": 6,
  "n_layer": 6,
  "seed": 521413981,
  "weight_decay": 5.059564318557065e-08
}