{
  "batch_size": 79.11675905883158,
  "beta_1": 0.4606781597307026,
  "beta_2": 0.6896547129108724,
  "block_size": 336.06519088461243,
  "dropout": 0.2444688959624998,
  "epsilon": 0.00012880315273405184,
  "lr": 0.040872870938304724,
  "n_embd": 16.26393295313234,
  "n_head": 3.011237630009905,
  "n_layer": 1.0912111393920965,
  "seed": 273921070.48960686,
  "weight_decay": 0.005581569512930052
}