{
  "batch_size": 72.39459855937801,
  "beta_1": 0.3978659378117101,
  "beta_2": 0.20186669908411237,
  "block_size": 291.50872697808063,
  "dropout": 0.2274794519998992,
  "epsilon": 0.0006141644867606414,
  "lr": 0.01724171324786245,
  "n_embd": 51.415159041358876,
  "n_head": 2.4226692510437324,
  "n_layer": 3.540597567911449,
  "seed": 870290663.2489375,
  "weight_decay": 0.0059596755951730656
}