{
  "batch_size": 25,
  "beta_1": 0.1667352289210467,
  "beta_2": 0.7064461661555402,
  "block_size": 173,
  "dropout": 0.24027455186095673,
  "epsilon": 8.488439686989951e-06,
  "lr": 7.817145682069983e-05,
  "n_embd": 3,
  "n_head": 1,
  "n_layer": 6,
  "seed": 816562524,
  "weight_decay": 8.533732644807352e-06
}