{
  "batch_size": 61.847957682110426,
  "beta_1": 0.7170485330113606,
  "beta_2": 0.45840607922946575,
  "block_size": 130.13949034636062,
  "dropout": 0.17870541639470644,
  "epsilon": 0.00011655441578155737,
  "lr": 0.007052648684581437,
  "n_embd": 29.441692544567182,
  "n_head": 1.4265228043431908,
  "n_layer": 3.656349755948712,
  "seed": 246631608.66749635,
  "weight_decay": 0.008010489629375337
}