{
  "batch_size": 51.413202021392664,
  "beta_1": 0.5349051757533902,
  "beta_2": 0.7052123153181855,
  "block_size": 344.6768193086019,
  "dropout": 0.39760884261635965,
  "epsilon": 0.0004611201569938125,
  "lr": 0.05527449713961722,
  "n_embd": 18.677338903503337,
  "n_head": 6.584841814595154,
  "n_layer": 4.989238822616911,
  "seed": 1139574718.9483411,
  "weight_decay": 0.007285908369721571
}