{
  "batch_size": 67.40257427176405,
  "beta_1": 0.11159391611985796,
  "beta_2": 0.22662447679935777,
  "block_size": 108.20206725104418,
  "dropout": 0.4991702630304008,
  "epsilon": 0.00014879919561077012,
  "lr": 0.02765120306712361,
  "n_embd": 11.727668512140598,
  "n_head": 2.0993437862191766,
  "n_layer": 5.766112821077473,
  "seed": 1026152771.7224709,
  "weight_decay": 0.007858037406700715
}