{
  "batch_size": 39.835727835372,
  "beta_1": 0.8334165711468478,
  "beta_2": 0.6630238033348536,
  "block_size": 88.02413967620724,
  "dropout": 0.18581340165683313,
  "epsilon": 0.0005248596890587931,
  "lr": 0.037518499243514115,
  "n_embd": 36.51183013982198,
  "n_head": 5.645041490901008,
  "n_layer": 5.929315292433404,
  "seed": 1766280671.5436153,
  "weight_decay": 4.179707091986973e-05
}