{
  "batch_size": 21,
  "beta_1": 0.5772695359651533,
  "beta_2": 0.1001970871310937,
  "block_size": 168,
  "dropout": 0.2194920867062001,
  "epsilon": 1.27847036987e-05,
  "lr": 0.0057062361822044,
  "n_embd": 10,
  "n_head": 1,
  "n_layer": 6,
  "seed": 886549289.4189848,
  "weight_decay": 2.85260328e-08
}