{
  "batch_size": 90.88019825395502,
  "beta_1": 0.8671825574585339,
  "beta_2": 0.5227092695609157,
  "block_size": 289.00427748042944,
  "dropout": 0.24835710842845457,
  "epsilon": 0.000853941894136651,
  "lr": 0.08809952320542573,
  "n_embd": 19.768998864246022,
  "n_head": 4.504847572011364,
  "n_layer": 1.654800414625698,
  "seed": 1613765630.5521111,
  "weight_decay": 0.006636023457049496
}