{
  "batch_size": 25,
  "beta_1": 0.782556788342271,
  "beta_2": 0.709209160659793,
  "block_size": 84,
  "dropout": 0.23952265352919483,
  "epsilon": 2.687782974392402e-09,
  "lr": 1.3417724808521015e-05,
  "n_embd": 37,
  "n_head": 3,
  "n_layer": 3,
  "seed": 508252062,
  "weight_decay": 0.00011560301270536955
}