{
  "batch_size": 51.02308106636737,
  "beta_1": 0.5664453769276705,
  "beta_2": 0.1283437503554407,
  "block_size": 243.52897355326706,
  "dropout": 0.22414837701594728,
  "epsilon": 0.0006190002633672697,
  "lr": 0.08099598459172473,
  "n_embd": 47.48762827444505,
  "n_head": 2.9214691493049214,
  "n_layer": 1.2632570193176111,
  "seed": 2079702488.082095,
  "weight_decay": 0.006224459970035375
}