{
  "batch_size": 90,
  "beta_1": 0.4915958487206701,
  "beta_2": 0.3549815769231819,
  "block_size": 84,
  "dropout": 0.4185768944029576,
  "epsilon": 7.34385155077e-05,
  "lr": 0.0088365638889631,
  "n_embd": 17,
  "n_head": 6,
  "n_layer": 2,
  "seed": 1628064043.1034849,
  "weight_decay": 1.75420461642e-05
}