{
  "batch_size": 72,
  "beta_1": 0.385904756606494,
  "beta_2": 0.3261535764394314,
  "block_size": 356,
  "dropout": 0.295995821290235,
  "epsilon": 2.6337272e-09,
  "lr": 0.0021932903606101,
  "n_embd": 11,
  "n_head": 3,
  "n_layer": 4,
  "seed": 1437370850.0862057,
  "weight_decay": 7.811053377e-07
}