{
  "batch_size": 47.36024509506163,
  "beta_1": 0.4778898735189854,
  "beta_2": 0.9733647740148011,
  "block_size": 79.19998262048891,
  "dropout": 0.4883557069540603,
  "epsilon": 0.0006342465019344943,
  "lr": 0.034407729119365286,
  "n_embd": 20.49402207285575,
  "n_head": 5.803892238932655,
  "n_layer": 4.679424943129863,
  "seed": 312262252.74226516,
  "weight_decay": 0.004412212753223328
}