{
  "batch_size": 35,
  "beta_1": 0.923300902284561,
  "beta_2": 0.3553731762044932,
  "block_size": 258,
  "dropout": 0.2671740311739144,
  "epsilon": 8.704338e-10,
  "lr": 0.0212892050827411,
  "n_embd": 36,
  "n_head": 2,
  "n_layer": 4,
  "seed": 1099391322.6513174,
  "weight_decay": 3.4673534897e-06
}