{
  "batch_size": 90.5090270420195,
  "beta_1": 0.8537618966053153,
  "beta_2": 0.4013955678640093,
  "block_size": 164.21770825025234,
  "dropout": 0.34400544019576484,
  "epsilon": 0.0002367585722793096,
  "lr": 0.09209495688104134,
  "n_embd": 30.46504749710306,
  "n_head": 4.245232349701057,
  "n_layer": 3.180035969093231,
  "seed": 245754093.85084093,
  "weight_decay": 0.0010978983265145794
}