{
  "batch_size": 88,
  "beta_1": 0.672392072393172,
  "beta_2": 0.4688051112686181,
  "block_size": 79,
  "dropout": 0.1757006692164314,
  "epsilon": 7.9391066357e-06,
  "lr": 4.5786666657e-05,
  "n_embd": 28,
  "n_head": 3,
  "n_layer": 2,
  "seed": 363122810.72052854,
  "weight_decay": 0.0004691403183486
}