{
  "batch_size": 22,
  "beta_1": 0.1019635761611786,
  "beta_2": 0.879487006861709,
  "block_size": 70,
  "dropout": 0.2915056430097582,
  "epsilon": 7.7634290154e-06,
  "lr": 0.0936212477761459,
  "n_embd": 21,
  "n_head": 5,
  "n_layer": 5,
  "seed": 1497124230.4855413,
  "weight_decay": 8.240939207e-07
}