{
  "batch_size": 67.78564934014145,
  "beta_1": 0.3361876668103617,
  "beta_2": 0.6793380374630791,
  "block_size": 172.87297552070754,
  "dropout": 0.4315141076042285,
  "epsilon": 0.00017171967873028793,
  "lr": 0.038007989785409764,
  "n_embd": 29.894877522944206,
  "n_head": 3.84551437501754,
  "n_layer": 3.587443137220059,
  "seed": 1139654706.1726463,
  "weight_decay": 0.0008817466521817751
}