{
  "batch_size": 73.3030214685394,
  "beta_1": 0.5345923234153813,
  "beta_2": 0.5650054226729526,
  "block_size": 322.5672728648912,
  "dropout": 0.3696718172510066,
  "epsilon": 0.00041558522749236625,
  "lr": 0.07680886822892168,
  "n_embd": 48.824988289325304,
  "n_head": 2.66213870847625,
  "n_layer": 2.446289215571526,
  "seed": 2084972529.4342527,
  "weight_decay": 0.003108200640536153
}