{
  "batch_size": 68,
  "beta_1": 0.1884678775802566,
  "beta_2": 0.7295738706386202,
  "block_size": 378,
  "dropout": 0.1960498470852526,
  "epsilon": 1.5168684e-09,
  "lr": 0.0006393104227497,
  "n_embd": 48,
  "n_head": 5,
  "n_layer": 4,
  "seed": 258921277.09831294,
  "weight_decay": 2.7640416e-08
}