{
  "batch_size": 66,
  "beta_1": 0.47643186160515416,
  "beta_2": 0.13205794229166454,
  "block_size": 227,
  "dropout": 0.42280061441892547,
  "epsilon": 1.613640489248855e-08,
  "lr": 3.6214190655964245e-05,
  "n_embd": 20,
  "n_head": 1,
  "n_layer": 6,
  "seed": 885327064,
  "weight_decay": 0.0007145789790407759
}