{
  "batch_size": 76,
  "beta_1": 0.1519227953247761,
  "beta_2": 0.9127011003561633,
  "block_size": 162,
  "dropout": 0.2437409123677394,
  "epsilon": 7.58452769814e-05,
  "lr": 0.0002729267654866,
  "n_embd": 41,
  "n_head": 5,
  "n_layer": 1,
  "seed": 168486547.84643835,
  "weight_decay": 6.22649035116e-05
}