{
  "batch_size": 31,
  "beta_1": 0.7782260488386042,
  "beta_2": 0.9741599309722934,
  "block_size": 303,
  "dropout": 0.4765100404201348,
  "epsilon": 2.61265037874e-05,
  "lr": 0.0032158559942691,
  "n_embd": 49,
  "n_head": 3,
  "n_layer": 1,
  "seed": 7421294.471764394,
  "weight_decay": 0.003859810231494
}