{
  "batch_size": 40,
  "beta_1": 0.16023088776489297,
  "beta_2": 0.5452056477926679,
  "block_size": 378,
  "dropout": 0.45369504470522226,
  "epsilon": 1.2583505597182556e-09,
  "lr": 0.0005415909511828001,
  "n_embd": 19,
  "n_head": 1,
  "n_layer": 5,
  "seed": 430859600,
  "weight_decay": 2.8120741294505416e-08
}