{
  "batch_size": 79,
  "beta_1": 0.6413164846508438,
  "beta_2": 0.5813825346224831,
  "block_size": 213,
  "dropout": 0.141521315341977,
  "epsilon": 5.0940948059e-06,
  "lr": 0.0775631904265508,
  "n_embd": 24,
  "n_head": 6,
  "n_layer": 5,
  "seed": 62661241.19357532,
  "weight_decay": 2.72188172e-08
}