{
  "batch_size": 90.81468677458287,
  "beta_1": 0.41649522836445063,
  "beta_2": 0.20460903861424612,
  "block_size": 103.20598871943156,
  "dropout": 0.4993835269317981,
  "epsilon": 0.000697679531536879,
  "lr": 0.06841929686729152,
  "n_embd": 47.319219602180596,
  "n_head": 1.4287035218485322,
  "n_layer": 3.7486583462624736,
  "seed": 1611708512.1179237,
  "weight_decay": 0.005144949069870407
}