{
  "batch_size": 76,
  "beta_1": 0.9559326645131135,
  "beta_2": 0.5102368005117183,
  "block_size": 70,
  "dropout": 0.24303102488539788,
  "epsilon": 1.0867103512546967e-06,
  "lr": 0.016031063443142264,
  "n_embd": 26,
  "n_head": 1,
  "n_layer": 3,
  "seed": 1533722535,
  "weight_decay": 3.7450767372796596e-07
}