{
  "batch_size": 74,
  "beta_1": 0.3310475811323035,
  "beta_2": 0.43290599823652876,
  "block_size": 156,
  "dropout": 0.2462092889386865,
  "epsilon": 1.273812261139858e-10,
  "lr": 2.4568930301954093e-06,
  "n_embd": 6,
  "n_head": 3,
  "n_layer": 1,
  "seed": 44084033,
  "weight_decay": 1.5870161370890993e-05
}