{
  "batch_size": 40.3236116318559,
  "beta_1": 0.5244907502889592,
  "beta_2": 0.1457362306420044,
  "block_size": 88.98486975778277,
  "dropout": 0.38336579380219893,
  "epsilon": 0.0007663829690068786,
  "lr": 0.09543886091907125,
  "n_embd": 6.89685140754395,
  "n_head": 6.624588544799005,
  "n_layer": 2.3766923495001384,
  "seed": 1004764912.958718,
  "weight_decay": 0.009345429876898754
}