{
  "batch_size": 68,
  "beta_1": 0.1942773033830994,
  "beta_2": 0.9430229120220843,
  "block_size": 334,
  "dropout": 0.18784005597942444,
  "epsilon": 2.587889442464756e-10,
  "lr": 0.006085256331375914,
  "n_embd": 37,
  "n_head": 3,
  "n_layer": 4,
  "seed": 1253174406,
  "weight_decay": 5.858366844829149e-07
}