{
  "batch_size": 36,
  "beta_1": 0.18638251830621222,
  "beta_2": 0.5361916869332211,
  "block_size": 378,
  "dropout": 0.20313646447969108,
  "epsilon": 4.060277806024238e-10,
  "lr": 0.001286820100010333,
  "n_embd": 19,
  "n_head": 1,
  "n_layer": 5,
  "seed": 430859600,
  "weight_decay": 0.003418936122268052
}