{
  "batch_size": 38.73429935240637,
  "beta_1": 0.10041423986725775,
  "beta_2": 0.7373450849153329,
  "block_size": 194.69483533374148,
  "dropout": 0.255045792775747,
  "epsilon": 0.0007629718581322904,
  "lr": 0.03824409700100146,
  "n_embd": 35.52504552394072,
  "n_head": 2.8241675826151695,
  "n_layer": 4.090792391564359,
  "seed": 137862379.05114567,
  "weight_decay": 0.00766909529204056
}