{
  "batch_size": 34.988340865190324,
  "beta_1": 0.6668003018967797,
  "beta_2": 0.8278958658142591,
  "block_size": 65.66525973023379,
  "dropout": 0.15710552971870137,
  "epsilon": 0.0007719602647617629,
  "lr": 0.06498169669408135,
  "n_embd": 31.357700371398625,
  "n_head": 2.434157674826791,
  "n_layer": 2.3443196700521876,
  "seed": 1731286340.590662,
  "weight_decay": 0.009799464614956715
}