{
  "batch_size": 68.24069115201456,
  "beta_1": 0.33443444021242763,
  "beta_2": 0.6948624526967373,
  "block_size": 310.2676662447949,
  "dropout": 0.3710227790267001,
  "epsilon": 0.00037568386992398184,
  "lr": 0.006583172885648046,
  "n_embd": 53.324496197571804,
  "n_head": 4.2326613110439455,
  "n_layer": 4.057369816327963,
  "seed": 1419859600.845484,
  "weight_decay": 0.007559091375668561
}