{
  "batch_size": 39.7789632467742,
  "beta_1": 0.4502604381992482,
  "beta_2": 0.9553330314561216,
  "block_size": 220.0192980055972,
  "dropout": 0.16404956910178203,
  "epsilon": 0.0006701485583194684,
  "lr": 0.014272015453952094,
  "n_embd": 48.91438685600805,
  "n_head": 5.7159998314869185,
  "n_layer": 5.01167015225092,
  "seed": 1196286767.6225677,
  "weight_decay": 0.007154574339023861
}