{
  "batch_size": 87.14071785715717,
  "beta_1": 0.11072136323937373,
  "beta_2": 0.2997943818046936,
  "block_size": 66.9286779453982,
  "dropout": 0.2752406398452937,
  "epsilon": 0.0003236147779449877,
  "lr": 0.033438671737300946,
  "n_embd": 16.218016686112698,
  "n_head": 6.3734807771204425,
  "n_layer": 5.964118080404643,
  "seed": 1634663589.8008451,
  "weight_decay": 0.0031981589489566546
}