{
  "batch_size": 46.31653943422641,
  "beta_1": 0.6947038501587681,
  "beta_2": 0.6865476526052039,
  "block_size": 303.12904028750484,
  "dropout": 0.3811568649929268,
  "epsilon": 0.00023192137590384123,
  "lr": 0.08408654443452346,
  "n_embd": 50.38931501384646,
  "n_head": 5.503801084987135,
  "n_layer": 2.740160768554019,
  "seed": 226432403.43329555,
  "weight_decay": 0.0073904625293792275
}