{
  "batch_size": 74.3789290367024,
  "beta_1": 0.6922828274421524,
  "beta_2": 0.233143700411327,
  "block_size": 229.57310587443195,
  "dropout": 0.2013617216756506,
  "epsilon": 0.0003943266453042639,
  "lr": 0.00729539389777781,
  "n_embd": 36.74590970540739,
  "n_head": 6.641329416256331,
  "n_layer": 5.00381809147428,
  "seed": 1758354018.425011,
  "weight_decay": 0.005810092093064676
}