{
  "batch_size": 74,
  "beta_1": 0.8193254539392459,
  "beta_2": 0.26388320475580507,
  "block_size": 329,
  "dropout": 0.16678253615425764,
  "epsilon": 0.0001012637851410684,
  "lr": 3.1800128257272655e-05,
  "n_embd": 26,
  "n_head": 3,
  "n_layer": 5,
  "seed": 1551761931,
  "weight_decay": 2.0328632939714415e-06
}