{
  "batch_size": 72,
  "beta_1": 0.6151627281422227,
  "beta_2": 0.3851735135286394,
  "block_size": 100,
  "dropout": 0.342255316450451,
  "epsilon": 7.85866803e-08,
  "lr": 0.0005623418358382,
  "n_embd": 25,
  "n_head": 2,
  "n_layer": 3,
  "seed": 216300920.26428586,
  "weight_decay": 9.3812925437e-06
}