{
  "batch_size": 62,
  "beta_1": 0.12852803933313597,
  "beta_2": 0.7985199590240779,
  "block_size": 155,
  "dropout": 0.19346923609576394,
  "epsilon": 0.00047737678021589195,
  "lr": 0.0003168496841901873,
  "n_embd": 8,
  "n_head": 2,
  "n_layer": 1,
  "seed": 851485221,
  "weight_decay": 0.00017685154341306995
}