{
  "batch_size": 85.84563460839493,
  "beta_1": 0.7043798405920046,
  "beta_2": 0.48806212104623103,
  "block_size": 380.84406538624177,
  "dropout": 0.3206357094463988,
  "epsilon": 0.0005421104750861901,
  "lr": 0.07805139218983739,
  "n_embd": 34.62036284194562,
  "n_head": 5.221420276347492,
  "n_layer": 5.739137651597548,
  "seed": 624560849.1696247,
  "weight_decay": 0.009005560033029476
}