{
  "batch_size": 66.71329132608395,
  "beta_1": 0.5368285953639026,
  "beta_2": 0.45821536551700326,
  "block_size": 140.70529871201916,
  "dropout": 0.14093599634824672,
  "epsilon": 0.00040971493899016653,
  "lr": 0.03463905080842751,
  "n_embd": 52.477259745241646,
  "n_head": 4.261088161742272,
  "n_layer": 1.3974484348031058,
  "seed": 1817480481.4009254,
  "weight_decay": 0.0009899266396022235
}