{
  "batch_size": 24,
  "beta_1": 0.871945976833521,
  "beta_2": 0.1306968465111144,
  "block_size": 217,
  "dropout": 0.4582722706565315,
  "epsilon": 1.42490916e-08,
  "lr": 0.0066914234235632,
  "n_embd": 18,
  "n_head": 5,
  "n_layer": 5,
  "seed": 1763114602.4538593,
  "weight_decay": 4.2510445817e-06
}