{
  "batch_size": 91,
  "beta_1": 0.4662420029229517,
  "beta_2": 0.12257546797232277,
  "block_size": 362,
  "dropout": 0.49238375921311806,
  "epsilon": 1.3773640502994386e-06,
  "lr": 0.05843541548302807,
  "n_embd": 53,
  "n_head": 3,
  "n_layer": 1,
  "seed": 759798544,
  "weight_decay": 4.0523421979871054e-05
}