{
  "batch_size": 91,
  "beta_1": 0.5448352376501125,
  "beta_2": 0.5452056363572086,
  "block_size": 342,
  "dropout": 0.11121315520721238,
  "epsilon": 3.0314566737166006e-11,
  "lr": 8.728748943139723e-05,
  "n_embd": 48,
  "n_head": 6,
  "n_layer": 1,
  "seed": 471082496,
  "weight_decay": 2.8097925053645646e-07
}