{
  "batch_size": 57,
  "beta_1": 0.6111114214090413,
  "beta_2": 0.7046878491972989,
  "block_size": 245,
  "dropout": 0.1232187226374602,
  "epsilon": 3.364753652e-06,
  "lr": 0.0014412072805509,
  "n_embd": 17,
  "n_head": 3,
  "n_layer": 1,
  "seed": 293109489.52057683,
  "weight_decay": 0.00296776434815
}