{
  "batch_size": 23.46711653487942,
  "beta_1": 0.8718586834157059,
  "beta_2": 0.48936005944097416,
  "block_size": 70.75252685539674,
  "dropout": 0.22237011812315122,
  "epsilon": 1.2859514081676051e-05,
  "lr": 0.09982222875599003,
  "n_embd": 52.18649769706182,
  "n_head": 1.2731691128935247,
  "n_layer": 3.5851883201088257,
  "seed": 213358572.1599524,
  "weight_decay": 0.006569276070291949
}