{
  "batch_size": 92,
  "beta_1": 0.43189117469134486,
  "beta_2": 0.2575626804454444,
  "block_size": 360,
  "dropout": 0.1567138079415793,
  "epsilon": 3.949786904463036e-06,
  "lr": 0.0006815600887847502,
  "n_embd": 22,
  "n_head": 3,
  "n_layer": 3,
  "seed": 1953498158,
  "weight_decay": 2.5121019095095777e-05
}