{
  "batch_size": 83,
  "beta_1": 0.2714416107067343,
  "beta_2": 0.12182888238988265,
  "block_size": 283,
  "dropout": 0.15339109215426228,
  "epsilon": 0.00013768638672222386,
  "lr": 0.0007079467714449524,
  "n_embd": 21,
  "n_head": 3,
  "n_layer": 6,
  "seed": 403831920,
  "weight_decay": 0.0021461208582555973
}