{
  "batch_size": 19,
  "beta_1": 0.7263458913355484,
  "beta_2": 0.7948602694481501,
  "block_size": 247,
  "dropout": 0.2831239109589433,
  "epsilon": 1.29767455295e-05,
  "lr": 0.0309678596581783,
  "n_embd": 49,
  "n_head": 3,
  "n_layer": 2,
  "seed": 1799333219.7862487,
  "weight_decay": 0.0015660346087296
}