{
  "batch_size": 35.15729115814953,
  "beta_1": 0.24515517974499726,
  "beta_2": 0.736062905286467,
  "block_size": 245.84527722508292,
  "dropout": 0.3599541804062947,
  "epsilon": 0.0003379929673646109,
  "lr": 0.0477139897683717,
  "n_embd": 37.88303936908805,
  "n_head": 2.675873576041501,
  "n_layer": 5.623650121521633,
  "seed": 312290797.124907,
  "weight_decay": 0.009710769999452402
}