{
  "batch_size": 93,
  "beta_1": 0.3471880352967207,
  "beta_2": 0.11669133907508021,
  "block_size": 251,
  "dropout": 0.16088602962926124,
  "epsilon": 2.209749133406498e-09,
  "lr": 0.00012160307651525169,
  "n_embd": 38,
  "n_head": 3,
  "n_layer": 6,
  "seed": 1770963381,
  "weight_decay": 7.14879070416336e-06
}