{
  "batch_size": 89,
  "beta_1": 0.49659578315374975,
  "beta_2": 0.1516017172209278,
  "block_size": 158,
  "dropout": 0.1919174533037384,
  "epsilon": 4.0378801914251007e-10,
  "lr": 0.009749071424918097,
  "n_embd": 32,
  "n_head": 5,
  "n_layer": 4,
  "seed": 268939731,
  "weight_decay": 0.006385188596308314
}