{
  "batch_size": 84,
  "beta_1": 0.4749289678356867,
  "beta_2": 0.1380674000324904,
  "block_size": 258,
  "dropout": 0.3383010909782942,
  "epsilon": 1.6116634291e-06,
  "lr": 1.1461483156e-06,
  "n_embd": 50,
  "n_head": 3,
  "n_layer": 4,
  "seed": 1095691783.4322128,
  "weight_decay": 3.6583955749e-06
}