{
  "batch_size": 34.55263834610915,
  "beta_1": 0.9973971647179274,
  "beta_2": 0.6296850134390176,
  "block_size": 274.73356927212626,
  "dropout": 0.3332167223259983,
  "epsilon": 0.0009266439959747507,
  "lr": 0.05992724173248964,
  "n_embd": 3.2292668651886753,
  "n_head": 4.838288698084687,
  "n_layer": 2.4925189821524762,
  "seed": 641904387.7691835,
  "weight_decay": 0.008639751325884232
}