{
  "batch_size": 57,
  "beta_1": 0.7376471015430704,
  "beta_2": 0.5250453138335563,
  "block_size": 175,
  "dropout": 0.3503429948756286,
  "epsilon": 0.00012430236688684658,
  "lr": 8.325886642588932e-06,
  "n_embd": 44,
  "n_head": 5,
  "n_layer": 1,
  "seed": 396069038,
  "weight_decay": 0.0004717077035535496
}