{
  "batch_size": 52,
  "beta_1": 0.5660786284523434,
  "beta_2": 0.700998368705595,
  "block_size": 73,
  "dropout": 0.137839083284236,
  "epsilon": 3.3558570794e-06,
  "lr": 6.7173791455e-05,
  "n_embd": 49,
  "n_head": 3,
  "n_layer": 2,
  "seed": 261132486.9929954,
  "weight_decay": 1.184192985e-07
}