{
  "batch_size": 76.77671946022942,
  "beta_1": 0.3955041287264397,
  "beta_2": 0.13282614017284552,
  "block_size": 173.7817625238009,
  "dropout": 0.3637492716852314,
  "epsilon": 0.0004451784479180652,
  "lr": 0.054800112208182775,
  "n_embd": 29.18256280058849,
  "n_head": 1.5867589094210122,
  "n_layer": 3.27619937211042,
  "seed": 471292369.3477471,
  "weight_decay": 0.0036001598819836575
}