{
  "batch_size": 93.80140604105613,
  "beta_1": 0.20023987788419606,
  "beta_2": 0.6310346652488532,
  "block_size": 155.69757955869596,
  "dropout": 0.4596061555411426,
  "epsilon": 0.0006013091096704449,
  "lr": 0.05166499305290101,
  "n_embd": 12.782539395907376,
  "n_head": 4.311052636087211,
  "n_layer": 5.940424226096686,
  "seed": 1633345577.7908313,
  "weight_decay": 0.0021086506354346907
}