{
  "batch_size": 53,
  "beta_1": 0.782857935404737,
  "beta_2": 0.1883742035415288,
  "block_size": 148,
  "dropout": 0.4860354175341438,
  "epsilon": 8.666702818e-07,
  "lr": 0.0003095489056808,
  "n_embd": 50,
  "n_head": 4,
  "n_layer": 2,
  "seed": 1106935916.9253817,
  "weight_decay": 1.47195071e-08
}