{
  "batch_size": 45,
  "beta_1": 0.6524405142468914,
  "beta_2": 0.7495561835589054,
  "block_size": 336,
  "dropout": 0.309925951005475,
  "epsilon": 7.5246382106e-06,
  "lr": 0.0005900789264568,
  "n_embd": 25,
  "n_head": 2,
  "n_layer": 4,
  "seed": 1918811983.024849,
  "weight_decay": 0.0030974110335222
}