{
  "batch_size": 41,
  "beta_1": 0.1789478241982032,
  "beta_2": 0.8422879157581806,
  "block_size": 241,
  "dropout": 0.1892196352513574,
  "epsilon": 0.0006118508579908,
  "lr": 9.4406793204e-06,
  "n_embd": 8,
  "n_head": 1,
  "n_layer": 1,
  "seed": 592380344.7721229,
  "weight_decay": 1.045656126e-07
}