{
  "batch_size": 53.01974147034714,
  "beta_1": 0.5275652200399832,
  "beta_2": 0.6833687650008163,
  "block_size": 363.908332784665,
  "dropout": 0.10712968530816097,
  "epsilon": 0.0009222375262900528,
  "lr": 0.028351373111344242,
  "n_embd": 16.617862192569167,
  "n_head": 6.09264288122129,
  "n_layer": 5.366347298994313,
  "seed": 1810687213.5853162,
  "weight_decay": 0.0021846262513979275
}