{
  "batch_size": 35.933853619403116,
  "beta_1": 0.28371848298648655,
  "beta_2": 0.5420631472664578,
  "block_size": 215.7593728346145,
  "dropout": 0.1628788143038506,
  "epsilon": 0.0005167543427868824,
  "lr": 0.02839438326031163,
  "n_embd": 18.11452807841804,
  "n_head": 4.366927481398757,
  "n_layer": 1.9566567614375667,
  "seed": 721568830.5318847,
  "weight_decay": 0.0023415568927702968
}