{
  "batch_size": 68,
  "beta_1": 0.6715321833174415,
  "beta_2": 0.8784850063545062,
  "block_size": 226,
  "dropout": 0.2876366313939135,
  "epsilon": 4.823904784e-07,
  "lr": 0.0009197873626218,
  "n_embd": 52,
  "n_head": 6,
  "n_layer": 6,
  "seed": 1118056513.7927425,
  "weight_decay": 0.0032814268076756
}