{
  "batch_size": 87.46829604334327,
  "beta_1": 0.8324501892373795,
  "beta_2": 0.2081582637134355,
  "block_size": 68.90133069905332,
  "dropout": 0.3392114721716616,
  "epsilon": 0.00025763038171349085,
  "lr": 0.08131457988121266,
  "n_embd": 22.064408941677325,
  "n_head": 1.2144035730161076,
  "n_layer": 4.641102390522329,
  "seed": 415889591.6277713,
  "weight_decay": 0.0039370522172693665
}