{
  "batch_size": 84,
  "beta_1": 0.49771671728839884,
  "beta_2": 0.5319401818610263,
  "block_size": 156,
  "dropout": 0.3777057572470329,
  "epsilon": 3.4001847017923726e-06,
  "lr": 1.8491145985603122e-05,
  "n_embd": 13,
  "n_head": 1,
  "n_layer": 1,
  "seed": 1547073184,
  "weight_decay": 4.283334152976022e-05
}