{
  "batch_size": 79.19620400107902,
  "beta_1": 0.9421464526221496,
  "beta_2": 0.29107856111701935,
  "block_size": 171.30295384707082,
  "dropout": 0.1670247499642873,
  "epsilon": 0.0004772961160041468,
  "lr": 0.06997568872027607,
  "n_embd": 35.96513199837091,
  "n_head": 2.5675677264767103,
  "n_layer": 2.3703746142785995,
  "seed": 1559065715.0800605,
  "weight_decay": 0.0009769180371123026
}