{
  "batch_size": 95,
  "beta_1": 0.20673648789129495,
  "beta_2": 0.6807696231537178,
  "block_size": 320,
  "dropout": 0.20185301236276598,
  "epsilon": 7.2019566196917745e-06,
  "lr": 4.347660141590961e-05,
  "n_embd": 52,
  "n_head": 5,
  "n_layer": 1,
  "seed": 491481237,
  "weight_decay": 2.5885224451741575e-08
}