{
  "batch_size": 75,
  "beta_1": 0.9753442418925719,
  "beta_2": 0.5545989094852304,
  "block_size": 189,
  "dropout": 0.1870679335057795,
  "epsilon": 1.526159e-10,
  "lr": 0.0002651854108885,
  "n_embd": 13,
  "n_head": 3,
  "n_layer": 2,
  "seed": 2116021880.9624882,
  "weight_decay": 0.0004105453102499
}