{
  "batch_size": 22,
  "beta_1": 0.26093365358244736,
  "beta_2": 0.9816389555980589,
  "block_size": 207,
  "dropout": 0.46746739172909735,
  "epsilon": 7.213078636255761e-08,
  "lr": 0.0034823364712358354,
  "n_embd": 41,
  "n_head": 4,
  "n_layer": 5,
  "seed": 981534613,
  "weight_decay": 3.0964176280703496e-06
}