{
  "batch_size": 69,
  "beta_1": 0.8667291708078274,
  "beta_2": 0.8200276895016662,
  "block_size": 89,
  "dropout": 0.3110894861744376,
  "epsilon": 2.19016693253e-05,
  "lr": 0.0010465353221591,
  "n_embd": 40,
  "n_head": 2,
  "n_layer": 5,
  "seed": 846167893.4347221,
  "weight_decay": 4.52117456052e-05
}