{
  "batch_size": 83.76909775252693,
  "beta_1": 0.5098892683734244,
  "beta_2": 0.6787720241696603,
  "block_size": 219.49846806206986,
  "dropout": 0.1018863354845582,
  "epsilon": 0.00024464857522135837,
  "lr": 0.005390423658493729,
  "n_embd": 18.01912891255529,
  "n_head": 5.951632795694925,
  "n_layer": 3.2320971119920054,
  "seed": 1652980445.5236723,
  "weight_decay": 0.008580799231908456
}