{
  "batch_size": 43,
  "beta_1": 0.9069871586591493,
  "beta_2": 0.9478739582366588,
  "block_size": 211,
  "dropout": 0.4631028324717782,
  "epsilon": 4.6750342404e-06,
  "lr": 0.0001396116863677,
  "n_embd": 27,
  "n_head": 4,
  "n_layer": 4,
  "seed": 864484918.9237107,
  "weight_decay": 0.0001461845994428
}