{
  "batch_size": 71,
  "beta_1": 0.3438796636996877,
  "beta_2": 0.2270853132693724,
  "block_size": 294,
  "dropout": 0.2902092345401417,
  "epsilon": 8.24740802e-08,
  "lr": 0.0020981627475098,
  "n_embd": 7,
  "n_head": 4,
  "n_layer": 1,
  "seed": 1839585887.4855642,
  "weight_decay": 0.0001676030153056
}