{
  "batch_size": 37,
  "beta_1": 0.3438905645674909,
  "beta_2": 0.8735615437926417,
  "block_size": 354,
  "dropout": 0.4615003585626359,
  "epsilon": 6.607360659e-07,
  "lr": 0.0002286798898957,
  "n_embd": 28,
  "n_head": 4,
  "n_layer": 3,
  "seed": 298451380.193554,
  "weight_decay": 0.0001232217523809
}