{
  "batch_size": 94.49800361926161,
  "beta_1": 0.3607358072060062,
  "beta_2": 0.531063379562534,
  "block_size": 254.5115831673656,
  "dropout": 0.4752803451747567,
  "epsilon": 0.00015483003626585757,
  "lr": 0.07274344498369022,
  "n_embd": 49.95381929356817,
  "n_head": 5.731538837666078,
  "n_layer": 6.246791703167522,
  "seed": 641615983.2676632,
  "weight_decay": 0.0024333236392794257
}