{
  "batch_size": 38.064987997205435,
  "beta_1": 0.3569486967475701,
  "beta_2": 0.1875854370108484,
  "block_size": 86.13506885266412,
  "dropout": 0.14540558279205654,
  "epsilon": 0.00019795619514955401,
  "lr": 0.013054850905529145,
  "n_embd": 1.112328706956661,
  "n_head": 2.613598662430417,
  "n_layer": 5.642898080728328,
  "seed": 641627269.5775894,
  "weight_decay": 0.003061581243389514
}