{
  "batch_size": 57,
  "beta_1": 0.7734825389718223,
  "beta_2": 0.7112129067547139,
  "block_size": 332,
  "dropout": 0.4427542747720997,
  "epsilon": 0.0001337749978975,
  "lr": 0.0001539728439752,
  "n_embd": 20,
  "n_head": 1,
  "n_layer": 2,
  "seed": 1850244063.013018,
  "weight_decay": 0.0002387931874383
}