{
  "batch_size": 59.55734033415635,
  "beta_1": 0.34932969982038975,
  "beta_2": 0.990066811644142,
  "block_size": 136.1948260964898,
  "dropout": 0.3074865620751366,
  "epsilon": 0.0005660536085647681,
  "lr": 0.0908685989639019,
  "n_embd": 26.451036440706726,
  "n_head": 6.2631877566455,
  "n_layer": 4.483846688167386,
  "seed": 1347537584.0593994,
  "weight_decay": 0.0019128182686428638
}