{
  "batch_size": 84,
  "beta_1": 0.4827599757822477,
  "beta_2": 0.6612391022820725,
  "block_size": 280,
  "dropout": 0.1909227700797289,
  "epsilon": 7.616268496969708e-08,
  "lr": 8.651993155807004e-05,
  "n_embd": 49,
  "n_head": 4,
  "n_layer": 1,
  "seed": 1739281890,
  "weight_decay": 1.1826351495777667e-06
}