{
  "batch_size": 58,
  "beta_1": 0.4832838435854466,
  "beta_2": 0.7820037653552352,
  "block_size": 374,
  "dropout": 0.051727170859217436,
  "epsilon": 4.251417261177637e-06,
  "lr": 1.7491101471984883e-05,
  "n_embd": 42,
  "n_head": 1,
  "n_layer": 3,
  "seed": 400826042,
  "weight_decay": 2.1284051246289853e-07
}