{
  "batch_size": 23.0669056824994,
  "beta_1": 0.4825243780660703,
  "beta_2": 0.20863751039390632,
  "block_size": 160.7465492261364,
  "dropout": 0.33154535712032884,
  "epsilon": 0.00039977953593789666,
  "lr": 0.021272448029308107,
  "n_embd": 4.827424633460091,
  "n_head": 1.6155559648277418,
  "n_layer": 2.580610139919249,
  "seed": 1686894195.5272958,
  "weight_decay": 0.008292683068808916
}