{
  "batch_size": 94,
  "beta_1": 0.4531040030977425,
  "beta_2": 0.9464330442374645,
  "block_size": 144,
  "dropout": 0.214056152171568,
  "epsilon": 3.54087657e-08,
  "lr": 2.7490042715e-05,
  "n_embd": 39,
  "n_head": 2,
  "n_layer": 1,
  "seed": 363723076.08741367,
  "weight_decay": 0.0002880891944639
}