{
  "batch_size": 59.37019706304086,
  "beta_1": 0.768732621424669,
  "beta_2": 0.7249329920434562,
  "block_size": 356.6350080824134,
  "dropout": 0.20039948862663848,
  "epsilon": 0.0006391309098894963,
  "lr": 0.026087109091424462,
  "n_embd": 14.31738041184467,
  "n_head": 2.8152985166908486,
  "n_layer": 5.767069578582851,
  "seed": 2126957055.9913962,
  "weight_decay": 0.005332526077407597
}