{
  "batch_size": 69,
  "beta_1": 0.1541998160896178,
  "beta_2": 0.8611266348978645,
  "block_size": 205,
  "dropout": 0.3958056410404928,
  "epsilon": 1.688974991e-07,
  "lr": 0.00790241571819,
  "n_embd": 47,
  "n_head": 3,
  "n_layer": 5,
  "seed": 471961111.76240194,
  "weight_decay": 1.50109081638e-05
}