{
  "batch_size": 81,
  "beta_1": 0.5842832824001539,
  "beta_2": 0.8428777726674356,
  "block_size": 141,
  "dropout": 0.13275436569116905,
  "epsilon": 3.3633826490249797e-10,
  "lr": 0.00020571862245721663,
  "n_embd": 42,
  "n_head": 6,
  "n_layer": 3,
  "seed": 409148799,
  "weight_decay": 2.8465745389679538e-05
}