{
  "batch_size": 45.83301667606857,
  "beta_1": 0.555056786238815,
  "beta_2": 0.5562542812906863,
  "block_size": 136.83122279024352,
  "dropout": 0.2549899714296153,
  "epsilon": 0.00023208160479357164,
  "lr": 0.06507720979202736,
  "n_embd": 47.62276784722058,
  "n_head": 3.7935028277365874,
  "n_layer": 4.053949839364671,
  "seed": 189309865.01076248,
  "weight_decay": 0.002017573070884761
}