{
  "batch_size": 53.81689942592027,
  "beta_1": 0.12536227968836636,
  "beta_2": 0.8117027104454337,
  "block_size": 223.58079178388417,
  "dropout": 0.1390019658588217,
  "epsilon": 0.0008035803542371393,
  "lr": 0.07279003913198667,
  "n_embd": 41.331908040246184,
  "n_head": 6.4361594876917945,
  "n_layer": 2.6409992297827616,
  "seed": 1149386958.856611,
  "weight_decay": 7.614270325952894e-05
}