{
  "batch_size": 66,
  "beta_1": 0.5885934002348212,
  "beta_2": 0.8060016190141046,
  "block_size": 306,
  "dropout": 0.2631849294543911,
  "epsilon": 4.03945327e-08,
  "lr": 0.0002427705854925,
  "n_embd": 47,
  "n_head": 1,
  "n_layer": 5,
  "seed": 1494897346.2694366,
  "weight_decay": 6.51755828749e-05
}