{
  "batch_size": 62,
  "beta_1": 0.22759402819987762,
  "beta_2": 0.40342112062708,
  "block_size": 141,
  "dropout": 0.13602054222303003,
  "epsilon": 6.668726465736637e-08,
  "lr": 0.00010996638545143733,
  "n_embd": 48,
  "n_head": 5,
  "n_layer": 3,
  "seed": 145064325,
  "weight_decay": 1.1987761131310136e-07
}