{
  "batch_size": 68,
  "beta_1": 0.1741620378205317,
  "beta_2": 0.2810866382965727,
  "block_size": 156,
  "dropout": 0.1720918399883117,
  "epsilon": 1.58870956e-08,
  "lr": 0.0004681277328535,
  "n_embd": 47,
  "n_head": 2,
  "n_layer": 5,
  "seed": 1706653910.9783492,
  "weight_decay": 1.26304749e-08
}