{
  "batch_size": 80,
  "beta_1": 0.3488387425117186,
  "beta_2": 0.7313455666992312,
  "block_size": 363,
  "dropout": 0.14702868697475,
  "epsilon": 0.0009698664078949,
  "lr": 0.0128658111649292,
  "n_embd": 2,
  "n_head": 5,
  "n_layer": 5,
  "seed": 1865154523.9937103,
  "weight_decay": 0.000374203883407
}