{
  "batch_size": 94,
  "beta_1": 0.7511549290604426,
  "beta_2": 0.3026409968570027,
  "block_size": 272,
  "dropout": 0.200614497457677,
  "epsilon": 1.317517345569674e-07,
  "lr": 8.995867832345048e-05,
  "n_embd": 25,
  "n_head": 2,
  "n_layer": 5,
  "seed": 712825751,
  "weight_decay": 0.0003666516560804477
}