{
  "batch_size": 65,
  "beta_1": 0.1482851776543518,
  "beta_2": 0.7221358954461523,
  "block_size": 120,
  "dropout": 0.2923718434389498,
  "epsilon": 1.617701914e-07,
  "lr": 1.4671120713e-06,
  "n_embd": 41,
  "n_head": 5,
  "n_layer": 6,
  "seed": 1014499372.9742527,
  "weight_decay": 0.0027247650976779
}