{
  "batch_size": 62.92058143609574,
  "beta_1": 0.32109520860222857,
  "beta_2": 0.513049176915917,
  "block_size": 359.0903184925291,
  "dropout": 0.39772881676136984,
  "epsilon": 0.000588197874779154,
  "lr": 0.09640527261119314,
  "n_embd": 27.869177570295097,
  "n_head": 2.511598304875531,
  "n_layer": 6.806884444774973,
  "seed": 1022152919.0593733,
  "weight_decay": 0.005310609514273681
}