{
  "batch_size": 44,
  "beta_1": 0.4429231789590082,
  "beta_2": 0.3594515016678048,
  "block_size": 255,
  "dropout": 0.3572903374160042,
  "epsilon": 3.41461308e-08,
  "lr": 0.00100951486798,
  "n_embd": 15,
  "n_head": 3,
  "n_layer": 5,
  "seed": 2064150978.560244,
  "weight_decay": 5.2440211718e-06
}