{
  "batch_size": 76.91463720702775,
  "beta_1": 0.7037806144419033,
  "beta_2": 0.8173634497799069,
  "block_size": 375.8474370999614,
  "dropout": 0.30654585049116717,
  "epsilon": 0.0005534082513477337,
  "lr": 0.08126668935442127,
  "n_embd": 42.83292672226368,
  "n_head": 3.6398558602771542,
  "n_layer": 3.3814390171578017,
  "seed": 1963598729.4985087,
  "weight_decay": 0.0070028402045010955
}