{
  "batch_size": 50.877222071020974,
  "beta_1": 0.344425120464441,
  "beta_2": 0.473299545588619,
  "block_size": 359.4704796444556,
  "dropout": 0.14007786496387986,
  "epsilon": 0.0009578937220180493,
  "lr": 0.08186787033028697,
  "n_embd": 39.86584684674504,
  "n_head": 4.918468918808664,
  "n_layer": 6.565282106028067,
  "seed": 548777233.4488035,
  "weight_decay": 0.0072736618804023585
}