{
  "batch_size": 65.79290805013378,
  "beta_1": 0.697082203093157,
  "beta_2": 0.4358684209232081,
  "block_size": 222.16738097315258,
  "dropout": 0.457055531284259,
  "epsilon": 0.0003391775693237897,
  "lr": 0.07861674694645342,
  "n_embd": 4.672920219455624,
  "n_head": 4.414087957061957,
  "n_layer": 3.4569965275330525,
  "seed": 1464275978.0991447,
  "weight_decay": 0.0048993455227682465
}