{
  "batch_size": 30,
  "beta_1": 0.6713448518577533,
  "beta_2": 0.1422673184994439,
  "block_size": 119,
  "dropout": 0.209138867424495,
  "epsilon": 3.2462633e-09,
  "lr": 0.0001613708049251,
  "n_embd": 50,
  "n_head": 5,
  "n_layer": 2,
  "seed": 96347720.41717073,
  "weight_decay": 4.98638515707e-05
}