{
  "batch_size": 19,
  "beta_1": 0.8173518415064515,
  "beta_2": 0.9043473530311832,
  "block_size": 97,
  "dropout": 0.3214406272702093,
  "epsilon": 2.843114574177112e-10,
  "lr": 1.2270236726122636e-05,
  "n_embd": 20,
  "n_head": 3,
  "n_layer": 5,
  "seed": 950953272,
  "weight_decay": 3.228283237049345e-07
}