{
  "batch_size": 81,
  "beta_1": 0.6788327111063488,
  "beta_2": 0.4844241659461149,
  "block_size": 321,
  "dropout": 0.33503294833647446,
  "epsilon": 6.813430052478571e-10,
  "lr": 9.332970343705963e-06,
  "n_embd": 48,
  "n_head": 6,
  "n_layer": 1,
  "seed": 132427572,
  "weight_decay": 1.4378553065321333e-06
}