{
  "batch_size": 82,
  "beta_1": 0.286787030797465,
  "beta_2": 0.5524613943558802,
  "block_size": 86,
  "dropout": 0.36404886042270657,
  "epsilon": 9.135580792055787e-08,
  "lr": 1.8627802495448534e-05,
  "n_embd": 53,
  "n_head": 2,
  "n_layer": 3,
  "seed": 2136845394,
  "weight_decay": 7.16099314554969e-05
}