{
  "batch_size": 69.16798539154736,
  "beta_1": 0.7325489752465926,
  "beta_2": 0.24745813196454902,
  "block_size": 373.23183791255167,
  "dropout": 0.25728494548933145,
  "epsilon": 0.0002767265658764235,
  "lr": 0.09202668862328096,
  "n_embd": 25.815494825208415,
  "n_head": 2.391382988434719,
  "n_layer": 3.749041134286771,
  "seed": 905519882.9843353,
  "weight_decay": 0.003383375213271373
}