{
  "batch_size": 22.529772218159696,
  "beta_1": 0.3885877247644708,
  "beta_2": 0.8982269464092626,
  "block_size": 195.51769845439654,
  "dropout": 0.12325867974180063,
  "epsilon": 7.347813588344807e-05,
  "lr": 0.09752008133952625,
  "n_embd": 47.77047943155702,
  "n_head": 5.498303513238463,
  "n_layer": 4.367230517484257,
  "seed": 1374824345.4073548,
  "weight_decay": 0.0017812372319525101
}