{
  "batch_size": 22.048850366470546,
  "beta_1": 0.5189710720378666,
  "beta_2": 0.8530176547134919,
  "block_size": 102.85542513814607,
  "dropout": 0.3691211326793765,
  "epsilon": 0.0001164989872164177,
  "lr": 0.025390181621588778,
  "n_embd": 12.767283039576792,
  "n_head": 1.7127369954300629,
  "n_layer": 1.1636975135725847,
  "seed": 537107298.948711,
  "weight_decay": 0.003913765081451097
}