{
  "batch_size": 56,
  "beta_1": 0.6935822240140191,
  "beta_2": 0.8104714116128419,
  "block_size": 302,
  "dropout": 0.2299425172460598,
  "epsilon": 3.97714288011e-05,
  "lr": 0.0019126446039514,
  "n_embd": 34,
  "n_head": 2,
  "n_layer": 5,
  "seed": 349170904.2164856,
  "weight_decay": 6.00385743e-07
}