{
  "batch_size": 59,
  "beta_1": 0.9005434906317619,
  "beta_2": 0.8494626221468797,
  "block_size": 333,
  "dropout": 0.4390200567115604,
  "epsilon": 1.8976445562412043e-08,
  "lr": 0.02151408082846025,
  "n_embd": 27,
  "n_head": 3,
  "n_layer": 1,
  "seed": 771643564,
  "weight_decay": 0.008474417368503974
}