{
  "batch_size": 59,
  "beta_1": 0.3504188247679677,
  "beta_2": 0.7932369487108216,
  "block_size": 191,
  "dropout": 0.2961638305661629,
  "epsilon": 3.5647227372645585e-08,
  "lr": 0.00028110719880007883,
  "n_embd": 40,
  "n_head": 1,
  "n_layer": 6,
  "seed": 245331181,
  "weight_decay": 1.7239034391242514e-05
}