{
  "batch_size": 28.66958112580867,
  "beta_1": 0.4382111524896247,
  "beta_2": 0.43612198341017516,
  "block_size": 76.67712895804863,
  "dropout": 0.3759413861286517,
  "epsilon": 0.0008937376382300974,
  "lr": 0.0032735154867818703,
  "n_embd": 23.97377629255051,
  "n_head": 6.250893576337082,
  "n_layer": 2.69392184209014,
  "seed": 1316334632.6230507,
  "weight_decay": 0.0019651187050257262
}