{
  "batch_size": 76.78757470016947,
  "beta_1": 0.9849761735821666,
  "beta_2": 0.18138190975477647,
  "block_size": 332.1040910918292,
  "dropout": 0.18390075365918684,
  "epsilon": 0.00030516105804466535,
  "lr": 0.06579202540509412,
  "n_embd": 25.402886106728094,
  "n_head": 4.173093208014468,
  "n_layer": 6.899225353796136,
  "seed": 1758656793.4461093,
  "weight_decay": 0.008423634419792082
}