{
  "batch_size": 19.73288438553368,
  "beta_1": 0.9111372513857988,
  "beta_2": 0.7565330484985712,
  "block_size": 305.35614311629985,
  "dropout": 0.34512910724544976,
  "epsilon": 0.00031105451447921087,
  "lr": 0.07048559531633991,
  "n_embd": 36.6544135082116,
  "n_head": 3.249775200065709,
  "n_layer": 3.283112839881604,
  "seed": 1758177127.3947845,
  "weight_decay": 0.006378918831615079
}