{
  "batch_size": 44.751354505153685,
  "beta_1": 0.5858778948360569,
  "beta_2": 0.6702992045666724,
  "block_size": 112.81051007128096,
  "dropout": 0.4220730513346579,
  "epsilon": 0.0007319243553263622,
  "lr": 0.07910400092078111,
  "n_embd": 21.49987185286537,
  "n_head": 1.3180110405086871,
  "n_layer": 4.533199693413508,
  "seed": 1503011758.9775748,
  "weight_decay": 0.009318961426355169
}