{
  "batch_size": 18,
  "beta_1": 0.5853117863101843,
  "beta_2": 0.90224897147785,
  "block_size": 287,
  "dropout": 0.3483723941700111,
  "epsilon": 1.6757625065425708e-08,
  "lr": 5.563432894306159e-05,
  "n_embd": 30,
  "n_head": 2,
  "n_layer": 3,
  "seed": 1990916064,
  "weight_decay": 0.0015751861368681309
}