{
  "batch_size": 52.19427730004028,
  "beta_1": 0.6271705990221819,
  "beta_2": 0.5782573772284377,
  "block_size": 90.03531330413313,
  "dropout": 0.1637555598380135,
  "epsilon": 0.0006447490183441607,
  "lr": 0.029744413434798618,
  "n_embd": 50.510192215013156,
  "n_head": 5.482218450612861,
  "n_layer": 5.21290407040167,
  "seed": 1611734714.7017992,
  "weight_decay": 0.006627752149018549
}