{
  "batch_size": 64,
  "beta_1": 0.2012399134172328,
  "beta_2": 0.27529178490415784,
  "block_size": 262,
  "dropout": 0.15469504375093465,
  "epsilon": 5.987615215476772e-05,
  "lr": 4.2372026470912065e-05,
  "n_embd": 6,
  "n_head": 6,
  "n_layer": 6,
  "seed": 576345759,
  "weight_decay": 0.0001199432580876818
}