{
  "batch_size": 46,
  "beta_1": 0.32152576925137866,
  "beta_2": 0.19600824876315107,
  "block_size": 306,
  "dropout": 0.3103553725164814,
  "epsilon": 1.1081027433335702e-06,
  "lr": 0.0008263494965318459,
  "n_embd": 41,
  "n_head": 6,
  "n_layer": 1,
  "seed": 119355857,
  "weight_decay": 0.006763365364625672
}