{
  "batch_size": 76,
  "beta_1": 0.48296494442575544,
  "beta_2": 0.7310556190980966,
  "block_size": 200,
  "dropout": 0.2409808357833824,
  "epsilon": 8.449636800780093e-07,
  "lr": 0.038339811762340255,
  "n_embd": 27,
  "n_head": 5,
  "n_layer": 6,
  "seed": 658013567,
  "weight_decay": 6.822307266180592e-05
}