{
  "batch_size": 37.61937396187357,
  "beta_1": 0.3650770920579125,
  "beta_2": 0.9035229673990928,
  "block_size": 259.3135233406398,
  "dropout": 0.4122320361029512,
  "epsilon": 0.00030616616356803533,
  "lr": 0.09292433441775286,
  "n_embd": 10.52800261384711,
  "n_head": 2.2483322308531886,
  "n_layer": 3.6656982618314267,
  "seed": 312521369.2495956,
  "weight_decay": 0.008486772914887347
}