{
  "batch_size": 31,
  "beta_1": 0.9223695234219346,
  "beta_2": 0.3194145989684497,
  "block_size": 318,
  "dropout": 0.180524208973161,
  "epsilon": 2.3459300195e-06,
  "lr": 3.07321659779e-05,
  "n_embd": 17,
  "n_head": 3,
  "n_layer": 4,
  "seed": 1990713548.8317893,
  "weight_decay": 0.0096536200881077
}