{
  "batch_size": 35,
  "beta_1": 0.2719302248491864,
  "beta_2": 0.4504547042398603,
  "block_size": 69,
  "dropout": 0.2024798889315584,
  "epsilon": 0.0002659588735794,
  "lr": 0.0017736101285192,
  "n_embd": 19,
  "n_head": 5,
  "n_layer": 4,
  "seed": 744689673.3988166,
  "weight_decay": 5.81232805e-08
}