{
  "batch_size": 20,
  "beta_1": 0.7049436812575967,
  "beta_2": 0.4580665020761646,
  "block_size": 270,
  "dropout": 0.17792407201976249,
  "epsilon": 7.55963729465522e-08,
  "lr": 0.0023323308603441493,
  "n_embd": 44,
  "n_head": 6,
  "n_layer": 6,
  "seed": 1654361752,
  "weight_decay": 3.19627370577294e-05
}