{
  "batch_size": 42.16865674826638,
  "beta_1": 0.20123061779677257,
  "beta_2": 0.24891791510072384,
  "block_size": 157.85835990863646,
  "dropout": 0.38746456000553064,
  "epsilon": 0.0008269954826278079,
  "lr": 0.0997730941975249,
  "n_embd": 22.687027092972336,
  "n_head": 1.5882163467957215,
  "n_layer": 5.70428478469183,
  "seed": 1657914945.3140893,
  "weight_decay": 0.006800777831743063
}