{
  "batch_size": 79.16849146526374,
  "beta_1": 0.4407708359291431,
  "beta_2": 0.3620258917379924,
  "block_size": 323.18357073030785,
  "dropout": 0.2846932230160699,
  "epsilon": 0.0009092941210839448,
  "lr": 0.03296055374449144,
  "n_embd": 44.240867022145196,
  "n_head": 2.576704991546227,
  "n_layer": 3.1248682740991214,
  "seed": 1861148662.1744072,
  "weight_decay": 0.006589256019414765
}