{
  "batch_size": 82,
  "beta_1": 0.8431827546425382,
  "beta_2": 0.9266195940036346,
  "block_size": 186,
  "dropout": 0.3585128076422214,
  "epsilon": 0.0001131606365898,
  "lr": 0.0026664378016051,
  "n_embd": 51,
  "n_head": 2,
  "n_layer": 3,
  "seed": 704353749.9211025,
  "weight_decay": 1.95770439892e-05
}