{
  "batch_size": 72.91800321760167,
  "beta_1": 0.9620246871077341,
  "beta_2": 0.8945837282517282,
  "block_size": 304.3064402216712,
  "dropout": 0.20794202006374768,
  "epsilon": 0.0009371048220319763,
  "lr": 0.023421255825077893,
  "n_embd": 10.842156194684604,
  "n_head": 6.60464080655469,
  "n_layer": 2.868925552590711,
  "seed": 1220632712.4499729,
  "weight_decay": 0.0011780274981739707
}