{
  "batch_size": 44,
  "beta_1": 0.640218214396544,
  "beta_2": 0.6185794083576663,
  "block_size": 343,
  "dropout": 0.4138826599927272,
  "epsilon": 4.36560010942e-05,
  "lr": 0.0004075328883276,
  "n_embd": 24,
  "n_head": 5,
  "n_layer": 5,
  "seed": 401555310.67675096,
  "weight_decay": 0.0003696249180617
}