{
  "batch_size": 48.064807396309725,
  "beta_1": 0.10186682658772254,
  "beta_2": 0.21344245831672115,
  "block_size": 95.09214010882482,
  "dropout": 0.42760274682715393,
  "epsilon": 0.0003178025322718598,
  "lr": 0.01771238815170446,
  "n_embd": 36.60404737885736,
  "n_head": 2.547468340835932,
  "n_layer": 6.323462107071379,
  "seed": 724680389.9858462,
  "weight_decay": 0.005359773880103932
}