{
  "batch_size": 90.71977313439668,
  "beta_1": 0.8868965994323624,
  "beta_2": 0.18524702679038435,
  "block_size": 271.33848165886167,
  "dropout": 0.1598491946866453,
  "epsilon": 7.622507528114647e-05,
  "lr": 0.09771173099253268,
  "n_embd": 39.93596109739643,
  "n_head": 5.354409102207592,
  "n_layer": 5.612702277544852,
  "seed": 1419441039.7986848,
  "weight_decay": 0.005366213886694226
}