{
  "batch_size": 19,
  "beta_1": 0.8241627881130859,
  "beta_2": 0.8893128817649457,
  "block_size": 299,
  "dropout": 0.21076589284697475,
  "epsilon": 3.1680202483746017e-08,
  "lr": 7.795634146839109e-05,
  "n_embd": 27,
  "n_head": 1,
  "n_layer": 5,
  "seed": 1747379551,
  "weight_decay": 6.60384958980528e-05
}