{
  "batch_size": 67.92121917577413,
  "beta_1": 0.3383285751401083,
  "beta_2": 0.19972277694359875,
  "block_size": 348.5855814061189,
  "dropout": 0.21572761682122588,
  "epsilon": 0.0003622683517570895,
  "lr": 0.06452772128210447,
  "n_embd": 45.982128206645825,
  "n_head": 1.393610585000752,
  "n_layer": 2.8771319108680746,
  "seed": 1798502310.9688256,
  "weight_decay": 0.00144787555072401
}