{
  "batch_size": 29,
  "beta_1": 0.2857944248664232,
  "beta_2": 0.3804741494510992,
  "block_size": 192,
  "dropout": 0.26614901304827,
  "epsilon": 2.16045651618e-05,
  "lr": 3.76406152351e-05,
  "n_embd": 32,
  "n_head": 1,
  "n_layer": 3,
  "seed": 1735274004.7770073,
  "weight_decay": 8.083773053e-07
}