{
  "batch_size": 61,
  "beta_1": 0.2029033738894089,
  "beta_2": 0.639878465270845,
  "block_size": 240,
  "dropout": 0.338712795836572,
  "epsilon": 1.252722e-10,
  "lr": 0.0039713421258427,
  "n_embd": 43,
  "n_head": 2,
  "n_layer": 5,
  "seed": 2069472454.7037187,
  "weight_decay": 2.318775371e-07
}