{
  "batch_size": 86.33696091421777,
  "beta_1": 0.45676554154649984,
  "beta_2": 0.2158878605069579,
  "block_size": 313.58053964705186,
  "dropout": 0.3964523954334712,
  "epsilon": 0.0007583302332855306,
  "lr": 0.05366336408204478,
  "n_embd": 49.06948582630231,
  "n_head": 4.9782367736739594,
  "n_layer": 1.3606957522122602,
  "seed": 1339053236.9093344,
  "weight_decay": 0.0033335632081761303
}