{
  "batch_size": 29,
  "beta_1": 0.40598466820425294,
  "beta_2": 0.6398018456022626,
  "block_size": 310,
  "dropout": 0.38035132586353937,
  "epsilon": 5.181314424776085e-07,
  "lr": 0.0053775346875483306,
  "n_embd": 32,
  "n_head": 3,
  "n_layer": 4,
  "seed": 130526279,
  "weight_decay": 5.5627109251820814e-06
}