{
  "batch_size": 26.999370768116265,
  "beta_1": 0.21414057559313432,
  "beta_2": 0.7955102140655111,
  "block_size": 117.681086597937,
  "dropout": 0.3076320740729675,
  "epsilon": 1.105023816137027e-06,
  "lr": 0.06597807009769036,
  "n_embd": 27.987593319156723,
  "n_head": 3.8997994900607145,
  "n_layer": 2.7350394749867433,
  "seed": 2035679507.0648797,
  "weight_decay": 0.008556474191808628
}