{
  "batch_size": 37.388326066683334,
  "beta_1": 0.5265692663449804,
  "beta_2": 0.25879316228444327,
  "block_size": 308.5932204765291,
  "dropout": 0.27935635494872174,
  "epsilon": 0.0002427412094984383,
  "lr": 0.013268578320258191,
  "n_embd": 50.214288788885554,
  "n_head": 3.788515496023322,
  "n_layer": 6.192510324399969,
  "seed": 1306606177.253856,
  "weight_decay": 0.007330929285218254
}