{
  "batch_size": 42,
  "beta_1": 0.9038170775281398,
  "beta_2": 0.6581936417579998,
  "block_size": 376,
  "dropout": 0.40442296404234657,
  "epsilon": 5.210724704195886e-06,
  "lr": 8.275232220833996e-05,
  "n_embd": 20,
  "n_head": 6,
  "n_layer": 2,
  "seed": 1271000223,
  "weight_decay": 7.5470103096591e-07
}