{
  "batch_size": 91,
  "beta_1": 0.3873803780863178,
  "beta_2": 0.7208535108177572,
  "block_size": 227,
  "dropout": 0.1115971233720624,
  "epsilon": 5.42918990895e-05,
  "lr": 0.0239873552316377,
  "n_embd": 6,
  "n_head": 3,
  "n_layer": 1,
  "seed": 1487454812.493999,
  "weight_decay": 0.0002253726285861
}