{
  "batch_size": 45.38945590594748,
  "beta_1": 0.3576081321615948,
  "beta_2": 0.11736926941929834,
  "block_size": 303.6750281337549,
  "dropout": 0.49815191180204554,
  "epsilon": 0.0009708709927256761,
  "lr": 0.05997045064119272,
  "n_embd": 5.6856773666624125,
  "n_head": 6.207473871747343,
  "n_layer": 5.303167120181411,
  "seed": 1681793578.8473442,
  "weight_decay": 0.00978350491384381
}