{
  "batch_size": 95.7428208282177,
  "beta_1": 0.25322774865556963,
  "beta_2": 0.38371751555913647,
  "block_size": 332.9846631397697,
  "dropout": 0.36380728210774327,
  "epsilon": 0.0001471030041365348,
  "lr": 0.010029830267154982,
  "n_embd": 33.331822854508715,
  "n_head": 1.697207910101403,
  "n_layer": 6.470081359582337,
  "seed": 1851697656.610299,
  "weight_decay": 0.006849434642364074
}