{
  "batch_size": 83,
  "beta_1": 0.2983026554954528,
  "beta_2": 0.9963967405163656,
  "block_size": 304,
  "dropout": 0.3613968534215464,
  "epsilon": 1.9683172087e-06,
  "lr": 0.00023380805612,
  "n_embd": 19,
  "n_head": 4,
  "n_layer": 2,
  "seed": 443154346.3999647,
  "weight_decay": 1.513982639e-07
}