{
  "batch_size": 41.18671596076912,
  "beta_1": 0.6774116448203892,
  "beta_2": 0.701649589860351,
  "block_size": 155.0829828405974,
  "dropout": 0.4923118425250905,
  "epsilon": 0.00022872491634035844,
  "lr": 0.06372190286173257,
  "n_embd": 20.701213277690137,
  "n_head": 5.992528682979255,
  "n_layer": 1.5717612160042629,
  "seed": 2084872123.1306949,
  "weight_decay": 0.0008601219065047824
}