{
  "batch_size": 61,
  "beta_1": 0.4020871841345661,
  "beta_2": 0.8451710604215656,
  "block_size": 374,
  "dropout": 0.240558639718729,
  "epsilon": 4.39394635658e-05,
  "lr": 0.0382605520493496,
  "n_embd": 0,
  "n_head": 4,
  "n_layer": 3,
  "seed": 558127818.860629,
  "weight_decay": 0.0002339456419667
}