{
  "batch_size": 41.18039580796913,
  "beta_1": 0.611224277637484,
  "beta_2": 0.6451640555094804,
  "block_size": 169.89165368313274,
  "dropout": 0.4529053431081653,
  "epsilon": 0.0009735858189368894,
  "lr": 0.08712587090986505,
  "n_embd": 50.19112703865528,
  "n_head": 2.2638927765902466,
  "n_layer": 6.26852115242666,
  "seed": 206689787.1776166,
  "weight_decay": 0.00463195110756338
}