{
  "batch_size": 16.96091483753819,
  "beta_1": 0.4582581797226589,
  "beta_2": 0.3453349097958114,
  "block_size": 190.22488958897162,
  "dropout": 0.4707708630487598,
  "epsilon": 0.0005943361655237603,
  "lr": 0.01989907398598917,
  "n_embd": 13.801506584973023,
  "n_head": 3.115459760568763,
  "n_layer": 5.06685055179737,
  "seed": 74083416.15126367,
  "weight_decay": 0.007257937314485008
}