{
  "batch_size": 94.39725467187333,
  "beta_1": 0.35781614993112143,
  "beta_2": 0.9948824588480301,
  "block_size": 178.86559738265953,
  "dropout": 0.38685307018519766,
  "epsilon": 0.0008028367070455305,
  "lr": 0.02028249815561487,
  "n_embd": 25.313449868300616,
  "n_head": 2.4933975315069796,
  "n_layer": 5.33273458484819,
  "seed": 250102752.37367845,
  "weight_decay": 0.0041974361911164045
}