{
  "batch_size": 32,
  "beta_1": 0.1303388430530629,
  "beta_2": 0.5453000325725105,
  "block_size": 374,
  "dropout": 0.20690868343686974,
  "epsilon": 8.269415473301335e-05,
  "lr": 0.00013151800934689968,
  "n_embd": 42,
  "n_head": 1,
  "n_layer": 3,
  "seed": 400826042,
  "weight_decay": 9.427683044220039e-06
}