{
  "batch_size": 22.239090915706374,
  "beta_1": 0.8426188617437894,
  "beta_2": 0.7916922158052093,
  "block_size": 340.56552509147133,
  "dropout": 0.3091982217138286,
  "epsilon": 0.000725753495129727,
  "lr": 0.02007982544758522,
  "n_embd": 33.467679124886,
  "n_head": 2.6728582991221974,
  "n_layer": 3.665239842299485,
  "seed": 297700545.04709065,
  "weight_decay": 0.006887908432451017
}