{
  "batch_size": 27,
  "beta_1": 0.7385524324631357,
  "beta_2": 0.3398887713784142,
  "block_size": 199,
  "dropout": 0.4059199329263336,
  "epsilon": 0.0001467033039394,
  "lr": 0.0009760520545658,
  "n_embd": 28,
  "n_head": 1,
  "n_layer": 6,
  "seed": 260776640.1879229,
  "weight_decay": 2.2200606898e-06
}