{
  "batch_size": 81,
  "beta_1": 0.8217593350855651,
  "beta_2": 0.5556630446139481,
  "block_size": 210,
  "dropout": 0.41168145340985074,
  "epsilon": 3.444189739672252e-08,
  "lr": 0.0006767707942786589,
  "n_embd": 30,
  "n_head": 2,
  "n_layer": 5,
  "seed": 1945336887,
  "weight_decay": 2.5575198761163643e-06
}