{
  "batch_size": 82.02306374090459,
  "beta_1": 0.7353500737314881,
  "beta_2": 0.8558959251482402,
  "block_size": 72.88089376924411,
  "dropout": 0.47802737174314835,
  "epsilon": 0.00044037603402273973,
  "lr": 0.06677129885650344,
  "n_embd": 2.9398535717880683,
  "n_head": 2.011887930043237,
  "n_layer": 6.036408609300476,
  "seed": 2116910554.4072871,
  "weight_decay": 0.005110798369821472
}