{
  "batch_size": 79,
  "beta_1": 0.10138807148876001,
  "beta_2": 0.4743292866676738,
  "block_size": 247,
  "dropout": 0.24196263243322075,
  "epsilon": 1.447894102780554e-06,
  "lr": 2.2002877751385824e-06,
  "n_embd": 28,
  "n_head": 4,
  "n_layer": 3,
  "seed": 1974893968,
  "weight_decay": 2.600872000226311e-08
}