{
  "batch_size": 16,
  "beta_1": 0.34360352714599296,
  "beta_2": 0.4016669638080482,
  "block_size": 98,
  "dropout": 0.22461063812498128,
  "epsilon": 4.0975446925022516e-07,
  "lr": 6.4221553942669135e-06,
  "n_embd": 10,
  "n_head": 2,
  "n_layer": 3,
  "seed": 1741587747,
  "weight_decay": 1.3208164871925026e-08
}