{
  "batch_size": 61,
  "beta_1": 0.18592146100026344,
  "beta_2": 0.7556417531106836,
  "block_size": 146,
  "dropout": 0.4603710543238281,
  "epsilon": 2.4872393491520675e-09,
  "lr": 0.010268114901615584,
  "n_embd": 27,
  "n_head": 4,
  "n_layer": 4,
  "seed": 1389555329,
  "weight_decay": 2.421931109400893e-05
}