{
  "batch_size": 60.41494196666405,
  "beta_1": 0.7668656628590312,
  "beta_2": 0.16019000115114632,
  "block_size": 315.9616694662385,
  "dropout": 0.2649521138040394,
  "epsilon": 7.410878891936511e-05,
  "lr": 0.0062730225508291874,
  "n_embd": 16.47433706231661,
  "n_head": 2.672374861719943,
  "n_layer": 1.8864194982823568,
  "seed": 1574789269.7633262,
  "weight_decay": 3.508262300319122e-06
}