{
  "batch_size": 55.04196020185317,
  "beta_1": 0.947914149590754,
  "beta_2": 0.22317287582956638,
  "block_size": 291.8789562291331,
  "dropout": 0.13482418695523207,
  "epsilon": 0.00023600122486695682,
  "lr": 0.040208132188931496,
  "n_embd": 26.070387696820752,
  "n_head": 6.7120621037242945,
  "n_layer": 5.77880102984168,
  "seed": 1531689048.4588594,
  "weight_decay": 0.007820700431159709
}