{
  "batch_size": 57.10466804559486,
  "beta_1": 0.2849804255637949,
  "beta_2": 0.9887909136568908,
  "block_size": 71.67904404948996,
  "dropout": 0.2592759628370448,
  "epsilon": 9.060722329512804e-05,
  "lr": 0.03461341225872171,
  "n_embd": 21.29343700058846,
  "n_head": 5.814858135929318,
  "n_layer": 5.397266053452422,
  "seed": 1860359427.0031476,
  "weight_decay": 0.001012628153564553
}