{
  "batch_size": 48.56174410824813,
  "beta_1": 0.5476240378658835,
  "beta_2": 0.86647153462675,
  "block_size": 139.5174592954055,
  "dropout": 0.4631386346352123,
  "epsilon": 0.0007503743430386736,
  "lr": 0.05810960038630837,
  "n_embd": 52.192300713112495,
  "n_head": 3.9509035533994386,
  "n_layer": 5.692853326438342,
  "seed": 492168881.7485892,
  "weight_decay": 0.006678982693699588
}