{
  "batch_size": 69.68557028121782,
  "beta_1": 0.6497742671218428,
  "beta_2": 0.6624751621389906,
  "block_size": 354.0419881609582,
  "dropout": 0.18247343449078857,
  "epsilon": 0.0009333963302793284,
  "lr": 0.049585563770192326,
  "n_embd": 21.01807577269157,
  "n_head": 6.391564418689883,
  "n_layer": 2.8640945175752774,
  "seed": 1856409976.5652895,
  "weight_decay": 0.004804567691674043
}