{
  "batch_size": 93,
  "beta_1": 0.222207433708438,
  "beta_2": 0.1541235946342431,
  "block_size": 211,
  "dropout": 0.4226994326525066,
  "epsilon": 1.69358218941e-05,
  "lr": 0.0429601757976657,
  "n_embd": 26,
  "n_head": 5,
  "n_layer": 5,
  "seed": 1972883784.8437288,
  "weight_decay": 4.15670422696e-05
}