{
  "batch_size": 75,
  "beta_1": 0.9010344205686193,
  "beta_2": 0.6064153001897099,
  "block_size": 116,
  "dropout": 0.28371376482947186,
  "epsilon": 0.0002702497282676608,
  "lr": 4.343050784928798e-06,
  "n_embd": 26,
  "n_head": 4,
  "n_layer": 3,
  "seed": 140381456,
  "weight_decay": 2.5571240861715127e-08
}