{
  "batch_size": 18.462979980282405,
  "beta_1": 0.34247383131147985,
  "beta_2": 0.8900029132025709,
  "block_size": 93.0896838414998,
  "dropout": 0.1586907591292359,
  "epsilon": 4.3910317727355817e-05,
  "lr": 0.0989306297053634,
  "n_embd": 0.5982246121928648,
  "n_head": 6.631599407944766,
  "n_layer": 6.990565089562567,
  "seed": 1467780308.0782073,
  "weight_decay": 0.0010218661985176962
}