{
  "batch_size": 79,
  "beta_1": 0.20310859561810607,
  "beta_2": 0.29387778539938264,
  "block_size": 150,
  "dropout": 0.19185164970230925,
  "epsilon": 8.213225751953336e-09,
  "lr": 0.0003419907748491085,
  "n_embd": 50,
  "n_head": 4,
  "n_layer": 1,
  "seed": 729205666,
  "weight_decay": 5.6722318531692526e-08
}