{
  "batch_size": 41.32465111657863,
  "beta_1": 0.9563740861506732,
  "beta_2": 0.5083309768014088,
  "block_size": 85.75478380014687,
  "dropout": 0.36472799385132393,
  "epsilon": 0.0006012481119790273,
  "lr": 0.022287512779165953,
  "n_embd": 53.83730264275401,
  "n_head": 1.7332212364555524,
  "n_layer": 2.461487428942236,
  "seed": 877823053.5154848,
  "weight_decay": 0.00793478461282994
}