{
  "batch_size": 77.87710345004714,
  "beta_1": 0.5555360677365045,
  "beta_2": 0.5692289554377704,
  "block_size": 160.17936246521538,
  "dropout": 0.2858728184180484,
  "epsilon": 0.0004380970472142738,
  "lr": 0.07340502154988908,
  "n_embd": 29.222359376765862,
  "n_head": 6.154882993052165,
  "n_layer": 6.251610126636156,
  "seed": 1196363120.3360627,
  "weight_decay": 0.00037147789563116694
}