{
  "batch_size": 61.7114353039085,
  "beta_1": 0.23252482451139903,
  "beta_2": 0.36235950043192966,
  "block_size": 170.54192589463736,
  "dropout": 0.3865398749248081,
  "epsilon": 0.00024805368130610136,
  "lr": 0.07086704862873214,
  "n_embd": 28.680234712671226,
  "n_head": 6.040677027176922,
  "n_layer": 3.0217184589151653,
  "seed": 385642177.02843463,
  "weight_decay": 0.005114061223489045
}