{
  "batch_size": 42.13858927974852,
  "beta_1": 0.4912374873452988,
  "beta_2": 0.3752703943358294,
  "block_size": 255.62421885939168,
  "dropout": 0.142683615545807,
  "epsilon": 0.00025317629178418175,
  "lr": 0.0849910982490378,
  "n_embd": 24.93278743531935,
  "n_head": 3.2221327579552144,
  "n_layer": 4.301995021384485,
  "seed": 1531837836.6673179,
  "weight_decay": 0.0019985869131468516
}