{
  "batch_size": 30,
  "beta_1": 0.3513466623857696,
  "beta_2": 0.5966102366273678,
  "block_size": 255,
  "dropout": 0.39868570777506174,
  "epsilon": 2.7221927435098293e-08,
  "lr": 0.0005820637229713818,
  "n_embd": 6,
  "n_head": 2,
  "n_layer": 2,
  "seed": 453237296,
  "weight_decay": 1.4316661309001982e-06
}