{
  "batch_size": 36.02287129787067,
  "beta_1": 0.9133186422782333,
  "beta_2": 0.32024044765099424,
  "block_size": 172.05537766434554,
  "dropout": 0.14926077734492102,
  "epsilon": 0.00024350504816429027,
  "lr": 0.06604267694261891,
  "n_embd": 51.625110690615244,
  "n_head": 4.772629708384997,
  "n_layer": 1.2885568094982585,
  "seed": 1382121961.6858199,
  "weight_decay": 0.0008130775030501765
}