{
  "batch_size": 32.406004008780144,
  "beta_1": 0.3829846095439733,
  "beta_2": 0.1855922360275391,
  "block_size": 100.91383013228312,
  "dropout": 0.22535428040709182,
  "epsilon": 0.00018141787833292637,
  "lr": 0.08078116434256749,
  "n_embd": 24.654808574154078,
  "n_head": 4.330958051539752,
  "n_layer": 5.601000663636391,
  "seed": 1732578751.4983296,
  "weight_decay": 0.006187633823449927
}