{
  "batch_size": 25.6197447744187,
  "beta_1": 0.9266374513857338,
  "beta_2": 0.13665744035415245,
  "block_size": 198.85818465677104,
  "dropout": 0.24272590857789647,
  "epsilon": 0.0004561826913401424,
  "lr": 0.07823722800157054,
  "n_embd": 28.591454290857584,
  "n_head": 6.206740171632901,
  "n_layer": 5.750721316807932,
  "seed": 1811227210.4204605,
  "weight_decay": 4.6009799385434074e-05
}