{
  "batch_size": 46,
  "beta_1": 0.7633601083210165,
  "beta_2": 0.7323750047400174,
  "block_size": 206,
  "dropout": 0.4263153547132738,
  "epsilon": 1.9621527928e-06,
  "lr": 0.0003607203763118,
  "n_embd": 13,
  "n_head": 2,
  "n_layer": 3,
  "seed": 926626619.028422,
  "weight_decay": 5.42879716261e-05
}