{
  "batch_size": 36,
  "beta_1": 0.7104696104839751,
  "beta_2": 0.9383719118162961,
  "block_size": 135,
  "dropout": 0.34711825930371754,
  "epsilon": 9.591551228967269e-06,
  "lr": 3.234646714097469e-05,
  "n_embd": 8,
  "n_head": 1,
  "n_layer": 5,
  "seed": 686332777,
  "weight_decay": 1.0639974022724782e-06
}