{
  "batch_size": 47.45124896815575,
  "beta_1": 0.9895252171882978,
  "beta_2": 0.8056343791164234,
  "block_size": 75.58299518674589,
  "dropout": 0.16491020589724353,
  "epsilon": 0.0007389411978137887,
  "lr": 0.061656297409847675,
  "n_embd": 25.712752726838165,
  "n_head": 1.9272919832872906,
  "n_layer": 5.51495647776768,
  "seed": 1088412568.9399583,
  "weight_decay": 0.00932776402714471
}