{
  "batch_size": 88.52336594955774,
  "beta_1": 0.683759256711778,
  "beta_2": 0.2475506559576904,
  "block_size": 104.67899090786293,
  "dropout": 0.48134723012884584,
  "epsilon": 0.0006771992980876861,
  "lr": 0.035936827859478236,
  "n_embd": 15.583004958049909,
  "n_head": 5.873117928395009,
  "n_layer": 2.193239324935252,
  "seed": 1020551255.5722942,
  "weight_decay": 0.007727891176786293
}