{
  "batch_size": 83.79332011913127,
  "beta_1": 0.1415713433282754,
  "beta_2": 0.5243453437378807,
  "block_size": 251.2304440586601,
  "dropout": 0.23799838942453788,
  "epsilon": 0.0004819675945100381,
  "lr": 0.014027256615152726,
  "n_embd": 14.11023061222598,
  "n_head": 2.8894395308844265,
  "n_layer": 4.8734583289092415,
  "seed": 206603587.01019058,
  "weight_decay": 0.001410522871745144
}