{
  "batch_size": 77,
  "beta_1": 0.5486288863119202,
  "beta_2": 0.5149953087085413,
  "block_size": 140,
  "dropout": 0.331031176517145,
  "epsilon": 3.010270307313389e-08,
  "lr": 0.0008175896949896321,
  "n_embd": 48,
  "n_head": 2,
  "n_layer": 4,
  "seed": 1975264140,
  "weight_decay": 0.00024020823578107617
}