{
  "batch_size": 75.61582685107822,
  "beta_1": 0.18915281176742027,
  "beta_2": 0.2989835032295667,
  "block_size": 180.1228520438773,
  "dropout": 0.34761919769516414,
  "epsilon": 0.0005964596702231882,
  "lr": 0.02924312524564471,
  "n_embd": 5.019399104953549,
  "n_head": 5.466076688608083,
  "n_layer": 6.396664138488373,
  "seed": 317585957.37264967,
  "weight_decay": 0.0037541160595508972
}