{
  "batch_size": 17.980779203852048,
  "beta_1": 0.9981925977872262,
  "beta_2": 0.33177012870279154,
  "block_size": 276.46215486841913,
  "dropout": 0.2669844235364568,
  "epsilon": 0.00012983631141217036,
  "lr": 0.038892576600997146,
  "n_embd": 0.28039497786543166,
  "n_head": 3.9807475273855077,
  "n_layer": 1.9164019642929988,
  "seed": 1034314758.0862005,
  "weight_decay": 0.005107916738309097
}