{
  "batch_size": 18.95559785343326,
  "beta_1": 0.9036114170427259,
  "beta_2": 0.7439999054635746,
  "block_size": 99.57501502339984,
  "dropout": 0.45921741980753117,
  "epsilon": 0.0002905113084303475,
  "lr": 0.08300758785202489,
  "n_embd": 47.39291532793374,
  "n_head": 6.9421108155742655,
  "n_layer": 4.682054011305496,
  "seed": 1631558263.521789,
  "weight_decay": 0.0010064497010894233
}