{
  "batch_size": 67.35309459109482,
  "beta_1": 0.4968704849714053,
  "beta_2": 0.5896601764067948,
  "block_size": 307.24003426390607,
  "dropout": 0.26299443490693164,
  "epsilon": 0.00025160108416836065,
  "lr": 0.05544372389420902,
  "n_embd": 20.273275134531122,
  "n_head": 4.6267938843350835,
  "n_layer": 3.7766744685550018,
  "seed": 1531873903.0140257,
  "weight_decay": 0.002721781170576138
}