{
  "batch_size": 19,
  "beta_1": 0.2492060526685456,
  "beta_2": 0.6574048461865734,
  "block_size": 250,
  "dropout": 0.3879083408121189,
  "epsilon": 4.20776501e-08,
  "lr": 0.0010544032502908,
  "n_embd": 31,
  "n_head": 5,
  "n_layer": 3,
  "seed": 1146737428.3701077,
  "weight_decay": 3.26361727046e-05
}