{
  "batch_size": 42.38379152767078,
  "beta_1": 0.4049136178146022,
  "beta_2": 0.7392946774047098,
  "block_size": 358.65735772653437,
  "dropout": 0.3329796905777419,
  "epsilon": 0.0002133113080450617,
  "lr": 0.041281073912471225,
  "n_embd": 52.944975570455576,
  "n_head": 1.72532393292383,
  "n_layer": 3.8442577199812784,
  "seed": 448550212.13002497,
  "weight_decay": 0.00551530795725176
}