{
  "batch_size": 46.90884297506963,
  "beta_1": 0.19591907711760648,
  "beta_2": 0.273276435938214,
  "block_size": 308.91077756031245,
  "dropout": 0.30509473117022046,
  "epsilon": 0.00011063050063699444,
  "lr": 0.05988560264440553,
  "n_embd": 1.2075637500634653,
  "n_head": 4.914552807925581,
  "n_layer": 5.256747039491041,
  "seed": 1407189340.6400123,
  "weight_decay": 0.006845622175930894
}