{
  "batch_size": 39.784738944614986,
  "beta_1": 0.5125506587214215,
  "beta_2": 0.43069566153395866,
  "block_size": 366.7576471912883,
  "dropout": 0.18764048642301623,
  "epsilon": 0.0004911339562467451,
  "lr": 0.06506234323459151,
  "n_embd": 29.936265691616907,
  "n_head": 4.311990881794678,
  "n_layer": 1.0458443946831528,
  "seed": 1347565783.686653,
  "weight_decay": 0.009564573311713852
}