{
  "batch_size": 57.45329645561562,
  "beta_1": 0.3935469171482868,
  "beta_2": 0.9916301241505429,
  "block_size": 354.7752854743369,
  "dropout": 0.2829638968193988,
  "epsilon": 0.00034933997311438627,
  "lr": 0.05281607464461752,
  "n_embd": 30.807114861362468,
  "n_head": 6.694698171424031,
  "n_layer": 6.697378235982078,
  "seed": 269499026.4659371,
  "weight_decay": 0.0046845483623676205
}