{
  "batch_size": 35.205422808164414,
  "beta_1": 0.5915835887842358,
  "beta_2": 0.3984714620268368,
  "block_size": 321.9238178159869,
  "dropout": 0.3055247282571989,
  "epsilon": 0.0003275914838398005,
  "lr": 0.07222825823398309,
  "n_embd": 38.78996086503951,
  "n_head": 4.144484357900691,
  "n_layer": 1.3383908359928323,
  "seed": 905543441.7592171,
  "weight_decay": 0.0064998504241198666
}