{
  "batch_size": 85.22769990466284,
  "beta_1": 0.9943003146607449,
  "beta_2": 0.15632197759120972,
  "block_size": 218.05543208031952,
  "dropout": 0.15408022091468188,
  "epsilon": 0.0006269658764838309,
  "lr": 0.044173222126250834,
  "n_embd": 40.048393809304464,
  "n_head": 1.1324630705102925,
  "n_layer": 6.804385194190848,
  "seed": 1176740367.6918318,
  "weight_decay": 0.006227241745100677
}