{
  "batch_size": 38,
  "beta_1": 0.337060115114001,
  "beta_2": 0.6126455801207383,
  "block_size": 109,
  "dropout": 0.153083407579644,
  "epsilon": 1.7412147682164487e-08,
  "lr": 0.03035312063193212,
  "n_embd": 35,
  "n_head": 5,
  "n_layer": 6,
  "seed": 141102084,
  "weight_decay": 1.4497793905982594e-05
}