{
  "batch_size": 66.56399754870533,
  "beta_1": 0.26526598343525903,
  "beta_2": 0.5654649470128715,
  "block_size": 140.30272828949097,
  "dropout": 0.35869278565404783,
  "epsilon": 0.0003169378609943392,
  "lr": 0.030071363853584075,
  "n_embd": 25.344651535985278,
  "n_head": 2.464953967312692,
  "n_layer": 1.5542944507181957,
  "seed": 1527398698.5160978,
  "weight_decay": 0.004042296899098144
}