{
  "batch_size": 77.94703970243694,
  "beta_1": 0.9485909395663756,
  "beta_2": 0.7745092045891475,
  "block_size": 144.4258402998354,
  "dropout": 0.35851652230875997,
  "epsilon": 6.35825620887567e-05,
  "lr": 0.08160206303694395,
  "n_embd": 16.15438462201605,
  "n_head": 6.427353463097548,
  "n_layer": 2.0466203521936093,
  "seed": 1043949819.8953165,
  "weight_decay": 0.002396019860289893
}