{
  "batch_size": 45,
  "beta_1": 0.7539314665603677,
  "beta_2": 0.49619867786915595,
  "block_size": 362,
  "dropout": 0.23041528734624991,
  "epsilon": 0.000553658686786632,
  "lr": 0.00018512336112623816,
  "n_embd": 39,
  "n_head": 2,
  "n_layer": 3,
  "seed": 814430717,
  "weight_decay": 0.003197001117869835
}