{
  "batch_size": 75,
  "beta_1": 0.8108048669165168,
  "beta_2": 0.8902177570144751,
  "block_size": 200,
  "dropout": 0.18256123922983514,
  "epsilon": 7.151372380657482e-06,
  "lr": 0.003223319892583487,
  "n_embd": 27,
  "n_head": 5,
  "n_layer": 6,
  "seed": 658013567,
  "weight_decay": 1.0224736942572923e-05
}