{
  "batch_size": 33,
  "beta_1": 0.5353149031803464,
  "beta_2": 0.4427225409235542,
  "block_size": 364,
  "dropout": 0.1806538682988813,
  "epsilon": 4.550408e-10,
  "lr": 0.003376574947675,
  "n_embd": 32,
  "n_head": 3,
  "n_layer": 1,
  "seed": 537863211.4655339,
  "weight_decay": 1.9235589808e-06
}