{
  "batch_size": 77,
  "beta_1": 0.4007130272725108,
  "beta_2": 0.362954056578285,
  "block_size": 378,
  "dropout": 0.1401853219230555,
  "epsilon": 1.6913534369e-06,
  "lr": 0.0007926756723601,
  "n_embd": 24,
  "n_head": 2,
  "n_layer": 6,
  "seed": 1041917644.5583432,
  "weight_decay": 1.2827436e-08
}