{
  "batch_size": 55,
  "beta_1": 0.263760841137653,
  "beta_2": 0.6257744605233997,
  "block_size": 261,
  "dropout": 0.2976420694538226,
  "epsilon": 1.57814764e-08,
  "lr": 0.0003081857909773,
  "n_embd": 3,
  "n_head": 6,
  "n_layer": 5,
  "seed": 1849001693.1933672,
  "weight_decay": 1.8078990651e-06
}