{
  "batch_size": 60,
  "beta_1": 0.582307646546594,
  "beta_2": 0.9970333678472282,
  "block_size": 372,
  "dropout": 0.1766689505012467,
  "epsilon": 1.7176307192e-06,
  "lr": 0.0013849038028301,
  "n_embd": 47,
  "n_head": 5,
  "n_layer": 6,
  "seed": 1917806532.6060915,
  "weight_decay": 1.02786499253e-05
}