{
  "batch_size": 28.89370948630378,
  "beta_1": 0.7633756028625125,
  "beta_2": 0.8934634642393544,
  "block_size": 336.1068585259359,
  "dropout": 0.3803363256109792,
  "epsilon": 4.136304799479965e-05,
  "lr": 0.020440229529737737,
  "n_embd": 49.24245908107635,
  "n_head": 3.5196388427244947,
  "n_layer": 2.1471459671324054,
  "seed": 1128271746.2345066,
  "weight_decay": 0.001033129358681179
}