{
  "batch_size": 22,
  "beta_1": 0.3266266458959307,
  "beta_2": 0.7058051476087763,
  "block_size": 247,
  "dropout": 0.3036881992599895,
  "epsilon": 7.091644237003465e-07,
  "lr": 0.0006609965888823594,
  "n_embd": 41,
  "n_head": 6,
  "n_layer": 2,
  "seed": 8691287,
  "weight_decay": 5.6980069789958316e-08
}