{
  "batch_size": 72.65759716713566,
  "beta_1": 0.7197591486895151,
  "beta_2": 0.25692386522761856,
  "block_size": 285.68680923449926,
  "dropout": 0.2976079758572545,
  "epsilon": 0.00012998635456597043,
  "lr": 0.09678639465298443,
  "n_embd": 51.80656087466069,
  "n_head": 1.3150628739039416,
  "n_layer": 6.053125112817071,
  "seed": 1347535877.0978198,
  "weight_decay": 0.009057533631286923
}