{
  "batch_size": 18,
  "beta_1": 0.11667427584257371,
  "beta_2": 0.5213973106222655,
  "block_size": 92,
  "dropout": 0.4137931347148466,
  "epsilon": 2.3048060502997547e-05,
  "lr": 0.004798992559415573,
  "n_embd": 46,
  "n_head": 3,
  "n_layer": 1,
  "seed": 352479991,
  "weight_decay": 0.003001627201117591
}