{
  "batch_size": 53.57974399872457,
  "beta_1": 0.7999618472418739,
  "beta_2": 0.4956008854913865,
  "block_size": 262.3313916924176,
  "dropout": 0.41344935387288784,
  "epsilon": 0.00040770408820595534,
  "lr": 0.07348685735884725,
  "n_embd": 40.30485586147591,
  "n_head": 2.3019641268844464,
  "n_layer": 1.2707128529322484,
  "seed": 1194665249.3029287,
  "weight_decay": 0.004427806897264168
}