{
  "batch_size": 57,
  "beta_1": 0.6031087328883934,
  "beta_2": 0.4341134547550278,
  "block_size": 207,
  "dropout": 0.3722104292430312,
  "epsilon": 1.1284822e-09,
  "lr": 3.63765456325e-05,
  "n_embd": 24,
  "n_head": 2,
  "n_layer": 5,
  "seed": 180649653.5396916,
  "weight_decay": 0.0068828902386545
}