{
  "batch_size": 60.49877345583736,
  "beta_1": 0.145454480001442,
  "beta_2": 0.7105509231909377,
  "block_size": 184.5084385716965,
  "dropout": 0.25580942240509424,
  "epsilon": 0.0005739984142165951,
  "lr": 0.0029522504174385802,
  "n_embd": 35.57090681783857,
  "n_head": 6.192258927336351,
  "n_layer": 6.149657238985015,
  "seed": 1758376157.2431831,
  "weight_decay": 0.003159541974838812
}