{
  "batch_size": 43,
  "beta_1": 0.2617448602103058,
  "beta_2": 0.1802308184510689,
  "block_size": 325,
  "dropout": 0.2317545772338304,
  "epsilon": 1.9800120709e-06,
  "lr": 1.1819105778e-06,
  "n_embd": 23,
  "n_head": 2,
  "n_layer": 1,
  "seed": 1472574812.0283973,
  "weight_decay": 0.0015644900458519
}