{
  "batch_size": 41,
  "beta_1": 0.5135780928826666,
  "beta_2": 0.4901627713098156,
  "block_size": 188,
  "dropout": 0.3192883787482612,
  "epsilon": 1.776329e-09,
  "lr": 0.0002902857418385,
  "n_embd": 33,
  "n_head": 6,
  "n_layer": 6,
  "seed": 411518457.71337557,
  "weight_decay": 0.00208436486039
}