{
  "batch_size": 91,
  "beta_1": 0.1702160835394357,
  "beta_2": 0.4891021068582101,
  "block_size": 187,
  "dropout": 0.2280979435004914,
  "epsilon": 0.0001787112520625,
  "lr": 2.3483933632e-06,
  "n_embd": 8,
  "n_head": 1,
  "n_layer": 1,
  "seed": 2047278034.58814,
  "weight_decay": 0.0045610025173844
}