{
  "batch_size": 18,
  "beta_1": 0.9486756582344062,
  "beta_2": 0.11303791006489705,
  "block_size": 147,
  "dropout": 0.3843905735680345,
  "epsilon": 3.739736874334123e-10,
  "lr": 1.2512072046516174e-06,
  "n_embd": 36,
  "n_head": 1,
  "n_layer": 4,
  "seed": 1915218798,
  "weight_decay": 7.920467723661229e-05
}