{
  "batch_size": 24.61081248689118,
  "beta_1": 0.506269560813319,
  "beta_2": 0.12569057875098053,
  "block_size": 337.39355335956645,
  "dropout": 0.369368746525068,
  "epsilon": 0.000528176259148603,
  "lr": 0.07729069300746547,
  "n_embd": 48.739832976702196,
  "n_head": 3.0952998208874796,
  "n_layer": 3.5164468780312426,
  "seed": 1611693854.3235536,
  "weight_decay": 0.005550653383979813
}