{
  "batch_size": 40.07602001910669,
  "beta_1": 0.7989557089735128,
  "beta_2": 0.6213614466814958,
  "block_size": 190.83847880739404,
  "dropout": 0.1993413429785148,
  "epsilon": 0.0005308142986282029,
  "lr": 0.07339249493680436,
  "n_embd": 21.341249482551323,
  "n_head": 5.840556736123231,
  "n_layer": 2.8487443800366172,
  "seed": 905562412.4213411,
  "weight_decay": 0.004344151529605902
}