{
  "batch_size": 18.44315705454394,
  "beta_1": 0.9729145605430775,
  "beta_2": 0.33735517301916745,
  "block_size": 266.41524949004383,
  "dropout": 0.42962711598204983,
  "epsilon": 0.00012922807032979223,
  "lr": 0.06092839467677851,
  "n_embd": 40.1855962074126,
  "n_head": 2.227970986820673,
  "n_layer": 3.4168728836146642,
  "seed": 215180688.87050158,
  "weight_decay": 0.007776315474069834
}