{
  "batch_size": 56,
  "beta_1": 0.4221212694108143,
  "beta_2": 0.8669209399057027,
  "block_size": 344,
  "dropout": 0.42975603075410873,
  "epsilon": 7.088941457852395e-08,
  "lr": 0.004845418580967081,
  "n_embd": 5,
  "n_head": 6,
  "n_layer": 6,
  "seed": 100977589,
  "weight_decay": 5.573641414795664e-08
}