{
  "batch_size": 28.982601318924917,
  "beta_1": 0.6956182222712768,
  "beta_2": 0.20647347747252165,
  "block_size": 330.14944330908065,
  "dropout": 0.3439406603331644,
  "epsilon": 3.438686968981894e-05,
  "lr": 0.08741475908261499,
  "n_embd": 9.949785516739087,
  "n_head": 1.8540222962624218,
  "n_layer": 1.2262113114886997,
  "seed": 544204166.1191959,
  "weight_decay": 0.0080610687784427
}