{
  "batch_size": 40,
  "beta_1": 0.277559070915123,
  "beta_2": 0.8530092309465049,
  "block_size": 225,
  "dropout": 0.4234508329572384,
  "epsilon": 1.1077163058e-06,
  "lr": 2.9424746033e-06,
  "n_embd": 50,
  "n_head": 3,
  "n_layer": 4,
  "seed": 1970736442.072335,
  "weight_decay": 1.00018584e-08
}