{
  "batch_size": 86,
  "beta_1": 0.4525232958942751,
  "beta_2": 0.2630605144297681,
  "block_size": 377,
  "dropout": 0.2517211367920429,
  "epsilon": 3.656530539592976e-05,
  "lr": 1.0575288337985654e-06,
  "n_embd": 27,
  "n_head": 5,
  "n_layer": 6,
  "seed": 36949105,
  "weight_decay": 1.6121136284961554e-05
}