{
  "batch_size": 19,
  "beta_1": 0.2496965181588503,
  "beta_2": 0.6423959401622504,
  "block_size": 275,
  "dropout": 0.15369657968457934,
  "epsilon": 1.7829219124948568e-10,
  "lr": 0.0015623456745628005,
  "n_embd": 1,
  "n_head": 6,
  "n_layer": 1,
  "seed": 105113319,
  "weight_decay": 2.50690910900827e-07
}