{
  "batch_size": 64.75955233812917,
  "beta_1": 0.37451224008293127,
  "beta_2": 0.6741422390553085,
  "block_size": 128.1382679580014,
  "dropout": 0.4083424480128208,
  "epsilon": 2.484263212360322e-05,
  "lr": 0.06049316821700442,
  "n_embd": 1.9009175262279727,
  "n_head": 4.260532107326411,
  "n_layer": 2.987376768390416,
  "seed": 433571113.16180885,
  "weight_decay": 0.005572671454838611
}