{
  "batch_size": 83,
  "beta_1": 0.5325015115791213,
  "beta_2": 0.9336965964017409,
  "block_size": 124,
  "dropout": 0.28065614436049,
  "epsilon": 2.720096055610288e-05,
  "lr": 0.0068092547132041275,
  "n_embd": 15,
  "n_head": 6,
  "n_layer": 6,
  "seed": 513593413,
  "weight_decay": 0.003815292755914004
}