{
  "batch_size": 75.36659853628302,
  "beta_1": 0.22682451539631865,
  "beta_2": 0.7459049308106533,
  "block_size": 325.2178504851354,
  "dropout": 0.1487933117346469,
  "epsilon": 0.0003423057705463796,
  "lr": 0.0031306620805737727,
  "n_embd": 36.74949990754921,
  "n_head": 6.201593751954465,
  "n_layer": 6.07694185062678,
  "seed": 1483843078.8165033,
  "weight_decay": 0.008572156843696077
}