{
  "batch_size": 44.04349550726334,
  "beta_1": 0.7540348162936661,
  "beta_2": 0.7107002941538352,
  "block_size": 93.16680333522778,
  "dropout": 0.20721995748817668,
  "epsilon": 0.000791654832088888,
  "lr": 0.029474311667427148,
  "n_embd": 17.145374567750324,
  "n_head": 4.304940212926427,
  "n_layer": 1.9947713590423557,
  "seed": 297721206.4680281,
  "weight_decay": 0.007002854083493378
}