{
  "batch_size": 77.99873433211756,
  "beta_1": 0.4567259725391455,
  "beta_2": 0.4041235505853529,
  "block_size": 199.16944811112458,
  "dropout": 0.14157617803677983,
  "epsilon": 0.0002569691290842772,
  "lr": 0.023414792494851896,
  "n_embd": 0.7827569875382691,
  "n_head": 2.0112881190693424,
  "n_layer": 5.8798566571358,
  "seed": 1136712850.8800094,
  "weight_decay": 0.007341837608941287
}