{
  "batch_size": 70,
  "beta_1": 0.2504251452881715,
  "beta_2": 0.33897178728435096,
  "block_size": 349,
  "dropout": 0.3302188969326695,
  "epsilon": 1.8356071598057815e-10,
  "lr": 0.00041752679464817304,
  "n_embd": 21,
  "n_head": 4,
  "n_layer": 6,
  "seed": 260279834,
  "weight_decay": 3.544777118971375e-07
}