{
  "batch_size": 81.9063023777782,
  "beta_1": 0.21110943445447566,
  "beta_2": 0.1105855342461097,
  "block_size": 172.06528650170364,
  "dropout": 0.28681231976233945,
  "epsilon": 0.0009727670783945393,
  "lr": 0.04978447717266873,
  "n_embd": 45.75042283542329,
  "n_head": 2.0487908403440644,
  "n_layer": 5.812249251658037,
  "seed": 1801869107.7489018,
  "weight_decay": 0.0018139854483587917
}