{
  "batch_size": 37.0702526832865,
  "beta_1": 0.3921453465559034,
  "beta_2": 0.25581149726817,
  "block_size": 307.9560932545439,
  "dropout": 0.3816628075252516,
  "epsilon": 0.0006488148748829042,
  "lr": 0.042591349603734285,
  "n_embd": 42.50589914655487,
  "n_head": 1.212912021524157,
  "n_layer": 2.4931133075576817,
  "seed": 1419418369.727049,
  "weight_decay": 0.0019315797126515913
}