{
  "batch_size": 55.6439409480707,
  "beta_1": 0.5318773626004806,
  "beta_2": 0.6113931987234337,
  "block_size": 102.25728615019062,
  "dropout": 0.24810380560080778,
  "epsilon": 0.000858539845430255,
  "lr": 0.028643561356369536,
  "n_embd": 28.274533095479566,
  "n_head": 4.1502305103370585,
  "n_layer": 4.207486946755884,
  "seed": 1681940189.3551412,
  "weight_decay": 0.007648066046990763
}