{
  "batch_size": 96,
  "beta_1": 0.161245522001544,
  "beta_2": 0.9636658370800554,
  "block_size": 177,
  "dropout": 0.2071381102389187,
  "epsilon": 4.8729977953e-06,
  "lr": 0.0005364952911416,
  "n_embd": 35,
  "n_head": 5,
  "n_layer": 4,
  "seed": 84548379.64162908,
  "weight_decay": 2.560583045e-07
}