{
  "batch_size": 64,
  "beta_1": 0.6533989587744574,
  "beta_2": 0.9326064953638932,
  "block_size": 159,
  "dropout": 0.2791515405128221,
  "epsilon": 9.020381306685855e-08,
  "lr": 8.843453183083468e-05,
  "n_embd": 36,
  "n_head": 5,
  "n_layer": 1,
  "seed": 164257513,
  "weight_decay": 0.0002019672065275383
}