{
  "batch_size": 20.846022484807914,
  "beta_1": 0.16774278700166964,
  "beta_2": 0.5672631203751441,
  "block_size": 263.1368625883624,
  "dropout": 0.18088680634561746,
  "epsilon": 0.0009931896876026096,
  "lr": 0.025688721855008267,
  "n_embd": 41.494545069383086,
  "n_head": 5.89534726916138,
  "n_layer": 1.6118783145330289,
  "seed": 1810698764.6999166,
  "weight_decay": 0.004285544537163186
}