{
  "batch_size": 95,
  "beta_1": 0.6896981003843069,
  "beta_2": 0.9285018514814196,
  "block_size": 352,
  "dropout": 0.3364756737247593,
  "epsilon": 0.00010228866418986269,
  "lr": 8.98913158211641e-06,
  "n_embd": 10,
  "n_head": 1,
  "n_layer": 4,
  "seed": 2018290822,
  "weight_decay": 8.008887723578722e-05
}