{
  "batch_size": 45,
  "beta_1": 0.8256363895897533,
  "beta_2": 0.5850421480916274,
  "block_size": 378,
  "dropout": 0.24770331667845788,
  "epsilon": 1.8642230514344524e-10,
  "lr": 1.9464670999219707e-05,
  "n_embd": 19,
  "n_head": 1,
  "n_layer": 5,
  "seed": 430859600,
  "weight_decay": 0.00011016637967928907
}