{
  "batch_size": 50,
  "beta_1": 0.6249748432700187,
  "beta_2": 0.5671984738812145,
  "block_size": 242,
  "dropout": 0.6899417086115476,
  "epsilon": 4.363798757000382e-09,
  "lr": 9.357946519093992e-05,
  "n_embd": 29,
  "n_head": 2,
  "n_layer": 2,
  "seed": 1705805858,
  "weight_decay": 5.8851647047834e-09
}