{
  "batch_size": 51.634042639461164,
  "beta_1": 0.24420537238735607,
  "beta_2": 0.38124022960670956,
  "block_size": 219.26619853032227,
  "dropout": 0.17360997249594337,
  "epsilon": 0.000820485101204574,
  "lr": 0.02635374686317751,
  "n_embd": 18.262871328616686,
  "n_head": 6.314372976255,
  "n_layer": 1.2713198845924125,
  "seed": 1086587905.9572065,
  "weight_decay": 0.006525653990228877
}