{
  "batch_size": 75.14940952178259,
  "beta_1": 0.5415005646606437,
  "beta_2": 0.35829792428580254,
  "block_size": 134.4071970298926,
  "dropout": 0.14379331117277228,
  "epsilon": 0.00030113822428800543,
  "lr": 0.02956082075848722,
  "n_embd": 14.680355714308309,
  "n_head": 3.6946405349618487,
  "n_layer": 4.200035092810063,
  "seed": 442453993.7503221,
  "weight_decay": 0.005186885158456108
}