{
  "batch_size": 56,
  "beta_1": 0.624598336880044,
  "beta_2": 0.39097139627961464,
  "block_size": 201,
  "dropout": 0.3061759720980845,
  "epsilon": 2.3150712321302447e-09,
  "lr": 0.0021778125364366055,
  "n_embd": 38,
  "n_head": 6,
  "n_layer": 6,
  "seed": 713108275,
  "weight_decay": 5.3303453762641734e-05
}