{
  "batch_size": 86.865117197299,
  "beta_1": 0.4153487639160076,
  "beta_2": 0.340697766704256,
  "block_size": 154.68883437503666,
  "dropout": 0.3717855260616244,
  "epsilon": 0.00022107057177004992,
  "lr": 0.04699662719486206,
  "n_embd": 3.393522719213829,
  "n_head": 2.596753041261089,
  "n_layer": 1.5930260409585748,
  "seed": 397010752.54853684,
  "weight_decay": 0.0074477721793776985
}