{
  "batch_size": 44.70748422289755,
  "beta_1": 0.6895421694418514,
  "beta_2": 0.4985547269919074,
  "block_size": 124.37108438064925,
  "dropout": 0.27099173148525557,
  "epsilon": 0.0003054078604394352,
  "lr": 0.020125946394054385,
  "n_embd": 12.305628428096025,
  "n_head": 5.889886543033592,
  "n_layer": 3.673678301530625,
  "seed": 1686893461.7472527,
  "weight_decay": 0.004083920857628938
}