{
  "batch_size": 76.32086213069417,
  "beta_1": 0.633064691436101,
  "beta_2": 0.22719352473173374,
  "block_size": 214.0865516190536,
  "dropout": 0.46711982661679985,
  "epsilon": 0.00011544493255030464,
  "lr": 0.06458708712211048,
  "n_embd": 8.364183928017678,
  "n_head": 5.8985422435167925,
  "n_layer": 1.9522523729074583,
  "seed": 887951789.6224883,
  "weight_decay": 0.0062457945623393
}