{
  "batch_size": 96,
  "beta_1": 0.5166961418633234,
  "beta_2": 0.30125422794795187,
  "block_size": 358,
  "dropout": 0.18869135400730538,
  "epsilon": 4.043699770913419e-07,
  "lr": 0.0007308037494020895,
  "n_embd": 19,
  "n_head": 2,
  "n_layer": 5,
  "seed": 1851825043,
  "weight_decay": 1.4753971597930614e-05
}