{
  "batch_size": 85,
  "beta_1": 0.11263716093831744,
  "beta_2": 0.5093607271341462,
  "block_size": 152,
  "dropout": 0.22997572561056157,
  "epsilon": 3.1348984481493655e-06,
  "lr": 1.4407044569178436e-05,
  "n_embd": 34,
  "n_head": 5,
  "n_layer": 6,
  "seed": 999858172,
  "weight_decay": 0.0011910062884246553
}