{
  "batch_size": 48,
  "beta_1": 0.755299656188396,
  "beta_2": 0.1160323093960515,
  "block_size": 162,
  "dropout": 0.4115105802958274,
  "epsilon": 4.80982804e-08,
  "lr": 0.0021848242911429,
  "n_embd": 37,
  "n_head": 5,
  "n_layer": 3,
  "seed": 695326572.5790929,
  "weight_decay": 1.132501022e-07
}