{
  "batch_size": 87.90414018186958,
  "beta_1": 0.2474480952807006,
  "beta_2": 0.9331023937185087,
  "block_size": 314.7147425189171,
  "dropout": 0.14804394948440028,
  "epsilon": 0.0006302091184912075,
  "lr": 0.054074333390904346,
  "n_embd": 44.915328212463635,
  "n_head": 6.975089663643544,
  "n_layer": 3.337264398218947,
  "seed": 1004665946.0329411,
  "weight_decay": 0.0007369423656332003
}