{
  "batch_size": 18.252491570587154,
  "beta_1": 0.315083957909199,
  "beta_2": 0.9052061118924821,
  "block_size": 99.36533933550628,
  "dropout": 0.2514048314146423,
  "epsilon": 0.00031231585935469615,
  "lr": 0.015157731664470231,
  "n_embd": 29.805544276629615,
  "n_head": 2.4240267016705426,
  "n_layer": 5.69268392277219,
  "seed": 1174525245.1518147,
  "weight_decay": 0.0032013137004311886
}