{
  "batch_size": 90.74912848544193,
  "beta_1": 0.5890041264158764,
  "beta_2": 0.4476888610956211,
  "block_size": 186.58437190427583,
  "dropout": 0.26110013255903874,
  "epsilon": 0.0004422714764665827,
  "lr": 0.030781232393394573,
  "n_embd": 47.54256697284933,
  "n_head": 1.8768321786660578,
  "n_layer": 2.7740991973457714,
  "seed": 1480198909.359584,
  "weight_decay": 0.008084092262635094
}