{
  "batch_size": 73,
  "beta_1": 0.6904492867854188,
  "beta_2": 0.7139451447070218,
  "block_size": 336,
  "dropout": 0.1145790426779106,
  "epsilon": 1.811901228e-07,
  "lr": 0.0001667957179933,
  "n_embd": 51,
  "n_head": 1,
  "n_layer": 2,
  "seed": 1162576001.44125,
  "weight_decay": 4.4691580289e-05
}