{
  "batch_size": 83,
  "beta_1": 0.9199304967563412,
  "beta_2": 0.4201442200423453,
  "block_size": 294,
  "dropout": 0.1686408838782699,
  "epsilon": 2.64542157e-08,
  "lr": 0.0020911241454397,
  "n_embd": 11,
  "n_head": 4,
  "n_layer": 4,
  "seed": 629952409.640548,
  "weight_decay": 0.0003195611937668
}