{
  "batch_size": 69.42052262950062,
  "beta_1": 0.781335664383912,
  "beta_2": 0.20327505573884413,
  "block_size": 342.10155915019976,
  "dropout": 0.4843745791757883,
  "epsilon": 0.0006041043259322766,
  "lr": 0.09586838606177768,
  "n_embd": 0.5241692824638062,
  "n_head": 6.809214476320296,
  "n_layer": 6.9203511624938345,
  "seed": 1811827302.6293485,
  "weight_decay": 0.004870684190081395
}