{
  "batch_size": 86,
  "beta_1": 0.43380217727787196,
  "beta_2": 0.6783465777976888,
  "block_size": 164,
  "dropout": 0.28063837278474246,
  "epsilon": 1.7493596659779303e-05,
  "lr": 0.00117039752700771,
  "n_embd": 52,
  "n_head": 2,
  "n_layer": 3,
  "seed": 78515537,
  "weight_decay": 2.6077736634768664e-05
}