{
  "batch_size": 38.97495084209142,
  "beta_1": 0.974425592338412,
  "beta_2": 0.14361282950589496,
  "block_size": 354.5663360309135,
  "dropout": 0.33842364621401244,
  "epsilon": 0.0008503131289526478,
  "lr": 0.053410009351150076,
  "n_embd": 35.1197125721051,
  "n_head": 6.825710063760063,
  "n_layer": 1.777274719754197,
  "seed": 917622346.8810754,
  "weight_decay": 0.00045310083547857934
}