{
  "batch_size": 45,
  "beta_1": 0.7362781705708747,
  "beta_2": 0.6803846012495484,
  "block_size": 152,
  "dropout": 0.4128365250176754,
  "epsilon": 3.4511605325376e-10,
  "lr": 2.750032191780212e-05,
  "n_embd": 34,
  "n_head": 5,
  "n_layer": 6,
  "seed": 999858172,
  "weight_decay": 0.003573018865273966
}