{
  "batch_size": 42.17453271786755,
  "beta_1": 0.9750437855200933,
  "beta_2": 0.6535237803411474,
  "block_size": 113.47763756312884,
  "dropout": 0.26027153676023224,
  "epsilon": 0.0006997239584862815,
  "lr": 0.069252265848733,
  "n_embd": 25.575325213048732,
  "n_head": 3.5719228142470545,
  "n_layer": 6.6415278118326455,
  "seed": 1574643650.7923167,
  "weight_decay": 0.0061617963450465475
}