{
  "batch_size": 51.48707310118139,
  "beta_1": 0.6401538994946618,
  "beta_2": 0.7623632543756417,
  "block_size": 321.6588304516759,
  "dropout": 0.2054381224517826,
  "epsilon": 0.0003945635147378964,
  "lr": 0.05215904555967102,
  "n_embd": 44.27883526341517,
  "n_head": 1.4375166071280956,
  "n_layer": 3.293487556852625,
  "seed": 1714633927.1972988,
  "weight_decay": 0.009561939255757252
}