{
  "batch_size": 96.29416411833397,
  "beta_1": 0.11757006252294532,
  "beta_2": 0.5237848892800784,
  "block_size": 314.2180311814054,
  "dropout": 0.1850457236063285,
  "epsilon": 0.0002699070670711658,
  "lr": 0.0599973392064802,
  "n_embd": 50.262331959815256,
  "n_head": 2.173459833667306,
  "n_layer": 5.328085595952894,
  "seed": 604609508.8656082,
  "weight_decay": 0.003413804014208711
}