{
  "batch_size": 50,
  "beta_1": 0.4074545326848796,
  "beta_2": 0.8212445393269064,
  "block_size": 187,
  "dropout": 0.3453533452843678,
  "epsilon": 1.238897e-10,
  "lr": 0.000519518213585,
  "n_embd": 24,
  "n_head": 1,
  "n_layer": 4,
  "seed": 622253326.1923637,
  "weight_decay": 2.7042151937e-06
}