{
  "batch_size": 52,
  "beta_1": 0.8918951889339213,
  "beta_2": 0.71972153136304,
  "block_size": 77,
  "dropout": 0.2002419562009651,
  "epsilon": 0.0001018956155052,
  "lr": 0.0003605686397659,
  "n_embd": 8,
  "n_head": 3,
  "n_layer": 3,
  "seed": 1221926624.2828474,
  "weight_decay": 3.2194696119e-06
}