{
  "batch_size": 59,
  "beta_1": 0.19019371579452526,
  "beta_2": 0.45647208256031946,
  "block_size": 191,
  "dropout": 0.21240369714676932,
  "epsilon": 4.063687156681733e-10,
  "lr": 0.00012493653280003505,
  "n_embd": 40,
  "n_head": 1,
  "n_layer": 6,
  "seed": 245331181,
  "weight_decay": 3.6489243823391634e-08
}