{
  "batch_size": 74,
  "beta_1": 0.34983527460502606,
  "beta_2": 0.3328512760849187,
  "block_size": 360,
  "dropout": 0.22194790094722625,
  "epsilon": 1.5790693721889652e-07,
  "lr": 3.523149601157085e-05,
  "n_embd": 22,
  "n_head": 3,
  "n_layer": 3,
  "seed": 1953498158,
  "weight_decay": 0.001833388636585423
}