{
  "batch_size": 37.00631844118925,
  "beta_1": 0.6625604880552765,
  "beta_2": 0.20101284900502756,
  "block_size": 238.56691221365423,
  "dropout": 0.435373258723852,
  "epsilon": 0.0005749922090579773,
  "lr": 0.04443558234756684,
  "n_embd": 43.75648280587569,
  "n_head": 6.538116437622039,
  "n_layer": 3.6554148808106506,
  "seed": 195717741.63625187,
  "weight_decay": 0.0015613637307179988
}