{
  "batch_size": 70,
  "beta_1": 0.6429789930403037,
  "beta_2": 0.1407356025204615,
  "block_size": 98,
  "dropout": 0.266161675154872,
  "epsilon": 6.287566645e-07,
  "lr": 0.0012496594230279,
  "n_embd": 32,
  "n_head": 5,
  "n_layer": 5,
  "seed": 1828124185.877134,
  "weight_decay": 5.37114041e-08
}