{
  "batch_size": 84,
  "beta_1": 0.6512006366352253,
  "beta_2": 0.781192157747567,
  "block_size": 147,
  "dropout": 0.4738461968367077,
  "epsilon": 4.56895583447e-05,
  "lr": 0.000223917312266,
  "n_embd": 28,
  "n_head": 2,
  "n_layer": 4,
  "seed": 384036906.7853471,
  "weight_decay": 6.6609684548e-05
}