{
  "batch_size": 68,
  "beta_1": 0.7857091925775463,
  "beta_2": 0.27361714293985095,
  "block_size": 281,
  "dropout": 0.385971382030866,
  "epsilon": 4.160609809342236e-06,
  "lr": 0.0007836016216446372,
  "n_embd": 0,
  "n_head": 1,
  "n_layer": 3,
  "seed": 1356134976,
  "weight_decay": 8.126937627450314e-08
}