{
  "batch_size": 52,
  "beta_1": 0.12359075974720954,
  "beta_2": 0.6207930247059561,
  "block_size": 296,
  "dropout": 0.12785517784636735,
  "epsilon": 0.00013936536053876894,
  "lr": 0.007438794905336947,
  "n_embd": 7,
  "n_head": 4,
  "n_layer": 5,
  "seed": 210670687,
  "weight_decay": 1.883890086471676e-05
}