{
  "batch_size": 17.070345372023752,
  "beta_1": 0.526515850734591,
  "beta_2": 0.8327187001149615,
  "block_size": 128.89693859275275,
  "dropout": 0.3763848074055739,
  "epsilon": 0.0009652659086240727,
  "lr": 0.06198967927043632,
  "n_embd": 43.60243548678534,
  "n_head": 5.302318862171729,
  "n_layer": 5.2158979207238705,
  "seed": 473186085.24072015,
  "weight_decay": 0.0003083123190513528
}