{
  "batch_size": 41,
  "beta_1": 0.3666139399630746,
  "beta_2": 0.3163499368900172,
  "block_size": 100,
  "dropout": 0.280511430837413,
  "epsilon": 9.7441555409e-06,
  "lr": 1.75349114395e-05,
  "n_embd": 33,
  "n_head": 6,
  "n_layer": 6,
  "seed": 1705112838.1617308,
  "weight_decay": 1.27179824256e-05
}