{
  "batch_size": 73,
  "beta_1": 0.6249813708594915,
  "beta_2": 0.857830113394174,
  "block_size": 199,
  "dropout": 0.09995366740214691,
  "epsilon": 2.3053117629022477e-07,
  "lr": 9.300371045902478e-06,
  "n_embd": 42,
  "n_head": 1,
  "n_layer": 6,
  "seed": 43679748,
  "weight_decay": 9.423228163010298e-07
}