{
  "batch_size": 34,
  "beta_1": 0.6092420071316881,
  "beta_2": 0.7496467909658365,
  "block_size": 377,
  "dropout": 0.2811123412355365,
  "epsilon": 3.1244831024974703e-10,
  "lr": 0.03650694393746899,
  "n_embd": 13,
  "n_head": 2,
  "n_layer": 1,
  "seed": 935360119,
  "weight_decay": 0.001029615733207083
}