{
  "batch_size": 48,
  "beta_1": 0.9052772040756656,
  "beta_2": 0.5403420284455633,
  "block_size": 321,
  "dropout": 0.3879263540411273,
  "epsilon": 9.119288745383153e-07,
  "lr": 6.667117724305283e-05,
  "n_embd": 49,
  "n_head": 1,
  "n_layer": 2,
  "seed": 181754546,
  "weight_decay": 0.002218709161756381
}