{
  "batch_size": 53,
  "beta_1": 0.3849333747788178,
  "beta_2": 0.4472743990954514,
  "block_size": 81,
  "dropout": 0.1413503871739035,
  "epsilon": 5.52865442018e-05,
  "lr": 0.0021456542440865,
  "n_embd": 16,
  "n_head": 5,
  "n_layer": 5,
  "seed": 685792699.6012229,
  "weight_decay": 0.0069849942425914
}