{
  "batch_size": 63,
  "beta_1": 0.8758204594026631,
  "beta_2": 0.8538093577848616,
  "block_size": 207,
  "dropout": 0.24336438249166034,
  "epsilon": 2.560856524801823e-10,
  "lr": 2.922438032936428e-05,
  "n_embd": 38,
  "n_head": 4,
  "n_layer": 4,
  "seed": 1517098975,
  "weight_decay": 6.772242646943998e-08
}