{
  "batch_size": 20,
  "beta_1": 0.3471780083371724,
  "beta_2": 0.17086351821047588,
  "block_size": 238,
  "dropout": 0.15651522353349,
  "epsilon": 3.2418111629414066e-05,
  "lr": 0.0003841009695773826,
  "n_embd": 43,
  "n_head": 6,
  "n_layer": 1,
  "seed": 729407214,
  "weight_decay": 2.0029691569951167e-07
}