{
  "batch_size": 94,
  "beta_1": 0.7272506946292729,
  "beta_2": 0.8453843617831711,
  "block_size": 94,
  "dropout": 0.1446978623844357,
  "epsilon": 8.67552886e-08,
  "lr": 0.0008665741426666,
  "n_embd": 51,
  "n_head": 1,
  "n_layer": 4,
  "seed": 1245056067.353228,
  "weight_decay": 0.0001289990350407
}