{
  "batch_size": 91,
  "beta_1": 0.6425165937009669,
  "beta_2": 0.8304033375511792,
  "block_size": 296,
  "dropout": 0.43968007440743595,
  "epsilon": 6.772961004659819e-09,
  "lr": 2.239926321420934e-06,
  "n_embd": 44,
  "n_head": 2,
  "n_layer": 4,
  "seed": 1905412138,
  "weight_decay": 4.6996008476593907e-07
}