{
  "batch_size": 37.43304152601346,
  "beta_1": 0.40728475980260836,
  "beta_2": 0.8723991461478171,
  "block_size": 90.9452200620525,
  "dropout": 0.44378442995461864,
  "epsilon": 9.154672979245999e-05,
  "lr": 0.05341323402587849,
  "n_embd": 32.01677703282473,
  "n_head": 5.236550667540336,
  "n_layer": 3.0978613751165534,
  "seed": 684969922.47985,
  "weight_decay": 0.008750860241130767
}