{
  "batch_size": 44,
  "beta_1": 0.817682897057324,
  "beta_2": 0.9906123144349911,
  "block_size": 374,
  "dropout": 0.13242155739959663,
  "epsilon": 2.97660537783177e-05,
  "lr": 0.0003851941879476265,
  "n_embd": 42,
  "n_head": 1,
  "n_layer": 3,
  "seed": 400826042,
  "weight_decay": 4.048286650918651e-06
}