{
  "batch_size": 61,
  "beta_1": 0.6985596917713319,
  "beta_2": 0.670778560776565,
  "block_size": 192,
  "dropout": 0.12346439909671725,
  "epsilon": 7.810716572933418e-07,
  "lr": 0.007845677914368705,
  "n_embd": 27,
  "n_head": 2,
  "n_layer": 2,
  "seed": 1455871366,
  "weight_decay": 2.3022688902451132e-07
}