{
  "batch_size": 35,
  "beta_1": 0.48739717123890514,
  "beta_2": 0.20233802933858425,
  "block_size": 233,
  "dropout": 0.4219783468296425,
  "epsilon": 4.563263807082689e-06,
  "lr": 0.0005371328149626295,
  "n_embd": 7,
  "n_head": 2,
  "n_layer": 6,
  "seed": 1516537311,
  "weight_decay": 1.1821825196554813e-08
}