{
  "batch_size": 79,
  "beta_1": 0.8067939944695631,
  "beta_2": 0.4785535187337867,
  "block_size": 224,
  "dropout": 0.15420587033378308,
  "epsilon": 6.649995737100211e-06,
  "lr": 1.6528982247367277e-06,
  "n_embd": 46,
  "n_head": 2,
  "n_layer": 1,
  "seed": 1057944868,
  "weight_decay": 4.718482173130334e-08
}