{
  "batch_size": 70.97612557203966,
  "beta_1": 0.20877549876971635,
  "beta_2": 0.6426735782017209,
  "block_size": 323.23294610324405,
  "dropout": 0.3482169557229325,
  "epsilon": 0.0001094350413039709,
  "lr": 0.08979557601699618,
  "n_embd": 36.505499486618014,
  "n_head": 4.694985358335685,
  "n_layer": 1.018201674419779,
  "seed": 13827716.273126302,
  "weight_decay": 0.004277877800733674
}