{
  "batch_size": 86.35837890867086,
  "beta_1": 0.8597798570362387,
  "beta_2": 0.4279207767344352,
  "block_size": 330.2827637691344,
  "dropout": 0.45890326910827317,
  "epsilon": 0.0005713232156971321,
  "lr": 0.049150335948469,
  "n_embd": 42.64759774664516,
  "n_head": 4.57212016714615,
  "n_layer": 1.518437661756944,
  "seed": 576303305.1216878,
  "weight_decay": 0.007458198566943039
}