{
  "batch_size": 36.140586703969035,
  "beta_1": 0.24516840340897172,
  "beta_2": 0.9029798310490361,
  "block_size": 329.1331300810247,
  "dropout": 0.3917499396978753,
  "epsilon": 0.000406042739709275,
  "lr": 0.01686205350392631,
  "n_embd": 36.45523659668979,
  "n_head": 1.5435742314879495,
  "n_layer": 3.8822415965612,
  "seed": 1149365456.7928998,
  "weight_decay": 0.0026904196701745685
}