{
  "batch_size": 84,
  "beta_1": 0.5945209677997412,
  "beta_2": 0.9847841280531915,
  "block_size": 311,
  "dropout": 0.29489887470631615,
  "epsilon": 1.7137983839988399e-09,
  "lr": 0.010591303973919377,
  "n_embd": 2,
  "n_head": 6,
  "n_layer": 3,
  "seed": 1511574171,
  "weight_decay": 0.001795733728331256
}