{
  "batch_size": 26.97796277122959,
  "beta_1": 0.8413565980030692,
  "beta_2": 0.10625499507431073,
  "block_size": 276.09084420713805,
  "dropout": 0.3729234521162058,
  "epsilon": 0.0006931139366416155,
  "lr": 0.03322418601543643,
  "n_embd": 9.734830588322355,
  "n_head": 3.091911292281678,
  "n_layer": 2.943705523851488,
  "seed": 1860202464.695166,
  "weight_decay": 0.005357543484741881
}