{
  "batch_size": 64,
  "beta_1": 0.14865114286121128,
  "beta_2": 0.8764178141019694,
  "block_size": 193,
  "dropout": 0.3686933711678181,
  "epsilon": 7.705782969267368e-08,
  "lr": 0.0013667486169174313,
  "n_embd": 13,
  "n_head": 5,
  "n_layer": 2,
  "seed": 1699284216,
  "weight_decay": 0.0011892238417997155
}