{
  "batch_size": 46.82030547018784,
  "beta_1": 0.6270802160942947,
  "beta_2": 0.40447123177869093,
  "block_size": 103.13326358429012,
  "dropout": 0.24946895844567882,
  "epsilon": 5.531368022607482e-05,
  "lr": 0.0798730722148658,
  "n_embd": 12.155116771204884,
  "n_head": 3.8231685392738206,
  "n_layer": 5.615473597070983,
  "seed": 617222120.4586864,
  "weight_decay": 0.006513872263084757
}