{
  "batch_size": 73.21575355725209,
  "beta_1": 0.2223716420112699,
  "beta_2": 0.763557976473466,
  "block_size": 164.5752371997923,
  "dropout": 0.3522505001354769,
  "epsilon": 0.0008743858012477183,
  "lr": 0.08557889223345236,
  "n_embd": 17.896223657985622,
  "n_head": 5.968039200512759,
  "n_layer": 3.662892324790157,
  "seed": 1086579293.383851,
  "weight_decay": 0.006542599243476958
}