{
  "batch_size": 17.85242581795152,
  "beta_1": 0.40356888851683104,
  "beta_2": 0.8717690736410821,
  "block_size": 175.61080768678045,
  "dropout": 0.34430945388252765,
  "epsilon": 0.00043065237498095504,
  "lr": 0.005877303425251319,
  "n_embd": 29.879772203096643,
  "n_head": 6.643522803284293,
  "n_layer": 6.997018741599791,
  "seed": 1146132369.8001544,
  "weight_decay": 0.009704385809983923
}