{
  "batch_size": 62,
  "beta_1": 0.2759114291550888,
  "beta_2": 0.7347764827823394,
  "block_size": 299,
  "dropout": 0.27203332094710087,
  "epsilon": 1.4318919473916668e-05,
  "lr": 3.40300149175592e-05,
  "n_embd": 22,
  "n_head": 2,
  "n_layer": 3,
  "seed": 1229729499,
  "weight_decay": 4.85162009493361e-06
}