{
  "batch_size": 81.17579822880106,
  "beta_1": 0.5485613090510894,
  "beta_2": 0.48478588929229827,
  "block_size": 158.52318405366736,
  "dropout": 0.19749633606106848,
  "epsilon": 0.0005325300560865995,
  "lr": 0.017682659042804232,
  "n_embd": 5.847446042812476,
  "n_head": 6.623570438432537,
  "n_layer": 2.8719816677846395,
  "seed": 604434310.4945667,
  "weight_decay": 0.005658097837955823
}