{
  "batch_size": 23,
  "beta_1": 0.7115467096835533,
  "beta_2": 0.4959837139861847,
  "block_size": 247,
  "dropout": 0.33743133251109947,
  "epsilon": 6.446949306366785e-07,
  "lr": 0.0007344406543137327,
  "n_embd": 41,
  "n_head": 6,
  "n_layer": 2,
  "seed": 8691287,
  "weight_decay": 6.331118865550924e-08
}