{
  "batch_size": 65.08195134758697,
  "beta_1": 0.13593037959387244,
  "beta_2": 0.5468838784232056,
  "block_size": 253.0084055070644,
  "dropout": 0.28242012905657554,
  "epsilon": 0.0003689458964302856,
  "lr": 0.08414273985026706,
  "n_embd": 30.243493383244676,
  "n_head": 6.614942205505946,
  "n_layer": 2.0552220126788914,
  "seed": 1136607729.6932886,
  "weight_decay": 0.007281923220634071
}