{
  "batch_size": 79.62419077732054,
  "beta_1": 0.6306209665405966,
  "beta_2": 0.9845836104570894,
  "block_size": 362.26214259764924,
  "dropout": 0.3090845576052539,
  "epsilon": 0.000413966174094323,
  "lr": 0.002999603745517742,
  "n_embd": 26.794583831750543,
  "n_head": 6.449650091379956,
  "n_layer": 2.201056007706594,
  "seed": 1243444591.6161177,
  "weight_decay": 6.261472860886392e-05
}