{
  "batch_size": 50,
  "beta_1": 0.4870197812559552,
  "beta_2": 0.638812881928075,
  "block_size": 167,
  "dropout": 0.1641002700279186,
  "epsilon": 2.404514e-10,
  "lr": 0.0004698294438907,
  "n_embd": 6,
  "n_head": 6,
  "n_layer": 1,
  "seed": 1290436557.4813251,
  "weight_decay": 0.0045435084637046
}