{
  "batch_size": 96,
  "beta_1": 0.7191842900939389,
  "beta_2": 0.5499877198878889,
  "block_size": 179,
  "dropout": 0.1272796811003705,
  "epsilon": 1.18920611015e-05,
  "lr": 0.0030121126717048,
  "n_embd": 14,
  "n_head": 4,
  "n_layer": 2,
  "seed": 936301297.0181694,
  "weight_decay": 0.000542767205066
}