{
  "batch_size": 22.019962205127413,
  "beta_1": 0.6354184008376298,
  "beta_2": 0.5711290326104571,
  "block_size": 212.11711249289013,
  "dropout": 0.11760886865693593,
  "epsilon": 0.00036965865271620224,
  "lr": 0.03228542365790898,
  "n_embd": 10.978551838219046,
  "n_head": 5.1887890598926685,
  "n_layer": 6.598568289007876,
  "seed": 1573066256.1800447,
  "weight_decay": 0.00777184083653975
}