{
  "batch_size": 53,
  "beta_1": 0.1657248808565103,
  "beta_2": 0.4375531780066333,
  "block_size": 227,
  "dropout": 0.1756871141602327,
  "epsilon": 4.76490650365e-05,
  "lr": 1.04983635508e-05,
  "n_embd": 53,
  "n_head": 4,
  "n_layer": 5,
  "seed": 1782226243.088505,
  "weight_decay": 2.6699285e-08
}