{
  "batch_size": 94.1523987885952,
  "beta_1": 0.6607495246832804,
  "beta_2": 0.6573459498836967,
  "block_size": 183.61998640533082,
  "dropout": 0.11947343095022762,
  "epsilon": 9.184545034089653e-05,
  "lr": 0.028067756326005444,
  "n_embd": 13.218523421889923,
  "n_head": 6.545426690263834,
  "n_layer": 1.9749907363718988,
  "seed": 1907248790.771085,
  "weight_decay": 0.005958049605307816
}