{
  "batch_size": 57.80860162470131,
  "beta_1": 0.1486244062154416,
  "beta_2": 0.6388869465611031,
  "block_size": 316.65957508122494,
  "dropout": 0.24516223676222126,
  "epsilon": 0.0001091886551085736,
  "lr": 0.041330129883791436,
  "n_embd": 46.995158304771,
  "n_head": 5.147248757282482,
  "n_layer": 1.3307598876659266,
  "seed": 1483883978.236485,
  "weight_decay": 0.009302092466870086
}