{
  "batch_size": 79,
  "beta_1": 0.7780293517629794,
  "beta_2": 0.7224636088926417,
  "block_size": 224,
  "dropout": 0.14158513204979958,
  "epsilon": 8.86666098280028e-06,
  "lr": 2.20873010984224e-05,
  "n_embd": 46,
  "n_head": 2,
  "n_layer": 1,
  "seed": 1057944868,
  "weight_decay": 0.0007266152949053606
}