{
  "batch_size": 77,
  "beta_1": 0.8022903058598252,
  "beta_2": 0.3674940861496976,
  "block_size": 384,
  "dropout": 0.342208139017267,
  "epsilon": 1.0177570465784332e-07,
  "lr": 0.0033253764988951415,
  "n_embd": 40,
  "n_head": 2,
  "n_layer": 3,
  "seed": 1816455632,
  "weight_decay": 1.1397028110493253e-07
}