{
  "batch_size": 76.22817689031581,
  "beta_1": 0.9909946633534649,
  "beta_2": 0.4113747581127404,
  "block_size": 234.81016215047364,
  "dropout": 0.3916062068976601,
  "epsilon": 0.0005647204594785032,
  "lr": 0.07911546941284496,
  "n_embd": 0.3316120783111626,
  "n_head": 2.302334472979778,
  "n_layer": 5.05026400219252,
  "seed": 297699578.90761554,
  "weight_decay": 0.0038141266734403826
}