{
  "batch_size": 32,
  "beta_1": 0.4902396909948905,
  "beta_2": 0.1050858316071637,
  "block_size": 291,
  "dropout": 0.21286445046690494,
  "epsilon": 1.2410243208683371e-08,
  "lr": 0.0032141537189175253,
  "n_embd": 5,
  "n_head": 1,
  "n_layer": 1,
  "seed": 901018350,
  "weight_decay": 2.2963369154263773e-07
}