{
  "batch_size": 27.709492997623745,
  "beta_1": 0.45530078635937654,
  "beta_2": 0.48083545258993643,
  "block_size": 141.33126938112355,
  "dropout": 0.17539301611572006,
  "epsilon": 0.0006699073850137059,
  "lr": 0.0929203311547699,
  "n_embd": 37.88078447635496,
  "n_head": 4.968639485149856,
  "n_layer": 1.4565299946849941,
  "seed": 1681730253.0926986,
  "weight_decay": 0.0002876577070506052
}