{
  "batch_size": 81,
  "beta_1": 0.890691900386852,
  "beta_2": 0.4433857417753705,
  "block_size": 95,
  "dropout": 0.2959236353541466,
  "epsilon": 1.969221798e-07,
  "lr": 0.000872712276707,
  "n_embd": 52,
  "n_head": 5,
  "n_layer": 6,
  "seed": 1536266814.997742,
  "weight_decay": 3.01769006e-08
}