{
  "batch_size": 80,
  "beta_1": 0.7147814279991195,
  "beta_2": 0.4896097887475328,
  "block_size": 377,
  "dropout": 0.2344373053852382,
  "epsilon": 6.9811391e-09,
  "lr": 0.003544178001031,
  "n_embd": 15,
  "n_head": 3,
  "n_layer": 4,
  "seed": 1200382839.142505,
  "weight_decay": 2.4087677013e-06
}