{
  "batch_size": 73,
  "beta_1": 0.8142976133527692,
  "beta_2": 0.9810720246240483,
  "block_size": 130,
  "dropout": 0.2179672026306567,
  "epsilon": 4.783956167431743e-10,
  "lr": 2.0743028713158956e-06,
  "n_embd": 34,
  "n_head": 6,
  "n_layer": 6,
  "seed": 1520611213,
  "weight_decay": 2.273615414719226e-05
}