{
  "batch_size": 78.70854696641413,
  "beta_1": 0.6231784090544508,
  "beta_2": 0.5803260993518309,
  "block_size": 360.6439566659934,
  "dropout": 0.2360331072567029,
  "epsilon": 0.0002774739852569138,
  "lr": 0.0684889955443138,
  "n_embd": 27.68007318618948,
  "n_head": 3.121994891306274,
  "n_layer": 3.2938504320593682,
  "seed": 1221715912.476558,
  "weight_decay": 0.0024069406148243665
}