{
  "batch_size": 81.72449425073688,
  "beta_1": 0.15597299952634158,
  "beta_2": 0.22863787230761623,
  "block_size": 220.86532211083045,
  "dropout": 0.26027804259493803,
  "epsilon": 0.0003863516514098396,
  "lr": 0.09064561544292113,
  "n_embd": 49.47777193242918,
  "n_head": 1.1128006764181055,
  "n_layer": 1.4905350745256227,
  "seed": 1817488535.99917,
  "weight_decay": 0.007802721156535992
}