{
  "batch_size": 27.01024585038241,
  "beta_1": 0.6614358168849516,
  "beta_2": 0.7549353279822898,
  "block_size": 325.6731233110119,
  "dropout": 0.1252048925393722,
  "epsilon": 0.0006738606767221354,
  "lr": 0.047409381710333584,
  "n_embd": 20.224875284739795,
  "n_head": 5.465273906077315,
  "n_layer": 5.973709481048056,
  "seed": 676136368.2776704,
  "weight_decay": 0.0012886576123919819
}