{
  "batch_size": 43.165330843989395,
  "beta_1": 0.4931059767031256,
  "beta_2": 0.7268403325472107,
  "block_size": 276.2306886638977,
  "dropout": 0.22874987505336142,
  "epsilon": 0.0007668254543847403,
  "lr": 0.09188441795033575,
  "n_embd": 31.35776561575731,
  "n_head": 1.2366448033205446,
  "n_layer": 3.134106894658716,
  "seed": 1250572637.9417083,
  "weight_decay": 0.009982770103322757
}