{
  "batch_size": 33.225069304305336,
  "beta_1": 0.9949285825849682,
  "beta_2": 0.9743727134440351,
  "block_size": 337.7231673614873,
  "dropout": 0.23971580013964222,
  "epsilon": 0.0003113844097544538,
  "lr": 0.07145793759242536,
  "n_embd": 14.669564281120106,
  "n_head": 2.9179856699217375,
  "n_layer": 4.434706477409415,
  "seed": 382944817.42333055,
  "weight_decay": 0.009329556704954575
}