{
  "batch_size": 35,
  "beta_1": 0.2305697958718864,
  "beta_2": 0.89377872793349,
  "block_size": 331,
  "dropout": 0.4945970972397967,
  "epsilon": 9.55274776468e-05,
  "lr": 0.0004060876828422,
  "n_embd": 47,
  "n_head": 2,
  "n_layer": 1,
  "seed": 920747159.7712191,
  "weight_decay": 2.303094863e-06
}