{
  "batch_size": 23,
  "beta_1": 0.5194389729928341,
  "beta_2": 0.7759927625447146,
  "block_size": 109,
  "dropout": 0.2674530573024867,
  "epsilon": 8.38391466873e-05,
  "lr": 0.0127505975167947,
  "n_embd": 4,
  "n_head": 6,
  "n_layer": 4,
  "seed": 1733546494.1103096,
  "weight_decay": 1.2059556e-08
}