{
  "batch_size": 71,
  "beta_1": 0.2401509616678223,
  "beta_2": 0.18875501555734647,
  "block_size": 361,
  "dropout": 0.36221249296488,
  "epsilon": 2.0421576852227216e-07,
  "lr": 1.961451429090681e-05,
  "n_embd": 52,
  "n_head": 1,
  "n_layer": 4,
  "seed": 246988184,
  "weight_decay": 3.3180422820610843e-06
}