{
  "batch_size": 87,
  "beta_1": 0.5529383113567313,
  "beta_2": 0.7285936055541218,
  "block_size": 202,
  "dropout": 0.281600587206249,
  "epsilon": 9.22882694e-08,
  "lr": 0.0001324652412578,
  "n_embd": 3,
  "n_head": 3,
  "n_layer": 2,
  "seed": 598313076.1208191,
  "weight_decay": 0.0024615627042009
}