{
  "batch_size": 87,
  "beta_1": 0.38398506155798384,
  "beta_2": 0.4515196027527162,
  "block_size": 125,
  "dropout": 0.4865554383750066,
  "epsilon": 2.8686012152102234e-10,
  "lr": 1.419477030317031e-05,
  "n_embd": 24,
  "n_head": 3,
  "n_layer": 5,
  "seed": 1568620483,
  "weight_decay": 0.00083388870751599
}