{
  "batch_size": 60,
  "beta_1": 0.331749676018528,
  "beta_2": 0.8492246672987382,
  "block_size": 99,
  "dropout": 0.429770514490928,
  "epsilon": 1.88938748e-08,
  "lr": 0.0008073470009441,
  "n_embd": 37,
  "n_head": 6,
  "n_layer": 3,
  "seed": 568609685.4880389,
  "weight_decay": 2.93119151e-08
}