{
  "batch_size": 35.09512165162322,
  "beta_1": 0.34990391331016824,
  "beta_2": 0.3788975441213054,
  "block_size": 167.6800364447973,
  "dropout": 0.2895543900468521,
  "epsilon": 0.00024918987598184476,
  "lr": 0.03559740245899428,
  "n_embd": 37.3396936754929,
  "n_head": 2.2211567690467886,
  "n_layer": 1.110329233443202,
  "seed": 141812087.11970574,
  "weight_decay": 0.0045711119759094835
}