{
  "batch_size": 23,
  "beta_1": 0.9652306123545966,
  "beta_2": 0.768732534871321,
  "block_size": 376,
  "dropout": 0.2594060502382332,
  "epsilon": 4.77077184e-07,
  "lr": 0.0007781055549917,
  "n_embd": 7,
  "n_head": 2,
  "n_layer": 3,
  "seed": 1605214753.2657063,
  "weight_decay": 7.81106330897e-05
}