{
  "batch_size": 25.398427936370148,
  "beta_1": 0.6172213509637867,
  "beta_2": 0.18142990583556212,
  "block_size": 115.75657416135996,
  "dropout": 0.43668090647358315,
  "epsilon": 0.0007329510776703349,
  "lr": 0.08017084683753495,
  "n_embd": 53.35229042996912,
  "n_head": 1.3916375874264841,
  "n_layer": 1.7841640399554306,
  "seed": 1445442399.9689841,
  "weight_decay": 0.008534931693138544
}