{
  "batch_size": 78.52967808474088,
  "beta_1": 0.5016126681596087,
  "beta_2": 0.5848256524524399,
  "block_size": 172.459092509132,
  "dropout": 0.29972938941724436,
  "epsilon": 0.00023552920940151317,
  "lr": 0.03187736245113573,
  "n_embd": 51.39212459597045,
  "n_head": 1.4544565397163125,
  "n_layer": 4.522716314750124,
  "seed": 1341056673.4516468,
  "weight_decay": 0.004518209092848121
}