{
  "batch_size": 43.95377715468125,
  "beta_1": 0.6483996310706809,
  "beta_2": 0.42752563640408336,
  "block_size": 229.83453043478752,
  "dropout": 0.17946710792432588,
  "epsilon": 0.0009152898676319912,
  "lr": 0.006986321013054923,
  "n_embd": 48.79505610199643,
  "n_head": 1.5330004014986436,
  "n_layer": 1.1960924766447,
  "seed": 1638455951.4433134,
  "weight_decay": 0.005006532532863133
}