{
  "batch_size": 20.61848156790246,
  "beta_1": 0.9037835189642578,
  "beta_2": 0.6215332631633659,
  "block_size": 283.62853363417287,
  "dropout": 0.2543178889522216,
  "epsilon": 0.0008446517932031079,
  "lr": 0.020529264158404677,
  "n_embd": 33.41443482983525,
  "n_head": 6.893054096417581,
  "n_layer": 2.964430003685714,
  "seed": 218364949.95561838,
  "weight_decay": 0.0028746851325746363
}