{
  "batch_size": 66.9963764635321,
  "beta_1": 0.7227634025364356,
  "beta_2": 0.662699781156435,
  "block_size": 319.86627260835394,
  "dropout": 0.4465882020045875,
  "epsilon": 2.6771097577533058e-05,
  "lr": 0.0267586765454424,
  "n_embd": 12.422927200978153,
  "n_head": 1.604386596310599,
  "n_layer": 6.785727496292844,
  "seed": 1136761278.437426,
  "weight_decay": 0.003148730121998432
}