{
  "batch_size": 92,
  "beta_1": 0.238956949526317,
  "beta_2": 0.5718113248996718,
  "block_size": 251,
  "dropout": 0.1359828394706932,
  "epsilon": 1.9628858979e-06,
  "lr": 0.007832045412116,
  "n_embd": 37,
  "n_head": 2,
  "n_layer": 5,
  "seed": 428029291.2005196,
  "weight_decay": 1.349382691e-07
}