{
  "batch_size": 42,
  "beta_1": 0.45093259880837855,
  "beta_2": 0.36043309842692495,
  "block_size": 374,
  "dropout": 0.13655973106833405,
  "epsilon": 0.00013396453066748164,
  "lr": 4.985588049278383e-05,
  "n_embd": 42,
  "n_head": 1,
  "n_layer": 3,
  "seed": 400826042,
  "weight_decay": 3.3728506788606285e-05
}