{
  "batch_size": 62,
  "beta_1": 0.2165845512190979,
  "beta_2": 0.9500306086961968,
  "block_size": 180,
  "dropout": 0.2695775774466269,
  "epsilon": 9.4776713108e-06,
  "lr": 0.0003891200742304,
  "n_embd": 51,
  "n_head": 4,
  "n_layer": 1,
  "seed": 668086873.2598498,
  "weight_decay": 0.0032823698443784
}