{
  "batch_size": 83.30392443721674,
  "beta_1": 0.8165251175717607,
  "beta_2": 0.25761452068415547,
  "block_size": 80.98189507691667,
  "dropout": 0.12386186054864297,
  "epsilon": 0.00042019285559078567,
  "lr": 0.08839367707630903,
  "n_embd": 6.61583341857097,
  "n_head": 6.079972026349811,
  "n_layer": 4.0271553997028695,
  "seed": 1812156863.7669826,
  "weight_decay": 0.0031644155151434148
}