{
  "batch_size": 85.3629982686252,
  "beta_1": 0.1345567903539986,
  "beta_2": 0.4079711962143968,
  "block_size": 84.08618884466138,
  "dropout": 0.392262818318582,
  "epsilon": 0.0002738236389618921,
  "lr": 0.016135281281961084,
  "n_embd": 2.3832428770100975,
  "n_head": 4.605439203513864,
  "n_layer": 1.6958639646161906,
  "seed": 1608935246.9671712,
  "weight_decay": 0.009742483140316545
}