{
  "batch_size": 70,
  "beta_1": 0.9178115089157745,
  "beta_2": 0.682138516248612,
  "block_size": 252,
  "dropout": 0.4651229698853235,
  "epsilon": 3.70299063e-08,
  "lr": 0.0007683806476768,
  "n_embd": 19,
  "n_head": 2,
  "n_layer": 5,
  "seed": 344115681.92039657,
  "weight_decay": 1.694512294e-07
}