{
  "batch_size": 58.52379075446,
  "beta_1": 0.4184932361911332,
  "beta_2": 0.15314890248583468,
  "block_size": 373.20033508094014,
  "dropout": 0.2610318726072296,
  "epsilon": 0.0009266006982831497,
  "lr": 0.0027920513417581737,
  "n_embd": 11.379613625644613,
  "n_head": 3.809056670877856,
  "n_layer": 4.9719044930891325,
  "seed": 1811819454.001906,
  "weight_decay": 0.007545539811732523
}