{
  "batch_size": 70.276816208073,
  "beta_1": 0.27823280769515574,
  "beta_2": 0.23585160070374755,
  "block_size": 108.44535883479818,
  "dropout": 0.45706520504181947,
  "epsilon": 0.0007856299590955872,
  "lr": 0.03348769506675669,
  "n_embd": 45.76745277597292,
  "n_head": 4.182344951412288,
  "n_layer": 5.045334867355389,
  "seed": 1416787313.0570939,
  "weight_decay": 0.008602842840725617
}