{
  "batch_size": 40,
  "beta_1": 0.12423971930887073,
  "beta_2": 0.25591545111641334,
  "block_size": 192,
  "dropout": 0.2637994492212092,
  "epsilon": 0.0005425927976374577,
  "lr": 0.003997755540806568,
  "n_embd": 13,
  "n_head": 1,
  "n_layer": 4,
  "seed": 2116691318,
  "weight_decay": 6.448179294324923e-08
}