{
  "batch_size": 24,
  "beta_1": 0.5131820902476962,
  "beta_2": 0.3053580181911454,
  "block_size": 154,
  "dropout": 0.37094291921160794,
  "epsilon": 1.6459643980472575e-05,
  "lr": 0.03344705562036529,
  "n_embd": 39,
  "n_head": 5,
  "n_layer": 6,
  "seed": 130223174,
  "weight_decay": 0.0001863420789484809
}