{
  "batch_size": 80,
  "beta_1": 0.9430255391460742,
  "beta_2": 0.20858022149647903,
  "block_size": 330,
  "dropout": 0.11705215479204967,
  "epsilon": 1.0215006674874904e-05,
  "lr": 2.3927183959031063e-05,
  "n_embd": 41,
  "n_head": 5,
  "n_layer": 6,
  "seed": 841012874,
  "weight_decay": 1.4268890163106525e-05
}