{
  "batch_size": 89,
  "beta_1": 0.6650209472560588,
  "beta_2": 0.42632178259161757,
  "block_size": 285,
  "dropout": 0.1362513566223089,
  "epsilon": 4.065546856909095e-06,
  "lr": 0.0008113617259213789,
  "n_embd": 38,
  "n_head": 6,
  "n_layer": 4,
  "seed": 381490954,
  "weight_decay": 8.764109320101608e-08
}