{
  "batch_size": 30.86997706789886,
  "beta_1": 0.9558215630392295,
  "beta_2": 0.6795348758317623,
  "block_size": 218.40104307783741,
  "dropout": 0.3530198891165811,
  "epsilon": 0.00026423734634831603,
  "lr": 0.08729190827212194,
  "n_embd": 33.7791505624356,
  "n_head": 4.812445326376601,
  "n_layer": 5.636585278906249,
  "seed": 75834881.51019788,
  "weight_decay": 0.00830172353763655
}