{
  "batch_size": 39.88665252925044,
  "beta_1": 0.8046819550682949,
  "beta_2": 0.9837896826829878,
  "block_size": 240.66159969826322,
  "dropout": 0.3569755605912376,
  "epsilon": 0.00016800465809009284,
  "lr": 0.052435329838531,
  "n_embd": 19.29279466635203,
  "n_head": 4.424323306866141,
  "n_layer": 4.5261735050494405,
  "seed": 1963625566.945107,
  "weight_decay": 0.0034816381763426944
}