{
  "batch_size": 85,
  "beta_1": 0.11780863788091975,
  "beta_2": 0.5605744236509378,
  "block_size": 126,
  "dropout": 0.13019170597499552,
  "epsilon": 5.710006557051084e-07,
  "lr": 0.01082825295968422,
  "n_embd": 27,
  "n_head": 6,
  "n_layer": 2,
  "seed": 419785392,
  "weight_decay": 1.999328462458934e-05
}