{
  "batch_size": 37,
  "beta_1": 0.8709278382073158,
  "beta_2": 0.6015055488216139,
  "block_size": 232,
  "dropout": 0.26171265657432197,
  "epsilon": 0.00010261591623366666,
  "lr": 0.013580424940757622,
  "n_embd": 39,
  "n_head": 2,
  "n_layer": 5,
  "seed": 1869172534,
  "weight_decay": 1.2570532929333714e-06
}