{
  "batch_size": 95,
  "beta_1": 0.8769160320318489,
  "beta_2": 0.7648896044539587,
  "block_size": 368,
  "dropout": 0.1106226639767789,
  "epsilon": 1.65440959415e-05,
  "lr": 0.0009704067892772,
  "n_embd": 15,
  "n_head": 5,
  "n_layer": 3,
  "seed": 1938331562.667548,
  "weight_decay": 5.10935644192e-05
}