{
  "batch_size": 21,
  "beta_1": 0.6113880108754514,
  "beta_2": 0.9711477228866096,
  "block_size": 325,
  "dropout": 0.2467469820966366,
  "epsilon": 3.201191628e-07,
  "lr": 0.0007273746668168,
  "n_embd": 5,
  "n_head": 3,
  "n_layer": 5,
  "seed": 944052445.8090385,
  "weight_decay": 0.0003396594212913
}