{
  "batch_size": 26,
  "beta_1": 0.2116586536069802,
  "beta_2": 0.48759451068177184,
  "block_size": 355,
  "dropout": 0.21232342258677384,
  "epsilon": 4.2190163614494085e-05,
  "lr": 0.024355146874493014,
  "n_embd": 14,
  "n_head": 4,
  "n_layer": 5,
  "seed": 775616644,
  "weight_decay": 1.0918613349360524e-05
}