{
  "batch_size": 50.35416963392782,
  "beta_1": 0.7994841283287534,
  "beta_2": 0.14207972639159028,
  "block_size": 143.84325655928973,
  "dropout": 0.25130176302249985,
  "epsilon": 0.0009678552235200524,
  "lr": 0.012506105145236921,
  "n_embd": 35.12736534609907,
  "n_head": 2.7468121314636313,
  "n_layer": 6.6114550684577935,
  "seed": 1796917210.5254674,
  "weight_decay": 0.008728134127275092
}