{
  "batch_size": 31.618780130543044,
  "beta_1": 0.22762892701937978,
  "beta_2": 0.8655977663164045,
  "block_size": 364.1839850367171,
  "dropout": 0.43819697533903434,
  "epsilon": 0.0007869946624849699,
  "lr": 0.06047925252797774,
  "n_embd": 17.45367459439834,
  "n_head": 5.449503063144409,
  "n_layer": 5.706464438389739,
  "seed": 890068584.3337829,
  "weight_decay": 0.00451174923220616
}