{
  "batch_size": 53.33219052781341,
  "beta_1": 0.3748235607731112,
  "beta_2": 0.11238664707013965,
  "block_size": 131.87101682069294,
  "dropout": 0.2630651011745365,
  "epsilon": 0.000595354823254012,
  "lr": 0.09873915373288471,
  "n_embd": 11.4153029679529,
  "n_head": 5.194492416657564,
  "n_layer": 2.986794916679874,
  "seed": 1486790181.8592956,
  "weight_decay": 0.008145791406955172
}