{
  "batch_size": 48.30777256607628,
  "beta_1": 0.5198619235279558,
  "beta_2": 0.5849998238991331,
  "block_size": 284.2243084222865,
  "dropout": 0.17307384236399914,
  "epsilon": 0.0005828848360011896,
  "lr": 0.05383569250356484,
  "n_embd": 14.098240797675706,
  "n_head": 1.2584109804382833,
  "n_layer": 4.6842853533402256,
  "seed": 851393649.7800677,
  "weight_decay": 0.006338254488365614
}