{
  "batch_size": 95,
  "beta_1": 0.3754652941937183,
  "beta_2": 0.7959857502275982,
  "block_size": 119,
  "dropout": 0.1969792323882921,
  "epsilon": 4.9881375e-09,
  "lr": 0.0013242700004049,
  "n_embd": 42,
  "n_head": 4,
  "n_layer": 5,
  "seed": 1642924378.3931782,
  "weight_decay": 0.0004345215815227
}