{
  "batch_size": 76,
  "beta_1": 0.15385129293229233,
  "beta_2": 0.8228959228479107,
  "block_size": 275,
  "dropout": 0.45596140846299327,
  "epsilon": 8.658592832352344e-08,
  "lr": 0.00686844237471391,
  "n_embd": 15,
  "n_head": 6,
  "n_layer": 6,
  "seed": 338168121,
  "weight_decay": 0.0005016954412847039
}