{
  "batch_size": 76.29903480425503,
  "beta_1": 0.3458381997933641,
  "beta_2": 0.42167921919943974,
  "block_size": 125.63029148237453,
  "dropout": 0.4698895826313615,
  "epsilon": 0.0002874615165277913,
  "lr": 0.03399948585029883,
  "n_embd": 29.59687088883583,
  "n_head": 2.1152915604475284,
  "n_layer": 5.243714182642343,
  "seed": 992108779.4345986,
  "weight_decay": 0.0050577105124784225
}