{
  "batch_size": 87.71452199078621,
  "beta_1": 0.19050891086875554,
  "beta_2": 0.19207592046300012,
  "block_size": 202.01752902870209,
  "dropout": 0.33180681060490225,
  "epsilon": 0.0004942391641088803,
  "lr": 0.058916022466164474,
  "n_embd": 19.849746380957843,
  "n_head": 6.4686115346594955,
  "n_layer": 3.8476259045629937,
  "seed": 655821138.4947153,
  "weight_decay": 0.00441693582115904
}