{
  "batch_size": 86.40368094190312,
  "beta_1": 0.667426610488654,
  "beta_2": 0.7354734019568069,
  "block_size": 243.6318860977021,
  "dropout": 0.19153075954987087,
  "epsilon": 0.0007060087991709404,
  "lr": 0.03147949300407026,
  "n_embd": 16.210300369265813,
  "n_head": 4.873167501494644,
  "n_layer": 5.52037047967815,
  "seed": 1140567109.061242,
  "weight_decay": 0.0028981428422817507
}