{
  "batch_size": 91,
  "beta_1": 0.22151280995235212,
  "beta_2": 0.9683142122406342,
  "block_size": 359,
  "dropout": 0.2716225658349982,
  "epsilon": 0.00080177571169625,
  "lr": 0.005625725083078114,
  "n_embd": 29,
  "n_head": 2,
  "n_layer": 1,
  "seed": 1264035111,
  "weight_decay": 5.230750597652042e-06
}