{
  "batch_size": 25.650267976743507,
  "beta_1": 0.6391708171434738,
  "beta_2": 0.4867598030879339,
  "block_size": 150.44938335653904,
  "dropout": 0.26713989772571356,
  "epsilon": 0.0008361077363606171,
  "lr": 0.09929096728308892,
  "n_embd": 22.291392196214044,
  "n_head": 2.0430424773331994,
  "n_layer": 6.033174526828716,
  "seed": 1860346743.902421,
  "weight_decay": 0.008957623343824443
}