{
  "batch_size": 73.86683578728099,
  "beta_1": 0.798510112395081,
  "beta_2": 0.24723670347267562,
  "block_size": 234.64985432394607,
  "dropout": 0.2914214828888885,
  "epsilon": 0.0002974024806209297,
  "lr": 0.07379483323323169,
  "n_embd": 47.911907481543935,
  "n_head": 1.1200763221024748,
  "n_layer": 6.270390932219844,
  "seed": 1420005226.7694662,
  "weight_decay": 0.005134953015985915
}