{
  "batch_size": 40,
  "beta_1": 0.22194925251747355,
  "beta_2": 0.2917482323292652,
  "block_size": 198,
  "dropout": 0.1726321163113937,
  "epsilon": 6.355214088379946e-06,
  "lr": 0.00012875114834080007,
  "n_embd": 3,
  "n_head": 2,
  "n_layer": 2,
  "seed": 84849647,
  "weight_decay": 1.5204497838459646e-06
}