{
  "batch_size": 77,
  "beta_1": 0.1584800704134851,
  "beta_2": 0.6011974360905032,
  "block_size": 225,
  "dropout": 0.49281516289964256,
  "epsilon": 1.5546319980425532e-09,
  "lr": 0.00012043678773051965,
  "n_embd": 32,
  "n_head": 4,
  "n_layer": 3,
  "seed": 454733701,
  "weight_decay": 0.0028598488166145203
}