{
  "batch_size": 91.44843314141154,
  "beta_1": 0.9434823206014099,
  "beta_2": 0.4420935158633176,
  "block_size": 174.17010595564284,
  "dropout": 0.13573071719358376,
  "epsilon": 0.0007887952523283264,
  "lr": 0.025523412622620194,
  "n_embd": 4.937407990708288,
  "n_head": 3.6833638162520606,
  "n_layer": 1.907466193419999,
  "seed": 638470667.6298287,
  "weight_decay": 0.0043202830494727664
}