{
  "batch_size": 31.055140320002415,
  "beta_1": 0.4819461778801567,
  "beta_2": 0.5725480929882896,
  "block_size": 152.94242074343356,
  "dropout": 0.32188710686683353,
  "epsilon": 0.00018411272426809962,
  "lr": 0.006596965196865147,
  "n_embd": 26.905092843006255,
  "n_head": 5.498113702316194,
  "n_layer": 5.426947320353228,
  "seed": 687525237.3872315,
  "weight_decay": 0.0018333170739180899
}