{
  "batch_size": 87.60561357637722,
  "beta_1": 0.21352494137344918,
  "beta_2": 0.8238370167186119,
  "block_size": 214.4706358106117,
  "dropout": 0.4264492493635448,
  "epsilon": 1.2602545516231575e-06,
  "lr": 0.0015953565868276844,
  "n_embd": 36.949188186104216,
  "n_head": 4.732656758627725,
  "n_layer": 5.9850683929283415,
  "seed": 1611675022.9434173,
  "weight_decay": 0.007249308821365524
}