{
  "batch_size": 74,
  "beta_1": 0.3776005762665898,
  "beta_2": 0.8577687144037762,
  "block_size": 260,
  "dropout": 0.2033235859880798,
  "epsilon": 9.71887137647e-05,
  "lr": 0.0011044827086529,
  "n_embd": 29,
  "n_head": 5,
  "n_layer": 1,
  "seed": 840470035.7946148,
  "weight_decay": 1.00307682e-08
}