{
  "batch_size": 72.33870430944638,
  "beta_1": 0.49276987111962334,
  "beta_2": 0.14800239200486864,
  "block_size": 359.84816704007244,
  "dropout": 0.30339487130300613,
  "epsilon": 0.000337740723466246,
  "lr": 0.015371639362891267,
  "n_embd": 23.449491466233702,
  "n_head": 6.6582083073064,
  "n_layer": 4.27285682982166,
  "seed": 68448597.94105656,
  "weight_decay": 0.0015769394645333463
}