{
  "batch_size": 54,
  "beta_1": 0.7647146897143174,
  "beta_2": 0.31125979362295153,
  "block_size": 336,
  "dropout": 0.2538566678285047,
  "epsilon": 3.8244047474097304e-07,
  "lr": 0.012421517497787856,
  "n_embd": 20,
  "n_head": 6,
  "n_layer": 3,
  "seed": 350909984,
  "weight_decay": 0.0009234956395162147
}