{
  "batch_size": 82.945608882126,
  "beta_1": 0.9969957024522924,
  "beta_2": 0.3235534345504596,
  "block_size": 94.12890601625706,
  "dropout": 0.49619131948628403,
  "epsilon": 0.0007597537703745658,
  "lr": 0.039648966899383735,
  "n_embd": 39.58674932073815,
  "n_head": 6.713114478431202,
  "n_layer": 5.083415893951686,
  "seed": 920114679.2614224,
  "weight_decay": 0.006446716101690092
}