{
  "batch_size": 63,
  "beta_1": 0.38900385991293107,
  "beta_2": 0.9575746568424695,
  "block_size": 79,
  "dropout": 0.2687685424271864,
  "epsilon": 0.0009561917787497862,
  "lr": 0.0788042783986408,
  "n_embd": 27,
  "n_head": 2,
  "n_layer": 2,
  "seed": 485360299,
  "weight_decay": 2.5968560252702956e-07
}