{
  "batch_size": 23,
  "beta_1": 0.7105182186452631,
  "beta_2": 0.2348721024075754,
  "block_size": 215,
  "dropout": 0.2598291934388984,
  "epsilon": 3.354526158e-07,
  "lr": 0.0012793763742469,
  "n_embd": 12,
  "n_head": 6,
  "n_layer": 4,
  "seed": 1127536749.7088456,
  "weight_decay": 2.538695463e-07
}