{
  "batch_size": 52,
  "beta_1": 0.796562489844847,
  "beta_2": 0.7772148127748838,
  "block_size": 192,
  "dropout": 0.15827966953272551,
  "epsilon": 0.0003255556785824746,
  "lr": 0.00879506218977445,
  "n_embd": 13,
  "n_head": 1,
  "n_layer": 4,
  "seed": 2116691318,
  "weight_decay": 1.1606722729784861e-07
}