{
  "batch_size": 17,
  "beta_1": 0.935494965483629,
  "beta_2": 0.8598876311810106,
  "block_size": 95,
  "dropout": 0.3999282957661828,
  "epsilon": 0.0007596688203975,
  "lr": 0.0010815180385163,
  "n_embd": 7,
  "n_head": 5,
  "n_layer": 1,
  "seed": 769275589.6443993,
  "weight_decay": 0.0058479399324549
}