{
  "batch_size": 85.87055969928542,
  "beta_1": 0.1302607355803937,
  "beta_2": 0.4041605245366259,
  "block_size": 366.9753540145442,
  "dropout": 0.384918887510317,
  "epsilon": 0.0003383874052844262,
  "lr": 0.03697728866313333,
  "n_embd": 36.99715360197863,
  "n_head": 3.6897830678154593,
  "n_layer": 2.8426465819463864,
  "seed": 1894350326.8027282,
  "weight_decay": 0.0006043724707209051
}