{
  "batch_size": 35.46152770913448,
  "beta_1": 0.7066855097300293,
  "beta_2": 0.34766894894387484,
  "block_size": 144.85300929905344,
  "dropout": 0.1189303828476998,
  "epsilon": 0.00015301365749213533,
  "lr": 0.04201368465937103,
  "n_embd": 36.29830773333633,
  "n_head": 1.9856656017566467,
  "n_layer": 6.38740317695998,
  "seed": 509079945.3469911,
  "weight_decay": 0.0022494213695802116
}