{
  "batch_size": 34.320848145819845,
  "beta_1": 0.5132683685548024,
  "beta_2": 0.5209228110171549,
  "block_size": 310.7276693721732,
  "dropout": 0.19151479792251067,
  "epsilon": 0.0009462223169342934,
  "lr": 0.07233917482054943,
  "n_embd": 37.87830466504806,
  "n_head": 4.88307530097795,
  "n_layer": 2.4477610423229423,
  "seed": 1805907813.4780426,
  "weight_decay": 0.0037989916383592355
}