{
  "batch_size": 38,
  "beta_1": 0.18942402639886718,
  "beta_2": 0.9285946972071735,
  "block_size": 166,
  "dropout": 0.16965299639416057,
  "epsilon": 7.662461132705543e-06,
  "lr": 0.005392796473131128,
  "n_embd": 27,
  "n_head": 5,
  "n_layer": 4,
  "seed": 619976610,
  "weight_decay": 2.0171250553458762e-05
}