{
  "batch_size": 72,
  "beta_1": 0.3831621859646219,
  "beta_2": 0.3392619491133773,
  "block_size": 349,
  "dropout": 0.26062475011353736,
  "epsilon": 4.453197509152764e-10,
  "lr": 0.00031314509598612977,
  "n_embd": 21,
  "n_head": 4,
  "n_layer": 6,
  "seed": 260279834,
  "weight_decay": 2.29972999106389e-07
}