{
  "batch_size": 32.731141008419314,
  "beta_1": 0.12067650385865254,
  "beta_2": 0.8922565190591997,
  "block_size": 344.6567486087406,
  "dropout": 0.3016784035956127,
  "epsilon": 9.626765210478499e-06,
  "lr": 0.061583006711431854,
  "n_embd": 33.41648373877448,
  "n_head": 5.839955774338124,
  "n_layer": 6.473990841608945,
  "seed": 1886227551.314952,
  "weight_decay": 0.0010480019162679478
}