{
  "batch_size": 57,
  "beta_1": 0.2680587928892293,
  "beta_2": 0.4155310460554104,
  "block_size": 212,
  "dropout": 0.2496660036671582,
  "epsilon": 0.0001623386893041,
  "lr": 0.0243759565308586,
  "n_embd": 47,
  "n_head": 3,
  "n_layer": 5,
  "seed": 1964211630.1314037,
  "weight_decay": 2.357536375e-07
}