{
  "batch_size": 41.80554333281712,
  "beta_1": 0.8145651935001732,
  "beta_2": 0.3348421487147366,
  "block_size": 274.05804098514795,
  "dropout": 0.19154196268717533,
  "epsilon": 0.0002258950923443474,
  "lr": 0.06692168022301372,
  "n_embd": 3.0261486993201108,
  "n_head": 2.693195066172268,
  "n_layer": 4.344851817497189,
  "seed": 137943733.27562323,
  "weight_decay": 0.006230353396465092
}