{
  "batch_size": 48.30138644123883,
  "beta_1": 0.6382314578770583,
  "beta_2": 0.9086474466153396,
  "block_size": 373.31630645684965,
  "dropout": 0.25354157984861203,
  "epsilon": 0.000689441534943384,
  "lr": 0.04377422775100765,
  "n_embd": 8.73789016413992,
  "n_head": 1.9652680483424052,
  "n_layer": 2.4380108227558663,
  "seed": 1162170383.459225,
  "weight_decay": 0.0007263221436592089
}