{
  "batch_size": 86.72758438466475,
  "beta_1": 0.8103872204619057,
  "beta_2": 0.9705556788417734,
  "block_size": 376.77830760469413,
  "dropout": 0.36596827704910206,
  "epsilon": 0.0005299189605431117,
  "lr": 0.011573816020492502,
  "n_embd": 24.73420055196671,
  "n_head": 5.667849931063687,
  "n_layer": 6.868054205580861,
  "seed": 1856494636.5983918,
  "weight_decay": 0.0016770413057310112
}