{
  "batch_size": 82.11251293902544,
  "beta_1": 0.46055299395649796,
  "beta_2": 0.7726068897655163,
  "block_size": 135.36749560835034,
  "dropout": 0.30088459354769137,
  "epsilon": 0.0008292032791696551,
  "lr": 0.08335505167119887,
  "n_embd": 11.494857564450072,
  "n_head": 1.9281170319663932,
  "n_layer": 6.724148673310143,
  "seed": 1043971978.6867926,
  "weight_decay": 0.003152440010834085
}