{
  "batch_size": 89.93750566594996,
  "beta_1": 0.8840943557302292,
  "beta_2": 0.2121261450356442,
  "block_size": 197.5922691446891,
  "dropout": 0.2970563240217786,
  "epsilon": 0.00018283285285402312,
  "lr": 0.014033740183063232,
  "n_embd": 46.73090316783384,
  "n_head": 3.68181659649926,
  "n_layer": 5.895312895089385,
  "seed": 1748153884.2488475,
  "weight_decay": 0.009397973353118361
}