{
  "batch_size": 27,
  "beta_1": 0.138954948582997,
  "beta_2": 0.8511458942372951,
  "block_size": 293,
  "dropout": 0.399830565779884,
  "epsilon": 3.330691e-10,
  "lr": 0.0018884242423397,
  "n_embd": 49,
  "n_head": 6,
  "n_layer": 5,
  "seed": 652443847.4254196,
  "weight_decay": 2.5586182815e-05
}