{
  "batch_size": 93,
  "beta_1": 0.9593712745778205,
  "beta_2": 0.35129462354243157,
  "block_size": 197,
  "dropout": 0.3493014146731992,
  "epsilon": 3.0436683045425033e-07,
  "lr": 0.001510338512876699,
  "n_embd": 17,
  "n_head": 1,
  "n_layer": 3,
  "seed": 847466700,
  "weight_decay": 5.7239072420120884e-05
}