{
  "batch_size": 24,
  "beta_1": 0.2714185531878833,
  "beta_2": 0.7289296957370879,
  "block_size": 274,
  "dropout": 0.235520635509598,
  "epsilon": 0.00027605275639925014,
  "lr": 2.7752876098487107e-06,
  "n_embd": 34,
  "n_head": 4,
  "n_layer": 5,
  "seed": 1580853749,
  "weight_decay": 0.0007582174906785667
}