{
  "batch_size": 24,
  "beta_1": 0.53640643741054,
  "beta_2": 0.6190331261838741,
  "block_size": 101,
  "dropout": 0.2140360162999742,
  "epsilon": 2.4851443555e-06,
  "lr": 0.0008307705748315,
  "n_embd": 25,
  "n_head": 2,
  "n_layer": 2,
  "seed": 1814917962.0153015,
  "weight_decay": 1.08321847589e-05
}