{
  "batch_size": 76,
  "beta_1": 0.3626016388625628,
  "beta_2": 0.22045642975540905,
  "block_size": 360,
  "dropout": 0.434254383610305,
  "epsilon": 7.899573808926073e-06,
  "lr": 0.0004543733925231668,
  "n_embd": 22,
  "n_head": 3,
  "n_layer": 3,
  "seed": 1953498158,
  "weight_decay": 5.024203819019155e-05
}