{
  "batch_size": 36.85602733048823,
  "beta_1": 0.29932282258159637,
  "beta_2": 0.4406975451300488,
  "block_size": 290.9167686781016,
  "dropout": 0.1597192862058694,
  "epsilon": 0.0003238584101266643,
  "lr": 0.016031879099225068,
  "n_embd": 32.63327362054211,
  "n_head": 2.288187810311415,
  "n_layer": 1.0474006665060056,
  "seed": 2130259756.8251028,
  "weight_decay": 0.0034720360571861195
}