{
  "batch_size": 38,
  "beta_1": 0.29340256511070983,
  "beta_2": 0.3958690365570119,
  "block_size": 378,
  "dropout": 0.2051883479592839,
  "epsilon": 4.1012907131557953e-10,
  "lr": 0.0015886667901362135,
  "n_embd": 19,
  "n_head": 1,
  "n_layer": 5,
  "seed": 430859600,
  "weight_decay": 1.1728510400617622e-07
}