{
  "batch_size": 46,
  "beta_1": 0.7428044466208712,
  "beta_2": 0.9487867842329223,
  "block_size": 257,
  "dropout": 0.2830550226523164,
  "epsilon": 3.735116625806715e-05,
  "lr": 0.00039565041015105835,
  "n_embd": 6,
  "n_head": 5,
  "n_layer": 4,
  "seed": 587273941,
  "weight_decay": 0.0001846025354694412
}