{
  "batch_size": 66,
  "beta_1": 0.661087277591965,
  "beta_2": 0.4424822058627291,
  "block_size": 330,
  "dropout": 0.312035427293181,
  "epsilon": 9.323233248266554e-07,
  "lr": 0.000830845006346765,
  "n_embd": 34,
  "n_head": 4,
  "n_layer": 5,
  "seed": 2011632842,
  "weight_decay": 8.918646173953661e-06
}