{
  "batch_size": 75.90012858814582,
  "beta_1": 0.850939437797011,
  "beta_2": 0.3075815862374921,
  "block_size": 321.8555613190245,
  "dropout": 0.49953345141873806,
  "epsilon": 9.474762584133039e-05,
  "lr": 0.0012083454386112027,
  "n_embd": 16.634067131876208,
  "n_head": 4.003535442996608,
  "n_layer": 4.076990817334038,
  "seed": 1686865202.6252902,
  "weight_decay": 0.006433631349045605
}