{
  "batch_size": 30.704317153565192,
  "beta_1": 0.9311065134714842,
  "beta_2": 0.1928072250000794,
  "block_size": 77.35523109976022,
  "dropout": 0.47984276810076554,
  "epsilon": 0.0007592150226140632,
  "lr": 0.0804853309452911,
  "n_embd": 29.542005453311454,
  "n_head": 1.9578681429037856,
  "n_layer": 6.785785830703503,
  "seed": 218279515.1953344,
  "weight_decay": 0.009378151752759575
}