{
  "batch_size": 44,
  "beta_1": 0.5784019499366505,
  "beta_2": 0.542536116684198,
  "block_size": 238,
  "dropout": 0.10571052490690942,
  "epsilon": 7.294075116618165e-05,
  "lr": 7.370074717395358e-05,
  "n_embd": 43,
  "n_head": 6,
  "n_layer": 1,
  "seed": 729407214,
  "weight_decay": 2.290910277481177e-07
}