{
  "batch_size": 39,
  "beta_1": 0.9042838158725194,
  "beta_2": 0.6937685479239556,
  "block_size": 339,
  "dropout": 0.1651143371025385,
  "epsilon": 2.604438071e-07,
  "lr": 0.0001542689926442,
  "n_embd": 46,
  "n_head": 2,
  "n_layer": 1,
  "seed": 1617002805.4006913,
  "weight_decay": 0.0025234727279679
}