{
  "batch_size": 93.63811622045746,
  "beta_1": 0.5260714756552837,
  "beta_2": 0.5428116292146666,
  "block_size": 382.54838703079514,
  "dropout": 0.24585068306049151,
  "epsilon": 0.0009604761902957981,
  "lr": 0.05384234339193351,
  "n_embd": 48.63362004818367,
  "n_head": 2.165333671490986,
  "n_layer": 2.9417236558704634,
  "seed": 1032255320.9443909,
  "weight_decay": 0.0018625245297075052
}