{
  "batch_size": 30,
  "beta_1": 0.3208839499039198,
  "beta_2": 0.1698835030856867,
  "block_size": 355,
  "dropout": 0.1503375525795699,
  "epsilon": 0.0005034609358638,
  "lr": 0.0001101055940926,
  "n_embd": 30,
  "n_head": 4,
  "n_layer": 2,
  "seed": 1828781182.719269,
  "weight_decay": 3.28691077e-08
}