{
  "batch_size": 44,
  "beta_1": 0.4563404386502826,
  "beta_2": 0.6325688724627975,
  "block_size": 152,
  "dropout": 0.3009133804372571,
  "epsilon": 9.544915260249447e-08,
  "lr": 0.00016500193150681273,
  "n_embd": 34,
  "n_head": 5,
  "n_layer": 6,
  "seed": 999858172,
  "weight_decay": 3.8121305075865052e-06
}