{
  "batch_size": 43.37293342240623,
  "beta_1": 0.9285240813661197,
  "beta_2": 0.8885079070921141,
  "block_size": 363.73608214351265,
  "dropout": 0.20318730489422987,
  "epsilon": 0.0009388430559505367,
  "lr": 0.0919771754061153,
  "n_embd": 25.78570538825148,
  "n_head": 6.823431801589541,
  "n_layer": 3.947056338993735,
  "seed": 877813026.3900884,
  "weight_decay": 0.002778107525727206
}