{
  "batch_size": 65,
  "beta_1": 0.5271080674395686,
  "beta_2": 0.8271291897136558,
  "block_size": 328,
  "dropout": 0.4554540930733749,
  "epsilon": 9.97587111e-08,
  "lr": 0.0004833317326054,
  "n_embd": 36,
  "n_head": 4,
  "n_layer": 6,
  "seed": 925006423.175658,
  "weight_decay": 0.0001866170154608
}