{
  "batch_size": 16.632635177105012,
  "beta_1": 0.6976528467193754,
  "beta_2": 0.43585709662291794,
  "block_size": 317.7405952154354,
  "dropout": 0.11451216389114866,
  "epsilon": 0.0005255118709572947,
  "lr": 0.05791237115397499,
  "n_embd": 46.71727426180575,
  "n_head": 4.983064723976609,
  "n_layer": 6.116161292332463,
  "seed": 1574674729.9270966,
  "weight_decay": 0.0002698812639705527
}