{
  "batch_size": 75.02038380141408,
  "beta_1": 0.48476485910112965,
  "beta_2": 0.38078882957372895,
  "block_size": 199.90219903775304,
  "dropout": 0.4100058576992561,
  "epsilon": 0.0008846453996050329,
  "lr": 0.0626676750233953,
  "n_embd": 24.316968434995932,
  "n_head": 3.254834533544255,
  "n_layer": 1.538515611225046,
  "seed": 340179449.93041134,
  "weight_decay": 0.006320373077761201
}