{
  "batch_size": 79.85118618019709,
  "beta_1": 0.10622402241494971,
  "beta_2": 0.262995766445304,
  "block_size": 84.03971531378713,
  "dropout": 0.2923942116737729,
  "epsilon": 0.0009417427038033749,
  "lr": 0.04067051070280671,
  "n_embd": 8.87476807540646,
  "n_head": 3.683608028765406,
  "n_layer": 3.2245554369259883,
  "seed": 1812092334.8077047,
  "weight_decay": 0.00427782944592866
}