{
  "batch_size": 62.58329233257831,
  "beta_1": 0.5763511205262473,
  "beta_2": 0.7335806118448609,
  "block_size": 84.29514688276123,
  "dropout": 0.29556548201265775,
  "epsilon": 5.724770950669164e-05,
  "lr": 0.08712653258420437,
  "n_embd": 9.08052383888331,
  "n_head": 2.645538954430871,
  "n_layer": 2.3806071430142044,
  "seed": 459161889.58368504,
  "weight_decay": 4.9843903777789536e-05
}