{
  "batch_size": 91.71794904136338,
  "beta_1": 0.8772863160689408,
  "beta_2": 0.40344425190024,
  "block_size": 118.93411649287168,
  "dropout": 0.33941369326588755,
  "epsilon": 0.0009622638853871783,
  "lr": 0.05527706552248514,
  "n_embd": 2.0256182026683547,
  "n_head": 2.312467840316052,
  "n_layer": 1.6932688593772487,
  "seed": 1996168415.1249666,
  "weight_decay": 0.007272205945027882
}