{
  "batch_size": 53,
  "beta_1": 0.8017580738150506,
  "beta_2": 0.6471100086606847,
  "block_size": 278,
  "dropout": 0.4674163202361535,
  "epsilon": 9.1659402e-08,
  "lr": 0.0114493933784963,
  "n_embd": 12,
  "n_head": 5,
  "n_layer": 3,
  "seed": 208948693.61908844,
  "weight_decay": 0.0011633745642924
}