{
  "batch_size": 70.77884206583474,
  "beta_1": 0.7230992132877537,
  "beta_2": 0.7609982848230505,
  "block_size": 216.61309982117348,
  "dropout": 0.41055789123320496,
  "epsilon": 0.0006919291964224726,
  "lr": 0.001492942111256743,
  "n_embd": 35.405445058617865,
  "n_head": 5.766017654271267,
  "n_layer": 6.9420171475437265,
  "seed": 879625262.528579,
  "weight_decay": 0.003289153117168297
}