{
  "batch_size": 26.957160150053603,
  "beta_1": 0.623639386719416,
  "beta_2": 0.19407277651456686,
  "block_size": 314.88658484106145,
  "dropout": 0.40062846193802615,
  "epsilon": 0.0007339873778048372,
  "lr": 0.020782688137633402,
  "n_embd": 33.898128493160776,
  "n_head": 1.9544477895380257,
  "n_layer": 4.774779780005267,
  "seed": 443918537.6774157,
  "weight_decay": 0.005817755960109451
}