{
  "batch_size": 87.44233893471146,
  "beta_1": 0.3296047427416089,
  "beta_2": 0.20944122728080544,
  "block_size": 200.74355434821936,
  "dropout": 0.4612526108846763,
  "epsilon": 0.00029299945947059065,
  "lr": 0.04027907847951405,
  "n_embd": 32.73044925009587,
  "n_head": 2.2869061573417846,
  "n_layer": 6.233524396371703,
  "seed": 1856290386.7412913,
  "weight_decay": 0.0057246329670115875
}