{
  "batch_size": 53,
  "beta_1": 0.7723283151464394,
  "beta_2": 0.1688284361073878,
  "block_size": 148,
  "dropout": 0.4443064774233306,
  "epsilon": 1.6537986436575127e-10,
  "lr": 1.0029565511052994e-05,
  "n_embd": 1,
  "n_head": 3,
  "n_layer": 5,
  "seed": 1698833118,
  "weight_decay": 6.25845379258343e-05
}