{
  "batch_size": 90.19558696348382,
  "beta_1": 0.924561154111855,
  "beta_2": 0.7388342685474198,
  "block_size": 179.87902579869,
  "dropout": 0.34231672805275537,
  "epsilon": 0.00016846181081444086,
  "lr": 0.0019669597442116622,
  "n_embd": 3.9709317279594987,
  "n_head": 6.435289699801357,
  "n_layer": 5.537487994411497,
  "seed": 890258618.8067983,
  "weight_decay": 0.0011354615377004746
}