{
  "batch_size": 85,
  "beta_1": 0.5568301068399052,
  "beta_2": 0.4778881733699286,
  "block_size": 238,
  "dropout": 0.2368004645434844,
  "epsilon": 1.51173758266e-05,
  "lr": 0.0012707739113874,
  "n_embd": 40,
  "n_head": 1,
  "n_layer": 1,
  "seed": 1642275808.6810899,
  "weight_decay": 6.07057501e-08
}