{
  "batch_size": 95,
  "beta_1": 0.3392400718797126,
  "beta_2": 0.8176206636360221,
  "block_size": 368,
  "dropout": 0.2784259965865688,
  "epsilon": 5.4022243e-09,
  "lr": 5.8056500147e-06,
  "n_embd": 30,
  "n_head": 3,
  "n_layer": 5,
  "seed": 171988625.72556323,
  "weight_decay": 0.0001340766570791
}