{
  "batch_size": 37.86901237432586,
  "beta_1": 0.8400296486559324,
  "beta_2": 0.2756615549071946,
  "block_size": 279.3731966258034,
  "dropout": 0.40483725426037553,
  "epsilon": 0.000455891094537103,
  "lr": 0.015187954197011274,
  "n_embd": 2.8086171405800395,
  "n_head": 5.468670952748702,
  "n_layer": 3.3409106439299756,
  "seed": 2002529719.5210264,
  "weight_decay": 0.009050189492396991
}