{
  "batch_size": 75,
  "beta_1": 0.8957240863519985,
  "beta_2": 0.6622373651705634,
  "block_size": 84,
  "dropout": 0.29040873489661556,
  "epsilon": 2.6383203295244065e-07,
  "lr": 0.012598077603599675,
  "n_embd": 46,
  "n_head": 2,
  "n_layer": 5,
  "seed": 1599271392,
  "weight_decay": 8.663645363294504e-06
}