{
  "batch_size": 64,
  "beta_1": 0.17802116293221215,
  "beta_2": 0.8732926400540785,
  "block_size": 160,
  "dropout": 0.12311367087783519,
  "epsilon": 3.07330116844082e-05,
  "lr": 0.00018901370933757972,
  "n_embd": 17,
  "n_head": 1,
  "n_layer": 2,
  "seed": 1257251892,
  "weight_decay": 1.7331347802492894e-06
}