{
  "batch_size": 60.63779978575312,
  "beta_1": 0.238832728627678,
  "beta_2": 0.6385892941016891,
  "block_size": 336.30605411267675,
  "dropout": 0.2118022105278394,
  "epsilon": 0.0008722544904549538,
  "lr": 0.005596936719447358,
  "n_embd": 5.8848314959468,
  "n_head": 2.404601012815191,
  "n_layer": 1.0403546858745403,
  "seed": 751338053.6720362,
  "weight_decay": 0.0009565828942971056
}