{
  "batch_size": 62,
  "beta_1": 0.9608682909625151,
  "beta_2": 0.6307722938132957,
  "block_size": 159,
  "dropout": 0.203379488408479,
  "epsilon": 8.268682864462035e-08,
  "lr": 9.948884830968901e-05,
  "n_embd": 36,
  "n_head": 5,
  "n_layer": 1,
  "seed": 164257513,
  "weight_decay": 1.0390650156519668e-08
}