{
  "batch_size": 66.51708896109486,
  "beta_1": 0.6617091974477336,
  "beta_2": 0.46808199482642643,
  "block_size": 187.44713429984012,
  "dropout": 0.3008846903261369,
  "epsilon": 0.0006164481956847235,
  "lr": 0.09347627096381747,
  "n_embd": 53.89592159318529,
  "n_head": 2.6089113695679176,
  "n_layer": 4.645759482693547,
  "seed": 1186362598.901191,
  "weight_decay": 0.0009670015532018163
}