{
  "batch_size": 68.81590852559319,
  "beta_1": 0.3513172773857033,
  "beta_2": 0.5412290302443318,
  "block_size": 299.1672695868894,
  "dropout": 0.3515817140356585,
  "epsilon": 0.0008309560257868012,
  "lr": 0.08140176417712412,
  "n_embd": 49.08834231905806,
  "n_head": 5.969556960164256,
  "n_layer": 4.728401126681412,
  "seed": 1984090792.546368,
  "weight_decay": 0.00553871644176198
}