{
  "batch_size": 63,
  "beta_1": 0.5037260785590545,
  "beta_2": 0.1237240232366639,
  "block_size": 89,
  "dropout": 0.1731588525855824,
  "epsilon": 3.9454476e-09,
  "lr": 0.0015934545730588,
  "n_embd": 17,
  "n_head": 6,
  "n_layer": 5,
  "seed": 2081570971.5089202,
  "weight_decay": 2.17259727e-08
}