{
  "batch_size": 30,
  "beta_1": 0.5783494469357874,
  "beta_2": 0.3325586298275678,
  "block_size": 220,
  "dropout": 0.13620161261719735,
  "epsilon": 1.6969994836794195e-08,
  "lr": 9.917161392854734e-05,
  "n_embd": 5,
  "n_head": 2,
  "n_layer": 4,
  "seed": 33996553,
  "weight_decay": 6.451450770952695e-07
}