{
  "batch_size": 20.582159648067798,
  "beta_1": 0.44642534235670517,
  "beta_2": 0.20321515486150293,
  "block_size": 252.45758318623308,
  "dropout": 0.4568355580621549,
  "epsilon": 0.0009486564399495892,
  "lr": 0.005674575442539533,
  "n_embd": 0.11200798865812851,
  "n_head": 1.1290069619268945,
  "n_layer": 2.641302248197883,
  "seed": 312284923.76224434,
  "weight_decay": 0.004191980112759273
}