{
  "batch_size": 96.79622255772664,
  "beta_1": 0.7621619447523245,
  "beta_2": 0.10955525298352446,
  "block_size": 68.65203137662023,
  "dropout": 0.1334304470786327,
  "epsilon": 0.00019925279872491525,
  "lr": 0.029700601288621592,
  "n_embd": 8.737112944755458,
  "n_head": 5.379983530196783,
  "n_layer": 4.832405979785738,
  "seed": 1203763968.2374063,
  "weight_decay": 0.003326571081454728
}