{
  "batch_size": 66.27906324539451,
  "beta_1": 0.9876983954535486,
  "beta_2": 0.23356648604590727,
  "block_size": 217.27573742016372,
  "dropout": 0.3533690828103895,
  "epsilon": 0.0005597954280832373,
  "lr": 0.05311631864782811,
  "n_embd": 43.12055903215043,
  "n_head": 3.043866494662441,
  "n_layer": 1.3132006163466512,
  "seed": 603244790.8095442,
  "weight_decay": 0.0018944050612079788
}