{
  "batch_size": 76.65245328553995,
  "beta_1": 0.5105025382457853,
  "beta_2": 0.9562361732029289,
  "block_size": 355.31404107844446,
  "dropout": 0.3833056231561085,
  "epsilon": 0.0008423543417380042,
  "lr": 0.02168770778986623,
  "n_embd": 9.863864025334284,
  "n_head": 2.2647690065729016,
  "n_layer": 6.709248010538819,
  "seed": 1429662761.7119007,
  "weight_decay": 0.003410909764353517
}