{
  "batch_size": 50,
  "beta_1": 0.707666216270923,
  "beta_2": 0.7160913557858252,
  "block_size": 180,
  "dropout": 0.4970349489602419,
  "epsilon": 0.0004546832503518,
  "lr": 1.2327138797e-06,
  "n_embd": 17,
  "n_head": 6,
  "n_layer": 2,
  "seed": 414071193.29893476,
  "weight_decay": 0.0032508504516717
}