{
  "batch_size": 45,
  "beta_1": 0.49295303837020543,
  "beta_2": 0.4620683104137637,
  "block_size": 127,
  "dropout": 0.1730656594604513,
  "epsilon": 1.0156696365060157e-09,
  "lr": 0.002437970684746589,
  "n_embd": 9,
  "n_head": 2,
  "n_layer": 2,
  "seed": 217289573,
  "weight_decay": 0.0001520735837479384
}