{
  "batch_size": 48,
  "beta_1": 0.2544835400616208,
  "beta_2": 0.4613954126475422,
  "block_size": 256,
  "dropout": 0.193490960886477,
  "epsilon": 4.535536e-10,
  "lr": 0.0002115549857517,
  "n_embd": 17,
  "n_head": 5,
  "n_layer": 1,
  "seed": 302797211.8041572,
  "weight_decay": 2.92815632e-08
}