{
  "batch_size": 89.68117834389683,
  "beta_1": 0.3433964018081028,
  "beta_2": 0.9284196008484297,
  "block_size": 372.35641339174174,
  "dropout": 0.13645403182710242,
  "epsilon": 0.0004461839531363743,
  "lr": 0.06541161262506395,
  "n_embd": 53.96576136707579,
  "n_head": 4.036041103063256,
  "n_layer": 6.0268369286156815,
  "seed": 1004822065.2048879,
  "weight_decay": 0.005541135249793099
}