{
  "batch_size": 65.45213914172544,
  "beta_1": 0.9543898220782282,
  "beta_2": 0.9105308310727108,
  "block_size": 107.0368935956408,
  "dropout": 0.22911417473229465,
  "epsilon": 0.0009394383163206476,
  "lr": 0.0405744709010271,
  "n_embd": 1.0752454875637263,
  "n_head": 2.365581102160524,
  "n_layer": 5.089797459909482,
  "seed": 1758471730.1215193,
  "weight_decay": 0.0015822987745966837
}