{
  "batch_size": 28,
  "beta_1": 0.9319838042122848,
  "beta_2": 0.8309023293628538,
  "block_size": 82,
  "dropout": 0.2630658274548652,
  "epsilon": 1.316107e-10,
  "lr": 0.0013181933701966,
  "n_embd": 47,
  "n_head": 4,
  "n_layer": 1,
  "seed": 803909416.0960459,
  "weight_decay": 2.5286282994e-06
}