{
  "batch_size": 34,
  "beta_1": 0.3500059585876265,
  "beta_2": 0.3464824688690248,
  "block_size": 339,
  "dropout": 0.20188963658323,
  "epsilon": 1.826332e-10,
  "lr": 0.0083518387607522,
  "n_embd": 25,
  "n_head": 4,
  "n_layer": 6,
  "seed": 1574720660.3291159,
  "weight_decay": 2.59553474771e-05
}