{
  "batch_size": 85.4192795769935,
  "beta_1": 0.19252592797496348,
  "beta_2": 0.9041244946197194,
  "block_size": 173.21980020972256,
  "dropout": 0.45137384506054967,
  "epsilon": 0.000700909273291399,
  "lr": 0.09656055719798227,
  "n_embd": 7.689958356011146,
  "n_head": 2.1157994941645275,
  "n_layer": 2.102186561528821,
  "seed": 1608917328.4184291,
  "weight_decay": 1.414721774647442e-05
}