{
  "batch_size": 56,
  "beta_1": 0.6232120110470568,
  "beta_2": 0.5860552640337644,
  "block_size": 292,
  "dropout": 0.36170166472430354,
  "epsilon": 1.2046444834147414e-06,
  "lr": 0.05125898333739172,
  "n_embd": 8,
  "n_head": 3,
  "n_layer": 4,
  "seed": 1086418454,
  "weight_decay": 0.005542213007388918
}