{
  "batch_size": 88.8912023729482,
  "beta_1": 0.809595085258826,
  "beta_2": 0.22139738101334114,
  "block_size": 76.0165768318699,
  "dropout": 0.3450427981096794,
  "epsilon": 0.0002014978153404885,
  "lr": 0.03140963496675839,
  "n_embd": 43.416158590383766,
  "n_head": 5.921798292013562,
  "n_layer": 1.5910551263143504,
  "seed": 1374788068.9924233,
  "weight_decay": 0.0024096441053737257
}