{
  "batch_size": 43,
  "beta_1": 0.4589868457732753,
  "beta_2": 0.30408700181960635,
  "block_size": 152,
  "dropout": 0.05015223007287618,
  "epsilon": 9.987369506930312e-07,
  "lr": 0.00024750289726021906,
  "n_embd": 34,
  "n_head": 5,
  "n_layer": 6,
  "seed": 999858172,
  "weight_decay": 2.7245472373431834e-05
}