{
  "batch_size": 28,
  "beta_1": 0.6781888167849301,
  "beta_2": 0.6335826667499113,
  "block_size": 89,
  "dropout": 0.1619515112341029,
  "epsilon": 1.93452436e-08,
  "lr": 2.72966387616e-05,
  "n_embd": 47,
  "n_head": 5,
  "n_layer": 5,
  "seed": 354303390.00877166,
  "weight_decay": 5.06244808e-08
}