{
  "batch_size": 24,
  "beta_1": 0.744745337208565,
  "beta_2": 0.3519127303145605,
  "block_size": 343,
  "dropout": 0.4738223086918592,
  "epsilon": 5.5769762e-09,
  "lr": 2.2686315461e-06,
  "n_embd": 14,
  "n_head": 3,
  "n_layer": 2,
  "seed": 1928962581.1132412,
  "weight_decay": 4.56983305e-08
}