{
  "batch_size": 80.45536232317205,
  "beta_1": 0.5026501534638645,
  "beta_2": 0.9787589980637665,
  "block_size": 217.87966577760992,
  "dropout": 0.10103829432014694,
  "epsilon": 0.00019794663563850012,
  "lr": 0.05446606141008659,
  "n_embd": 29.3009070095201,
  "n_head": 4.378677056535477,
  "n_layer": 4.392308865405619,
  "seed": 1316367112.095152,
  "weight_decay": 0.003603204552404335
}