{
  "batch_size": 74,
  "beta_1": 0.8275134046590553,
  "beta_2": 0.13077302565220328,
  "block_size": 330,
  "dropout": 0.22002184504448188,
  "epsilon": 4.99762304626337e-06,
  "lr": 0.0036937679632821374,
  "n_embd": 12,
  "n_head": 5,
  "n_layer": 1,
  "seed": 1452772234,
  "weight_decay": 1.0960017927722101e-07
}