{
  "batch_size": 53,
  "beta_1": 0.8960595785544789,
  "beta_2": 0.8441673937754217,
  "block_size": 308,
  "dropout": 0.2191238797566955,
  "epsilon": 2.709723e-09,
  "lr": 0.0005487679846801,
  "n_embd": 11,
  "n_head": 1,
  "n_layer": 2,
  "seed": 1755516181.7165177,
  "weight_decay": 3.2015765222e-05
}