{
  "batch_size": 67,
  "beta_1": 0.2753960790150739,
  "beta_2": 0.9888651163209582,
  "block_size": 239,
  "dropout": 0.2104264250787829,
  "epsilon": 5.795956e-10,
  "lr": 0.0026679746110664,
  "n_embd": 1,
  "n_head": 6,
  "n_layer": 3,
  "seed": 1320510167.6039712,
  "weight_decay": 0.002977681636451
}