{
  "batch_size": 72,
  "beta_1": 0.8488412485590576,
  "beta_2": 0.5205322577428418,
  "block_size": 216,
  "dropout": 0.2889625357107584,
  "epsilon": 6.44453367705e-05,
  "lr": 0.0350071155805456,
  "n_embd": 39,
  "n_head": 1,
  "n_layer": 1,
  "seed": 2124474384.8069513,
  "weight_decay": 0.0007853616856263
}