{
  "batch_size": 81,
  "beta_1": 0.9858381467085026,
  "beta_2": 0.2512581694520247,
  "block_size": 120,
  "dropout": 0.3404002140437645,
  "epsilon": 5.7259947243718164e-08,
  "lr": 0.0002484232223487488,
  "n_embd": 19,
  "n_head": 1,
  "n_layer": 6,
  "seed": 1432019151,
  "weight_decay": 1.3126910826548394e-05
}