{
  "batch_size": 23,
  "beta_1": 0.9820661222779202,
  "beta_2": 0.4490057399052083,
  "block_size": 281,
  "dropout": 0.2326278548385565,
  "epsilon": 8.410290483885676e-06,
  "lr": 2.0201249564646857e-05,
  "n_embd": 6,
  "n_head": 1,
  "n_layer": 2,
  "seed": 53023704,
  "weight_decay": 0.0045240986198153595
}