{
  "batch_size": 43,
  "beta_1": 0.629897091256893,
  "beta_2": 0.3853856081473484,
  "block_size": 317,
  "dropout": 0.2079948852876003,
  "epsilon": 1.913346494e-07,
  "lr": 1.1492576492e-05,
  "n_embd": 44,
  "n_head": 1,
  "n_layer": 4,
  "seed": 1894453437.1413727,
  "weight_decay": 3.52828802e-08
}