{
  "batch_size": 82,
  "beta_1": 0.9382153781159174,
  "beta_2": 0.3425216485640857,
  "block_size": 202,
  "dropout": 0.2414686235415407,
  "epsilon": 4.604546729e-07,
  "lr": 0.001180669460907,
  "n_embd": 13,
  "n_head": 3,
  "n_layer": 4,
  "seed": 1021580257.6923882,
  "weight_decay": 2.586772819e-07
}