{
  "batch_size": 44,
  "beta_1": 0.425971698096708,
  "beta_2": 0.8978783931858495,
  "block_size": 238,
  "dropout": 0.14625393687455737,
  "epsilon": 2.431358372206055e-05,
  "lr": 7.370074717395358e-05,
  "n_embd": 43,
  "n_head": 6,
  "n_layer": 1,
  "seed": 729407214,
  "weight_decay": 1.5022268677463374e-07
}