{
  "batch_size": 93,
  "beta_1": 0.1578971181077237,
  "beta_2": 0.5690142398436983,
  "block_size": 330,
  "dropout": 0.401728477623056,
  "epsilon": 2.253599426e-07,
  "lr": 0.0001067340908617,
  "n_embd": 43,
  "n_head": 5,
  "n_layer": 5,
  "seed": 926766581.5281663,
  "weight_decay": 3.826920528e-07
}