{
  "batch_size": 71,
  "beta_1": 0.890087729721891,
  "beta_2": 0.4431402678799388,
  "block_size": 136,
  "dropout": 0.3755815427380048,
  "epsilon": 0.0006499153968331,
  "lr": 0.0084630142682908,
  "n_embd": 10,
  "n_head": 1,
  "n_layer": 3,
  "seed": 7923683.243420167,
  "weight_decay": 0.0003324302760603
}