{
  "batch_size": 43.52951549778035,
  "beta_1": 0.23185320399583606,
  "beta_2": 0.4792011329957141,
  "block_size": 264.8237383650496,
  "dropout": 0.13181807311465585,
  "epsilon": 0.0002759383563975399,
  "lr": 0.02455931695874697,
  "n_embd": 27.955022036522255,
  "n_head": 6.817772051447325,
  "n_layer": 4.181324596320896,
  "seed": 76580837.49016644,
  "weight_decay": 0.0044509835630640645
}