{
  "batch_size": 87.23802090422402,
  "beta_1": 0.6826776067956482,
  "beta_2": 0.3810174870093488,
  "block_size": 295.1469016528291,
  "dropout": 0.2659127066594944,
  "epsilon": 0.0006071810504163144,
  "lr": 0.04427063969106899,
  "n_embd": 40.284223816041184,
  "n_head": 1.3219189933627609,
  "n_layer": 5.674601413883418,
  "seed": 833556214.708762,
  "weight_decay": 0.008540305449808532
}