{
  "batch_size": 65.40658405011703,
  "beta_1": 0.1790359129518396,
  "beta_2": 0.39122753242791464,
  "block_size": 322.0362171854929,
  "dropout": 0.26214752105248784,
  "epsilon": 0.0007626318799921755,
  "lr": 0.027053190161100058,
  "n_embd": 13.988199534185618,
  "n_head": 1.5290183233533077,
  "n_layer": 3.0160522445180113,
  "seed": 1963699326.9781153,
  "weight_decay": 0.00471614570823471
}