{
  "batch_size": 79.35317702476476,
  "beta_1": 0.32954453248335847,
  "beta_2": 0.4081579847732715,
  "block_size": 310.0172206472878,
  "dropout": 0.10668870039763077,
  "epsilon": 0.0009274186741010068,
  "lr": 0.07943443143440632,
  "n_embd": 45.1801552101477,
  "n_head": 2.4485494917707555,
  "n_layer": 1.493414954393737,
  "seed": 1907000546.9191566,
  "weight_decay": 0.0033088625353658425
}