{
  "batch_size": 58,
  "beta_1": 0.2539164075113457,
  "beta_2": 0.7159697210337255,
  "block_size": 317,
  "dropout": 0.2871272558690249,
  "epsilon": 0.0004251865077268,
  "lr": 0.0018008764109022,
  "n_embd": 49,
  "n_head": 5,
  "n_layer": 2,
  "seed": 630226525.2292328,
  "weight_decay": 6.32197959e-08
}