{
  "batch_size": 71.55984901469148,
  "beta_1": 0.21852610775624087,
  "beta_2": 0.8193123405953064,
  "block_size": 81.40583721036505,
  "dropout": 0.2279760649170609,
  "epsilon": 0.0003715716583571263,
  "lr": 0.059483828554924144,
  "n_embd": 42.252558727416705,
  "n_head": 1.800836323325367,
  "n_layer": 4.075575059844376,
  "seed": 68449546.6214844,
  "weight_decay": 0.0051825536479141844
}