{
  "batch_size": 35.35242095671602,
  "beta_1": 0.7577113572199897,
  "beta_2": 0.4448157160779337,
  "block_size": 110.63195775171053,
  "dropout": 0.35331882168428475,
  "epsilon": 0.0004007925473514625,
  "lr": 0.008245799813292251,
  "n_embd": 51.564975802579816,
  "n_head": 3.0542218856635057,
  "n_layer": 6.711506671820994,
  "seed": 2124621768.954528,
  "weight_decay": 0.008383466599738055
}