{
  "batch_size": 57.13180592373876,
  "beta_1": 0.43436109938432343,
  "beta_2": 0.7558087364895886,
  "block_size": 251.92829496472518,
  "dropout": 0.1195039791363835,
  "epsilon": 3.7989248025023165e-06,
  "lr": 0.03935718506751693,
  "n_embd": 37.44417481852655,
  "n_head": 1.4123855343447853,
  "n_layer": 5.757000693025982,
  "seed": 1318175004.4240396,
  "weight_decay": 6.912049896639739e-05
}