{
  "batch_size": 41,
  "beta_1": 0.7739137706015125,
  "beta_2": 0.863663482801851,
  "block_size": 297,
  "dropout": 0.4348203652338506,
  "epsilon": 6.26203996e-08,
  "lr": 0.0011884103049877,
  "n_embd": 39,
  "n_head": 6,
  "n_layer": 4,
  "seed": 48094722.32141936,
  "weight_decay": 0.0002765689346584
}