{
  "batch_size": 95.11160149817356,
  "beta_1": 0.6235391970470404,
  "beta_2": 0.721391334532589,
  "block_size": 288.40800343575086,
  "dropout": 0.24725105555332272,
  "epsilon": 0.0005624811394850112,
  "lr": 0.07684675732571901,
  "n_embd": 9.102430018146475,
  "n_head": 3.764379913721407,
  "n_layer": 1.355885940797574,
  "seed": 1146282641.9455812,
  "weight_decay": 0.006230360594404819
}