{
  "batch_size": 86,
  "beta_1": 0.7793377265461483,
  "beta_2": 0.7541838543357064,
  "block_size": 307,
  "dropout": 0.35887419178451774,
  "epsilon": 5.457922244899049e-08,
  "lr": 0.0003215993991167215,
  "n_embd": 34,
  "n_head": 6,
  "n_layer": 6,
  "seed": 1837652676,
  "weight_decay": 0.0009435426028443496
}