{
  "batch_size": 76,
  "beta_1": 0.11172914547786833,
  "beta_2": 0.7440092129975008,
  "block_size": 375,
  "dropout": 0.39434968094907463,
  "epsilon": 2.118352199650826e-05,
  "lr": 0.0010746477253040293,
  "n_embd": 3,
  "n_head": 2,
  "n_layer": 3,
  "seed": 1466627149,
  "weight_decay": 0.005330725676121048
}