{
  "batch_size": 25.311631487640227,
  "beta_1": 0.22395534994739819,
  "beta_2": 0.2820166795282579,
  "block_size": 155.57356563280456,
  "dropout": 0.4912256859554135,
  "epsilon": 7.158120204657227e-05,
  "lr": 0.027732381539696642,
  "n_embd": 17.237666253391442,
  "n_head": 1.8557133943140451,
  "n_layer": 5.636171724721621,
  "seed": 1588664478.00715,
  "weight_decay": 0.0058672787487978224
}