{
  "batch_size": 73,
  "beta_1": 0.5727574078181343,
  "beta_2": 0.10081392759204492,
  "block_size": 65,
  "dropout": 0.2700166770261093,
  "epsilon": 1.8232107590521786e-05,
  "lr": 0.006781326378868193,
  "n_embd": 14,
  "n_head": 2,
  "n_layer": 1,
  "seed": 446273933,
  "weight_decay": 2.0788575032987353e-08
}