{
  "batch_size": 67,
  "beta_1": 0.5764854275858342,
  "beta_2": 0.4332022615297795,
  "block_size": 211,
  "dropout": 0.43986605202134677,
  "epsilon": 1.3894229317796968e-09,
  "lr": 0.03896458459643396,
  "n_embd": 41,
  "n_head": 4,
  "n_layer": 2,
  "seed": 26522904,
  "weight_decay": 0.0013274854275076773
}