{
  "batch_size": 92,
  "beta_1": 0.2603636703356156,
  "beta_2": 0.4962795484117035,
  "block_size": 107,
  "dropout": 0.2534198047700683,
  "epsilon": 8.0502539e-09,
  "lr": 0.0205414630198032,
  "n_embd": 17,
  "n_head": 2,
  "n_layer": 3,
  "seed": 1124316695.9082124,
  "weight_decay": 0.0052792851732588
}