{
  "batch_size": 38.957685925019746,
  "beta_1": 0.6805313375721743,
  "beta_2": 0.9301893215588939,
  "block_size": 255.5972284251851,
  "dropout": 0.34994716685861915,
  "epsilon": 0.000979345238072161,
  "lr": 0.0017532044837616585,
  "n_embd": 7.0965006762869365,
  "n_head": 2.7651217269896984,
  "n_layer": 6.0236345170917245,
  "seed": 1292897872.341537,
  "weight_decay": 0.008435981806977836
}