{
  "batch_size": 94,
  "beta_1": 0.22846764799084673,
  "beta_2": 0.34735006355167153,
  "block_size": 365,
  "dropout": 0.10592849244760796,
  "epsilon": 4.409813173978912e-10,
  "lr": 0.001041580931274608,
  "n_embd": 25,
  "n_head": 2,
  "n_layer": 4,
  "seed": 1288644307,
  "weight_decay": 0.00012015231186334327
}