{
  "batch_size": 87.35797978374596,
  "beta_1": 0.5925987461293739,
  "beta_2": 0.8063388752926605,
  "block_size": 101.29598229878583,
  "dropout": 0.49895469814097315,
  "epsilon": 0.0009048344368490703,
  "lr": 0.08257057210224444,
  "n_embd": 53.95819324713827,
  "n_head": 3.4219537709591346,
  "n_layer": 4.896158706753855,
  "seed": 2092176060.4294827,
  "weight_decay": 0.006755768568608326
}