{
  "batch_size": 26,
  "beta_1": 0.5864346588798613,
  "beta_2": 0.6415806039775982,
  "block_size": 166,
  "dropout": 0.49099928410527105,
  "epsilon": 5.3918710629420856e-05,
  "lr": 0.07257757607685462,
  "n_embd": 47,
  "n_head": 1,
  "n_layer": 2,
  "seed": 772942758,
  "weight_decay": 2.1921675226626886e-08
}