{
  "batch_size": 84.15302603634636,
  "beta_1": 0.10013810307144465,
  "beta_2": 0.5811491430652723,
  "block_size": 169.98713791406095,
  "dropout": 0.49278072241389403,
  "epsilon": 0.0003894346346722096,
  "lr": 0.08545139644908757,
  "n_embd": 52.384274132392775,
  "n_head": 6.107818048394211,
  "n_layer": 3.8183743272856345,
  "seed": 371548370.1384829,
  "weight_decay": 5.286327101681954e-05
}