{
  "batch_size": 72.4163172469604,
  "beta_1": 0.8566125758484763,
  "beta_2": 0.23181394337383215,
  "block_size": 286.4891090377146,
  "dropout": 0.44529899273665197,
  "epsilon": 0.0008738972121345403,
  "lr": 0.08507222718785508,
  "n_embd": 48.69295026942781,
  "n_head": 5.93421300090538,
  "n_layer": 4.587428534152135,
  "seed": 832861122.7853942,
  "weight_decay": 0.003275491261774877
}