{
  "batch_size": 69,
  "beta_1": 0.36107762811250665,
  "beta_2": 0.8170917443367637,
  "block_size": 216,
  "dropout": 0.4578948459415999,
  "epsilon": 1.3264932812319982e-10,
  "lr": 0.09016713862304286,
  "n_embd": 17,
  "n_head": 1,
  "n_layer": 6,
  "seed": 645453688,
  "weight_decay": 0.001720883120480416
}