{
  "batch_size": 16.537693562078477,
  "beta_1": 0.15137424910794708,
  "beta_2": 0.6406355155759191,
  "block_size": 212.84985073588427,
  "dropout": 0.1346090660806513,
  "epsilon": 0.000632550643825916,
  "lr": 0.03662111829314237,
  "n_embd": 32.66699036800359,
  "n_head": 6.93376689329243,
  "n_layer": 1.5686834981703073,
  "seed": 632115867.868085,
  "weight_decay": 0.00765885958946852
}