{
  "batch_size": 27,
  "beta_1": 0.7842793134795362,
  "beta_2": 0.7440169948251752,
  "block_size": 168,
  "dropout": 0.2957655474866365,
  "epsilon": 2.078109587116084e-07,
  "lr": 0.006140014149528483,
  "n_embd": 36,
  "n_head": 1,
  "n_layer": 4,
  "seed": 105647444,
  "weight_decay": 5.490274335443515e-05
}