{
  "batch_size": 83,
  "beta_1": 0.806672910339078,
  "beta_2": 0.9072431989654726,
  "block_size": 118,
  "dropout": 0.4742216170711341,
  "epsilon": 0.00012154756920448271,
  "lr": 0.002190137336250128,
  "n_embd": 16,
  "n_head": 4,
  "n_layer": 2,
  "seed": 1065450733,
  "weight_decay": 0.0004107664265679726
}