{
  "batch_size": 71.80863144403588,
  "beta_1": 0.5192125693475901,
  "beta_2": 0.6050161567859725,
  "block_size": 267.3923862466587,
  "dropout": 0.3255584640528666,
  "epsilon": 0.0003096139322736228,
  "lr": 0.08049612524544132,
  "n_embd": 44.20839750301352,
  "n_head": 4.288250103631158,
  "n_layer": 5.892108499826576,
  "seed": 1407171800.6723952,
  "weight_decay": 0.0010007910902338694
}