{
  "batch_size": 57.332953051350636,
  "beta_1": 0.45942062131437145,
  "beta_2": 0.666139803629982,
  "block_size": 338.6760453750055,
  "dropout": 0.43931648256466094,
  "epsilon": 0.0003045286336434658,
  "lr": 0.080573495887889,
  "n_embd": 44.96743244718289,
  "n_head": 1.0126622361867401,
  "n_layer": 6.978641335628005,
  "seed": 225426340.15253785,
  "weight_decay": 0.009435952164739716
}