{
  "batch_size": 87.0991408541484,
  "beta_1": 0.6381654595379795,
  "beta_2": 0.28590730212225723,
  "block_size": 282.8963185938927,
  "dropout": 0.3947100525923404,
  "epsilon": 6.283442612079361e-05,
  "lr": 0.09222450172984055,
  "n_embd": 50.536235658025966,
  "n_head": 5.212924808568181,
  "n_layer": 2.4396653216746236,
  "seed": 531816420.360873,
  "weight_decay": 0.0028367748601169133
}