{
  "batch_size": 48,
  "beta_1": 0.8378091852793011,
  "beta_2": 0.27565929670064304,
  "block_size": 297,
  "dropout": 0.0814086877567049,
  "epsilon": 2.985127513649888e-06,
  "lr": 7.63713867525846e-05,
  "n_embd": 14,
  "n_head": 6,
  "n_layer": 4,
  "seed": 2025373087,
  "weight_decay": 1.6116204011846444e-05
}