{
  "batch_size": 49,
  "beta_1": 0.6726854926513087,
  "beta_2": 0.8777345536816717,
  "block_size": 312,
  "dropout": 0.4572717237392403,
  "epsilon": 2.0466507781e-06,
  "lr": 0.0017990387064899,
  "n_embd": 46,
  "n_head": 4,
  "n_layer": 2,
  "seed": 1781230713.4296155,
  "weight_decay": 2.76247049815e-05
}