{
  "batch_size": 82,
  "beta_1": 0.6864573181722807,
  "beta_2": 0.27161396235012125,
  "block_size": 283,
  "dropout": 0.18416542229194502,
  "epsilon": 0.00012516944247474896,
  "lr": 0.0007866075238277248,
  "n_embd": 21,
  "n_head": 3,
  "n_layer": 6,
  "seed": 403831920,
  "weight_decay": 1.6778504310158884e-05
}