{
  "batch_size": 35.35302335200447,
  "beta_1": 0.9871484657653254,
  "beta_2": 0.9305949670041977,
  "block_size": 367.9377308865516,
  "dropout": 0.10909576197060807,
  "epsilon": 0.0005103873935670157,
  "lr": 0.06385930862941877,
  "n_embd": 48.86588814554151,
  "n_head": 3.5440879058207284,
  "n_layer": 6.246837233526937,
  "seed": 1969663441.6660404,
  "weight_decay": 0.00825610409732732
}