{
  "batch_size": 67.59923165256319,
  "beta_1": 0.6751012041269993,
  "beta_2": 0.5645202350352126,
  "block_size": 258.332917423553,
  "dropout": 0.41692142117368614,
  "epsilon": 0.0006582974858367273,
  "lr": 0.07359574819148572,
  "n_embd": 50.41190910524771,
  "n_head": 4.130461810231507,
  "n_layer": 4.0001993932633235,
  "seed": 684932490.1719062,
  "weight_decay": 0.008498780952192852
}