{
  "batch_size": 57,
  "beta_1": 0.2465866680121968,
  "beta_2": 0.3420029518003646,
  "block_size": 177,
  "dropout": 0.2773845003182208,
  "epsilon": 7.9448313e-09,
  "lr": 0.0002307094637264,
  "n_embd": 53,
  "n_head": 3,
  "n_layer": 5,
  "seed": 12576420.428277416,
  "weight_decay": 0.0002754566549365
}