{
  "batch_size": 82,
  "beta_1": 0.7200214947063425,
  "beta_2": 0.3314515568868583,
  "block_size": 188,
  "dropout": 0.1347696679671743,
  "epsilon": 0.0007490559764993,
  "lr": 0.0008906448850964,
  "n_embd": 2,
  "n_head": 3,
  "n_layer": 3,
  "seed": 541089188.6982791,
  "weight_decay": 1.812713343e-07
}