{
  "batch_size": 21,
  "beta_1": 0.6996133744967574,
  "beta_2": 0.6664726682725659,
  "block_size": 256,
  "dropout": 0.3749240599690372,
  "epsilon": 0.0005829419789006422,
  "lr": 0.0001616712827500635,
  "n_embd": 53,
  "n_head": 1,
  "n_layer": 1,
  "seed": 1694273169,
  "weight_decay": 0.000153603075956921
}