{
  "batch_size": 34,
  "beta_1": 0.9727553766208066,
  "beta_2": 0.3033403472245476,
  "block_size": 369,
  "dropout": 0.3885867130178703,
  "epsilon": 1.13385775e-08,
  "lr": 4.9736263264e-06,
  "n_embd": 44,
  "n_head": 4,
  "n_layer": 3,
  "seed": 92071421.69566298,
  "weight_decay": 5.32340022e-08
}