{
  "batch_size": 73.14010354514647,
  "beta_1": 0.2899844953163139,
  "beta_2": 0.5003509424081907,
  "block_size": 307.85474372687986,
  "dropout": 0.17616214655252305,
  "epsilon": 0.00026734914427363373,
  "lr": 0.04655223020600501,
  "n_embd": 24.591176403837913,
  "n_head": 3.5367255169198777,
  "n_layer": 2.5173029079963856,
  "seed": 312461633.95757324,
  "weight_decay": 0.009287095760961752
}