{
  "batch_size": 76.41241848299805,
  "beta_1": 0.39483712462666376,
  "beta_2": 0.3993741553930594,
  "block_size": 208.6846586134615,
  "dropout": 0.23881027545251754,
  "epsilon": 0.0003343552552589292,
  "lr": 0.06075014347666225,
  "n_embd": 0.036874490232213716,
  "n_head": 1.9117413865473933,
  "n_layer": 5.451302030266709,
  "seed": 352234107.0654351,
  "weight_decay": 0.004325634747574019
}