{
  "batch_size": 58,
  "beta_1": 0.4704146753416888,
  "beta_2": 0.3626089191951684,
  "block_size": 64,
  "dropout": 0.3989239770514381,
  "epsilon": 6.2474791233e-06,
  "lr": 1.1951979894e-06,
  "n_embd": 6,
  "n_head": 3,
  "n_layer": 3,
  "seed": 1879972608.184045,
  "weight_decay": 1.7721069106e-06
}