{
  "batch_size": 20.228063387475817,
  "beta_1": 0.3862729028150298,
  "beta_2": 0.5202743772175533,
  "block_size": 79.73853390943509,
  "dropout": 0.43585626175877823,
  "epsilon": 0.0007389212046850119,
  "lr": 0.05367405709529112,
  "n_embd": 12.484151841259063,
  "n_head": 5.94708265385161,
  "n_layer": 3.3414654443313347,
  "seed": 2066558326.4049475,
  "weight_decay": 0.00031772858926601704
}