{
  "batch_size": 85,
  "beta_1": 0.7668192935603986,
  "beta_2": 0.2737855369643021,
  "block_size": 280,
  "dropout": 0.3289794823117842,
  "epsilon": 2.5704906177272764e-07,
  "lr": 1.0118309017227164e-06,
  "n_embd": 49,
  "n_head": 4,
  "n_layer": 1,
  "seed": 1739281890,
  "weight_decay": 1.2782815261896212e-07
}