{
  "batch_size": 33,
  "beta_1": 0.568724900062143,
  "beta_2": 0.5674414662932369,
  "block_size": 113,
  "dropout": 0.1142409711591411,
  "epsilon": 2.4251355345e-06,
  "lr": 0.010217971332264,
  "n_embd": 40,
  "n_head": 4,
  "n_layer": 3,
  "seed": 274732137.5350016,
  "weight_decay": 1.77166464e-08
}