{
  "batch_size": 38.2471939216766,
  "beta_1": 0.6326691452425561,
  "beta_2": 0.4016728694731776,
  "block_size": 193.88795473778214,
  "dropout": 0.3201966374544532,
  "epsilon": 0.0004262140794034712,
  "lr": 0.05293459109321288,
  "n_embd": 51.476044133767545,
  "n_head": 6.7139849361206645,
  "n_layer": 5.2056580185590935,
  "seed": 2234535.9226659946,
  "weight_decay": 0.0044605414947795395
}