{
  "batch_size": 21,
  "beta_1": 0.37918113762725014,
  "beta_2": 0.4245953405672708,
  "block_size": 288,
  "dropout": 0.11435663984965579,
  "epsilon": 1.0819052851056447e-05,
  "lr": 0.0002490838988751624,
  "n_embd": 7,
  "n_head": 1,
  "n_layer": 1,
  "seed": 977500426,
  "weight_decay": 2.2807935955023984e-05
}