{
  "batch_size": 60,
  "beta_1": 0.331386206733071,
  "beta_2": 0.1421660603826001,
  "block_size": 164,
  "dropout": 0.4488881191929036,
  "epsilon": 4.0289638398e-06,
  "lr": 0.0001753893047407,
  "n_embd": 0,
  "n_head": 2,
  "n_layer": 3,
  "seed": 315958818.2301729,
  "weight_decay": 6.09762153e-08
}