{
  "batch_size": 46,
  "beta_1": 0.9022463495118747,
  "beta_2": 0.6315476154369656,
  "block_size": 233,
  "dropout": 0.30205803217861915,
  "epsilon": 0.00018170972315132312,
  "lr": 6.246073288044715e-05,
  "n_embd": 20,
  "n_head": 6,
  "n_layer": 4,
  "seed": 546311443,
  "weight_decay": 3.361806825518007e-05
}