{
  "batch_size": 96,
  "beta_1": 0.1277371999829651,
  "beta_2": 0.7707044929821061,
  "block_size": 109,
  "dropout": 0.3114890423355257,
  "epsilon": 1.201908e-10,
  "lr": 0.0029433122917961,
  "n_embd": 25,
  "n_head": 1,
  "n_layer": 5,
  "seed": 461190204.71392405,
  "weight_decay": 1.17622441e-08
}