{
  "batch_size": 27,
  "beta_1": 0.9268274849241322,
  "beta_2": 0.316911620080982,
  "block_size": 343,
  "dropout": 0.4531495648743665,
  "epsilon": 7.77621639137e-05,
  "lr": 0.0001104572301016,
  "n_embd": 13,
  "n_head": 3,
  "n_layer": 1,
  "seed": 1419043231.742369,
  "weight_decay": 1.17292141e-08
}