{
  "batch_size": 56,
  "beta_1": 0.586927309579069,
  "beta_2": 0.982474840976539,
  "block_size": 306,
  "dropout": 0.24985497053284328,
  "epsilon": 6.422983547367362e-08,
  "lr": 2.566568393500697e-06,
  "n_embd": 46,
  "n_head": 3,
  "n_layer": 2,
  "seed": 1628606078,
  "weight_decay": 9.197105980273899e-06
}