{
  "batch_size": 39,
  "beta_1": 0.2000966605384408,
  "beta_2": 0.1961533123054145,
  "block_size": 76,
  "dropout": 0.4572397044000202,
  "epsilon": 1.18553502031e-05,
  "lr": 0.001558997640434,
  "n_embd": 29,
  "n_head": 1,
  "n_layer": 3,
  "seed": 762103472.5351144,
  "weight_decay": 0.0001331814515252
}