{
  "batch_size": 34.57737228436518,
  "beta_1": 0.8077854725996297,
  "beta_2": 0.6125443033597202,
  "block_size": 102.54642417059664,
  "dropout": 0.45923072337781534,
  "epsilon": 0.0003250567611078972,
  "lr": 0.019756258215343134,
  "n_embd": 25.516820521388787,
  "n_head": 3.15914583770306,
  "n_layer": 1.5444500716049103,
  "seed": 1139675240.9975927,
  "weight_decay": 0.0013547106234198625
}