{
  "batch_size": 88.98672025327362,
  "beta_1": 0.4704225674483169,
  "beta_2": 0.2632873123555319,
  "block_size": 317.2994236505805,
  "dropout": 0.3012254571441724,
  "epsilon": 0.00045262587384152855,
  "lr": 0.04837080940296541,
  "n_embd": 4.071088660719333,
  "n_head": 5.260528949850023,
  "n_layer": 2.991300345840043,
  "seed": 297701670.16682684,
  "weight_decay": 0.004064989540646398
}