{
  "batch_size": 41.60712907897076,
  "beta_1": 0.7636724634383039,
  "beta_2": 0.727773699173,
  "block_size": 93.58387526547952,
  "dropout": 0.1992875322638511,
  "epsilon": 0.0009590874987677302,
  "lr": 0.0894648092724831,
  "n_embd": 27.269636818449378,
  "n_head": 1.9879088554797515,
  "n_layer": 6.356853418843204,
  "seed": 946055104.9422579,
  "weight_decay": 0.008658845162789336
}