{
  "batch_size": 36,
  "beta_1": 0.8400884197917212,
  "beta_2": 0.22720195991667805,
  "block_size": 307,
  "dropout": 0.18424712839235596,
  "epsilon": 3.14951959425307e-08,
  "lr": 0.0004116472308694035,
  "n_embd": 34,
  "n_head": 6,
  "n_layer": 6,
  "seed": 1837652676,
  "weight_decay": 0.0004025781772135892
}