{
  "batch_size": 16,
  "beta_1": 0.1766906509676584,
  "beta_2": 0.6479766926947308,
  "block_size": 281,
  "dropout": 0.2916391548946002,
  "epsilon": 8.688625e-10,
  "lr": 0.0066043970477056,
  "n_embd": 24,
  "n_head": 2,
  "n_layer": 5,
  "seed": 1411192791.9014661,
  "weight_decay": 6.49421431899e-05
}