{
  "batch_size": 82.75131198636157,
  "beta_1": 0.7753794934077369,
  "beta_2": 0.4885181715411986,
  "block_size": 299.6310207141585,
  "dropout": 0.2584245105664118,
  "epsilon": 0.00036060873022254384,
  "lr": 0.018777112819337687,
  "n_embd": 11.371138054473075,
  "n_head": 4.040863576259724,
  "n_layer": 1.279425371035387,
  "seed": 813480329.386924,
  "weight_decay": 0.0011428738930672063
}