{
  "batch_size": 70.6990259064012,
  "beta_1": 0.7421666623911288,
  "beta_2": 0.9799696741267708,
  "block_size": 178.7614863889307,
  "dropout": 0.14177146519580563,
  "epsilon": 0.0009419912679432457,
  "lr": 0.06723060119436541,
  "n_embd": 22.71389369823616,
  "n_head": 6.1305215839171625,
  "n_layer": 5.324097978782837,
  "seed": 42682562.65838209,
  "weight_decay": 0.009967009359649968
}