{
  "batch_size": 27.051998580107917,
  "beta_1": 0.755298114917447,
  "beta_2": 0.8092336470908582,
  "block_size": 124.25465918900667,
  "dropout": 0.48221811352418864,
  "epsilon": 8.016477903678636e-05,
  "lr": 0.05283389891056816,
  "n_embd": 47.71659207601206,
  "n_head": 3.874207531292633,
  "n_layer": 4.058922002312423,
  "seed": 1216068113.9800034,
  "weight_decay": 0.00581023808455006
}