{
  "batch_size": 44,
  "beta_1": 0.49231388869210957,
  "beta_2": 0.2550572226308715,
  "block_size": 101,
  "dropout": 0.24771887526552852,
  "epsilon": 3.9615757848950576e-07,
  "lr": 0.008475128323602716,
  "n_embd": 48,
  "n_head": 2,
  "n_layer": 4,
  "seed": 8830111,
  "weight_decay": 6.704933544701066e-08
}