{
  "batch_size": 53.811630351415886,
  "beta_1": 0.8643109559157236,
  "beta_2": 0.9736277583105684,
  "block_size": 81.43380468396484,
  "dropout": 0.18340954658367667,
  "epsilon": 0.0003755429293448569,
  "lr": 0.035803438545435363,
  "n_embd": 30.49345999700936,
  "n_head": 2.1083936654114916,
  "n_layer": 3.3650096514549994,
  "seed": 196357098.63693476,
  "weight_decay": 0.0062533413090492315
}