{
  "batch_size": 84.19847937984058,
  "beta_1": 0.6136759800515877,
  "beta_2": 0.44857858452852006,
  "block_size": 233.30033991009435,
  "dropout": 0.43541099120643245,
  "epsilon": 0.0003035735179892391,
  "lr": 0.0357246044798464,
  "n_embd": 15.006083095826943,
  "n_head": 3.099231257044475,
  "n_layer": 1.7966940148972053,
  "seed": 137893579.92902866,
  "weight_decay": 0.004089458913835193
}