{
  "batch_size": 18,
  "beta_1": 0.35494203257890833,
  "beta_2": 0.5718203204541096,
  "block_size": 96,
  "dropout": 0.20829159403775055,
  "epsilon": 7.865652371190567e-10,
  "lr": 0.0021865422044940724,
  "n_embd": 30,
  "n_head": 3,
  "n_layer": 2,
  "seed": 660053767,
  "weight_decay": 0.009170455140900124
}