{
  "batch_size": 50,
  "beta_1": 0.6346661286152511,
  "beta_2": 0.5962621729053971,
  "block_size": 211,
  "dropout": 0.4491314718028423,
  "epsilon": 5.492758322867278e-05,
  "lr": 0.012035689271513496,
  "n_embd": 41,
  "n_head": 1,
  "n_layer": 6,
  "seed": 1105645654,
  "weight_decay": 3.628814165773239e-05
}