{
  "batch_size": 94,
  "beta_1": 0.9876238056927146,
  "beta_2": 0.9001440145339314,
  "block_size": 175,
  "dropout": 0.4865988524006507,
  "epsilon": 2.55369602269e-05,
  "lr": 0.0027969749271991,
  "n_embd": 26,
  "n_head": 3,
  "n_layer": 6,
  "seed": 1394517637.1830392,
  "weight_decay": 1.077836995e-07
}