{
  "batch_size": 51.29208166890837,
  "beta_1": 0.5583140840277329,
  "beta_2": 0.7462711968628736,
  "block_size": 176.0978273932639,
  "dropout": 0.4741645390266238,
  "epsilon": 0.000272342214716864,
  "lr": 0.043805299075456695,
  "n_embd": 47.7283237483278,
  "n_head": 1.7895557067369294,
  "n_layer": 3.9872186194978845,
  "seed": 1907017947.9164321,
  "weight_decay": 0.008537416034335442
}