{
  "batch_size": 34.58490673768101,
  "beta_1": 0.7699972692851429,
  "beta_2": 0.1897850749115585,
  "block_size": 108.53359112350444,
  "dropout": 0.3324849756385724,
  "epsilon": 0.0007489067339690884,
  "lr": 0.0020661440606263484,
  "n_embd": 29.544078458550167,
  "n_head": 3.6381605440001237,
  "n_layer": 3.1803330271359367,
  "seed": 265588046.69304642,
  "weight_decay": 0.004655171020518414
}