{
  "batch_size": 66.19285406093238,
  "beta_1": 0.7524311913632139,
  "beta_2": 0.9419074384169249,
  "block_size": 277.8435474757929,
  "dropout": 0.38049328747560907,
  "epsilon": 7.366882847990554e-05,
  "lr": 0.014047410764453264,
  "n_embd": 43.96966829606607,
  "n_head": 2.9030260345627834,
  "n_layer": 3.4192596538845708,
  "seed": 1778894077.693245,
  "weight_decay": 0.000439756865766549
}