{
  "batch_size": 43,
  "beta_1": 0.5245065232356614,
  "beta_2": 0.4935862301784265,
  "block_size": 253,
  "dropout": 0.3778510736852795,
  "epsilon": 9.8868304e-09,
  "lr": 0.001222636705881,
  "n_embd": 18,
  "n_head": 3,
  "n_layer": 6,
  "seed": 1443915912.972906,
  "weight_decay": 3.54853262e-08
}