{
  "batch_size": 68.4975842517389,
  "beta_1": 0.9267163849188781,
  "beta_2": 0.5259030892931168,
  "block_size": 197.86974955369132,
  "dropout": 0.15978645429731597,
  "epsilon": 0.00019408580334246504,
  "lr": 0.008773184414186053,
  "n_embd": 7.811561700337215,
  "n_head": 6.059231272212121,
  "n_layer": 4.6786265883139695,
  "seed": 463833327.7699114,
  "weight_decay": 0.003044678695401467
}