{
  "batch_size": 70.30510481742029,
  "beta_1": 0.7703854071214042,
  "beta_2": 0.14859225492209122,
  "block_size": 157.81221336464216,
  "dropout": 0.22760458866043068,
  "epsilon": 0.0006318539227491021,
  "lr": 0.05026303416668845,
  "n_embd": 33.13320538142136,
  "n_head": 4.0453117835212815,
  "n_layer": 6.251664381219199,
  "seed": 312314298.75063545,
  "weight_decay": 0.004449927890613155
}