{
  "batch_size": 60.08557789729936,
  "beta_1": 0.17112809874118523,
  "beta_2": 0.7011426790952476,
  "block_size": 129.67158848856604,
  "dropout": 0.30700488414240557,
  "epsilon": 0.0005665719112823716,
  "lr": 0.053680832339178815,
  "n_embd": 28.419934180366273,
  "n_head": 5.6801596054654775,
  "n_layer": 6.836080079908761,
  "seed": 677638513.5739864,
  "weight_decay": 0.005082213503032491
}