{
  "batch_size": 85.88465106367381,
  "beta_1": 0.2194327527105562,
  "beta_2": 0.9622785264281488,
  "block_size": 368.1993786551631,
  "dropout": 0.23475946803238587,
  "epsilon": 0.00027963201887226804,
  "lr": 0.08449824728830296,
  "n_embd": 24.507776183291234,
  "n_head": 2.28494089742044,
  "n_layer": 5.393676079140334,
  "seed": 473151347.038426,
  "weight_decay": 0.007357649205083483
}