{
  "batch_size": 34,
  "beta_1": 0.8941539562887592,
  "beta_2": 0.7083340697466793,
  "block_size": 254,
  "dropout": 0.28881725220976673,
  "epsilon": 2.4592893419003588e-08,
  "lr": 0.00011609069969962561,
  "n_embd": 25,
  "n_head": 2,
  "n_layer": 3,
  "seed": 1446602104,
  "weight_decay": 5.286872865296148e-08
}