{
  "batch_size": 22.118978983230186,
  "beta_1": 0.4372649000593176,
  "beta_2": 0.29402869993001224,
  "block_size": 280.37259106027267,
  "dropout": 0.37209901637086007,
  "epsilon": 0.0004064011368080915,
  "lr": 0.07001659328904959,
  "n_embd": 35.55419817494214,
  "n_head": 6.6388202468280175,
  "n_layer": 2.7611398419805244,
  "seed": 1802153375.4998088,
  "weight_decay": 0.005367540216925615
}