{
  "batch_size": 96.24614948549113,
  "beta_1": 0.8239397811449088,
  "beta_2": 0.17261225073534348,
  "block_size": 310.7093442470324,
  "dropout": 0.3194324409557433,
  "epsilon": 6.496056366965803e-05,
  "lr": 0.03897963290666009,
  "n_embd": 3.145171933583823,
  "n_head": 6.228840079968458,
  "n_layer": 4.193898276732259,
  "seed": 806182545.9734539,
  "weight_decay": 0.008329023380224686
}