{
  "batch_size": 66.4274846270334,
  "beta_1": 0.5353270164145967,
  "beta_2": 0.5323020030449122,
  "block_size": 226.2756770280256,
  "dropout": 0.3535881097862782,
  "epsilon": 0.0005257399491795543,
  "lr": 0.004879175363652447,
  "n_embd": 23.55002336655058,
  "n_head": 1.7982339739448394,
  "n_layer": 6.8345277921707055,
  "seed": 1457130688.667757,
  "weight_decay": 0.00015728886439428385
}