{
  "batch_size": 46,
  "beta_1": 0.4043169639779205,
  "beta_2": 0.8393141658317654,
  "block_size": 293,
  "dropout": 0.4443589575037662,
  "epsilon": 8.114052391346609e-07,
  "lr": 2.1080264293104256e-05,
  "n_embd": 43,
  "n_head": 4,
  "n_layer": 4,
  "seed": 815181409,
  "weight_decay": 2.4862678687783595e-07
}