{
  "batch_size": 19.329985938307455,
  "beta_1": 0.6726320428931468,
  "beta_2": 0.37454690850770145,
  "block_size": 251.15445852188637,
  "dropout": 0.3138112443470492,
  "epsilon": 0.0003606078154074636,
  "lr": 0.041661839009698734,
  "n_embd": 52.85203906831921,
  "n_head": 1.545987940021219,
  "n_layer": 1.325291838106328,
  "seed": 1907343057.9593942,
  "weight_decay": 0.002390294328857693
}