{
  "batch_size": 87.63815167456264,
  "beta_1": 0.25203371905257355,
  "beta_2": 0.9618549616843154,
  "block_size": 73.50563968135687,
  "dropout": 0.27808608140899305,
  "epsilon": 0.0007433708037094495,
  "lr": 0.012035386148901506,
  "n_embd": 37.4193953004374,
  "n_head": 2.9692845196310396,
  "n_layer": 6.859596688157221,
  "seed": 1053209653.8775842,
  "weight_decay": 0.003086489903162067
}