{
  "batch_size": 90.52075102651209,
  "beta_1": 0.4695057377204276,
  "beta_2": 0.3159142035444338,
  "block_size": 209.81750583739657,
  "dropout": 0.34405166132393605,
  "epsilon": 0.000403814942597021,
  "lr": 0.08091470859844538,
  "n_embd": 6.80153734209793,
  "n_head": 3.8330418054735103,
  "n_layer": 5.029068067010234,
  "seed": 1593160968.5151021,
  "weight_decay": 0.007689117435104482
}