{
  "batch_size": 66,
  "beta_1": 0.5388051310314846,
  "beta_2": 0.8796243005430409,
  "block_size": 367,
  "dropout": 0.6284094816925712,
  "epsilon": 0.00023457001991816334,
  "lr": 4.6237100870016536e-06,
  "n_embd": 36,
  "n_head": 5,
  "n_layer": 3,
  "seed": 680510024,
  "weight_decay": 0.003015403115575327
}