{
  "batch_size": 90,
  "beta_1": 0.5668735553512778,
  "beta_2": 0.5759245863887097,
  "block_size": 318,
  "dropout": 0.1435384273804074,
  "epsilon": 4.55553789e-08,
  "lr": 4.9993765547e-06,
  "n_embd": 47,
  "n_head": 2,
  "n_layer": 4,
  "seed": 118219781.77769566,
  "weight_decay": 2.1595441874e-06
}