{
  "batch_size": 21,
  "beta_1": 0.7292604863792683,
  "beta_2": 0.9455661700291496,
  "block_size": 238,
  "dropout": 0.1096703034492936,
  "epsilon": 1.4225878e-09,
  "lr": 0.0015866930542348,
  "n_embd": 18,
  "n_head": 5,
  "n_layer": 5,
  "seed": 912850054.6929524,
  "weight_decay": 0.0001556018486129
}