{
  "batch_size": 53,
  "beta_1": 0.11627264476194898,
  "beta_2": 0.7822226315790163,
  "block_size": 334,
  "dropout": 0.2219762286118847,
  "epsilon": 2.9603678522184375e-09,
  "lr": 0.0006632463772084518,
  "n_embd": 46,
  "n_head": 2,
  "n_layer": 4,
  "seed": 948826412,
  "weight_decay": 2.5494719593051353e-07
}