{
  "batch_size": 50.11873281167528,
  "beta_1": 0.29729392300798607,
  "beta_2": 0.7625465423584153,
  "block_size": 106.31465674980785,
  "dropout": 0.10330227310427303,
  "epsilon": 0.00019524165060013244,
  "lr": 0.021840272510001528,
  "n_embd": 37.76147177005889,
  "n_head": 4.827877365459674,
  "n_layer": 3.9080936230063847,
  "seed": 1872257125.8368342,
  "weight_decay": 0.001190827910024853
}