{
  "batch_size": 83,
  "beta_1": 0.3980727605685199,
  "beta_2": 0.7024630492632716,
  "block_size": 362,
  "dropout": 0.2601033632018236,
  "epsilon": 4.429798286e-07,
  "lr": 0.0012929565188715,
  "n_embd": 47,
  "n_head": 5,
  "n_layer": 1,
  "seed": 1786528223.6733809,
  "weight_decay": 4.54942215e-08
}