{
  "batch_size": 53,
  "beta_1": 0.4024336156505083,
  "beta_2": 0.494207105217221,
  "block_size": 370,
  "dropout": 0.4974443873640888,
  "epsilon": 2.4187158962898046e-06,
  "lr": 6.870165404343961e-05,
  "n_embd": 44,
  "n_head": 3,
  "n_layer": 6,
  "seed": 1912383942,
  "weight_decay": 4.406948204557158e-08
}