{
  "batch_size": 64.38168225878428,
  "beta_1": 0.9244952264191115,
  "beta_2": 0.9977758302336707,
  "block_size": 256.92087724660337,
  "dropout": 0.24085341358306664,
  "epsilon": 0.000515561656047111,
  "lr": 0.0012571272763520142,
  "n_embd": 15.841201693267852,
  "n_head": 3.7477819853211964,
  "n_layer": 5.865907480194631,
  "seed": 2036041070.9428942,
  "weight_decay": 0.006703168643967666
}