{
  "batch_size": 82.80706538656544,
  "beta_1": 0.48516776578719134,
  "beta_2": 0.15240824506527595,
  "block_size": 91.2992568083901,
  "dropout": 0.189592632367514,
  "epsilon": 0.000801677970902633,
  "lr": 0.07057971166683494,
  "n_embd": 41.059215114573135,
  "n_head": 4.522395547126809,
  "n_layer": 1.441115070159448,
  "seed": 551794321.4754969,
  "weight_decay": 0.0018435056617162407
}