{
  "batch_size": 91.8360168660337,
  "beta_1": 0.3990982488536009,
  "beta_2": 0.45976507592625426,
  "block_size": 120.52610798767142,
  "dropout": 0.15571215516532463,
  "epsilon": 0.0009998343370924727,
  "lr": 0.07383924763164407,
  "n_embd": 37.951366824619996,
  "n_head": 5.870570423197277,
  "n_layer": 5.858705539157187,
  "seed": 1467820944.1330824,
  "weight_decay": 0.008269025542654468
}