{
  "batch_size": 96,
  "beta_1": 0.9211982246562586,
  "beta_2": 0.13710153146921095,
  "block_size": 109,
  "dropout": 0.10261202214854004,
  "epsilon": 2.5285410738266908e-05,
  "lr": 3.508300469248145e-05,
  "n_embd": 34,
  "n_head": 1,
  "n_layer": 3,
  "seed": 1534739012,
  "weight_decay": 2.9657069504276433e-05
}