{
  "batch_size": 56.04611955364208,
  "beta_1": 0.49144243078674765,
  "beta_2": 0.9695198625671985,
  "block_size": 179.73233937593278,
  "dropout": 0.14408773809211206,
  "epsilon": 0.0009829026553865594,
  "lr": 0.04828385579553362,
  "n_embd": 42.76569457940026,
  "n_head": 2.6466454326592848,
  "n_layer": 3.533832241172647,
  "seed": 1748440397.199718,
  "weight_decay": 0.007588098420510774
}