{
  "batch_size": 20.74840409360018,
  "beta_1": 0.16326935714045887,
  "beta_2": 0.7371053269916588,
  "block_size": 255.73061590665432,
  "dropout": 0.22876802790345338,
  "epsilon": 0.0006774092981525688,
  "lr": 0.05703317252484687,
  "n_embd": 12.990452926544652,
  "n_head": 6.530556286987547,
  "n_layer": 5.981166300547693,
  "seed": 1613860932.483392,
  "weight_decay": 0.00371181919050207
}