{
  "batch_size": 47,
  "beta_1": 0.871561063954934,
  "beta_2": 0.8376388258361929,
  "block_size": 317,
  "dropout": 0.3208975726319675,
  "epsilon": 2.6769176925e-06,
  "lr": 4.4524322659e-06,
  "n_embd": 3,
  "n_head": 3,
  "n_layer": 2,
  "seed": 482762247.47114587,
  "weight_decay": 7.798323789e-07
}