{
  "batch_size": 55,
  "beta_1": 0.2541401408282429,
  "beta_2": 0.1480568340075672,
  "block_size": 322,
  "dropout": 0.4994820971248128,
  "epsilon": 1.9700346e-09,
  "lr": 0.000277745597791,
  "n_embd": 2,
  "n_head": 5,
  "n_layer": 5,
  "seed": 1205965983.261104,
  "weight_decay": 0.0004031583758445
}