{
  "batch_size": 44.85099573984762,
  "beta_1": 0.3643165404783617,
  "beta_2": 0.46735522581380307,
  "block_size": 319.9236467379088,
  "dropout": 0.2709324161331791,
  "epsilon": 0.0005132314311258144,
  "lr": 0.053719867221491746,
  "n_embd": 29.685960095331087,
  "n_head": 6.380870543897409,
  "n_layer": 4.497110200389422,
  "seed": 478490296.8888187,
  "weight_decay": 0.005761619456922966
}