{
  "batch_size": 70.83017835965772,
  "beta_1": 0.47038660139802246,
  "beta_2": 0.961819668479951,
  "block_size": 120.72936813782997,
  "dropout": 0.33828150047503347,
  "epsilon": 0.00047598990809298277,
  "lr": 0.0972083091071565,
  "n_embd": 12.790543115673964,
  "n_head": 1.8864982889873798,
  "n_layer": 5.115363426322812,
  "seed": 1802116930.2292583,
  "weight_decay": 0.008136760815690963
}