{
  "batch_size": 88.68496433057943,
  "beta_1": 0.36578926374030885,
  "beta_2": 0.3906556079926956,
  "block_size": 370.551369376085,
  "dropout": 0.36456812467322064,
  "epsilon": 6.863261223294025e-05,
  "lr": 0.042901405061480075,
  "n_embd": 44.53803222680473,
  "n_head": 4.504957060247055,
  "n_layer": 1.1081292703260934,
  "seed": 604806762.7882261,
  "weight_decay": 9.150059957105528e-05
}