{
  "batch_size": 28.64755163909029,
  "beta_1": 0.263619759918015,
  "beta_2": 0.8252093000039843,
  "block_size": 150.56137703335128,
  "dropout": 0.41136226577615476,
  "epsilon": 0.00031767975053358316,
  "lr": 0.09519264630002698,
  "n_embd": 33.92200314471362,
  "n_head": 5.698767834924079,
  "n_layer": 3.050867539429752,
  "seed": 83156315.76413758,
  "weight_decay": 0.0018466223770317468
}