{
  "batch_size": 47,
  "beta_1": 0.8892808368627434,
  "beta_2": 0.45901360848138717,
  "block_size": 70,
  "dropout": 0.473703329091523,
  "epsilon": 5.731875943117516e-07,
  "lr": 0.009110962529034351,
  "n_embd": 26,
  "n_head": 6,
  "n_layer": 3,
  "seed": 1777840540,
  "weight_decay": 1.3635612507115769e-07
}