{
  "batch_size": 68.46356173322418,
  "beta_1": 0.8908074863337824,
  "beta_2": 0.16667842890011447,
  "block_size": 263.0854051121662,
  "dropout": 0.1478912486521598,
  "epsilon": 0.0006615620398549274,
  "lr": 0.052348765744646863,
  "n_embd": 53.33886697592044,
  "n_head": 5.1672194968269425,
  "n_layer": 4.264359628930771,
  "seed": 1307617000.6239135,
  "weight_decay": 0.0028747080980565097
}