{
  "batch_size": 79.96890957403882,
  "beta_1": 0.26294957284071824,
  "beta_2": 0.8153990740223681,
  "block_size": 295.7966758202944,
  "dropout": 0.2047709208102748,
  "epsilon": 0.0006337658167822861,
  "lr": 0.05476428398728862,
  "n_embd": 11.226884819758522,
  "n_head": 6.602654083214923,
  "n_layer": 6.83208973047013,
  "seed": 1798513660.914461,
  "weight_decay": 0.004346230568758985
}