{
  "batch_size": 92,
  "beta_1": 0.17158501014200972,
  "beta_2": 0.769822638683849,
  "block_size": 74,
  "dropout": 0.21304675900990824,
  "epsilon": 8.780444173110718e-05,
  "lr": 0.004037019870562325,
  "n_embd": 53,
  "n_head": 5,
  "n_layer": 1,
  "seed": 1998017095,
  "weight_decay": 0.00013739214744593222
}