{
  "batch_size": 79.54478710278278,
  "beta_1": 0.6869671359266236,
  "beta_2": 0.665187066467882,
  "block_size": 135.80701583352518,
  "dropout": 0.2217310706702882,
  "epsilon": 7.971664092981806e-05,
  "lr": 0.09174040906517537,
  "n_embd": 20.130818429545837,
  "n_head": 3.4786922525525203,
  "n_layer": 3.9367053762830655,
  "seed": 1669419400.4711728,
  "weight_decay": 0.006033279798069986
}