{
  "batch_size": 25.992451583816454,
  "beta_1": 0.3986061090706524,
  "beta_2": 0.30569983955895896,
  "block_size": 199.99826411107114,
  "dropout": 0.23936087769961475,
  "epsilon": 8.595614321546638e-05,
  "lr": 0.03371034292622161,
  "n_embd": 17.465371208511606,
  "n_head": 1.8995014444707414,
  "n_layer": 3.5879722876982267,
  "seed": 2056308327.0555918,
  "weight_decay": 0.00472431280835688
}