{
  "batch_size": 78,
  "beta_1": 0.4759053899634704,
  "beta_2": 0.8445237810525182,
  "block_size": 128,
  "dropout": 0.3518797579657372,
  "epsilon": 8.295177023e-06,
  "lr": 0.0019028958668522,
  "n_embd": 18,
  "n_head": 5,
  "n_layer": 1,
  "seed": 605829268.5366263,
  "weight_decay": 2.09942154e-08
}