{
  "batch_size": 96,
  "beta_1": 0.9933947374287831,
  "beta_2": 0.1224483313828158,
  "block_size": 124,
  "dropout": 0.329899876563237,
  "epsilon": 6.956330368e-06,
  "lr": 2.5428365015e-06,
  "n_embd": 1,
  "n_head": 2,
  "n_layer": 2,
  "seed": 171468621.2472647,
  "weight_decay": 0.0002076128439155
}