{
  "batch_size": 73,
  "beta_1": 0.6126936713236393,
  "beta_2": 0.7008986165975506,
  "block_size": 269,
  "dropout": 0.1041590539708201,
  "epsilon": 0.0006477144097514795,
  "lr": 0.0013787699395555785,
  "n_embd": 14,
  "n_head": 1,
  "n_layer": 5,
  "seed": 732482422,
  "weight_decay": 0.0028509350653697298
}