{
  "batch_size": 58.32576227625864,
  "beta_1": 0.1360785767277657,
  "beta_2": 0.2890418806310452,
  "block_size": 95.4435715445933,
  "dropout": 0.22481092200505437,
  "epsilon": 9.249878245453487e-05,
  "lr": 0.024183210837625913,
  "n_embd": 10.961995731585933,
  "n_head": 5.998306575348787,
  "n_layer": 3.489952125436064,
  "seed": 955516854.1055717,
  "weight_decay": 0.004340689883051521
}