{
  "batch_size": 24.272289521236832,
  "beta_1": 0.5531736030652944,
  "beta_2": 0.5510690322630641,
  "block_size": 297.0859246642307,
  "dropout": 0.459436733931751,
  "epsilon": 0.00035236139362266396,
  "lr": 0.05536623464695569,
  "n_embd": 2.313947679545847,
  "n_head": 2.047268118319428,
  "n_layer": 5.484866582019837,
  "seed": 1969657967.0105965,
  "weight_decay": 0.002617512948823
}