{
  "batch_size": 72.39402391852946,
  "beta_1": 0.7715723038309796,
  "beta_2": 0.30690426748511535,
  "block_size": 65.4864456513566,
  "dropout": 0.15341288707426537,
  "epsilon": 0.0008465837018588253,
  "lr": 0.014297485070534683,
  "n_embd": 43.53204764670752,
  "n_head": 4.001865439160261,
  "n_layer": 3.51613607418999,
  "seed": 1945277622.9921405,
  "weight_decay": 0.009470460396928816
}