{
  "batch_size": 37,
  "beta_1": 0.6265356377735727,
  "beta_2": 0.498653847290434,
  "block_size": 351,
  "dropout": 0.2337137870265717,
  "epsilon": 1.51682261e-08,
  "lr": 0.0008520247080464,
  "n_embd": 53,
  "n_head": 4,
  "n_layer": 3,
  "seed": 198251924.0775078,
  "weight_decay": 7.68540451e-08
}