{
  "batch_size": 42,
  "beta_1": 0.8621989866157678,
  "beta_2": 0.766261368199163,
  "block_size": 97,
  "dropout": 0.19410694732623668,
  "epsilon": 6.458912472620143e-08,
  "lr": 1.7433335355156063e-05,
  "n_embd": 15,
  "n_head": 4,
  "n_layer": 4,
  "seed": 1575073371,
  "weight_decay": 7.080056312943352e-07
}