{
  "batch_size": 74,
  "beta_1": 0.9117205538172947,
  "beta_2": 0.8424941898795698,
  "block_size": 204,
  "dropout": 0.493349242889656,
  "epsilon": 5.866261860080861e-10,
  "lr": 0.029953861665377626,
  "n_embd": 44,
  "n_head": 3,
  "n_layer": 5,
  "seed": 2122045336,
  "weight_decay": 8.935778580139178e-08
}