{
  "batch_size": 81.7414986985621,
  "beta_1": 0.7004698340218366,
  "beta_2": 0.12890385073515234,
  "block_size": 224.5390144617817,
  "dropout": 0.12284441077942745,
  "epsilon": 0.0009897326275901815,
  "lr": 0.08614983921112548,
  "n_embd": 14.012880385714427,
  "n_head": 6.891488165613793,
  "n_layer": 4.00425815353762,
  "seed": 1381573854.8912134,
  "weight_decay": 0.00046568202414939134
}