{
  "batch_size": 79,
  "beta_1": 0.7259029519498263,
  "beta_2": 0.7746443069060341,
  "block_size": 214,
  "dropout": 0.140792140727868,
  "epsilon": 5.6993081404e-06,
  "lr": 0.0003069163305399,
  "n_embd": 46,
  "n_head": 1,
  "n_layer": 2,
  "seed": 1491588461.5281126,
  "weight_decay": 2.08398153e-08
}