{
  "batch_size": 34,
  "beta_1": 0.4274587752187992,
  "beta_2": 0.2067712832611705,
  "block_size": 253,
  "dropout": 0.3495573977554684,
  "epsilon": 2.638276e-10,
  "lr": 0.0017158582709303,
  "n_embd": 42,
  "n_head": 2,
  "n_layer": 6,
  "seed": 721252877.8288549,
  "weight_decay": 5.307989161e-07
}