{
  "batch_size": 40.30790505452785,
  "beta_1": 0.7542986497609192,
  "beta_2": 0.5135093635982697,
  "block_size": 260.94827365695824,
  "dropout": 0.28372965434039055,
  "epsilon": 8.696142828037184e-05,
  "lr": 0.04859045613503211,
  "n_embd": 34.58521734745099,
  "n_head": 2.896705062886399,
  "n_layer": 1.1208975922699989,
  "seed": 301951353.0113457,
  "weight_decay": 0.00963239168776329
}