{
  "batch_size": 60,
  "beta_1": 0.18408141617084084,
  "beta_2": 0.9478371440297216,
  "block_size": 334,
  "dropout": 0.13566899939046426,
  "epsilon": 0.00013001782175652756,
  "lr": 0.0006699458355640927,
  "n_embd": 46,
  "n_head": 2,
  "n_layer": 4,
  "seed": 948826412,
  "weight_decay": 2.691334428864466e-05
}