{
  "batch_size": 35,
  "beta_1": 0.3056101135305105,
  "beta_2": 0.7094286290006893,
  "block_size": 194,
  "dropout": 0.22815912455278176,
  "epsilon": 2.5555715679691473e-10,
  "lr": 7.221224361922004e-06,
  "n_embd": 53,
  "n_head": 2,
  "n_layer": 2,
  "seed": 1488008027,
  "weight_decay": 1.942185677465358e-08
}