{
  "batch_size": 67.83129397735306,
  "beta_1": 0.8415817403172206,
  "beta_2": 0.8732156835305468,
  "block_size": 275.9234329470506,
  "dropout": 0.31736266269363667,
  "epsilon": 0.0006714025376831223,
  "lr": 0.01402534756310534,
  "n_embd": 22.89754463414722,
  "n_head": 3.182497805931944,
  "n_layer": 1.693704827922543,
  "seed": 604554546.2602204,
  "weight_decay": 0.005186106309230653
}