{
  "batch_size": 59,
  "beta_1": 0.6788114555898579,
  "beta_2": 0.38525809482338547,
  "block_size": 245,
  "dropout": 0.2533542507412819,
  "epsilon": 0.0001857216017484458,
  "lr": 8.105682706582524e-05,
  "n_embd": 53,
  "n_head": 3,
  "n_layer": 4,
  "seed": 1410512718,
  "weight_decay": 0.00018356905150275325
}