{
  "batch_size": 89,
  "beta_1": 0.1879670255172909,
  "beta_2": 0.6819266568311394,
  "block_size": 354,
  "dropout": 0.1462354717875102,
  "epsilon": 2.4463615941e-06,
  "lr": 0.0001824516606601,
  "n_embd": 42,
  "n_head": 4,
  "n_layer": 3,
  "seed": 1654235338.3027663,
  "weight_decay": 8.9077333384e-06
}