{
  "batch_size": 80.98924836785437,
  "beta_1": 0.4388071950344702,
  "beta_2": 0.7410899914329274,
  "block_size": 346.4495447617718,
  "dropout": 0.41657544746299957,
  "epsilon": 0.0005784140058617231,
  "lr": 0.09896542884638136,
  "n_embd": 26.15959689026735,
  "n_head": 2.5752715704479585,
  "n_layer": 2.0851990785123684,
  "seed": 415952096.13732994,
  "weight_decay": 0.008378223058078966
}