{
  "batch_size": 70.96169034720549,
  "beta_1": 0.24447953979691492,
  "beta_2": 0.6923719357815875,
  "block_size": 373.0401352566534,
  "dropout": 0.29936186848208024,
  "epsilon": 0.0007610525689873631,
  "lr": 0.09605235748201094,
  "n_embd": 9.798254171509925,
  "n_head": 2.259864873857973,
  "n_layer": 5.129485040622921,
  "seed": 1588779414.1305318,
  "weight_decay": 0.009033059475618962
}