{
  "batch_size": 71.29686626488694,
  "beta_1": 0.4811517911927189,
  "beta_2": 0.5622710445052006,
  "block_size": 381.9379527217116,
  "dropout": 0.3164187989655792,
  "epsilon": 9.34378108633489e-05,
  "lr": 0.011277788224346441,
  "n_embd": 0.5180722849657492,
  "n_head": 6.727506067692145,
  "n_layer": 6.796053902694226,
  "seed": 687434315.088768,
  "weight_decay": 1.1752980273359412e-05
}