{
  "batch_size": 37,
  "beta_1": 0.8930163467465265,
  "beta_2": 0.8980688542157679,
  "block_size": 355,
  "dropout": 0.1476913368871136,
  "epsilon": 1.702891936e-06,
  "lr": 0.0028361042838196,
  "n_embd": 27,
  "n_head": 6,
  "n_layer": 5,
  "seed": 1964342755.6381688,
  "weight_decay": 1.1055599302e-06
}