{
  "batch_size": 29.17785311141732,
  "beta_1": 0.4741402335113113,
  "beta_2": 0.8160072581683684,
  "block_size": 344.3330203401449,
  "dropout": 0.36826632550703187,
  "epsilon": 7.182790065682539e-06,
  "lr": 0.05454332627330234,
  "n_embd": 38.29731348619876,
  "n_head": 1.542289536907443,
  "n_layer": 1.8366816567555742,
  "seed": 2115099573.9625356,
  "weight_decay": 0.007208023815106148
}