{
  "batch_size": 85.98664306248762,
  "beta_1": 0.7129238044476124,
  "beta_2": 0.4991173581152685,
  "block_size": 311.2007134471255,
  "dropout": 0.11989768372637029,
  "epsilon": 0.0009194935148485198,
  "lr": 0.06485967362282725,
  "n_embd": 20.385497775413054,
  "n_head": 5.209582839689871,
  "n_layer": 2.1720479432939523,
  "seed": 1532005834.9021976,
  "weight_decay": 0.006253078574961539
}