{
  "batch_size": 51,
  "beta_1": 0.8147352358209388,
  "beta_2": 0.19446412653513978,
  "block_size": 196,
  "dropout": 0.21880262293562175,
  "epsilon": 9.535469662216139e-05,
  "lr": 0.0010495074384539377,
  "n_embd": 8,
  "n_head": 2,
  "n_layer": 4,
  "seed": 1150738109,
  "weight_decay": 1.5949747054321933e-05
}