{
  "batch_size": 41.301057017698014,
  "beta_1": 0.7496795966509017,
  "beta_2": 0.850540715572647,
  "block_size": 222.3150213854393,
  "dropout": 0.39408900653520107,
  "epsilon": 0.0007563844199723972,
  "lr": 0.07193701144220675,
  "n_embd": 20.04059359456505,
  "n_head": 5.699479960139051,
  "n_layer": 1.92804146317514,
  "seed": 1139668470.8871431,
  "weight_decay": 0.0007278619988898172
}