{
  "batch_size": 65.12295235703124,
  "beta_1": 0.15829550293926656,
  "beta_2": 0.5349719606350536,
  "block_size": 136.96648455030737,
  "dropout": 0.17917225040553825,
  "epsilon": 0.0008063252074174606,
  "lr": 0.06554689407373451,
  "n_embd": 3.0861894348928516,
  "n_head": 4.73615967985133,
  "n_layer": 4.361490657508283,
  "seed": 1868980085.8745348,
  "weight_decay": 0.005981955438875904
}