{
  "batch_size": 72,
  "beta_1": 0.6222542452328929,
  "beta_2": 0.3365963646475454,
  "block_size": 357,
  "dropout": 0.4923623331797119,
  "epsilon": 2.109630368867951e-06,
  "lr": 5.111050348712146e-05,
  "n_embd": 41,
  "n_head": 4,
  "n_layer": 3,
  "seed": 1726642854,
  "weight_decay": 0.0003605454407224719
}