{
  "batch_size": 42,
  "beta_1": 0.661771951017899,
  "beta_2": 0.3763196450362639,
  "block_size": 200,
  "dropout": 0.1386325341995489,
  "epsilon": 1.3584826642181377e-06,
  "lr": 0.0009533259589672157,
  "n_embd": 27,
  "n_head": 5,
  "n_layer": 6,
  "seed": 658013567,
  "weight_decay": 1.6535761352889402e-06
}