{
  "batch_size": 34.629242316680234,
  "beta_1": 0.3782084684853354,
  "beta_2": 0.6190710420445015,
  "block_size": 261.58159884938055,
  "dropout": 0.1051936160230707,
  "epsilon": 0.00033661721952968603,
  "lr": 0.0187035897157229,
  "n_embd": 38.95488780335131,
  "n_head": 1.4424713605352426,
  "n_layer": 6.216726580538199,
  "seed": 1907225558.9782388,
  "weight_decay": 0.0020868913184513885
}