{
  "batch_size": 95.3239601554814,
  "beta_1": 0.1657912789233691,
  "beta_2": 0.8734121954666259,
  "block_size": 225.33534555234857,
  "dropout": 0.18059651016305842,
  "epsilon": 0.0005006099695844509,
  "lr": 0.04295222853553473,
  "n_embd": 25.687004665563954,
  "n_head": 1.9393323322039597,
  "n_layer": 3.6837628475104967,
  "seed": 315005388.5982468,
  "weight_decay": 0.004785945468203274
}