{
  "batch_size": 90.52665710178081,
  "beta_1": 0.8814145030670746,
  "beta_2": 0.7520960427788346,
  "block_size": 379.93020801783564,
  "dropout": 0.194001846458246,
  "epsilon": 0.0009255161889854147,
  "lr": 0.09092566193060313,
  "n_embd": 5.1329275269619865,
  "n_head": 3.5926783770936814,
  "n_layer": 4.363871586308704,
  "seed": 448483369.15922594,
  "weight_decay": 0.0029607383672784933
}