{
  "batch_size": 73.3481510485434,
  "beta_1": 0.579616494974697,
  "beta_2": 0.9015497090719372,
  "block_size": 138.50670259660762,
  "dropout": 0.40981622324461187,
  "epsilon": 0.00014629632222586174,
  "lr": 0.023431768557952964,
  "n_embd": 50.06776635866654,
  "n_head": 6.689066799133444,
  "n_layer": 6.061605062922174,
  "seed": 130879846.33659633,
  "weight_decay": 0.009732939133081259
}