{
  "batch_size": 91.56046143505844,
  "beta_1": 0.783231982253042,
  "beta_2": 0.9112040124146283,
  "block_size": 346.71412913022834,
  "dropout": 0.1216951733550678,
  "epsilon": 5.6468063737946916e-05,
  "lr": 0.021487714281762504,
  "n_embd": 50.20534611160125,
  "n_head": 4.8800436961482765,
  "n_layer": 6.807827967522922,
  "seed": 1531812087.85977,
  "weight_decay": 0.009508326162057143
}