{
  "batch_size": 28.045710612954124,
  "beta_1": 0.7352146756161924,
  "beta_2": 0.6731427447504195,
  "block_size": 266.455893796457,
  "dropout": 0.276207449466642,
  "epsilon": 0.0002950043403778548,
  "lr": 0.06914309656899661,
  "n_embd": 36.545150215692644,
  "n_head": 1.4463279191912608,
  "n_layer": 5.303352417941985,
  "seed": 877694176.6318864,
  "weight_decay": 0.007781718849680322
}