{
  "batch_size": 89.6960375293674,
  "beta_1": 0.6079157888824929,
  "beta_2": 0.5923583883305704,
  "block_size": 99.13720754045985,
  "dropout": 0.38917654725678363,
  "epsilon": 0.0008939964979113955,
  "lr": 0.013132378410887886,
  "n_embd": 5.08753914622376,
  "n_head": 2.7356113152431147,
  "n_layer": 6.853808686396535,
  "seed": 1214422903.9738889,
  "weight_decay": 0.002578041120117223
}