{
  "batch_size": 73,
  "beta_1": 0.8992983263953774,
  "beta_2": 0.6438197964515218,
  "block_size": 66,
  "dropout": 0.17052829572493738,
  "epsilon": 0.000648083888081326,
  "lr": 0.00040084586457127806,
  "n_embd": 52,
  "n_head": 4,
  "n_layer": 6,
  "seed": 1800740359,
  "weight_decay": 1.222688272638806e-08
}