{
  "batch_size": 30,
  "beta_1": 0.873718248364741,
  "beta_2": 0.9046969603060505,
  "block_size": 371,
  "dropout": 0.12220063903023322,
  "epsilon": 3.178908881416762e-10,
  "lr": 8.403502278446427e-05,
  "n_embd": 35,
  "n_head": 3,
  "n_layer": 4,
  "seed": 1294134022,
  "weight_decay": 0.0017982981996681855
}