{
  "batch_size": 59.744208911370485,
  "beta_1": 0.3547364692980213,
  "beta_2": 0.5763449948975208,
  "block_size": 298.3839259722431,
  "dropout": 0.20352641647017067,
  "epsilon": 0.00015136067599181115,
  "lr": 0.020720456541482874,
  "n_embd": 41.41576714552575,
  "n_head": 6.981668895297251,
  "n_layer": 5.4488364651077195,
  "seed": 1419641369.307923,
  "weight_decay": 0.008849864288692147
}