{
  "batch_size": 94.55876687235673,
  "beta_1": 0.5681722969253553,
  "beta_2": 0.6988248707493465,
  "block_size": 331.26295418061017,
  "dropout": 0.3228698620311333,
  "epsilon": 0.0006711842672088427,
  "lr": 0.025118877457815943,
  "n_embd": 44.84310406746805,
  "n_head": 5.92371488051188,
  "n_layer": 5.555891266569954,
  "seed": 1707002743.063741,
  "weight_decay": 0.00931699276804732
}