{
  "batch_size": 26.464647668974084,
  "beta_1": 0.7164451462874009,
  "beta_2": 0.33374550905032746,
  "block_size": 219.18966591921216,
  "dropout": 0.17075424685739163,
  "epsilon": 0.0005649314747784896,
  "lr": 0.011367333820114369,
  "n_embd": 23.822129480920637,
  "n_head": 2.7272566610682025,
  "n_layer": 5.240618058953856,
  "seed": 1250408648.725373,
  "weight_decay": 0.005075391653456349
}