{
  "batch_size": 84,
  "beta_1": 0.9723648686874241,
  "beta_2": 0.8003321386810203,
  "block_size": 309,
  "dropout": 0.20750456727934516,
  "epsilon": 3.744992246217231e-06,
  "lr": 0.0001415065996322621,
  "n_embd": 33,
  "n_head": 1,
  "n_layer": 1,
  "seed": 1798051554,
  "weight_decay": 1.3514378633489307e-06
}