{
  "batch_size": 28.812067665543047,
  "beta_1": 0.6011930563978344,
  "beta_2": 0.39233468033176655,
  "block_size": 307.0336817678355,
  "dropout": 0.4352465438234253,
  "epsilon": 0.0006910553195753078,
  "lr": 0.031174088240448004,
  "n_embd": 38.105129266176725,
  "n_head": 3.2308486320695224,
  "n_layer": 3.380769668948978,
  "seed": 1255899805.7555535,
  "weight_decay": 0.0009985186480976984
}