{
  "batch_size": 34.94264872999927,
  "beta_1": 0.62978833099423,
  "beta_2": 0.322863663132941,
  "block_size": 110.82225778430347,
  "dropout": 0.2052181702830692,
  "epsilon": 0.0005592827356269667,
  "lr": 0.0521660703450467,
  "n_embd": 46.6756387586798,
  "n_head": 3.809513329900168,
  "n_layer": 3.843584829959397,
  "seed": 159095834.57649565,
  "weight_decay": 0.0007578785942550408
}