{
  "batch_size": 35,
  "beta_1": 0.401807479341161,
  "beta_2": 0.1216767327085352,
  "block_size": 79,
  "dropout": 0.1793005584155428,
  "epsilon": 5.0340537e-09,
  "lr": 0.0007250666939306,
  "n_embd": 38,
  "n_head": 5,
  "n_layer": 1,
  "seed": 1516160777.8222582,
  "weight_decay": 0.0001341956286019
}