{
  "batch_size": 75.1893473041982,
  "beta_1": 0.15279138729058353,
  "beta_2": 0.5211084267539909,
  "block_size": 283.1116620445422,
  "dropout": 0.20184950157057202,
  "epsilon": 0.0001955859628116622,
  "lr": 0.015106793082476163,
  "n_embd": 12.852317062194754,
  "n_head": 3.944817282547563,
  "n_layer": 6.408540676993237,
  "seed": 620148744.4174645,
  "weight_decay": 0.007107281587418193
}