{
  "batch_size": 96,
  "beta_1": 0.6176689227404561,
  "beta_2": 0.7396541284556479,
  "block_size": 100,
  "dropout": 0.2158842996496367,
  "epsilon": 3.3650706e-09,
  "lr": 0.0010428798165188,
  "n_embd": 27,
  "n_head": 5,
  "n_layer": 3,
  "seed": 2075282203.982758,
  "weight_decay": 6.08848805068e-05
}