{
  "batch_size": 93,
  "beta_1": 0.6918906463501767,
  "beta_2": 0.9335674210387546,
  "block_size": 304,
  "dropout": 0.2266707547923803,
  "epsilon": 2.3923322090247865e-08,
  "lr": 0.07582944253312944,
  "n_embd": 4,
  "n_head": 4,
  "n_layer": 3,
  "seed": 534275046,
  "weight_decay": 4.4147601346305314e-05
}