{
  "batch_size": 20.08783096177244,
  "beta_1": 0.2079787669224923,
  "beta_2": 0.10833073604065548,
  "block_size": 362.9178686558555,
  "dropout": 0.20554179567163824,
  "epsilon": 0.0008419752476739576,
  "lr": 0.014063845945364743,
  "n_embd": 47.76635413156448,
  "n_head": 2.482679325023748,
  "n_layer": 3.7577236472119226,
  "seed": 1681662660.1325269,
  "weight_decay": 0.008853210426211273
}