{
  "batch_size": 82,
  "beta_1": 0.6803556721232268,
  "beta_2": 0.6861890317737375,
  "block_size": 378,
  "dropout": 0.1142773998444246,
  "epsilon": 2.619576197e-07,
  "lr": 0.0004888825376057,
  "n_embd": 51,
  "n_head": 1,
  "n_layer": 2,
  "seed": 1439256667.352484,
  "weight_decay": 7.31095061852e-05
}