{
  "batch_size": 64,
  "beta_1": 0.271567397988137,
  "beta_2": 0.8296762772161183,
  "block_size": 328,
  "dropout": 0.2880030146682422,
  "epsilon": 1.3805636951419406e-06,
  "lr": 2.119787691994198e-05,
  "n_embd": 14,
  "n_head": 2,
  "n_layer": 5,
  "seed": 1360384269,
  "weight_decay": 1.4051406575254127e-07
}