{
  "batch_size": 42,
  "beta_1": 0.9946155019695233,
  "beta_2": 0.3573667671157491,
  "block_size": 350,
  "dropout": 0.3926455414598662,
  "epsilon": 3.379682510081343e-10,
  "lr": 0.01913485299262792,
  "n_embd": 1,
  "n_head": 3,
  "n_layer": 5,
  "seed": 1425080463,
  "weight_decay": 8.129895310945193e-06
}