{
  "batch_size": 69.06620715815247,
  "beta_1": 0.6395123560979584,
  "beta_2": 0.6298772162979138,
  "block_size": 202.15111024142809,
  "dropout": 0.10054916462740043,
  "epsilon": 0.0006185178749406079,
  "lr": 0.04437636590357678,
  "n_embd": 35.12812876946766,
  "n_head": 6.238986192086333,
  "n_layer": 4.6093472458318026,
  "seed": 510283692.9352153,
  "weight_decay": 0.0036185455213123756
}