{
  "batch_size": 73,
  "beta_1": 0.44401780740508967,
  "beta_2": 0.18650319707504226,
  "block_size": 178,
  "dropout": 0.3687920507503776,
  "epsilon": 1.166311480723909e-08,
  "lr": 6.407908526948614e-05,
  "n_embd": 22,
  "n_head": 3,
  "n_layer": 6,
  "seed": 215098536,
  "weight_decay": 0.000446872141521387
}