{
  "batch_size": 69.68565731185151,
  "beta_1": 0.3415870383150691,
  "beta_2": 0.5264563740191563,
  "block_size": 178.99099713244692,
  "dropout": 0.4818657087107272,
  "epsilon": 0.0006934430424793328,
  "lr": 0.08480792403370088,
  "n_embd": 23.190105192339082,
  "n_head": 4.091374609534768,
  "n_layer": 6.518922485254255,
  "seed": 362792832.978653,
  "weight_decay": 0.0040269497671425025
}