{
  "batch_size": 36.31786581174856,
  "beta_1": 0.5642010981118644,
  "beta_2": 0.780030430788539,
  "block_size": 271.00501650139586,
  "dropout": 0.44262022260699563,
  "epsilon": 0.0006542233416538416,
  "lr": 0.039902505729416976,
  "n_embd": 2.2916464462670487,
  "n_head": 5.225611013238576,
  "n_layer": 2.9399533837738314,
  "seed": 541485581.3544137,
  "weight_decay": 0.006985139406245285
}