{
  "batch_size": 86,
  "beta_1": 0.5784051380651934,
  "beta_2": 0.7934848767364093,
  "block_size": 244,
  "dropout": 0.23969340609247644,
  "epsilon": 2.0293197688894376e-08,
  "lr": 2.626032494530902e-06,
  "n_embd": 3,
  "n_head": 4,
  "n_layer": 6,
  "seed": 667196403,
  "weight_decay": 0.00014124237852598936
}