{
  "batch_size": 77.71167884144458,
  "beta_1": 0.6997923051551499,
  "beta_2": 0.7969958192458099,
  "block_size": 279.6150413748853,
  "dropout": 0.2630491478108217,
  "epsilon": 0.00010692389604198939,
  "lr": 0.06550863349023343,
  "n_embd": 38.718187264114334,
  "n_head": 6.619829530011192,
  "n_layer": 2.6394180126168285,
  "seed": 1758289343.4566064,
  "weight_decay": 0.0034335724802575227
}