{
  "batch_size": 50.975149695906204,
  "beta_1": 0.4716337467549333,
  "beta_2": 0.9662419107052664,
  "block_size": 185.2944957671156,
  "dropout": 0.2996290515103368,
  "epsilon": 0.0006818877875733606,
  "lr": 0.043878072946808004,
  "n_embd": 43.3822185244717,
  "n_head": 5.0430705272802605,
  "n_layer": 4.579892598023452,
  "seed": 415544511.1506528,
  "weight_decay": 0.005348516167670968
}