{
  "batch_size": 18,
  "beta_1": 0.6208648675324067,
  "beta_2": 0.30154772791611767,
  "block_size": 153,
  "dropout": 0.3787569708002775,
  "epsilon": 7.665980342268295e-09,
  "lr": 1.0604309945949063e-05,
  "n_embd": 6,
  "n_head": 1,
  "n_layer": 2,
  "seed": 459074123,
  "weight_decay": 0.002060325770757819
}