{
  "batch_size": 49.61854499299615,
  "beta_1": 0.1704972813689677,
  "beta_2": 0.791367969450995,
  "block_size": 330.1255454767123,
  "dropout": 0.20732378707743485,
  "epsilon": 0.00018496909826821667,
  "lr": 0.06358645593519295,
  "n_embd": 19.646760369608515,
  "n_head": 6.807727153800116,
  "n_layer": 1.8086946776863346,
  "seed": 1833622133.8047998,
  "weight_decay": 0.000796513245511024
}