{
  "batch_size": 38.86117879280886,
  "beta_1": 0.3719699822832774,
  "beta_2": 0.23188062488691955,
  "block_size": 343.72505328978343,
  "dropout": 0.464318229744379,
  "epsilon": 0.0004300493339914999,
  "lr": 0.002101838694741531,
  "n_embd": 34.07912803758699,
  "n_head": 2.1475820420543608,
  "n_layer": 1.8922779601901476,
  "seed": 333592785.66038597,
  "weight_decay": 0.0014349804688687212
}