{
  "batch_size": 50.87152609179249,
  "beta_1": 0.6136437935767279,
  "beta_2": 0.6152368963892832,
  "block_size": 138.38050856035727,
  "dropout": 0.22997572561056157,
  "epsilon": 0.0007996075853798299,
  "lr": 0.016634141829339366,
  "n_embd": 32.937225220343905,
  "n_head": 2.9725051086722027,
  "n_layer": 3.24456118572948,
  "seed": 1531839948.9227846,
  "weight_decay": 0.0023231892359458937
}