{
  "batch_size": 58.35327577271185,
  "beta_1": 0.1352489827433392,
  "beta_2": 0.3341748809781087,
  "block_size": 189.51764881503686,
  "dropout": 0.4467954251264453,
  "epsilon": 0.000797127378978398,
  "lr": 0.02490939739285544,
  "n_embd": 51.39957538213349,
  "n_head": 5.808515587774871,
  "n_layer": 4.70596543750119,
  "seed": 2006306090.2666857,
  "weight_decay": 0.0030341303041605846
}