{
  "batch_size": 77,
  "beta_1": 0.5315610874956764,
  "beta_2": 0.4369029687333268,
  "block_size": 349,
  "dropout": 0.4745530855651189,
  "epsilon": 1.407978e-09,
  "lr": 2.16186087114e-05,
  "n_embd": 21,
  "n_head": 4,
  "n_layer": 5,
  "seed": 1965152202.8176165,
  "weight_decay": 9.63871217e-08
}