{
  "batch_size": 90.78340772933299,
  "beta_1": 0.34569780083884505,
  "beta_2": 0.7150754528465298,
  "block_size": 294.3778590333412,
  "dropout": 0.45788001122925104,
  "epsilon": 0.0007718515954113826,
  "lr": 0.04382583435946103,
  "n_embd": 32.290308690922515,
  "n_head": 1.8161551304296548,
  "n_layer": 1.1440781701991147,
  "seed": 1347575090.2451005,
  "weight_decay": 0.0073368069610392364
}