{
  "batch_size": 19.374328320816616,
  "beta_1": 0.6938304278927572,
  "beta_2": 0.4823137193669932,
  "block_size": 378.4649986653779,
  "dropout": 0.39339846367316567,
  "epsilon": 0.0004292595736946688,
  "lr": 0.044688352559234444,
  "n_embd": 4.562250873882983,
  "n_head": 5.628596903716827,
  "n_layer": 6.00161821194384,
  "seed": 1817491656.830784,
  "weight_decay": 0.002201748822086016
}