{
  "batch_size": 61,
  "beta_1": 0.40486346497919545,
  "beta_2": 0.9225081853251894,
  "block_size": 101,
  "dropout": 0.40542221063473904,
  "epsilon": 3.502993160314804e-05,
  "lr": 6.092533914443874e-05,
  "n_embd": 16,
  "n_head": 1,
  "n_layer": 1,
  "seed": 698863777,
  "weight_decay": 0.0011647429128564884
}