{
  "batch_size": 39.19096906235055,
  "beta_1": 0.9256421873457972,
  "beta_2": 0.9406730628533081,
  "block_size": 183.86263568075248,
  "dropout": 0.31539133477956194,
  "epsilon": 0.0006957129148847069,
  "lr": 0.054028364332790214,
  "n_embd": 43.256384902516814,
  "n_head": 2.7215482670835494,
  "n_layer": 6.090835299183608,
  "seed": 1779376058.7473612,
  "weight_decay": 0.0027585844244219426
}