{
  "batch_size": 45.740257540326624,
  "beta_1": 0.19942713090219127,
  "beta_2": 0.9323971242138436,
  "block_size": 262.8204309667577,
  "dropout": 0.13069863960936143,
  "epsilon": 0.0004213778918947842,
  "lr": 0.06989150762102755,
  "n_embd": 26.651215956121167,
  "n_head": 1.7656718928343413,
  "n_layer": 2.122750550464443,
  "seed": 955542234.4663447,
  "weight_decay": 0.008783575422221888
}