{
  "batch_size": 84.35019064017801,
  "beta_1": 0.8740130820690223,
  "beta_2": 0.5387291422278446,
  "block_size": 93.56996297882777,
  "dropout": 0.4202532951458673,
  "epsilon": 0.0003928907562190122,
  "lr": 0.01538747368227324,
  "n_embd": 8.757696470276455,
  "n_head": 6.267101112861262,
  "n_layer": 3.293982277447341,
  "seed": 586504608.7948558,
  "weight_decay": 0.008293672547383023
}