{
  "batch_size": 27,
  "beta_1": 0.702259976943875,
  "beta_2": 0.8724971019313671,
  "block_size": 226,
  "dropout": 0.12635062760694482,
  "epsilon": 0.0008369869047924381,
  "lr": 0.0007535034058428438,
  "n_embd": 21,
  "n_head": 4,
  "n_layer": 3,
  "seed": 1448489890,
  "weight_decay": 1.6140449564594025e-06
}