{
  "batch_size": 69,
  "beta_1": 0.192359214600222,
  "beta_2": 0.9361341195627144,
  "block_size": 218,
  "dropout": 0.29194198970768,
  "epsilon": 1.1684869928e-06,
  "lr": 5.8651179559e-06,
  "n_embd": 7,
  "n_head": 6,
  "n_layer": 2,
  "seed": 1438198906.1917872,
  "weight_decay": 1.05163896181e-05
}