{
  "batch_size": 83.830402899592,
  "beta_1": 0.7191349144058612,
  "beta_2": 0.6344896001521235,
  "block_size": 161.32203200827536,
  "dropout": 0.37603159316115586,
  "epsilon": 0.00024369561246924518,
  "lr": 0.018073186171388363,
  "n_embd": 7.737062465366773,
  "n_head": 6.366665064520175,
  "n_layer": 3.7260059845845817,
  "seed": 141852544.86191922,
  "weight_decay": 0.009023044403083763
}