{
  "batch_size": 61,
  "beta_1": 0.6030671556337743,
  "beta_2": 0.8599150499318083,
  "block_size": 362,
  "dropout": 0.3339708149624737,
  "epsilon": 1.76445855e-08,
  "lr": 0.0013529734019555,
  "n_embd": 49,
  "n_head": 4,
  "n_layer": 2,
  "seed": 1807302433.6917038,
  "weight_decay": 0.0031825983975427
}