{
  "batch_size": 80.97169639114618,
  "beta_1": 0.46815262781142153,
  "beta_2": 0.5858855326471113,
  "block_size": 316.14294670815866,
  "dropout": 0.2734923880266189,
  "epsilon": 0.0004095599857157864,
  "lr": 0.049300408050442494,
  "n_embd": 17.094733584093984,
  "n_head": 3.5681660971363955,
  "n_layer": 6.9492955690342075,
  "seed": 638471327.5168444,
  "weight_decay": 0.004514613977967883
}