{
  "batch_size": 70,
  "beta_1": 0.3244577833178387,
  "beta_2": 0.26211933137536747,
  "block_size": 179,
  "dropout": 0.14684391707930666,
  "epsilon": 5.330103250954194e-08,
  "lr": 0.0003980891940396996,
  "n_embd": 44,
  "n_head": 2,
  "n_layer": 2,
  "seed": 1328197655,
  "weight_decay": 0.0001367633144734822
}