{
  "batch_size": 94.58696229172364,
  "beta_1": 0.9614398116876101,
  "beta_2": 0.5838036446713758,
  "block_size": 64.64895567995819,
  "dropout": 0.2682279499971585,
  "epsilon": 0.00033265565798957575,
  "lr": 0.0031655394843173815,
  "n_embd": 6.233532427777046,
  "n_head": 1.9274858554385927,
  "n_layer": 2.0801653269635727,
  "seed": 233399563.31742036,
  "weight_decay": 0.00465590654657812
}