{
  "batch_size": 75,
  "beta_1": 0.3970439965645165,
  "beta_2": 0.7018268575640901,
  "block_size": 303,
  "dropout": 0.1804030428012053,
  "epsilon": 8.314153e-10,
  "lr": 0.0007712078198226,
  "n_embd": 31,
  "n_head": 4,
  "n_layer": 3,
  "seed": 601572751.9457316,
  "weight_decay": 1.06554841e-07
}