{
  "batch_size": 35.30964358891498,
  "beta_1": 0.8102363011245601,
  "beta_2": 0.3971336539139251,
  "block_size": 328.3212769574435,
  "dropout": 0.32234995020163987,
  "epsilon": 2.285208797805498e-06,
  "lr": 0.08280448921941673,
  "n_embd": 39.13701834580685,
  "n_head": 5.937197739219765,
  "n_layer": 3.6125246629195966,
  "seed": 1480163181.3168476,
  "weight_decay": 0.0036307124681107797
}