{
  "batch_size": 41,
  "beta_1": 0.36029179785929655,
  "beta_2": 0.3555233811346097,
  "block_size": 155,
  "dropout": 0.11208744219850693,
  "epsilon": 1.0212029055682593e-06,
  "lr": 0.00017609762162360397,
  "n_embd": 48,
  "n_head": 2,
  "n_layer": 6,
  "seed": 217801601,
  "weight_decay": 6.742345637371139e-05
}