{
  "batch_size": 84.92983348064443,
  "beta_1": 0.6317100708484316,
  "beta_2": 0.3366294899478801,
  "block_size": 335.29859807356036,
  "dropout": 0.49419819847533786,
  "epsilon": 0.00010377725614021745,
  "lr": 0.07029954013985863,
  "n_embd": 14.783456497471839,
  "n_head": 4.983483518768736,
  "n_layer": 4.762451676081776,
  "seed": 141761115.11010072,
  "weight_decay": 0.0009978834313215104
}