{
  "batch_size": 40,
  "beta_1": 0.21104994294701926,
  "beta_2": 0.3006881845234952,
  "block_size": 227,
  "dropout": 0.2733286190712254,
  "epsilon": 1.0400444604262417e-09,
  "lr": 3.863764857379434e-06,
  "n_embd": 3,
  "n_head": 2,
  "n_layer": 6,
  "seed": 596706485,
  "weight_decay": 1.669785235945416e-05
}