{
  "batch_size": 40,
  "beta_1": 0.1961454230194126,
  "beta_2": 0.9433436755920575,
  "block_size": 128,
  "dropout": 0.1256466168232977,
  "epsilon": 4.83272223928e-05,
  "lr": 0.0005704284237633,
  "n_embd": 48,
  "n_head": 3,
  "n_layer": 2,
  "seed": 677015584.5586119,
  "weight_decay": 4.778842867e-07
}