{
  "batch_size": 78,
  "beta_1": 0.7807098877852368,
  "beta_2": 0.7400198013406,
  "block_size": 361,
  "dropout": 0.4795582167158313,
  "epsilon": 9.44228185298724e-09,
  "lr": 0.0002323419438740186,
  "n_embd": 38,
  "n_head": 2,
  "n_layer": 6,
  "seed": 1481695651,
  "weight_decay": 0.0037216371206004275
}