{
  "batch_size": 66,
  "beta_1": 0.40615832429115806,
  "beta_2": 0.19323122218991556,
  "block_size": 300,
  "dropout": 0.3272236549644623,
  "epsilon": 1.4141794226472033e-07,
  "lr": 0.0023359188586150495,
  "n_embd": 13,
  "n_head": 1,
  "n_layer": 4,
  "seed": 1323306597,
  "weight_decay": 8.307363267177171e-06
}