{
  "batch_size": 49.54614804109515,
  "beta_1": 0.35479876428663704,
  "beta_2": 0.25088605753050425,
  "block_size": 328.402064507466,
  "dropout": 0.370067395414442,
  "epsilon": 3.1926974842431705e-05,
  "lr": 0.02114117706511739,
  "n_embd": 8.381241526033936,
  "n_head": 6.015133661521276,
  "n_layer": 2.645757584249287,
  "seed": 1802243038.9687166,
  "weight_decay": 0.00338864375541114
}