{
  "batch_size": 81,
  "beta_1": 0.969283109925959,
  "beta_2": 0.48581423280455316,
  "block_size": 311,
  "dropout": 0.41428821766578905,
  "epsilon": 7.859640973145572e-09,
  "lr": 7.115253318250879e-05,
  "n_embd": 29,
  "n_head": 5,
  "n_layer": 2,
  "seed": 938536079,
  "weight_decay": 6.600000237309971e-07
}