{
  "batch_size": 20.660487035340207,
  "beta_1": 0.2310770309140003,
  "beta_2": 0.34713309228566797,
  "block_size": 234.5980740143526,
  "dropout": 0.20831243649756784,
  "epsilon": 0.00040060711039135706,
  "lr": 0.04212107100994741,
  "n_embd": 53.6005775452028,
  "n_head": 1.2484345799412582,
  "n_layer": 5.000615455403154,
  "seed": 1020553852.1025226,
  "weight_decay": 0.00564250095548882
}