{
  "batch_size": 64.98874156943563,
  "beta_1": 0.7488672431857608,
  "beta_2": 0.9818219319623002,
  "block_size": 198.12608607235364,
  "dropout": 0.48980605272680244,
  "epsilon": 6.640546004817277e-05,
  "lr": 0.05129456771954992,
  "n_embd": 18.36653426171792,
  "n_head": 5.847606953753609,
  "n_layer": 3.2660961237441626,
  "seed": 1407250434.3764963,
  "weight_decay": 0.009367746247467926
}