{
  "batch_size": 27,
  "beta_1": 0.271859189915859,
  "beta_2": 0.7237387527983432,
  "block_size": 173,
  "dropout": 0.415161954835511,
  "epsilon": 0.0002084784353249,
  "lr": 4.7652228684e-06,
  "n_embd": 45,
  "n_head": 1,
  "n_layer": 4,
  "seed": 1543372786.6553278,
  "weight_decay": 1.58764657791e-05
}