{
  "batch_size": 58.11880511687975,
  "beta_1": 0.384350921613805,
  "beta_2": 0.12179521512820904,
  "block_size": 270.364664447727,
  "dropout": 0.2520224826000501,
  "epsilon": 0.0003914446215026952,
  "lr": 0.06515024531697422,
  "n_embd": 43.48458767346564,
  "n_head": 5.37925366639363,
  "n_layer": 6.599646824386912,
  "seed": 1906987210.7230139,
  "weight_decay": 0.005657865039464149
}