{
  "batch_size": 53.047732674873004,
  "beta_1": 0.35373484236637665,
  "beta_2": 0.825606472199558,
  "block_size": 67.41508957642836,
  "dropout": 0.22096163318364553,
  "epsilon": 0.0008233811672227932,
  "lr": 0.06827068026410507,
  "n_embd": 1.7827064247094226,
  "n_head": 6.869861145030068,
  "n_layer": 3.6895292633366097,
  "seed": 1139686221.385847,
  "weight_decay": 0.004360605167775868
}