{
  "batch_size": 39,
  "beta_1": 0.5557495520482406,
  "beta_2": 0.16585664663861127,
  "block_size": 132,
  "dropout": 0.37166390942321936,
  "epsilon": 1.7223169314564117e-08,
  "lr": 0.00021152626558724642,
  "n_embd": 32,
  "n_head": 1,
  "n_layer": 2,
  "seed": 1797051051,
  "weight_decay": 0.0034809405523466715
}