{
  "batch_size": 32,
  "beta_1": 0.426566932321873,
  "beta_2": 0.7266796133839469,
  "block_size": 137,
  "dropout": 0.117470035698153,
  "epsilon": 0.0004765060779753,
  "lr": 0.0409930770788386,
  "n_embd": 46,
  "n_head": 4,
  "n_layer": 3,
  "seed": 994048476.99741,
  "weight_decay": 6.8400984285e-06
}