{
  "batch_size": 83,
  "beta_1": 0.2891480455186177,
  "beta_2": 0.2351817160910421,
  "block_size": 73,
  "dropout": 0.142559687213951,
  "epsilon": 1.51482291431e-05,
  "lr": 0.0003592571132353,
  "n_embd": 39,
  "n_head": 4,
  "n_layer": 4,
  "seed": 161135944.5393512,
  "weight_decay": 0.0020346513634536
}