{
  "batch_size": 17,
  "beta_1": 0.16651673993064728,
  "beta_2": 0.6229903646082959,
  "block_size": 235,
  "dropout": 0.20144167338163743,
  "epsilon": 2.699195289138628e-05,
  "lr": 1.0677591916255853e-06,
  "n_embd": 50,
  "n_head": 4,
  "n_layer": 5,
  "seed": 1512286173,
  "weight_decay": 1.836132455537377e-07
}