{
  "batch_size": 67,
  "beta_1": 0.7829098808365907,
  "beta_2": 0.5659095760723809,
  "block_size": 316,
  "dropout": 0.4687449430052466,
  "epsilon": 3.7510778234e-05,
  "lr": 0.0002818262593863,
  "n_embd": 48,
  "n_head": 5,
  "n_layer": 4,
  "seed": 978614350.2102388,
  "weight_decay": 3.02154796e-08
}