{
  "batch_size": 83.73252243712521,
  "beta_1": 0.7787657117651801,
  "beta_2": 0.6009412669006916,
  "block_size": 190.24979257506988,
  "dropout": 0.48260013479130937,
  "epsilon": 0.0004300885144417744,
  "lr": 0.058475041668511654,
  "n_embd": 26.471822134287116,
  "n_head": 1.078564881620456,
  "n_layer": 5.2510751793412584,
  "seed": 1618775029.949228,
  "weight_decay": 0.00835792886980465
}