{
  "batch_size": 30,
  "beta_1": 0.5366405691048722,
  "beta_2": 0.6068214253430904,
  "block_size": 330,
  "dropout": 0.4610446601105862,
  "epsilon": 6.9660364e-09,
  "lr": 8.8381434055e-06,
  "n_embd": 10,
  "n_head": 3,
  "n_layer": 3,
  "seed": 115562152.7801079,
  "weight_decay": 0.0012961684948808
}