{
  "batch_size": 74.28799270791464,
  "beta_1": 0.6996795801551946,
  "beta_2": 0.997332305854656,
  "block_size": 363.45679800730124,
  "dropout": 0.23378697283867142,
  "epsilon": 0.0005755635211831625,
  "lr": 0.0720227477141111,
  "n_embd": 25.73068948523411,
  "n_head": 2.0862653446152426,
  "n_layer": 4.545642985313393,
  "seed": 1371269145.5291586,
  "weight_decay": 0.0038456967750312137
}