{
  "batch_size": 23.490355797126327,
  "beta_1": 0.9582565802527885,
  "beta_2": 0.28726386387968134,
  "block_size": 377.6117920994682,
  "dropout": 0.4186762674505652,
  "epsilon": 0.00018364783925648443,
  "lr": 0.06757489843639534,
  "n_embd": 24.243029300839936,
  "n_head": 3.9345567886376367,
  "n_layer": 2.6333130022493467,
  "seed": 766922002.4414471,
  "weight_decay": 0.004067451499706985
}