{
  "batch_size": 91,
  "beta_1": 0.4757001714209633,
  "beta_2": 0.3103171911078889,
  "block_size": 344,
  "dropout": 0.3570319449228954,
  "epsilon": 1.82135660572e-05,
  "lr": 2.89418059163e-05,
  "n_embd": 31,
  "n_head": 6,
  "n_layer": 1,
  "seed": 1266176741.7141654,
  "weight_decay": 0.0017986554778394
}