{
  "batch_size": 44,
  "beta_1": 0.9323529590654451,
  "beta_2": 0.44336362921958294,
  "block_size": 282,
  "dropout": 0.3288691433614264,
  "epsilon": 8.64228286889117e-05,
  "lr": 0.029022100224598914,
  "n_embd": 49,
  "n_head": 5,
  "n_layer": 2,
  "seed": 1029308146,
  "weight_decay": 0.0007823409697118109
}