{
  "batch_size": 73.4388536363096,
  "beta_1": 0.32745142780118713,
  "beta_2": 0.5317794415742507,
  "block_size": 309.6060904320933,
  "dropout": 0.42491676942844014,
  "epsilon": 0.00016743830428587366,
  "lr": 0.03547204256408963,
  "n_embd": 36.85183391597035,
  "n_head": 3.313676020984059,
  "n_layer": 2.1208972342750396,
  "seed": 174513492.7971023,
  "weight_decay": 0.002742187074545666
}