{
  "batch_size": 50,
  "beta_1": 0.24942820051375958,
  "beta_2": 0.6594995878057966,
  "block_size": 366,
  "dropout": 0.13094426084371313,
  "epsilon": 0.00022375867723800703,
  "lr": 0.0036810795519504956,
  "n_embd": 33,
  "n_head": 4,
  "n_layer": 4,
  "seed": 1511338758,
  "weight_decay": 0.002817014974023283
}