{
  "batch_size": 30.855558452584102,
  "beta_1": 0.19615484473305794,
  "beta_2": 0.5336472076519736,
  "block_size": 376.1732322787571,
  "dropout": 0.18832680854214418,
  "epsilon": 0.0002587380587586742,
  "lr": 0.009026581402857168,
  "n_embd": 3.6731663928659954,
  "n_head": 4.534035245685228,
  "n_layer": 1.4202649943943555,
  "seed": 688809634.7139875,
  "weight_decay": 0.005277073389056822
}