{
  "batch_size": 91,
  "beta_1": 0.936747407212807,
  "beta_2": 0.9377752603576418,
  "block_size": 93,
  "dropout": 0.3619278088648294,
  "epsilon": 9.03204069902e-05,
  "lr": 0.011067447084179,
  "n_embd": 35,
  "n_head": 2,
  "n_layer": 6,
  "seed": 567735826.1119022,
  "weight_decay": 2.3950789768e-06
}