{
  "batch_size": 60.660699798016026,
  "beta_1": 0.8417502247369371,
  "beta_2": 0.28813286193880683,
  "block_size": 321.53148115097,
  "dropout": 0.25053756411379063,
  "epsilon": 4.996919016757082e-05,
  "lr": 0.00798940755250276,
  "n_embd": 30.67396441263329,
  "n_head": 1.5264539763270202,
  "n_layer": 1.8781876134695343,
  "seed": 2124769638.6433363,
  "weight_decay": 0.009280973374935702
}