{
  "batch_size": 35,
  "beta_1": 0.7750756485202844,
  "beta_2": 0.7839295606070685,
  "block_size": 201,
  "dropout": 0.2169220501454574,
  "epsilon": 3.162155356117824e-08,
  "lr": 9.431748416538758e-07,
  "n_embd": 38,
  "n_head": 6,
  "n_layer": 6,
  "seed": 713108275,
  "weight_decay": 1.6033567953931726e-06
}