{
  "batch_size": 84.51513225197394,
  "beta_1": 0.301819841060347,
  "beta_2": 0.2771671938544408,
  "block_size": 307.11448603320997,
  "dropout": 0.43581101322547333,
  "epsilon": 9.057085554067491e-05,
  "lr": 0.07934162866503931,
  "n_embd": 16.66856223524797,
  "n_head": 6.381431837525181,
  "n_layer": 2.747662624632155,
  "seed": 2108081335.9504814,
  "weight_decay": 0.00871409750819361
}