{
  "batch_size": 84,
  "beta_1": 0.8179100593496226,
  "beta_2": 0.7816203595232286,
  "block_size": 255,
  "dropout": 0.3621213304516284,
  "epsilon": 4.6688598e-09,
  "lr": 0.0034045983438962,
  "n_embd": 39,
  "n_head": 6,
  "n_layer": 5,
  "seed": 1947873902.3316627,
  "weight_decay": 0.0063249940979368
}