{
  "batch_size": 34,
  "beta_1": 0.8040137928517771,
  "beta_2": 0.5289143024839945,
  "block_size": 224,
  "dropout": 0.3180045415488082,
  "epsilon": 6.267874895329278e-10,
  "lr": 7.336537124859555e-05,
  "n_embd": 40,
  "n_head": 3,
  "n_layer": 3,
  "seed": 780115425,
  "weight_decay": 0.0012165993721873214
}