{
  "batch_size": 90,
  "beta_1": 0.32244141578089236,
  "beta_2": 0.5964170717039726,
  "block_size": 376,
  "dropout": 0.4693462719309728,
  "epsilon": 1.0150436192698574e-07,
  "lr": 5.035011207052121e-06,
  "n_embd": 19,
  "n_head": 2,
  "n_layer": 4,
  "seed": 980254107,
  "weight_decay": 3.317542920213208e-08
}