{
  "batch_size": 72.56869352710572,
  "beta_1": 0.910257371523721,
  "beta_2": 0.8000950349661771,
  "block_size": 269.3774533322834,
  "dropout": 0.3293454913587293,
  "epsilon": 9.641407617619827e-05,
  "lr": 0.08826331955627316,
  "n_embd": 49.09766467306299,
  "n_head": 6.789560500046653,
  "n_layer": 2.5615426911708563,
  "seed": 1004903775.5013701,
  "weight_decay": 0.009502088824389993
}