{
  "batch_size": 16.99340497326999,
  "beta_1": 0.5233495030581966,
  "beta_2": 0.8652419828737354,
  "block_size": 369.88863675456344,
  "dropout": 0.4300797824737532,
  "epsilon": 0.00010789038304471931,
  "lr": 0.019770333139862564,
  "n_embd": 1.881429957293999,
  "n_head": 5.8833320762840176,
  "n_layer": 5.957222949021382,
  "seed": 685492647.0513175,
  "weight_decay": 0.0008533136347315483
}