{
  "batch_size": 28,
  "beta_1": 0.8092125345127692,
  "beta_2": 0.7211711847223916,
  "block_size": 320,
  "dropout": 0.109510887840829,
  "epsilon": 5.222542e-10,
  "lr": 0.0002020229494682,
  "n_embd": 36,
  "n_head": 3,
  "n_layer": 6,
  "seed": 504806127.49564713,
  "weight_decay": 0.0032377631454632
}