{
  "batch_size": 77.77198415709125,
  "beta_1": 0.8004906672793258,
  "beta_2": 0.24645457234197995,
  "block_size": 140.18050175229848,
  "dropout": 0.348741919062872,
  "epsilon": 0.0006038716370690326,
  "lr": 0.014504193889584112,
  "n_embd": 16.271967453563615,
  "n_head": 1.437978524482653,
  "n_layer": 5.937143298501719,
  "seed": 1429699328.8672044,
  "weight_decay": 0.0041270022671933615
}