{
  "batch_size": 52.59953661073881,
  "beta_1": 0.8081676790284684,
  "beta_2": 0.8348915628581087,
  "block_size": 168.6471493991276,
  "dropout": 0.3576069574237364,
  "epsilon": 0.0008871665204591403,
  "lr": 0.08323210264245882,
  "n_embd": 29.045046573364353,
  "n_head": 4.334430931325953,
  "n_layer": 2.16861964878587,
  "seed": 1856581745.000738,
  "weight_decay": 0.001629212952551147
}