{
  "batch_size": 81.0227661827332,
  "beta_1": 0.7485721723200677,
  "beta_2": 0.9170161910621871,
  "block_size": 295.7364078498882,
  "dropout": 0.11623396272780578,
  "epsilon": 0.0007308944516669162,
  "lr": 0.036238198587811715,
  "n_embd": 29.846373573423737,
  "n_head": 2.17946733566696,
  "n_layer": 2.870637271148703,
  "seed": 1519533846.2123132,
  "weight_decay": 0.008908753744183198
}