{
  "batch_size": 83,
  "beta_1": 0.9585383357928715,
  "beta_2": 0.4224309496539662,
  "block_size": 310,
  "dropout": 0.31902914834882445,
  "epsilon": 3.522121467299347e-08,
  "lr": 3.9311325540559804e-05,
  "n_embd": 45,
  "n_head": 1,
  "n_layer": 3,
  "seed": 602643358,
  "weight_decay": 1.0207117901278982e-06
}