{
  "batch_size": 35,
  "beta_1": 0.4316560192904872,
  "beta_2": 0.8538564015512581,
  "block_size": 200,
  "dropout": 0.1639921215929018,
  "epsilon": 3.004229e-10,
  "lr": 4.0008339164e-06,
  "n_embd": 29,
  "n_head": 5,
  "n_layer": 5,
  "seed": 911627938.7187914,
  "weight_decay": 6.44936494367e-05
}