{
  "batch_size": 89.95131914315186,
  "beta_1": 0.48488505937802306,
  "beta_2": 0.7072247537290599,
  "block_size": 293.4802252208133,
  "dropout": 0.2963657391467159,
  "epsilon": 0.0008403380791771843,
  "lr": 0.03368833949980117,
  "n_embd": 33.01942380567228,
  "n_head": 3.459326903867792,
  "n_layer": 2.0634798998083514,
  "seed": 1486715473.6525877,
  "weight_decay": 0.008197890541194977
}