{
  "batch_size": 92,
  "beta_1": 0.45393824045182096,
  "beta_2": 0.7379020110510311,
  "block_size": 141,
  "dropout": 0.3186104776588058,
  "epsilon": 1.8439494199466415e-05,
  "lr": 0.0008125998000415866,
  "n_embd": 42,
  "n_head": 6,
  "n_layer": 3,
  "seed": 409148799,
  "weight_decay": 6.831778893523088e-05
}