{
  "batch_size": 72,
  "beta_1": 0.5242892275990183,
  "beta_2": 0.947590577960631,
  "block_size": 120,
  "dropout": 0.4753475020770006,
  "epsilon": 1.2003793e-08,
  "lr": 0.054752913218747,
  "n_embd": 21,
  "n_head": 3,
  "n_layer": 6,
  "seed": 1881395068.0479271,
  "weight_decay": 0.0002022860341117
}