{
  "batch_size": 88,
  "beta_1": 0.5541799397612361,
  "beta_2": 0.46943934414432154,
  "block_size": 167,
  "dropout": 0.37333607740919594,
  "epsilon": 2.6140872012923756e-07,
  "lr": 0.06759115042899105,
  "n_embd": 37,
  "n_head": 1,
  "n_layer": 6,
  "seed": 97194348,
  "weight_decay": 6.164780520183362e-05
}