{
  "batch_size": 27.801766269421833,
  "beta_1": 0.8214977440072957,
  "beta_2": 0.9138262303060436,
  "block_size": 206.82641180561356,
  "dropout": 0.3761930885851936,
  "epsilon": 0.000326565973879584,
  "lr": 0.06857214611543769,
  "n_embd": 8.935035120833836,
  "n_head": 5.576638526004944,
  "n_layer": 6.867601502960336,
  "seed": 687257009.0133271,
  "weight_decay": 0.007388438510149407
}