{
  "batch_size": 46.45134732998406,
  "beta_1": 0.7992003921446282,
  "beta_2": 0.9626477451275992,
  "block_size": 74.34891332972556,
  "dropout": 0.3541909430503015,
  "epsilon": 0.0004505404123918103,
  "lr": 0.0732354839236871,
  "n_embd": 28.74060070572055,
  "n_head": 3.1419458579258097,
  "n_layer": 1.3136298955448458,
  "seed": 492133350.8839164,
  "weight_decay": 0.006356655653853781
}