{
  "batch_size": 79,
  "beta_1": 0.3556600301786082,
  "beta_2": 0.9009291061800868,
  "block_size": 256,
  "dropout": 0.19332470394807,
  "epsilon": 3.45733086e-08,
  "lr": 0.0005941883846007,
  "n_embd": 46,
  "n_head": 4,
  "n_layer": 6,
  "seed": 1672007897.5539947,
  "weight_decay": 4.446334314e-07
}