{
  "batch_size": 78.61976672973478,
  "beta_1": 0.8381818847347385,
  "beta_2": 0.5618564442028782,
  "block_size": 319.05523717680387,
  "dropout": 0.13700253186473965,
  "epsilon": 0.0008188427050548581,
  "lr": 0.017870784186879363,
  "n_embd": 22.413107806985483,
  "n_head": 6.595406734875227,
  "n_layer": 6.338299671762632,
  "seed": 656903309.992366,
  "weight_decay": 0.0006949914544860646
}