{
  "batch_size": 74,
  "beta_1": 0.3815629315070942,
  "beta_2": 0.9403697659714616,
  "block_size": 183,
  "dropout": 0.1499617889653874,
  "epsilon": 4.77622163852e-05,
  "lr": 0.0006229834237829,
  "n_embd": 42,
  "n_head": 5,
  "n_layer": 4,
  "seed": 655314046.2928897,
  "weight_decay": 0.0045490124124298
}