{
  "batch_size": 53,
  "beta_1": 0.8758910841404245,
  "beta_2": 0.9004122841996756,
  "block_size": 98,
  "dropout": 0.1864775854379922,
  "epsilon": 0.0004228129779863,
  "lr": 0.0001950487637,
  "n_embd": 11,
  "n_head": 5,
  "n_layer": 5,
  "seed": 650588790.3097382,
  "weight_decay": 0.0005103086541503
}