{
  "batch_size": 36.319148508525245,
  "beta_1": 0.5054550802727633,
  "beta_2": 0.7384064473080689,
  "block_size": 227.17738735507777,
  "dropout": 0.3941141517772411,
  "epsilon": 0.0003577820172968412,
  "lr": 0.07218908288080954,
  "n_embd": 2.6649605852123233,
  "n_head": 2.74546245653981,
  "n_layer": 4.526989492525374,
  "seed": 684967202.8105198,
  "weight_decay": 0.00847201259086822
}