{
  "batch_size": 20.723042062965483,
  "beta_1": 0.48687651598057524,
  "beta_2": 0.45893494983967886,
  "block_size": 118.79645748609013,
  "dropout": 0.4182035430926675,
  "epsilon": 0.0005653851437814243,
  "lr": 0.050902476795581124,
  "n_embd": 36.256590196022934,
  "n_head": 4.316516010389954,
  "n_layer": 2.050372661339309,
  "seed": 1613843364.4301937,
  "weight_decay": 0.007156648031589259
}