{
  "batch_size": 81,
  "beta_1": 0.3730407706219568,
  "beta_2": 0.3770655392359493,
  "block_size": 299,
  "dropout": 0.2439939792520307,
  "epsilon": 6.348533873e-07,
  "lr": 1.5991554681e-06,
  "n_embd": 5,
  "n_head": 6,
  "n_layer": 3,
  "seed": 1302120772.5848262,
  "weight_decay": 0.0001781384815053
}