{
  "batch_size": 81,
  "beta_1": 0.4548633763801564,
  "beta_2": 0.593245906866624,
  "block_size": 283,
  "dropout": 0.1744544425804774,
  "epsilon": 0.00018775416371212344,
  "lr": 0.0003933037619138624,
  "n_embd": 21,
  "n_head": 3,
  "n_layer": 6,
  "seed": 403831920,
  "weight_decay": 2.5167756465238328e-05
}