{
  "batch_size": 37,
  "beta_1": 0.2132210365984345,
  "beta_2": 0.6546369370186615,
  "block_size": 351,
  "dropout": 0.4626378651472668,
  "epsilon": 6.59660966e-07,
  "lr": 0.0046313031875336,
  "n_embd": 46,
  "n_head": 5,
  "n_layer": 1,
  "seed": 721186951.983538,
  "weight_decay": 8.26248884e-08
}