{
  "batch_size": 58,
  "beta_1": 0.9531877646788237,
  "beta_2": 0.4757838793905116,
  "block_size": 69,
  "dropout": 0.214970218167166,
  "epsilon": 0.00027370506803502706,
  "lr": 0.0002482093316720901,
  "n_embd": 17,
  "n_head": 5,
  "n_layer": 4,
  "seed": 874143798,
  "weight_decay": 7.748696424306146e-07
}