{
  "batch_size": 44,
  "beta_1": 0.4953009585606031,
  "beta_2": 0.7132709954307873,
  "block_size": 214,
  "dropout": 0.2785892969536012,
  "epsilon": 1.4278089512e-06,
  "lr": 0.0092954332618724,
  "n_embd": 42,
  "n_head": 4,
  "n_layer": 6,
  "seed": 1864359640.992898,
  "weight_decay": 8.0419556103e-05
}