{
  "batch_size": 21,
  "beta_1": 0.3769193657179378,
  "beta_2": 0.5845701246310963,
  "block_size": 384,
  "dropout": 0.14996129377681222,
  "epsilon": 1.7611511239223346e-06,
  "lr": 8.632352641596059e-05,
  "n_embd": 5,
  "n_head": 5,
  "n_layer": 6,
  "seed": 904720850,
  "weight_decay": 5.286530350772244e-05
}