{
  "batch_size": 35,
  "beta_1": 0.7059984950197209,
  "beta_2": 0.6143473465795786,
  "block_size": 105,
  "dropout": 0.4665442298385528,
  "epsilon": 0.00012664298484095924,
  "lr": 1.689860857819765e-05,
  "n_embd": 39,
  "n_head": 6,
  "n_layer": 3,
  "seed": 714410716,
  "weight_decay": 0.00220573665534449
}