{
  "batch_size": 41.18306741426421,
  "beta_1": 0.6632418015226145,
  "beta_2": 0.9561578700116354,
  "block_size": 148.56921465549578,
  "dropout": 0.15555679876482206,
  "epsilon": 0.00019351935411056432,
  "lr": 0.0882333884170308,
  "n_embd": 27.65210852154723,
  "n_head": 4.346924633094479,
  "n_layer": 4.485913460041934,
  "seed": 283247525.47594315,
  "weight_decay": 0.00173847490489524
}