{
  "batch_size": 57,
  "beta_1": 0.7648837881042889,
  "beta_2": 0.8547595673474165,
  "block_size": 346,
  "dropout": 0.3056597578723892,
  "epsilon": 1.113375151101845e-07,
  "lr": 1.1144305451874942e-06,
  "n_embd": 10,
  "n_head": 1,
  "n_layer": 3,
  "seed": 1645781515,
  "weight_decay": 7.857361760011617e-05
}