{
  "batch_size": 17.27753471829755,
  "beta_1": 0.23102641045491737,
  "beta_2": 0.10185783259321647,
  "block_size": 252.2447773390227,
  "dropout": 0.3144944658366229,
  "epsilon": 0.0006722758552814402,
  "lr": 0.05549902279706629,
  "n_embd": 5.48272866136668,
  "n_head": 4.912851956930067,
  "n_layer": 3.768994667263841,
  "seed": 548648301.063872,
  "weight_decay": 0.002785788898292889
}