{
  "batch_size": 33.53067060740836,
  "beta_1": 0.3572995266593505,
  "beta_2": 0.9122395183326061,
  "block_size": 73.36577717168767,
  "dropout": 0.47292435499994645,
  "epsilon": 0.00021147950703106707,
  "lr": 0.0774103331365792,
  "n_embd": 10.991128348728482,
  "n_head": 2.2919463680710415,
  "n_layer": 3.9115654071407913,
  "seed": 1608903064.1412363,
  "weight_decay": 0.0015773802904542095
}