{
  "batch_size": 39.94403760513022,
  "beta_1": 0.6119213902520022,
  "beta_2": 0.4494459256831136,
  "block_size": 88.29076791149362,
  "dropout": 0.43624734354491623,
  "epsilon": 0.0005734091927135761,
  "lr": 0.050121790562029686,
  "n_embd": 28.988757703407614,
  "n_head": 1.0898015123177716,
  "n_layer": 1.5468680446481586,
  "seed": 1583114631.6232805,
  "weight_decay": 0.009658377126246067
}