{
  "batch_size": 53.869736283332244,
  "beta_1": 0.5224787627451142,
  "beta_2": 0.3378028836090342,
  "block_size": 184.95807271249015,
  "dropout": 0.39846699796453944,
  "epsilon": 0.0005472826361832987,
  "lr": 0.02040681730408941,
  "n_embd": 30.838790949272866,
  "n_head": 4.338334406859812,
  "n_layer": 5.29656619638284,
  "seed": 1136632731.7440138,
  "weight_decay": 0.0009500723602308101
}