{
  "batch_size": 53,
  "beta_1": 0.9856357148518723,
  "beta_2": 0.6143371229743609,
  "block_size": 256,
  "dropout": 0.3948831923617312,
  "epsilon": 5.597026688776056e-09,
  "lr": 1.9473793868852164e-05,
  "n_embd": 1,
  "n_head": 1,
  "n_layer": 2,
  "seed": 816670720,
  "weight_decay": 7.421629055893718e-08
}