{
  "batch_size": 54,
  "beta_1": 0.7460039889369378,
  "beta_2": 0.6477244005760665,
  "block_size": 269,
  "dropout": 0.2011871304962051,
  "epsilon": 1.4342793e-08,
  "lr": 0.000902523127295,
  "n_embd": 48,
  "n_head": 5,
  "n_layer": 3,
  "seed": 1184592576.462026,
  "weight_decay": 4.0879977e-08
}