{
  "batch_size": 63.97822520036737,
  "beta_1": 0.10285985380701092,
  "beta_2": 0.6565456773413946,
  "block_size": 227.4766528094848,
  "dropout": 0.40021001936028056,
  "epsilon": 0.0007656957589724842,
  "lr": 0.01358792440129719,
  "n_embd": 15.481520084787395,
  "n_head": 4.368321118406676,
  "n_layer": 2.4715029969428466,
  "seed": 1020586177.6267203,
  "weight_decay": 0.007351296414951974
}