{
  "batch_size": 53.56174102959913,
  "beta_1": 0.89065019661805,
  "beta_2": 0.9158882662011546,
  "block_size": 74.13026670279915,
  "dropout": 0.3275045074485128,
  "epsilon": 0.0004533904410646951,
  "lr": 0.04033235552178975,
  "n_embd": 18.287664752404684,
  "n_head": 1.040531011911405,
  "n_layer": 5.746015796493674,
  "seed": 1963669023.7810059,
  "weight_decay": 0.0005979510088987297
}