{
  "batch_size": 87.07496141312532,
  "beta_1": 0.20785963959271248,
  "beta_2": 0.4637769814559728,
  "block_size": 322.09448211035624,
  "dropout": 0.3407466390900945,
  "epsilon": 0.0007880584446805094,
  "lr": 0.031932533204209045,
  "n_embd": 46.75222931516234,
  "n_head": 4.850765426054043,
  "n_layer": 5.367329186494509,
  "seed": 3574979.961786894,
  "weight_decay": 0.009346933195644285
}