{
  "batch_size": 16.40680581041275,
  "beta_1": 0.5718233654391612,
  "beta_2": 0.9258795765387111,
  "block_size": 112.3730500111754,
  "dropout": 0.4470709719514574,
  "epsilon": 0.0009349993136907937,
  "lr": 0.08996290190121056,
  "n_embd": 10.847286433997787,
  "n_head": 1.2331301086303526,
  "n_layer": 1.509771682953776,
  "seed": 1943730749.5845718,
  "weight_decay": 0.006210545784464152
}