{
  "batch_size": 96,
  "beta_1": 0.6860472013348059,
  "beta_2": 0.2708485347254364,
  "block_size": 121,
  "dropout": 0.10376154402713543,
  "epsilon": 4.138911967534298e-06,
  "lr": 0.04873960870075166,
  "n_embd": 33,
  "n_head": 4,
  "n_layer": 4,
  "seed": 486828347,
  "weight_decay": 1.1234910818005747e-08
}