{
  "batch_size": 46,
  "beta_1": 0.8354932819956994,
  "beta_2": 0.6318754153908084,
  "block_size": 177,
  "dropout": 0.2468578058072076,
  "epsilon": 1.76776697728e-05,
  "lr": 0.0001047960725417,
  "n_embd": 4,
  "n_head": 3,
  "n_layer": 3,
  "seed": 2114521740.4902015,
  "weight_decay": 8.989745425e-07
}