{
  "batch_size": 49,
  "beta_1": 0.8371452485997186,
  "beta_2": 0.900217178125263,
  "block_size": 328,
  "dropout": 0.43553807066137384,
  "epsilon": 3.526159437068082e-05,
  "lr": 0.00011882907970430499,
  "n_embd": 23,
  "n_head": 4,
  "n_layer": 1,
  "seed": 1562469095,
  "weight_decay": 5.412514103649923e-06
}