{
  "batch_size": 94.40524262102576,
  "beta_1": 0.11106295660997512,
  "beta_2": 0.40594243827372467,
  "block_size": 350.503662881823,
  "dropout": 0.3180919817037654,
  "epsilon": 0.0004843504940585847,
  "lr": 0.06151373875255488,
  "n_embd": 24.965421941855524,
  "n_head": 2.0253122948907762,
  "n_layer": 6.839927073282721,
  "seed": 1483925483.332433,
  "weight_decay": 0.0017147114692339256
}