{
  "batch_size": 24.139329706465375,
  "beta_1": 0.6763276043399296,
  "beta_2": 0.20350175530901388,
  "block_size": 71.12211261616831,
  "dropout": 0.23507853470043794,
  "epsilon": 0.0009885383137850938,
  "lr": 0.07538148755885,
  "n_embd": 29.307513753224242,
  "n_head": 2.9119922751647755,
  "n_layer": 2.3630410353896956,
  "seed": 1561052817.1947112,
  "weight_decay": 0.006655357152097669
}