{
  "batch_size": 17.06408403203431,
  "beta_1": 0.23743363937050824,
  "beta_2": 0.5429839008455707,
  "block_size": 207.58523432895421,
  "dropout": 0.15508025052135832,
  "epsilon": 0.00033082036064926144,
  "lr": 0.07824690537885387,
  "n_embd": 26.840675669026968,
  "n_head": 1.781808017563899,
  "n_layer": 5.686536453253417,
  "seed": 1306672333.93373,
  "weight_decay": 0.00234869961560554
}