{
  "batch_size": 72.77023563020518,
  "beta_1": 0.9651145747298465,
  "beta_2": 0.4839569157340545,
  "block_size": 347.8127947924792,
  "dropout": 0.10677546266792906,
  "epsilon": 0.0008433755147711552,
  "lr": 0.0335761293782664,
  "n_embd": 26.686674861400228,
  "n_head": 5.79677511782188,
  "n_layer": 5.23339636319978,
  "seed": 753104327.9146154,
  "weight_decay": 0.008011165969768159
}