{
  "batch_size": 95.4191423359023,
  "beta_1": 0.3985177156801276,
  "beta_2": 0.397372836469985,
  "block_size": 148.818089536611,
  "dropout": 0.443685266893181,
  "epsilon": 0.000931161011589643,
  "lr": 0.0352196555335043,
  "n_embd": 6.7759353028090015,
  "n_head": 4.426047793893629,
  "n_layer": 2.359950519535535,
  "seed": 746376012.6522828,
  "weight_decay": 0.006728856107601881
}