{
  "batch_size": 32,
  "beta_1": 0.8855407042156018,
  "beta_2": 0.9307424155708578,
  "block_size": 207,
  "dropout": 0.2823407093750904,
  "epsilon": 3.6312145254025856e-10,
  "lr": 4.664019857277335e-06,
  "n_embd": 38,
  "n_head": 4,
  "n_layer": 4,
  "seed": 1517098975,
  "weight_decay": 0.00010860427009576386
}