{
  "batch_size": 41,
  "beta_1": 0.30586847523070065,
  "beta_2": 0.517739432483345,
  "block_size": 117,
  "dropout": 0.11769244410855523,
  "epsilon": 5.4658845916140575e-06,
  "lr": 3.895701520386685e-05,
  "n_embd": 6,
  "n_head": 5,
  "n_layer": 4,
  "seed": 1660904084,
  "weight_decay": 1.8960825686796603e-06
}