{
  "batch_size": 44.16398995503115,
  "beta_1": 0.9704215038574274,
  "beta_2": 0.1717214046051848,
  "block_size": 236.2889726448716,
  "dropout": 0.4505057562746636,
  "epsilon": 0.0005239720775552388,
  "lr": 0.08997645131747578,
  "n_embd": 32.101612152006325,
  "n_head": 3.825299082074192,
  "n_layer": 5.78347279427377,
  "seed": 1706993742.2315955,
  "weight_decay": 0.009235594790182154
}