{
  "batch_size": 94,
  "beta_1": 0.8922871134333159,
  "beta_2": 0.9878423427169912,
  "block_size": 181,
  "dropout": 0.2563857485706534,
  "epsilon": 2.8727706982835308e-06,
  "lr": 0.0008082709901077377,
  "n_embd": 5,
  "n_head": 5,
  "n_layer": 3,
  "seed": 469283080,
  "weight_decay": 9.284380314848184e-08
}