{
  "batch_size": 87,
  "beta_1": 0.7950699318363903,
  "beta_2": 0.874159094758203,
  "block_size": 271,
  "dropout": 0.2530960804679805,
  "epsilon": 5.464766e-09,
  "lr": 0.0007721160548929,
  "n_embd": 39,
  "n_head": 4,
  "n_layer": 2,
  "seed": 1656198703.9394248,
  "weight_decay": 4.77269203918e-05
}