{
  "batch_size": 53,
  "beta_1": 0.6718423040809813,
  "beta_2": 0.9545043966830173,
  "block_size": 76,
  "dropout": 0.19352338457134938,
  "epsilon": 2.2453235633732836e-05,
  "lr": 2.294305598037112e-06,
  "n_embd": 1,
  "n_head": 2,
  "n_layer": 3,
  "seed": 1713211979,
  "weight_decay": 3.43978654653508e-07
}