{
  "batch_size": 94.35201887212041,
  "beta_1": 0.2249602747672409,
  "beta_2": 0.28928585303101234,
  "block_size": 299.8169848525987,
  "dropout": 0.22433463274644216,
  "epsilon": 0.0007687067832215426,
  "lr": 0.07498617730452262,
  "n_embd": 5.661783167622832,
  "n_head": 5.467946253914941,
  "n_layer": 4.692164193601649,
  "seed": 352165020.04627985,
  "weight_decay": 0.004522292392618239
}