{
  "batch_size": 95.45176701496945,
  "beta_1": 0.4939880692348917,
  "beta_2": 0.4504286444680339,
  "block_size": 168.4139297288509,
  "dropout": 0.354688527850051,
  "epsilon": 6.54474242605369e-05,
  "lr": 0.0558126458932159,
  "n_embd": 49.4381283671629,
  "n_head": 1.0089205059558364,
  "n_layer": 5.23270231147278,
  "seed": 1004765457.8716785,
  "weight_decay": 0.0064792300148301014
}