{
  "batch_size": 75,
  "beta_1": 0.180586146462439,
  "beta_2": 0.572814962647922,
  "block_size": 74,
  "dropout": 0.49917927296628106,
  "epsilon": 0.00029156883657339197,
  "lr": 0.020337938985632038,
  "n_embd": 30,
  "n_head": 1,
  "n_layer": 4,
  "seed": 1517884222,
  "weight_decay": 4.800252928291238e-08
}