{
  "batch_size": 50.27622550761127,
  "beta_1": 0.9766223884844794,
  "beta_2": 0.6930816593711374,
  "block_size": 219.2868044406074,
  "dropout": 0.1337856894877567,
  "epsilon": 0.0005569652114052587,
  "lr": 0.036257930047836645,
  "n_embd": 24.04566116102388,
  "n_head": 4.940629018299521,
  "n_layer": 3.0060662781483223,
  "seed": 1407160783.0391562,
  "weight_decay": 0.00663607331458858
}