{
  "batch_size": 27.010245851741697,
  "beta_1": 0.6614358168849516,
  "beta_2": 0.7549353279822898,
  "block_size": 325.6731233191637,
  "dropout": 0.1252048925393722,
  "epsilon": 0.0006738606767221354,
  "lr": 0.047409381710333584,
  "n_embd": 20.22487528848514,
  "n_head": 5.465273913519438,
  "n_layer": 5.973709489337572,
  "seed": 676136368.2776704,
  "weight_decay": 0.0012886576123919819
}