{
  "batch_size": 41,
  "beta_1": 0.2732823593410894,
  "beta_2": 0.1551383862058038,
  "block_size": 111,
  "dropout": 0.1824320984976199,
  "epsilon": 1.6686908e-09,
  "lr": 0.0004999331425387,
  "n_embd": 5,
  "n_head": 1,
  "n_layer": 5,
  "seed": 1892056241.1137476,
  "weight_decay": 3.57816428e-08
}