{
  "batch_size": 53.93478638532834,
  "beta_1": 0.5957970420554561,
  "beta_2": 0.9154803422439105,
  "block_size": 120.9058890977658,
  "dropout": 0.2652256939900349,
  "epsilon": 0.0009713125899426837,
  "lr": 0.00033036223440741666,
  "n_embd": 41.86333048396791,
  "n_head": 3.702775452956308,
  "n_layer": 2.961807244195638,
  "seed": 1196310864.4033108,
  "weight_decay": 0.0017187123180435091
}