{
  "batch_size": 78.43215594068545,
  "beta_1": 0.1636713358321834,
  "beta_2": 0.3607372843669808,
  "block_size": 162.7060584178118,
  "dropout": 0.3645801451900347,
  "epsilon": 0.0009683549833124851,
  "lr": 0.08929756017391567,
  "n_embd": 27.984338020112098,
  "n_head": 5.448035626758952,
  "n_layer": 3.180556061550238,
  "seed": 613208027.1819015,
  "weight_decay": 0.002853419878123996
}