{
  "batch_size": 95,
  "beta_1": 0.11397299064310036,
  "beta_2": 0.6196725944106358,
  "block_size": 381,
  "dropout": 0.4832719014280298,
  "epsilon": 2.2110049489979476e-08,
  "lr": 1.1750147214918266e-06,
  "n_embd": 40,
  "n_head": 1,
  "n_layer": 3,
  "seed": 158881756,
  "weight_decay": 9.649700298406881e-07
}