{
  "batch_size": 72,
  "beta_1": 0.8745048394197856,
  "beta_2": 0.9993436556731504,
  "block_size": 313,
  "dropout": 0.1071829540296147,
  "epsilon": 0.0002637621226847,
  "lr": 0.0009957790314083,
  "n_embd": 41,
  "n_head": 6,
  "n_layer": 5,
  "seed": 2035241678.1133506,
  "weight_decay": 6.3346500584e-06
}