{
  "batch_size": 77.41054940399802,
  "beta_1": 0.8672437200011022,
  "beta_2": 0.12229691700180603,
  "block_size": 347.1957272780496,
  "dropout": 0.26617279542349426,
  "epsilon": 0.0007399120787945604,
  "lr": 0.05347366304544656,
  "n_embd": 20.319370873803113,
  "n_head": 5.440653350725631,
  "n_layer": 3.4946994131306757,
  "seed": 10899130.36272517,
  "weight_decay": 0.004237115299824658
}