{
  "batch_size": 34.11882561273046,
  "beta_1": 0.8670916008165616,
  "beta_2": 0.8878278900934596,
  "block_size": 281.86846005963554,
  "dropout": 0.47480188175549987,
  "epsilon": 0.0009073674338758263,
  "lr": 0.06774448958516555,
  "n_embd": 42.080850524321306,
  "n_head": 3.3838980450816942,
  "n_layer": 2.8598767727220884,
  "seed": 1613854150.2869775,
  "weight_decay": 0.0011563816196279199
}