{
  "batch_size": 30.074496861442725,
  "beta_1": 0.2534033617131973,
  "beta_2": 0.3650810428058504,
  "block_size": 327.1559654297293,
  "dropout": 0.452551804103,
  "epsilon": 0.0007584894016274781,
  "lr": 0.027835132494082624,
  "n_embd": 30.690408619284447,
  "n_head": 2.8872598853879787,
  "n_layer": 1.5402672995102213,
  "seed": 787654040.24249,
  "weight_decay": 0.0012153162451998972
}