{
  "batch_size": 94,
  "beta_1": 0.2554458112084444,
  "beta_2": 0.6586236956467185,
  "block_size": 294,
  "dropout": 0.4742487506763896,
  "epsilon": 1.0281145765e-06,
  "lr": 4.66502785275e-05,
  "n_embd": 46,
  "n_head": 1,
  "n_layer": 5,
  "seed": 646804353.2489923,
  "weight_decay": 2.745750295e-07
}