{
  "batch_size": 95,
  "beta_1": 0.3433158686279253,
  "beta_2": 0.13324376889597656,
  "block_size": 195,
  "dropout": 0.4775288005824252,
  "epsilon": 4.340656560476062e-08,
  "lr": 0.03654692572026844,
  "n_embd": 51,
  "n_head": 3,
  "n_layer": 4,
  "seed": 1858515773,
  "weight_decay": 0.00044116729200818907
}