{
  "batch_size": 93,
  "beta_1": 0.4757249139612828,
  "beta_2": 0.777244883681644,
  "block_size": 280,
  "dropout": 0.3225682720973019,
  "epsilon": 0.0008359875143707,
  "lr": 0.0001870331383541,
  "n_embd": 40,
  "n_head": 5,
  "n_layer": 3,
  "seed": 405289196.01614463,
  "weight_decay": 6.0392057e-08
}