{
  "batch_size": 90.36742313490758,
  "beta_1": 0.350591999010306,
  "beta_2": 0.4253125536825768,
  "block_size": 117.13247139843885,
  "dropout": 0.3293155051390971,
  "epsilon": 0.0009652971070286527,
  "lr": 0.07208687760750468,
  "n_embd": 43.11414610591491,
  "n_head": 4.730518726014106,
  "n_layer": 1.9687177101565756,
  "seed": 137895857.99042466,
  "weight_decay": 0.004430367594137364
}