{
  "batch_size": 41,
  "beta_1": 0.5486647787197236,
  "beta_2": 0.8306606633890501,
  "block_size": 321,
  "dropout": 0.1833588571368905,
  "epsilon": 1.589683e-10,
  "lr": 0.0002972486853265,
  "n_embd": 44,
  "n_head": 6,
  "n_layer": 3,
  "seed": 165258897.43648177,
  "weight_decay": 1.52171632e-08
}