{
  "batch_size": 79.61714184180161,
  "beta_1": 0.7762965882901227,
  "beta_2": 0.6647376467935062,
  "block_size": 314.0094142773704,
  "dropout": 0.2177079437266551,
  "epsilon": 0.000884743006176338,
  "lr": 0.01937548309972478,
  "n_embd": 28.47607632365928,
  "n_head": 6.081584942313186,
  "n_layer": 6.2984148539569,
  "seed": 1374888321.2580702,
  "weight_decay": 0.004903052958398247
}