{
  "batch_size": 75.58621095390342,
  "beta_1": 0.33190787771661223,
  "beta_2": 0.14972638662652232,
  "block_size": 252.44506051238608,
  "dropout": 0.46510271405531534,
  "epsilon": 0.0007005905269256003,
  "lr": 0.06359764876771896,
  "n_embd": 12.807704869246528,
  "n_head": 4.445218719734867,
  "n_layer": 6.413444598396182,
  "seed": 147009257.9889332,
  "weight_decay": 0.0030649186968350972
}