{
  "batch_size": 84.82970617120533,
  "beta_1": 0.732539687010705,
  "beta_2": 0.3534310043421459,
  "block_size": 115.13625391046553,
  "dropout": 0.12392738054418016,
  "epsilon": 0.0007024723409343312,
  "lr": 0.03276096405840982,
  "n_embd": 0.8475545225499315,
  "n_head": 4.432093982157394,
  "n_layer": 5.556094081267545,
  "seed": 10622102.78003781,
  "weight_decay": 0.008743677101102286
}