{
  "batch_size": 34.164736897195056,
  "beta_1": 0.8716259326288402,
  "beta_2": 0.3354868092462514,
  "block_size": 249.13470876414772,
  "dropout": 0.39161297621034485,
  "epsilon": 0.0006710359024187122,
  "lr": 0.06850507178688835,
  "n_embd": 34.95743329324145,
  "n_head": 4.156706759192188,
  "n_layer": 4.456605180794373,
  "seed": 1382209175.579758,
  "weight_decay": 0.0029814507723718788
}