{
  "batch_size": 47.12097372006711,
  "beta_1": 0.1829903179070425,
  "beta_2": 0.10588356738763616,
  "block_size": 178.0042770953787,
  "dropout": 0.1336413059842451,
  "epsilon": 0.0007946324411616923,
  "lr": 0.0965964271410228,
  "n_embd": 22.233872893485145,
  "n_head": 1.9367897769087818,
  "n_layer": 2.2551114701381385,
  "seed": 628129659.8219701,
  "weight_decay": 0.003883726063390753
}