{
  "batch_size": 65,
  "beta_1": 0.920171737103394,
  "beta_2": 0.9089583369110124,
  "block_size": 72,
  "dropout": 0.1036835889239904,
  "epsilon": 2.0493870035e-06,
  "lr": 0.0167523753422996,
  "n_embd": 42,
  "n_head": 4,
  "n_layer": 2,
  "seed": 1480170336.7105958,
  "weight_decay": 1.222777993e-07
}