{
  "batch_size": 77,
  "beta_1": 0.2955514738186635,
  "beta_2": 0.567430869992653,
  "block_size": 259,
  "dropout": 0.4964105671262037,
  "epsilon": 0.0008367721583275682,
  "lr": 2.3260022682462456e-05,
  "n_embd": 19,
  "n_head": 4,
  "n_layer": 6,
  "seed": 1645969382,
  "weight_decay": 0.00030084567308159783
}