{
  "batch_size": 76.32073673885972,
  "beta_1": 0.7529865125542355,
  "beta_2": 0.508737928368951,
  "block_size": 310.1871418870777,
  "dropout": 0.43854359512539176,
  "epsilon": 0.0003046663376914177,
  "lr": 0.0822069235943141,
  "n_embd": 52.70074636539181,
  "n_head": 2.5455534932539274,
  "n_layer": 6.227630923146894,
  "seed": 397008578.5017675,
  "weight_decay": 0.005496278408287343
}