{
  "batch_size": 59.192702509079005,
  "beta_1": 0.17646832768001958,
  "beta_2": 0.5063638146476745,
  "block_size": 108.51748071930673,
  "dropout": 0.2390520941352684,
  "epsilon": 0.0007622504552882065,
  "lr": 0.0398640913868565,
  "n_embd": 38.396681083528925,
  "n_head": 3.381837126308285,
  "n_layer": 4.944529642808736,
  "seed": 1036110010.9917363,
  "weight_decay": 0.004432453492427144
}