{
  "batch_size": 32,
  "beta_1": 0.6788416286399059,
  "beta_2": 0.5032993817219209,
  "block_size": 209,
  "dropout": 0.14519818799297754,
  "epsilon": 4.546000224791933e-10,
  "lr": 1.2843302975252597e-05,
  "n_embd": 0,
  "n_head": 5,
  "n_layer": 2,
  "seed": 854471191,
  "weight_decay": 8.648444835235057e-08
}