{
  "batch_size": 23,
  "beta_1": 0.673779197099858,
  "beta_2": 0.9570784280698569,
  "block_size": 362,
  "dropout": 0.15645942552888883,
  "epsilon": 6.105151377963803e-10,
  "lr": 2.364167419948464e-05,
  "n_embd": 22,
  "n_head": 3,
  "n_layer": 5,
  "seed": 1819075936,
  "weight_decay": 1.1926895436503551e-08
}