{
  "batch_size": 67,
  "beta_1": 0.1333858273081874,
  "beta_2": 0.2787689623710533,
  "block_size": 204,
  "dropout": 0.3210925108964,
  "epsilon": 2.357751e-10,
  "lr": 0.0006858324532012,
  "n_embd": 13,
  "n_head": 5,
  "n_layer": 6,
  "seed": 592965568.6699905,
  "weight_decay": 7.25175936e-07
}