{
  "batch_size": 27.970527969044745,
  "beta_1": 0.21270959969897507,
  "beta_2": 0.8772374176261664,
  "block_size": 136.98704456171095,
  "dropout": 0.20321836874033794,
  "epsilon": 0.00010737726266272482,
  "lr": 0.0919759265001989,
  "n_embd": 51.65196798038453,
  "n_head": 4.797565698275351,
  "n_layer": 5.861078291992855,
  "seed": 1812146763.0634165,
  "weight_decay": 0.00022571996345930099
}