{
  "batch_size": 64,
  "beta_1": 0.5035435491721815,
  "beta_2": 0.7528110723911127,
  "block_size": 242,
  "dropout": 0.40159087004539323,
  "epsilon": 6.533361765162675e-05,
  "lr": 0.0009145231470543898,
  "n_embd": 45,
  "n_head": 1,
  "n_layer": 3,
  "seed": 420100198,
  "weight_decay": 0.0012847565025377152
}