{
  "batch_size": 24,
  "beta_1": 0.7932285643294817,
  "beta_2": 0.6098302020089871,
  "block_size": 200,
  "dropout": 0.12170749281989009,
  "epsilon": 7.980227997338069e-06,
  "lr": 0.013313273710964312,
  "n_embd": 27,
  "n_head": 5,
  "n_layer": 6,
  "seed": 658013567,
  "weight_decay": 6.816491295048616e-06
}