{
  "batch_size": 23.467504548213938,
  "beta_1": 0.6344816927439955,
  "beta_2": 0.5519054373413467,
  "block_size": 113.72151502328889,
  "dropout": 0.20402326598986656,
  "epsilon": 0.0008328871914934511,
  "lr": 0.007366141295778955,
  "n_embd": 8.428389068526352,
  "n_head": 2.8867480761802726,
  "n_layer": 5.597099408031047,
  "seed": 1969658543.348947,
  "weight_decay": 0.002764898012109204
}