{
  "batch_size": 49,
  "beta_1": 0.6191172466957583,
  "beta_2": 0.9130319785502174,
  "block_size": 198,
  "dropout": 0.1214643729743169,
  "epsilon": 5.7282361e-09,
  "lr": 0.0044608491353933,
  "n_embd": 17,
  "n_head": 4,
  "n_layer": 4,
  "seed": 524836778.59448034,
  "weight_decay": 0.0049391815286971
}