{
  "batch_size": 27,
  "beta_1": 0.8858891854521064,
  "beta_2": 0.2629489051291221,
  "block_size": 169,
  "dropout": 0.2866493599625114,
  "epsilon": 4.364497745895351e-05,
  "lr": 0.0033413373714997084,
  "n_embd": 24,
  "n_head": 6,
  "n_layer": 6,
  "seed": 12781000,
  "weight_decay": 4.157308475366273e-07
}