{
  "batch_size": 51,
  "beta_1": 0.8955243591015899,
  "beta_2": 0.7129640317717484,
  "block_size": 124,
  "dropout": 0.2231307312820257,
  "epsilon": 0.000233884797242,
  "lr": 0.0003564190880799,
  "n_embd": 17,
  "n_head": 3,
  "n_layer": 3,
  "seed": 1534301731.723904,
  "weight_decay": 1.12119947673e-05
}