{
  "batch_size": 85.10709883092416,
  "beta_1": 0.8738799080524525,
  "beta_2": 0.6645504906713147,
  "block_size": 96.811537545628,
  "dropout": 0.22373658057451476,
  "epsilon": 0.0008546983274977033,
  "lr": 0.04492598577790934,
  "n_embd": 20.043318788599414,
  "n_head": 1.9714691971942415,
  "n_layer": 4.421118858172933,
  "seed": 163955307.72811025,
  "weight_decay": 0.0006870373408850558
}