{
  "batch_size": 37.58406589135511,
  "beta_1": 0.8612085098365075,
  "beta_2": 0.7392606884904899,
  "block_size": 357.2834903018052,
  "dropout": 0.2044494381525584,
  "epsilon": 0.0009551734739706494,
  "lr": 0.0665304753687452,
  "n_embd": 2.334378509330671,
  "n_head": 2.6729641287809724,
  "n_layer": 6.194922113182765,
  "seed": 34063301.48213127,
  "weight_decay": 0.008932576397517293
}