{
  "batch_size": 38.153186084726045,
  "beta_1": 0.49368013549072454,
  "beta_2": 0.9575980662910244,
  "block_size": 377.8377007515486,
  "dropout": 0.38342539668525666,
  "epsilon": 0.00024750700614236575,
  "lr": 0.02109847549840895,
  "n_embd": 5.231778445104543,
  "n_head": 5.4549754901250145,
  "n_layer": 6.2641964946546835,
  "seed": 1847632850.9284205,
  "weight_decay": 0.004178770955582761
}