{
  "batch_size": 85,
  "beta_1": 0.10531858520628742,
  "beta_2": 0.13145272745445719,
  "block_size": 309,
  "dropout": 0.2282550240072797,
  "epsilon": 0.00041756964192120533,
  "lr": 2.3709552998766106e-05,
  "n_embd": 33,
  "n_head": 1,
  "n_layer": 1,
  "seed": 1798051554,
  "weight_decay": 1.2162940770140376e-06
}