{
  "batch_size": 18,
  "beta_1": 0.1840722483190562,
  "beta_2": 0.6345962117678223,
  "block_size": 346,
  "dropout": 0.3146211725252852,
  "epsilon": 1.07073073e-08,
  "lr": 0.0002272509306291,
  "n_embd": 46,
  "n_head": 4,
  "n_layer": 5,
  "seed": 677444101.2618229,
  "weight_decay": 3.32705008e-08
}