{
  "batch_size": 30,
  "beta_1": 0.2198489088082424,
  "beta_2": 0.2103392595378197,
  "block_size": 96,
  "dropout": 0.423923288784122,
  "epsilon": 5.7556944e-08,
  "lr": 0.0003091568305327,
  "n_embd": 43,
  "n_head": 5,
  "n_layer": 6,
  "seed": 1868049136.643777,
  "weight_decay": 6.003084039e-07
}