{
  "batch_size": 24,
  "beta_1": 0.7879990781922245,
  "beta_2": 0.422191426592206,
  "block_size": 247,
  "dropout": 0.37961024907498686,
  "epsilon": 2.4176059898875444e-07,
  "lr": 0.0006798042616175024,
  "n_embd": 41,
  "n_head": 6,
  "n_layer": 2,
  "seed": 8691287,
  "weight_decay": 1.5128127936813536e-07
}