{
  "batch_size": 77,
  "beta_1": 0.9304492788567622,
  "beta_2": 0.9262690499680112,
  "block_size": 288,
  "dropout": 0.18549371861535924,
  "epsilon": 0.00016705738238926275,
  "lr": 4.108288599232853e-06,
  "n_embd": 1,
  "n_head": 6,
  "n_layer": 1,
  "seed": 460399779,
  "weight_decay": 3.8932510483251526e-07
}