{
  "batch_size": 46.820463942679694,
  "beta_1": 0.7107981912703214,
  "beta_2": 0.2043936205952817,
  "block_size": 241.6203156769947,
  "dropout": 0.16688194367646247,
  "epsilon": 0.00026328765946603757,
  "lr": 0.004584320209439005,
  "n_embd": 8.238309883825332,
  "n_head": 3.495703019154876,
  "n_layer": 5.569138764446333,
  "seed": 1095339159.4541364,
  "weight_decay": 0.0022951822394550224
}