{
  "batch_size": 83.93127798702592,
  "beta_1": 0.711505198506181,
  "beta_2": 0.4988854697981605,
  "block_size": 265.4748651970558,
  "dropout": 0.1321139552140556,
  "epsilon": 0.0005453971398343239,
  "lr": 0.018991026139077008,
  "n_embd": 48.871680942134155,
  "n_head": 4.480366127597098,
  "n_layer": 1.7762126963697333,
  "seed": 1140443929.56142,
  "weight_decay": 0.008208785905046347
}