{
  "batch_size": 39.53633195758434,
  "beta_1": 0.7237114251233568,
  "beta_2": 0.6998038112228994,
  "block_size": 377.1052943112823,
  "dropout": 0.1172261287736725,
  "epsilon": 0.0003449106330724709,
  "lr": 0.0034507845379519266,
  "n_embd": 53.05345702446255,
  "n_head": 1.5024476932783573,
  "n_layer": 1.2157266461738057,
  "seed": 2130247588.530503,
  "weight_decay": 2.3906132372814747e-05
}