{
  "batch_size": 38,
  "beta_1": 0.2240743246496462,
  "beta_2": 0.6687256922706465,
  "block_size": 215,
  "dropout": 0.1904029992328731,
  "epsilon": 1.4802884e-09,
  "lr": 0.0002407380133761,
  "n_embd": 36,
  "n_head": 5,
  "n_layer": 5,
  "seed": 1914130661.8176172,
  "weight_decay": 0.0028785880573259
}