{
  "batch_size": 32.848000678244205,
  "beta_1": 0.1881047105267045,
  "beta_2": 0.11305321648789399,
  "block_size": 108.23504428955172,
  "dropout": 0.4585229626136227,
  "epsilon": 0.0005144406018011276,
  "lr": 0.01178951235632276,
  "n_embd": 51.427430568464,
  "n_head": 5.354245614904325,
  "n_layer": 3.6697597758389495,
  "seed": 1974892771.1247551,
  "weight_decay": 0.0012611202779701184
}