{
  "batch_size": 86,
  "beta_1": 0.3560519713897622,
  "beta_2": 0.6072688066176933,
  "block_size": 348,
  "dropout": 0.22797219699144963,
  "epsilon": 4.690612819855959e-09,
  "lr": 4.1371231951205294e-05,
  "n_embd": 30,
  "n_head": 2,
  "n_layer": 6,
  "seed": 1810798033,
  "weight_decay": 0.0014869475895011944
}