{
  "batch_size": 51.03917158405786,
  "beta_1": 0.14574794642049477,
  "beta_2": 0.8005558095012887,
  "block_size": 287.6785416827156,
  "dropout": 0.4687439040171095,
  "epsilon": 0.0008896687423362342,
  "lr": 0.09395723954333979,
  "n_embd": 51.03690339310651,
  "n_head": 1.7534937944662752,
  "n_layer": 1.4357048868285167,
  "seed": 545427659.3916899,
  "weight_decay": 0.0032711762172012203
}