{
  "batch_size": 69,
  "beta_1": 0.914594534236623,
  "beta_2": 0.9820700719994306,
  "block_size": 347,
  "dropout": 0.3690871318542065,
  "epsilon": 3.01072068e-07,
  "lr": 0.0585448841653666,
  "n_embd": 18,
  "n_head": 2,
  "n_layer": 2,
  "seed": 2071896303.6307592,
  "weight_decay": 0.0008982551895746
}