{
  "batch_size": 40.784858702488975,
  "beta_1": 0.6729099190298792,
  "beta_2": 0.36385322441767887,
  "block_size": 171.20663219785226,
  "dropout": 0.28959989117495605,
  "epsilon": 0.000902770823638286,
  "lr": 0.029435725157139554,
  "n_embd": 41.60232738481416,
  "n_head": 2.252061766198497,
  "n_layer": 3.5694637771914968,
  "seed": 1856358803.3385854,
  "weight_decay": 0.005617423670212935
}