{
  "batch_size": 71.6157115718573,
  "beta_1": 0.7246569482817842,
  "beta_2": 0.3482069490782258,
  "block_size": 326.15738226217894,
  "dropout": 0.352873528787919,
  "epsilon": 0.0009997194789497415,
  "lr": 0.09471566277096675,
  "n_embd": 46.449651865105444,
  "n_head": 5.326852686469634,
  "n_layer": 5.211626099859286,
  "seed": 511648633.91949826,
  "weight_decay": 0.005153844970660108
}