{
  "batch_size": 93,
  "beta_1": 0.7869684909866089,
  "beta_2": 0.33736253326876264,
  "block_size": 111,
  "dropout": 0.22810483779263246,
  "epsilon": 9.271807019303007e-06,
  "lr": 0.0909600661456546,
  "n_embd": 25,
  "n_head": 2,
  "n_layer": 4,
  "seed": 176020853,
  "weight_decay": 1.3549108021871909e-08
}