{
  "batch_size": 25,
  "beta_1": 0.2271044928694509,
  "beta_2": 0.6276905118527485,
  "block_size": 185,
  "dropout": 0.4228462187279958,
  "epsilon": 5.90689567744e-05,
  "lr": 0.0008485790334791,
  "n_embd": 24,
  "n_head": 2,
  "n_layer": 2,
  "seed": 1896596695.8205864,
  "weight_decay": 1.78536509e-08
}