{
  "batch_size": 60,
  "beta_1": 0.5308945260368715,
  "beta_2": 0.47579214462030994,
  "block_size": 295,
  "dropout": 0.3930660681159977,
  "epsilon": 0.00022218786477918955,
  "lr": 0.0016168187704824898,
  "n_embd": 2,
  "n_head": 1,
  "n_layer": 1,
  "seed": 1094731504,
  "weight_decay": 0.0003954416707778962
}