{
  "batch_size": 85,
  "beta_1": 0.6790559096901014,
  "beta_2": 0.7744721308685106,
  "block_size": 102,
  "dropout": 0.3515545963515009,
  "epsilon": 1.6030882930903925e-08,
  "lr": 0.02516518417553447,
  "n_embd": 8,
  "n_head": 3,
  "n_layer": 2,
  "seed": 573841931,
  "weight_decay": 6.443365312388378e-05
}