{
  "batch_size": 73,
  "beta_1": 0.6876203625178094,
  "beta_2": 0.28426596731966175,
  "block_size": 330,
  "dropout": 0.258480899868079,
  "epsilon": 1.690241210146328e-10,
  "lr": 0.004432521555938564,
  "n_embd": 12,
  "n_head": 5,
  "n_layer": 1,
  "seed": 1452772234,
  "weight_decay": 8.768014342177682e-08
}