{
  "batch_size": 47.95886693015706,
  "beta_1": 0.4477754717612966,
  "beta_2": 0.7748716636612197,
  "block_size": 245.93418761372186,
  "dropout": 0.4532162889566984,
  "epsilon": 0.0006706164052691175,
  "lr": 0.030406097945122067,
  "n_embd": 48.81176588150479,
  "n_head": 4.158963172230161,
  "n_layer": 2.3172659819595696,
  "seed": 642063711.7139188,
  "weight_decay": 0.008645033698481241
}