{
  "batch_size": 69.2763037959347,
  "beta_1": 0.2713412130394383,
  "beta_2": 0.6966545734422968,
  "block_size": 255.75442655675187,
  "dropout": 0.2104083776733422,
  "epsilon": 0.0002707886088495273,
  "lr": 0.050596692442827454,
  "n_embd": 10.234510824830265,
  "n_head": 5.064288969561961,
  "n_layer": 1.2131833854224188,
  "seed": 513654662.58381754,
  "weight_decay": 0.004343114880004595
}