{
  "batch_size": 20.778998462336126,
  "beta_1": 0.9269948215552664,
  "beta_2": 0.8441632846172981,
  "block_size": 220.4385978563184,
  "dropout": 0.4766949300002584,
  "epsilon": 0.00047898509375598157,
  "lr": 0.0834907031145499,
  "n_embd": 53.08234227225195,
  "n_head": 3.0967477341932446,
  "n_layer": 1.010451248318178,
  "seed": 981507955.8083142,
  "weight_decay": 0.00526791271858643
}