{
  "batch_size": 35.45121380558088,
  "beta_1": 0.5282376692479905,
  "beta_2": 0.7174369950399248,
  "block_size": 240.38431882647288,
  "dropout": 0.41887451545061294,
  "epsilon": 0.00010986261564266971,
  "lr": 0.059711874009713437,
  "n_embd": 25.167225599463897,
  "n_head": 3.8299331829174226,
  "n_layer": 2.812647559989257,
  "seed": 2115096213.2775474,
  "weight_decay": 0.0013791351903747204
}