{
  "batch_size": 56.40006943558429,
  "beta_1": 0.3127850963648735,
  "beta_2": 0.46288986028043755,
  "block_size": 113.55038383511828,
  "dropout": 0.3622693976462542,
  "epsilon": 0.000471381066695808,
  "lr": 0.01883421105415143,
  "n_embd": 32.77935734135614,
  "n_head": 4.429504673597954,
  "n_layer": 2.3822062952460783,
  "seed": 1146099240.3760366,
  "weight_decay": 0.005772321626090073
}