{
  "batch_size": 91,
  "beta_1": 0.6206535871461395,
  "beta_2": 0.4689878667045365,
  "block_size": 309,
  "dropout": 0.20395456206889093,
  "epsilon": 1.336710743788268e-05,
  "lr": 3.121525693654643e-05,
  "n_embd": 14,
  "n_head": 1,
  "n_layer": 3,
  "seed": 2042773109,
  "weight_decay": 3.531156648334778e-05
}