{
  "batch_size": 56,
  "beta_1": 0.3479825318093173,
  "beta_2": 0.10078407966933964,
  "block_size": 129,
  "dropout": 0.30849478011443077,
  "epsilon": 2.4015565418783576e-09,
  "lr": 4.712010022214543e-06,
  "n_embd": 27,
  "n_head": 6,
  "n_layer": 6,
  "seed": 901110906,
  "weight_decay": 3.464049247378462e-05
}