{
  "batch_size": 28,
  "beta_1": 0.8560639928809106,
  "beta_2": 0.1679554647771891,
  "block_size": 344,
  "dropout": 0.2241051026487886,
  "epsilon": 1.79288963004e-05,
  "lr": 0.0017361142670133,
  "n_embd": 53,
  "n_head": 2,
  "n_layer": 1,
  "seed": 1350326523.717567,
  "weight_decay": 1.60896692e-08
}