{
  "batch_size": 70,
  "beta_1": 0.5005251743472613,
  "beta_2": 0.8694573550928052,
  "block_size": 318,
  "dropout": 0.21838462939636513,
  "epsilon": 3.0670313107535423e-09,
  "lr": 8.480266564853771e-06,
  "n_embd": 14,
  "n_head": 6,
  "n_layer": 6,
  "seed": 1194017084,
  "weight_decay": 0.0010810254881050958
}