{
  "batch_size": 94,
  "beta_1": 0.6769547689236639,
  "beta_2": 0.6725928282201348,
  "block_size": 270,
  "dropout": 0.3865710300438535,
  "epsilon": 1.11696427e-08,
  "lr": 0.0002980092148771,
  "n_embd": 46,
  "n_head": 3,
  "n_layer": 3,
  "seed": 1343951781.0410054,
  "weight_decay": 0.0052487808644701
}