{
  "batch_size": 45,
  "beta_1": 0.7512987324219386,
  "beta_2": 0.7115282922213222,
  "block_size": 127,
  "dropout": 0.3669094129571765,
  "epsilon": 9.02817454672014e-10,
  "lr": 0.002659604383359915,
  "n_embd": 9,
  "n_head": 2,
  "n_layer": 2,
  "seed": 217289573,
  "weight_decay": 0.0004202275283575761
}