{
  "batch_size": 30.89360468980548,
  "beta_1": 0.7418318381973696,
  "beta_2": 0.10237799380665265,
  "block_size": 196.00813511549143,
  "dropout": 0.45321782576810665,
  "epsilon": 0.0005504704496237726,
  "lr": 0.0828339574258999,
  "n_embd": 27.90169765898516,
  "n_head": 3.958790116060096,
  "n_layer": 5.491476578649732,
  "seed": 416124982.865047,
  "weight_decay": 0.00011788497075505521
}