{
  "batch_size": 92.73452484587806,
  "beta_1": 0.9527830847686906,
  "beta_2": 0.48200560197668885,
  "block_size": 117.34470734468114,
  "dropout": 0.1384109238722783,
  "epsilon": 0.0002622601252949616,
  "lr": 0.02362194049100688,
  "n_embd": 44.93978438645768,
  "n_head": 3.489668930457163,
  "n_layer": 2.062829780476137,
  "seed": 926090540.3709947,
  "weight_decay": 0.009557364540436814
}