{
  "batch_size": 18.873549390874818,
  "beta_1": 0.9949979508579795,
  "beta_2": 0.4692265367475611,
  "block_size": 65.64231888726182,
  "dropout": 0.35737477807981477,
  "epsilon": 0.00045234213663564936,
  "lr": 0.0535446417384485,
  "n_embd": 23.516533215179432,
  "n_head": 6.87347722911885,
  "n_layer": 3.297873294752913,
  "seed": 916968091.9064139,
  "weight_decay": 0.007252577578619069
}