{
  "batch_size": 35.25255246065929,
  "beta_1": 0.2883175874885028,
  "beta_2": 0.18707601921073458,
  "block_size": 375.6179607681877,
  "dropout": 0.476004923200508,
  "epsilon": 9.632787367120938e-05,
  "lr": 0.02528752222455487,
  "n_embd": 15.6676367207936,
  "n_head": 6.390296117897077,
  "n_layer": 4.985544651025522,
  "seed": 1613760010.307404,
  "weight_decay": 2.626410683539187e-05
}