{
  "batch_size": 47.41232150602379,
  "beta_1": 0.728802142019944,
  "beta_2": 0.8678909603463784,
  "block_size": 306.37845238474944,
  "dropout": 0.25776458873265523,
  "epsilon": 0.00011636570593666529,
  "lr": 0.0979003987925342,
  "n_embd": 37.68970142038452,
  "n_head": 2.335563843810034,
  "n_layer": 1.4497140183290997,
  "seed": 920208528.5452694,
  "weight_decay": 0.003243682649389066
}