{
  "batch_size": 21,
  "beta_1": 0.1851285540676695,
  "beta_2": 0.9973865262333202,
  "block_size": 129,
  "dropout": 0.2075675467914084,
  "epsilon": 0.0007578289122029,
  "lr": 0.0023535340918877,
  "n_embd": 6,
  "n_head": 6,
  "n_layer": 4,
  "seed": 1924715495.8685448,
  "weight_decay": 2.54299298e-08
}