{
  "batch_size": 47,
  "beta_1": 0.9907353659757366,
  "beta_2": 0.6794184695362272,
  "block_size": 234,
  "dropout": 0.2231758692277638,
  "epsilon": 0.0007504017852518,
  "lr": 0.0007126173798793,
  "n_embd": 37,
  "n_head": 4,
  "n_layer": 5,
  "seed": 1926410616.1292589,
  "weight_decay": 2.4628626674e-05
}