{
  "batch_size": 67,
  "beta_1": 0.7936215740658321,
  "beta_2": 0.839253070714233,
  "block_size": 200,
  "dropout": 0.2002742471889012,
  "epsilon": 1.01602566204e-05,
  "lr": 0.0001035009156372,
  "n_embd": 31,
  "n_head": 4,
  "n_layer": 1,
  "seed": 759058682.5297345,
  "weight_decay": 1.9852812e-08
}