{
  "batch_size": 23.71833720836613,
  "beta_1": 0.8454478884702324,
  "beta_2": 0.15689077402930235,
  "block_size": 69.92615362274155,
  "dropout": 0.40802197390998207,
  "epsilon": 0.0002922427455687612,
  "lr": 0.05692174435353599,
  "n_embd": 31.700095876927545,
  "n_head": 1.3297630292174436,
  "n_layer": 2.95544495723849,
  "seed": 604561142.4446682,
  "weight_decay": 0.0015241000179391125
}