{
  "batch_size": 19.14118159529786,
  "beta_1": 0.5552540403004633,
  "beta_2": 0.8964350130875308,
  "block_size": 302.4255064207396,
  "dropout": 0.30454274307948187,
  "epsilon": 0.0006713928052387166,
  "lr": 0.03226762626302574,
  "n_embd": 49.19398431430562,
  "n_head": 5.605247367386337,
  "n_layer": 4.044721988999012,
  "seed": 60114267.665883854,
  "weight_decay": 0.009421339997863853
}