{
  "batch_size": 45,
  "beta_1": 0.8839771706432644,
  "beta_2": 0.13327286270187902,
  "block_size": 294,
  "dropout": 0.12457553618387984,
  "epsilon": 3.240410450678271e-05,
  "lr": 0.00019697710597108427,
  "n_embd": 36,
  "n_head": 2,
  "n_layer": 4,
  "seed": 667750211,
  "weight_decay": 4.0328086195845186e-06
}