{
  "batch_size": 41,
  "beta_1": 0.6454938102917449,
  "beta_2": 0.20762892621046303,
  "block_size": 296,
  "dropout": 0.16953851248396928,
  "epsilon": 1.2142161104270113e-07,
  "lr": 1.8779795205308314e-05,
  "n_embd": 39,
  "n_head": 6,
  "n_layer": 4,
  "seed": 1878594761,
  "weight_decay": 0.0006232989080713181
}