{
  "batch_size": 78.05284193739021,
  "beta_1": 0.32277173387457386,
  "beta_2": 0.6579417966373124,
  "block_size": 280.2740542136132,
  "dropout": 0.2499030217751071,
  "epsilon": 0.0007660321705608883,
  "lr": 0.06808541913578776,
  "n_embd": 42.40930709384535,
  "n_head": 1.3198936324696025,
  "n_layer": 2.8471907991275707,
  "seed": 655795594.3288915,
  "weight_decay": 0.007781545044930483
}