{
  "batch_size": 46.22562911187923,
  "beta_1": 0.1632651833862229,
  "beta_2": 0.9321809711376942,
  "block_size": 306.4930218197823,
  "dropout": 0.39013720117414497,
  "epsilon": 0.0008016117756825562,
  "lr": 0.09877618316480476,
  "n_embd": 33.640501530787375,
  "n_head": 1.1634270079300035,
  "n_layer": 5.64408988880718,
  "seed": 851566704.5889153,
  "weight_decay": 0.0016137858106256711
}