{
  "batch_size": 65,
  "beta_1": 0.3097574566205778,
  "beta_2": 0.2558849787981249,
  "block_size": 177,
  "dropout": 0.3386960368887878,
  "epsilon": 1.200315122e-07,
  "lr": 0.0001817282997487,
  "n_embd": 50,
  "n_head": 1,
  "n_layer": 6,
  "seed": 137562876.77246335,
  "weight_decay": 0.0042479357102132
}