{
  "batch_size": 61.4604029133287,
  "beta_1": 0.16189629389068283,
  "beta_2": 0.27519331999600305,
  "block_size": 89.73940262236096,
  "dropout": 0.22575154951060347,
  "epsilon": 0.0009887804210766114,
  "lr": 5.3413272123622984e-05,
  "n_embd": 1.5332168915604085,
  "n_head": 1.4023503405751616,
  "n_layer": 4.29720399286807,
  "seed": 198232505.23932627,
  "weight_decay": 0.00400567502447531
}