{
  "batch_size": 90,
  "beta_1": 0.3569096609412438,
  "beta_2": 0.7300769820756406,
  "block_size": 198,
  "dropout": 0.4556047661020243,
  "epsilon": 6.195046e-10,
  "lr": 0.0010536099655622,
  "n_embd": 23,
  "n_head": 4,
  "n_layer": 4,
  "seed": 242855660.14072472,
  "weight_decay": 6.86060211e-08
}