{
  "batch_size": 46.46551777058407,
  "beta_1": 0.64107171826087,
  "beta_2": 0.11192601819058363,
  "block_size": 272.9767331145707,
  "dropout": 0.49853116678464204,
  "epsilon": 0.00028735796379267915,
  "lr": 0.004281861556647906,
  "n_embd": 7.5260445792053,
  "n_head": 6.46790759193757,
  "n_layer": 1.505067385502398,
  "seed": 1812156977.1992452,
  "weight_decay": 0.0059509800404131865
}