{
  "batch_size": 76,
  "beta_1": 0.6877011360652766,
  "beta_2": 0.14943374808404405,
  "block_size": 133,
  "dropout": 0.21131175024424223,
  "epsilon": 2.1059135247256696e-06,
  "lr": 0.03315301498260263,
  "n_embd": 52,
  "n_head": 6,
  "n_layer": 5,
  "seed": 1085951998,
  "weight_decay": 1.1318425625935806e-08
}