{
  "batch_size": 72.31197890697447,
  "beta_1": 0.7036068100045924,
  "beta_2": 0.3742610242362906,
  "block_size": 96.56173062055305,
  "dropout": 0.20955779199135285,
  "epsilon": 0.00044459278784191974,
  "lr": 0.07884217126845236,
  "n_embd": 12.801700048046003,
  "n_head": 1.9664904391212223,
  "n_layer": 1.890804458904784,
  "seed": 1139636136.8582702,
  "weight_decay": 0.005313385367492857
}