{
  "batch_size": 56.152116957024376,
  "beta_1": 0.8632351160561865,
  "beta_2": 0.21159688445568214,
  "block_size": 79.1921245822728,
  "dropout": 0.10408574201072458,
  "epsilon": 0.0005242084076642474,
  "lr": 0.015300504332416568,
  "n_embd": 36.50168077390658,
  "n_head": 1.5376624343904168,
  "n_layer": 2.0756441379668997,
  "seed": 920274531.8170092,
  "weight_decay": 0.003598066268709884
}