{
  "batch_size": 93.33595932545373,
  "beta_1": 0.43086005237086067,
  "beta_2": 0.4631538929053165,
  "block_size": 324.44711254865126,
  "dropout": 0.22905260371718425,
  "epsilon": 0.0008459119985101145,
  "lr": 0.09232098899252537,
  "n_embd": 51.59408005691386,
  "n_head": 5.5236211273657085,
  "n_layer": 5.923637440970327,
  "seed": 2115108942.7671533,
  "weight_decay": 0.0034458453450422074
}