{
  "batch_size": 84,
  "beta_1": 0.3668848863071366,
  "beta_2": 0.9604879159172038,
  "block_size": 175,
  "dropout": 0.2628769629596482,
  "epsilon": 2.4560316e-08,
  "lr": 0.000372250026286,
  "n_embd": 38,
  "n_head": 6,
  "n_layer": 2,
  "seed": 1708527089.9191658,
  "weight_decay": 0.0042616441222626
}