{
  "batch_size": 72.00595969332218,
  "beta_1": 0.22798637859702164,
  "beta_2": 0.6026518823646575,
  "block_size": 98.52856295271687,
  "dropout": 0.23022553614624153,
  "epsilon": 0.0006356179820990809,
  "lr": 0.041313736961514066,
  "n_embd": 51.04193902050562,
  "n_head": 5.675368839565581,
  "n_layer": 6.106587584203435,
  "seed": 1681993145.3732777,
  "weight_decay": 0.0036112027427636696
}