{
  "batch_size": 73,
  "beta_1": 0.7555077073672097,
  "beta_2": 0.367136524850885,
  "block_size": 213,
  "dropout": 0.22694031547528126,
  "epsilon": 9.983179957020525e-06,
  "lr": 0.00012972482432395,
  "n_embd": 53,
  "n_head": 1,
  "n_layer": 2,
  "seed": 767766774,
  "weight_decay": 3.6448680528487784e-05
}