{
  "batch_size": 58.65962623599561,
  "beta_1": 0.7887168082146327,
  "beta_2": 0.5624070687579343,
  "block_size": 353.9817833764762,
  "dropout": 0.2522213014626562,
  "epsilon": 0.00023535703520987042,
  "lr": 0.014580124389203272,
  "n_embd": 33.11594204907475,
  "n_head": 1.1308551829841573,
  "n_layer": 2.298080785433976,
  "seed": 535722002.84397864,
  "weight_decay": 0.0027775965718346484
}