{
  "batch_size": 57,
  "beta_1": 0.685542886477004,
  "beta_2": 0.975755401000841,
  "block_size": 325,
  "dropout": 0.261452987120145,
  "epsilon": 0.0001986583506303,
  "lr": 0.0005645067553818,
  "n_embd": 30,
  "n_head": 2,
  "n_layer": 3,
  "seed": 2108489217.2530491,
  "weight_decay": 0.001394679231482
}