{
  "batch_size": 93,
  "beta_1": 0.596990360318998,
  "beta_2": 0.1902536256440311,
  "block_size": 378,
  "dropout": 0.3294467005335695,
  "epsilon": 6.085066143e-07,
  "lr": 0.0261833572411754,
  "n_embd": 43,
  "n_head": 2,
  "n_layer": 2,
  "seed": 409834822.02694565,
  "weight_decay": 1.40708892411e-05
}