{
  "batch_size": 84,
  "beta_1": 0.7101879758617459,
  "beta_2": 0.7555068171889889,
  "block_size": 99,
  "dropout": 0.350023479848724,
  "epsilon": 3.19428654066e-05,
  "lr": 0.0019057090268624,
  "n_embd": 51,
  "n_head": 5,
  "n_layer": 5,
  "seed": 97654989.25146225,
  "weight_decay": 1.1596163892e-06
}