{
  "batch_size": 42.20896578363533,
  "beta_1": 0.4968341618105818,
  "beta_2": 0.8049502870769618,
  "block_size": 338.6093680200762,
  "dropout": 0.39073707396124135,
  "epsilon": 0.0003803471992331118,
  "lr": 0.034262889884337205,
  "n_embd": 36.770206695670225,
  "n_head": 3.6183327591294727,
  "n_layer": 6.659489790899145,
  "seed": 1984763874.503668,
  "weight_decay": 8.595010259309319e-06
}