{
  "batch_size": 39.051108353492424,
  "beta_1": 0.9156252972036614,
  "beta_2": 0.4854659312905255,
  "block_size": 355.2455865704707,
  "dropout": 0.4574705012657443,
  "epsilon": 0.0005658188493667484,
  "lr": 0.0388109315315239,
  "n_embd": 29.37854857524521,
  "n_head": 3.5127488582140707,
  "n_layer": 4.364914171388829,
  "seed": 1736485633.3777795,
  "weight_decay": 0.008527412396855298
}