{
  "batch_size": 69,
  "beta_1": 0.126081572691948,
  "beta_2": 0.3792301751551025,
  "block_size": 98,
  "dropout": 0.19505196635994126,
  "epsilon": 6.100545507338912e-10,
  "lr": 0.0002458412583430439,
  "n_embd": 26,
  "n_head": 4,
  "n_layer": 1,
  "seed": 1963669163,
  "weight_decay": 3.8128911907723027e-07
}