{
  "batch_size": 71,
  "beta_1": 0.6857764693806274,
  "beta_2": 0.994114523218982,
  "block_size": 288,
  "dropout": 0.1916209230823183,
  "epsilon": 1.3877623e-09,
  "lr": 0.0040503607014486,
  "n_embd": 13,
  "n_head": 2,
  "n_layer": 5,
  "seed": 15472033.900160149,
  "weight_decay": 1.4542430489e-06
}