{
  "batch_size": 95.36997478328139,
  "beta_1": 0.952882663143556,
  "beta_2": 0.7380440825440497,
  "block_size": 280.8056280564085,
  "dropout": 0.1946112363110241,
  "epsilon": 0.000979029846129933,
  "lr": 0.0063451631637461,
  "n_embd": 30.95527428256087,
  "n_head": 2.4409557143329077,
  "n_layer": 4.038011486390171,
  "seed": 920268718.1160772,
  "weight_decay": 0.004721230645279401
}