{
  "batch_size": 26.30609830255208,
  "beta_1": 0.520671407254793,
  "beta_2": 0.6766862779729431,
  "block_size": 103.23101696012824,
  "dropout": 0.2675431837435662,
  "epsilon": 0.0007163180174191937,
  "lr": 0.050794043756092436,
  "n_embd": 27.133637632023948,
  "n_head": 2.495913417945115,
  "n_layer": 4.86521859260559,
  "seed": 1307406838.9054453,
  "weight_decay": 0.000537479545007177
}