{
  "batch_size": 29.45483270699731,
  "beta_1": 0.11452575582380356,
  "beta_2": 0.4120717418033012,
  "block_size": 152.56611276275214,
  "dropout": 0.2075805292319997,
  "epsilon": 0.0007044458601441641,
  "lr": 0.0972490818510508,
  "n_embd": 14.826302647582457,
  "n_head": 4.184137860757922,
  "n_layer": 1.7291618088790421,
  "seed": 473222063.9245017,
  "weight_decay": 0.009627605106865897
}