{
  "batch_size": 76,
  "beta_1": 0.5820283708596978,
  "beta_2": 0.8339518244886466,
  "block_size": 207,
  "dropout": 0.16744487435993227,
  "epsilon": 0.00016752791843395608,
  "lr": 0.0008814477702325526,
  "n_embd": 31,
  "n_head": 1,
  "n_layer": 2,
  "seed": 235541388,
  "weight_decay": 1.9042474930325093e-07
}