{
  "batch_size": 82.25092138512578,
  "beta_1": 0.6725583868233528,
  "beta_2": 0.49736403981344746,
  "block_size": 115.47608984816858,
  "dropout": 0.4462606718888399,
  "epsilon": 0.0005225040537701672,
  "lr": 0.024982306157369367,
  "n_embd": 10.32958220074227,
  "n_head": 4.055343527724331,
  "n_layer": 3.63397031054898,
  "seed": 1417526626.9789548,
  "weight_decay": 0.006647950843391477
}