{
  "batch_size": 28.040378381256446,
  "beta_1": 0.13785510561161932,
  "beta_2": 0.7017558950283197,
  "block_size": 319.3346717655272,
  "dropout": 0.33172482728388075,
  "epsilon": 9.46749736941612e-05,
  "lr": 0.016555454310891445,
  "n_embd": 26.148875246881516,
  "n_head": 3.487920384296836,
  "n_layer": 6.386150469731081,
  "seed": 1960798024.9226844,
  "weight_decay": 0.00016771069124249923
}