{
  "batch_size": 61,
  "beta_1": 0.17457989106276456,
  "beta_2": 0.7066548687567713,
  "block_size": 232,
  "dropout": 0.13320882815089422,
  "epsilon": 7.586023637545755e-05,
  "lr": 3.8108195490960447e-06,
  "n_embd": 26,
  "n_head": 2,
  "n_layer": 5,
  "seed": 1350464467,
  "weight_decay": 8.167198472845985e-05
}