{
  "batch_size": 42,
  "beta_1": 0.798958859655766,
  "beta_2": 0.5700854858438261,
  "block_size": 120,
  "dropout": 0.18403645139768862,
  "epsilon": 1.1770071224989946e-09,
  "lr": 1.0985615894252294e-06,
  "n_embd": 1,
  "n_head": 5,
  "n_layer": 2,
  "seed": 220974111,
  "weight_decay": 4.782449462463615e-08
}