{
  "batch_size": 32.348164521497196,
  "beta_1": 0.46832713083740807,
  "beta_2": 0.5978466620981753,
  "block_size": 321.656750294722,
  "dropout": 0.46574663729740984,
  "epsilon": 0.00033717958051505297,
  "lr": 0.03928331924219121,
  "n_embd": 36.245824154021065,
  "n_head": 5.131811835199496,
  "n_layer": 1.8042317896759776,
  "seed": 1586749348.6457746,
  "weight_decay": 0.0034148240883956223
}