{
  "batch_size": 70.18540248520753,
  "beta_1": 0.1640180602518359,
  "beta_2": 0.6723109145736378,
  "block_size": 217.61232921247858,
  "dropout": 0.19469721623230055,
  "epsilon": 0.00046044604303378524,
  "lr": 0.05701727826980508,
  "n_embd": 25.46305962379099,
  "n_head": 4.984987811927285,
  "n_layer": 3.8466983039263507,
  "seed": 1404908977.6158655,
  "weight_decay": 0.0005886986297664475
}