{
  "batch_size": 76.33614719346888,
  "beta_1": 0.2471876165746231,
  "beta_2": 0.16648411759544124,
  "block_size": 312.37160006356606,
  "dropout": 0.23757000341821255,
  "epsilon": 0.00023309109972400373,
  "lr": 0.014584376478584845,
  "n_embd": 31.980345784519322,
  "n_head": 6.596438744007537,
  "n_layer": 5.958899003431145,
  "seed": 624394562.2978863,
  "weight_decay": 0.00038825374544214483
}