{
  "batch_size": 67,
  "beta_1": 0.5587099457842265,
  "beta_2": 0.9947849128255364,
  "block_size": 316,
  "dropout": 0.27754560660998373,
  "epsilon": 5.345044686711753e-06,
  "lr": 0.00014380567521298413,
  "n_embd": 39,
  "n_head": 3,
  "n_layer": 5,
  "seed": 1769091817,
  "weight_decay": 1.155491521377726e-07
}