{
  "batch_size": 92.50908400375278,
  "beta_1": 0.9221808950186641,
  "beta_2": 0.7265499189867067,
  "block_size": 119.28417901474161,
  "dropout": 0.29949973792683693,
  "epsilon": 0.00048440064252853034,
  "lr": 0.07691317401835589,
  "n_embd": 37.74796461132884,
  "n_head": 6.907174931320021,
  "n_layer": 1.614493659130257,
  "seed": 206721721.90268293,
  "weight_decay": 0.007062923520982293
}