{
  "batch_size": 21.315275432734012,
  "beta_1": 0.5376055520993858,
  "beta_2": 0.24000334177739147,
  "block_size": 103.2805316515888,
  "dropout": 0.10751133983641457,
  "epsilon": 8.808670544361372e-06,
  "lr": 0.08928783474192595,
  "n_embd": 31.780356355751028,
  "n_head": 6.545998933274935,
  "n_layer": 2.2296142127258456,
  "seed": 1419631523.5589592,
  "weight_decay": 0.004310469202914391
}