{
  "batch_size": 86.04957972683086,
  "beta_1": 0.903765232454693,
  "beta_2": 0.3253360724566214,
  "block_size": 247.96256526760396,
  "dropout": 0.23370892220344697,
  "epsilon": 0.0006539733783227251,
  "lr": 0.07847302243296225,
  "n_embd": 10.915228049649157,
  "n_head": 6.656713678436926,
  "n_layer": 1.3622738196924975,
  "seed": 625074581.4942057,
  "weight_decay": 0.0022097552407220134
}