{
  "batch_size": 44,
  "beta_1": 0.4278966037064774,
  "beta_2": 0.34253301116963847,
  "block_size": 191,
  "dropout": 0.20584695802777772,
  "epsilon": 7.31695186169098e-06,
  "lr": 0.007239680333321968,
  "n_embd": 45,
  "n_head": 4,
  "n_layer": 6,
  "seed": 1977646288,
  "weight_decay": 1.6347019970530864e-07
}