{
  "batch_size": 61,
  "beta_1": 0.709911953731905,
  "beta_2": 0.7430563961884137,
  "block_size": 186,
  "dropout": 0.18091843510391523,
  "epsilon": 3.4126267969994624e-06,
  "lr": 4.361587114129242e-06,
  "n_embd": 2,
  "n_head": 5,
  "n_layer": 2,
  "seed": 1659828903,
  "weight_decay": 7.172426375724163e-08
}