{
  "batch_size": 63.9962961199239,
  "beta_1": 0.4559056983243792,
  "beta_2": 0.6914960197389346,
  "block_size": 326.3590732293467,
  "dropout": 0.18469438485205836,
  "epsilon": 0.0001191354670446839,
  "lr": 0.07379528187409884,
  "n_embd": 8.18114051264968,
  "n_head": 2.98590047932115,
  "n_layer": 2.5633815634067325,
  "seed": 1574618578.7086897,
  "weight_decay": 0.00419413675350269
}