{
  "batch_size": 45.5214691472747,
  "beta_1": 0.9286178944222213,
  "beta_2": 0.5586210088878354,
  "block_size": 361.2212145646044,
  "dropout": 0.25126650288914704,
  "epsilon": 0.00012971879221893056,
  "lr": 0.03963155260562746,
  "n_embd": 5.736423056274705,
  "n_head": 4.616255558484415,
  "n_layer": 2.607879742178473,
  "seed": 1860295920.007104,
  "weight_decay": 0.00033034971151040134
}