{
  "batch_size": 30.3655459518588,
  "beta_1": 0.336847280182627,
  "beta_2": 0.29875233164479437,
  "block_size": 191.0718311590221,
  "dropout": 0.4899317429251687,
  "epsilon": 0.00023647565440111323,
  "lr": 0.018654090896305618,
  "n_embd": 25.91792340000173,
  "n_head": 1.2425843300490924,
  "n_layer": 5.944913373227884,
  "seed": 1856448198.2232056,
  "weight_decay": 0.002671058417717025
}