{
  "batch_size": 49,
  "beta_1": 0.3178104091426028,
  "beta_2": 0.9731328134363773,
  "block_size": 202,
  "dropout": 0.2712036230386054,
  "epsilon": 1.591257633e-07,
  "lr": 0.0026519241735444,
  "n_embd": 9,
  "n_head": 5,
  "n_layer": 2,
  "seed": 24125783.043768425,
  "weight_decay": 2.82362601e-08
}