{
  "batch_size": 52,
  "beta_1": 0.9292454631784152,
  "beta_2": 0.3775822080211304,
  "block_size": 360,
  "dropout": 0.05475571416891063,
  "epsilon": 6.576957871943542e-08,
  "lr": 0.0018050337447839244,
  "n_embd": 22,
  "n_head": 3,
  "n_layer": 3,
  "seed": 1953498158,
  "weight_decay": 0.0029067430457254337
}