{
  "batch_size": 48,
  "beta_1": 0.8231248424797232,
  "beta_2": 0.5465128479552779,
  "block_size": 365,
  "dropout": 0.3354929882822072,
  "epsilon": 3.2477291e-09,
  "lr": 0.0001605447208328,
  "n_embd": 50,
  "n_head": 1,
  "n_layer": 2,
  "seed": 2055091894.8191736,
  "weight_decay": 1.69186375e-08
}