{
  "batch_size": 45,
  "beta_1": 0.4702795704348786,
  "beta_2": 0.7251835955796807,
  "block_size": 69,
  "dropout": 0.2508847143760552,
  "epsilon": 1.054929e-10,
  "lr": 0.0119133995895529,
  "n_embd": 38,
  "n_head": 4,
  "n_layer": 3,
  "seed": 1883607525.8021243,
  "weight_decay": 0.0033389102549661
}