{
  "batch_size": 87,
  "beta_1": 0.8069734233568273,
  "beta_2": 0.5943804252597387,
  "block_size": 204,
  "dropout": 0.19622932390181957,
  "epsilon": 0.00013808366778256657,
  "lr": 0.0029498895772208425,
  "n_embd": 15,
  "n_head": 6,
  "n_layer": 2,
  "seed": 899664619,
  "weight_decay": 0.000365660938973273
}