{
  "batch_size": 44,
  "beta_1": 0.6298743438934996,
  "beta_2": 0.7910415792111416,
  "block_size": 207,
  "dropout": 0.3435319333873428,
  "epsilon": 2.558652e-10,
  "lr": 0.0009747983901319,
  "n_embd": 19,
  "n_head": 1,
  "n_layer": 4,
  "seed": 1380372724.7012768,
  "weight_decay": 0.0002498291182488
}