{
  "batch_size": 86.75504676707281,
  "beta_1": 0.39201767237959473,
  "beta_2": 0.984603777904975,
  "block_size": 88.7146586110109,
  "dropout": 0.2762877517281094,
  "epsilon": 3.4311028882445755e-05,
  "lr": 0.07192385359791938,
  "n_embd": 23.45555291086641,
  "n_head": 1.287655276160325,
  "n_layer": 6.646429523162206,
  "seed": 1857917691.2278893,
  "weight_decay": 0.0006905504384501665
}