{
  "batch_size": 29,
  "beta_1": 0.8892956943278584,
  "beta_2": 0.5829804409350235,
  "block_size": 358,
  "dropout": 0.15764276760690762,
  "epsilon": 3.725336481459775e-09,
  "lr": 2.145627254280397e-06,
  "n_embd": 16,
  "n_head": 2,
  "n_layer": 1,
  "seed": 1661736399,
  "weight_decay": 4.957382223574242e-07
}