{
  "batch_size": 80.01612126929578,
  "beta_1": 0.605786020235142,
  "beta_2": 0.15146841845344466,
  "block_size": 361.2083701493308,
  "dropout": 0.15918220647937775,
  "epsilon": 0.00011881325247025197,
  "lr": 0.008350116300151075,
  "n_embd": 25.11382115670841,
  "n_head": 2.2642295221069,
  "n_layer": 1.9716579951215794,
  "seed": 137856069.9427316,
  "weight_decay": 0.007573623992250715
}