{
  "batch_size": 16.64392049945156,
  "beta_1": 0.6644767407537125,
  "beta_2": 0.8470589790836821,
  "block_size": 155.99696699170585,
  "dropout": 0.34643152530558163,
  "epsilon": 0.0003774191766840767,
  "lr": 0.015199308148459734,
  "n_embd": 1.2840428253680842,
  "n_head": 1.5842334555098974,
  "n_layer": 2.1128673858341696,
  "seed": 1020567361.255427,
  "weight_decay": 0.004064899615547388
}