{
  "batch_size": 70,
  "beta_1": 0.2074772513103295,
  "beta_2": 0.7274710904844846,
  "block_size": 355,
  "dropout": 0.3786857130757769,
  "epsilon": 3.33727034864e-05,
  "lr": 0.0017977363604402,
  "n_embd": 33,
  "n_head": 3,
  "n_layer": 2,
  "seed": 480489580.4260044,
  "weight_decay": 0.0007164705804323
}