{
  "batch_size": 37,
  "beta_1": 0.6053126955250817,
  "beta_2": 0.3834461338561156,
  "block_size": 137,
  "dropout": 0.4044983137295637,
  "epsilon": 1.744541e-10,
  "lr": 0.003115267546118,
  "n_embd": 48,
  "n_head": 5,
  "n_layer": 2,
  "seed": 923804022.8125763,
  "weight_decay": 2.902014363e-07
}