{
  "batch_size": 40.05050013813668,
  "beta_1": 0.7886905287178542,
  "beta_2": 0.8452259420790839,
  "block_size": 152.5063711986805,
  "dropout": 0.390965851966526,
  "epsilon": 5.818737463096097e-05,
  "lr": 0.08453477628985295,
  "n_embd": 40.948924617738555,
  "n_head": 2.9847753520813445,
  "n_layer": 1.3475925441666559,
  "seed": 677627737.4247528,
  "weight_decay": 0.008240885754883109
}