{
  "batch_size": 91.14629198177691,
  "beta_1": 0.52124072222168,
  "beta_2": 0.5953926177094817,
  "block_size": 188.59664212547608,
  "dropout": 0.3049288402914774,
  "epsilon": 0.0007401102586639258,
  "lr": 0.03451705457368636,
  "n_embd": 11.121024379921588,
  "n_head": 6.065663038695438,
  "n_layer": 3.090859537465089,
  "seed": 1480164896.3276484,
  "weight_decay": 0.0028162286216446685
}