{
  "batch_size": 39,
  "beta_1": 0.49225432412670633,
  "beta_2": 0.27571374111365876,
  "block_size": 315,
  "dropout": 0.1530720926438713,
  "epsilon": 1.0660855106287611e-09,
  "lr": 0.014246675644912275,
  "n_embd": 16,
  "n_head": 6,
  "n_layer": 5,
  "seed": 610882573,
  "weight_decay": 2.4059978643065868e-06
}