{
  "batch_size": 93.71928647071134,
  "beta_1": 0.26895478461943334,
  "beta_2": 0.22740265108935567,
  "block_size": 146.60694264750998,
  "dropout": 0.20670809670436172,
  "epsilon": 4.546461979742883e-05,
  "lr": 0.02308671801639138,
  "n_embd": 46.27823447782294,
  "n_head": 5.188038674491027,
  "n_layer": 6.053376696247652,
  "seed": 963960750.8260157,
  "weight_decay": 0.00818504630222904
}