{
  "batch_size": 81.56900490860427,
  "beta_1": 0.6906403521059202,
  "beta_2": 0.2587888759026479,
  "block_size": 149.80828946229124,
  "dropout": 0.41643891586343995,
  "epsilon": 5.593826302615472e-05,
  "lr": 0.048110103083978555,
  "n_embd": 2.4369083533882483,
  "n_head": 3.7737917190061103,
  "n_layer": 1.894986432803126,
  "seed": 1608982824.7351122,
  "weight_decay": 0.003765534681664308
}