{
  "batch_size": 76.21081410707208,
  "beta_1": 0.7125562738571838,
  "beta_2": 0.5933830510830267,
  "block_size": 176.4816731654646,
  "dropout": 0.4317682023052508,
  "epsilon": 0.0005702071472308925,
  "lr": 0.02680589437318035,
  "n_embd": 39.45533334378076,
  "n_head": 4.200510444072304,
  "n_layer": 3.0106619310817053,
  "seed": 1856444507.2139986,
  "weight_decay": 0.005988255375348087
}