{
  "batch_size": 23.498684357918428,
  "beta_1": 0.9000313705554067,
  "beta_2": 0.9949699821801341,
  "block_size": 180.78282618934264,
  "dropout": 0.44786426550847647,
  "epsilon": 0.00047579663542552525,
  "lr": 0.09937899395654035,
  "n_embd": 12.150916539549842,
  "n_head": 1.1232643984346855,
  "n_layer": 6.110546919902695,
  "seed": 1935448271.0858858,
  "weight_decay": 0.0060478212419095585
}