{
  "batch_size": 24,
  "beta_1": 0.15922881051290036,
  "beta_2": 0.8332281904472445,
  "block_size": 330,
  "dropout": 0.2832662145967602,
  "epsilon": 2.0225713216252313e-05,
  "lr": 0.0020223351433939583,
  "n_embd": 41,
  "n_head": 5,
  "n_layer": 6,
  "seed": 841012874,
  "weight_decay": 6.92946740541567e-05
}