{
  "batch_size": 53.76984838625875,
  "beta_1": 0.25242966580180315,
  "beta_2": 0.3790169873885739,
  "block_size": 88.09234856168786,
  "dropout": 0.2824598916633475,
  "epsilon": 0.00044149988198406216,
  "lr": 0.04850139875844526,
  "n_embd": 23.974678982926264,
  "n_head": 4.2375402476901725,
  "n_layer": 3.4296106671521507,
  "seed": 1220661600.3760998,
  "weight_decay": 0.007570005685692972
}