{
  "batch_size": 63.39013282914595,
  "beta_1": 0.21507779205855465,
  "beta_2": 0.684974249479418,
  "block_size": 355.44327218978526,
  "dropout": 0.4845719645928691,
  "epsilon": 0.00032438164996407876,
  "lr": 0.05010643799440077,
  "n_embd": 21.438078349008837,
  "n_head": 2.6425079419241584,
  "n_layer": 6.7814399861355,
  "seed": 2010395408.130662,
  "weight_decay": 0.004849154193067533
}