{
  "batch_size": 52,
  "beta_1": 0.1271210716674724,
  "beta_2": 0.8967363792911099,
  "block_size": 111,
  "dropout": 0.361263613668135,
  "epsilon": 5.253608521e-07,
  "lr": 0.0069461644360758,
  "n_embd": 30,
  "n_head": 5,
  "n_layer": 4,
  "seed": 566974385.7960732,
  "weight_decay": 8.12639173e-08
}