{
  "batch_size": 54,
  "beta_1": 0.4581532001030353,
  "beta_2": 0.8131367172351052,
  "block_size": 148,
  "dropout": 0.4465487406350236,
  "epsilon": 0.0003077147507379155,
  "lr": 0.000888967338211551,
  "n_embd": 45,
  "n_head": 1,
  "n_layer": 2,
  "seed": 1192170440,
  "weight_decay": 1.7057340855607234e-07
}