{
  "batch_size": 64,
  "beta_1": 0.9261426889754866,
  "beta_2": 0.1228858981467759,
  "block_size": 277,
  "dropout": 0.2824595730757418,
  "epsilon": 1.2629475314e-06,
  "lr": 0.0116129683340454,
  "n_embd": 18,
  "n_head": 1,
  "n_layer": 6,
  "seed": 412886915.38678986,
  "weight_decay": 0.0041583074429617
}