{
  "batch_size": 78.41512484291246,
  "beta_1": 0.23299086214653794,
  "beta_2": 0.5002485276906208,
  "block_size": 139.4249286831851,
  "dropout": 0.2709520761955669,
  "epsilon": 0.00046410019454087934,
  "lr": 0.05494855232579102,
  "n_embd": 15.759848944528205,
  "n_head": 4.957290293822995,
  "n_layer": 2.7192235638922173,
  "seed": 210658432.99404925,
  "weight_decay": 0.007461380964173863
}