{
  "batch_size": 70,
  "beta_1": 0.24997724193089954,
  "beta_2": 0.7476150752461513,
  "block_size": 200,
  "dropout": 0.4130827441095586,
  "epsilon": 2.447135828767263e-06,
  "lr": 5.643148339174676e-06,
  "n_embd": 7,
  "n_head": 2,
  "n_layer": 2,
  "seed": 1203677344,
  "weight_decay": 6.910793353494441e-07
}