{
  "batch_size": 81,
  "beta_1": 0.18183087272994242,
  "beta_2": 0.6773465345679994,
  "block_size": 329,
  "dropout": 0.21792896565900777,
  "epsilon": 3.5857821819987345e-06,
  "lr": 0.00013329316642251768,
  "n_embd": 13,
  "n_head": 3,
  "n_layer": 1,
  "seed": 1569274043,
  "weight_decay": 6.068096001295984e-05
}