{
  "batch_size": 92,
  "beta_1": 0.3493496250602022,
  "beta_2": 0.3812192529073364,
  "block_size": 208,
  "dropout": 0.3844314791347685,
  "epsilon": 1.2194483447770797e-08,
  "lr": 0.0002640086052724592,
  "n_embd": 29,
  "n_head": 5,
  "n_layer": 5,
  "seed": 1996002826,
  "weight_decay": 2.554564308873161e-08
}