{
  "batch_size": 64,
  "beta_1": 0.8671563778444129,
  "beta_2": 0.9798348969177223,
  "block_size": 276,
  "dropout": 0.1360958048734786,
  "epsilon": 1.6245922823064455e-06,
  "lr": 0.009429971043615641,
  "n_embd": 0,
  "n_head": 3,
  "n_layer": 1,
  "seed": 1130516081,
  "weight_decay": 1.0515266853838719e-07
}