{
  "batch_size": 38.63432829504748,
  "beta_1": 0.7243148927159118,
  "beta_2": 0.5317209698124725,
  "block_size": 74.66434644381357,
  "dropout": 0.23011526885342742,
  "epsilon": 0.0007533212674702583,
  "lr": 0.08511813980592411,
  "n_embd": 8.553519739464498,
  "n_head": 5.972374029323917,
  "n_layer": 1.1379258150856126,
  "seed": 206729897.93615285,
  "weight_decay": 0.004333604032224646
}