{
  "batch_size": 51,
  "beta_1": 0.9038484659731931,
  "beta_2": 0.8498748093540681,
  "block_size": 99,
  "dropout": 0.4153315891666517,
  "epsilon": 1.0054994365439599e-07,
  "lr": 0.02792469275707277,
  "n_embd": 47,
  "n_head": 6,
  "n_layer": 1,
  "seed": 369933904,
  "weight_decay": 1.5026262442228602e-08
}