{
  "batch_size": 49,
  "beta_1": 0.1102356458609157,
  "beta_2": 0.4403676952796851,
  "block_size": 112,
  "dropout": 0.45508996410576386,
  "epsilon": 2.9018356122728797e-07,
  "lr": 0.012197663414677365,
  "n_embd": 39,
  "n_head": 4,
  "n_layer": 2,
  "seed": 175293366,
  "weight_decay": 5.58347756493952e-07
}