{
  "batch_size": 89.90192475903088,
  "beta_1": 0.8445317161593726,
  "beta_2": 0.19051557167059052,
  "block_size": 230.7946639680279,
  "dropout": 0.46805283826145494,
  "epsilon": 6.0103905957085085e-05,
  "lr": 0.09826544431880666,
  "n_embd": 19.53163751098105,
  "n_head": 5.566659262652563,
  "n_layer": 6.23074739213441,
  "seed": 866450823.4997106,
  "weight_decay": 0.005370751604197189
}