{
  "batch_size": 61.46560220121273,
  "beta_1": 0.3755478254429183,
  "beta_2": 0.36836173542810435,
  "block_size": 306.0694075157244,
  "dropout": 0.465450682031713,
  "epsilon": 0.0009389071603633249,
  "lr": 0.01796376528175012,
  "n_embd": 51.27078624207943,
  "n_head": 2.5486776692695416,
  "n_layer": 4.364363526748914,
  "seed": 1004772344.2274215,
  "weight_decay": 0.0014193326804650655
}