{
  "batch_size": 16,
  "beta_1": 0.9661313489933053,
  "beta_2": 0.5935789303234326,
  "block_size": 205,
  "dropout": 0.4277833570250765,
  "epsilon": 0.00017044281518981597,
  "lr": 5.040220316338359e-06,
  "n_embd": 22,
  "n_head": 3,
  "n_layer": 2,
  "seed": 259218376,
  "weight_decay": 3.970918907674892e-05
}