{
  "batch_size": 76,
  "beta_1": 0.3194187993484406,
  "beta_2": 0.3177157785365977,
  "block_size": 122,
  "dropout": 0.4227023210755942,
  "epsilon": 0.000600947944777,
  "lr": 0.0062120108977479,
  "n_embd": 0,
  "n_head": 4,
  "n_layer": 3,
  "seed": 1948924047.1698515,
  "weight_decay": 7.80856815403e-05
}