{
  "batch_size": 87.3258099824858,
  "beta_1": 0.7789798271294229,
  "beta_2": 0.33508774626814036,
  "block_size": 72.91514624720479,
  "dropout": 0.32160566327994755,
  "epsilon": 0.00016062077493289725,
  "lr": 0.05488517193125016,
  "n_embd": 50.612299834710846,
  "n_head": 5.870775144790629,
  "n_layer": 6.690383542511473,
  "seed": 687443464.675802,
  "weight_decay": 0.009824856770539863
}