{
  "batch_size": 16,
  "beta_1": 0.7749867206976606,
  "beta_2": 0.10896878851433509,
  "block_size": 212,
  "dropout": 0.13225466602167973,
  "epsilon": 3.5368731229795096e-08,
  "lr": 0.00617093930170292,
  "n_embd": 4,
  "n_head": 4,
  "n_layer": 4,
  "seed": 1678295891,
  "weight_decay": 0.0018365583157669671
}