{
  "batch_size": 61,
  "beta_1": 0.28303190399011646,
  "beta_2": 0.646041501439551,
  "block_size": 204,
  "dropout": 0.3040713022972351,
  "epsilon": 5.585490190439174e-05,
  "lr": 0.0008727795336665295,
  "n_embd": 15,
  "n_head": 6,
  "n_layer": 2,
  "seed": 899664619,
  "weight_decay": 1.7378997448145457e-08
}