{
  "batch_size": 66.68259105652052,
  "beta_1": 0.1694822960680972,
  "beta_2": 0.8346441371733813,
  "block_size": 248.47040766750362,
  "dropout": 0.24944399925706745,
  "epsilon": 0.0008199910185068755,
  "lr": 0.09340165536436047,
  "n_embd": 52.32025084259228,
  "n_head": 6.142822618298791,
  "n_layer": 4.004123527683079,
  "seed": 1681850151.6913238,
  "weight_decay": 0.0026178757425851873
}