{
  "batch_size": 25.96764479355783,
  "beta_1": 0.6065254704612852,
  "beta_2": 0.8796057663769677,
  "block_size": 246.0262188139653,
  "dropout": 0.36147851714746493,
  "epsilon": 0.0006791857572695863,
  "lr": 0.008191899703450868,
  "n_embd": 34.38121492894244,
  "n_head": 3.0405028026262926,
  "n_layer": 3.3417518472097103,
  "seed": 685150376.1831883,
  "weight_decay": 0.0020606932802547497
}