{
  "batch_size": 38,
  "beta_1": 0.7097191413259498,
  "beta_2": 0.9884433759358416,
  "block_size": 346,
  "dropout": 0.169614563004592,
  "epsilon": 0.0008094866350636115,
  "lr": 0.00022686541874990574,
  "n_embd": 22,
  "n_head": 2,
  "n_layer": 5,
  "seed": 1031235723,
  "weight_decay": 1.2053875023387885e-08
}