{
  "batch_size": 41.54123115817082,
  "beta_1": 0.6514835239044386,
  "beta_2": 0.2444313629569906,
  "block_size": 224.811146188377,
  "dropout": 0.2540420575896919,
  "epsilon": 0.0005668091034252851,
  "lr": 0.07148067183300637,
  "n_embd": 15.744148104025115,
  "n_head": 5.128866338252905,
  "n_layer": 3.278201744766241,
  "seed": 10655567.503975473,
  "weight_decay": 0.009102085113514131
}