{
  "batch_size": 40,
  "beta_1": 0.7679532946334086,
  "beta_2": 0.4025640729929298,
  "block_size": 227,
  "dropout": 0.4149344098058815,
  "epsilon": 6.155963e-09,
  "lr": 0.0024723310421881,
  "n_embd": 32,
  "n_head": 2,
  "n_layer": 1,
  "seed": 284005881.08894175,
  "weight_decay": 0.0084321028056481
}