{
  "batch_size": 69,
  "beta_1": 0.3462826448847458,
  "beta_2": 0.8540134764851001,
  "block_size": 161,
  "dropout": 0.2046003661228834,
  "epsilon": 6.390491e-10,
  "lr": 0.000199953959629,
  "n_embd": 1,
  "n_head": 1,
  "n_layer": 5,
  "seed": 810404649.9985951,
  "weight_decay": 0.0025125219513969
}