{
  "batch_size": 20,
  "beta_1": 0.9227282975528585,
  "beta_2": 0.2643942527532902,
  "block_size": 293,
  "dropout": 0.19167013802997343,
  "epsilon": 3.711346626773406e-07,
  "lr": 3.462900067964633e-05,
  "n_embd": 9,
  "n_head": 4,
  "n_layer": 6,
  "seed": 1963670047,
  "weight_decay": 4.726540514071387e-05
}