{
  "batch_size": 84,
  "beta_1": 0.4224711893287764,
  "beta_2": 0.1401268801163986,
  "block_size": 362,
  "dropout": 0.1635843313925033,
  "epsilon": 1.7626381e-08,
  "lr": 0.0008489379651296,
  "n_embd": 31,
  "n_head": 4,
  "n_layer": 5,
  "seed": 158925255.3920789,
  "weight_decay": 0.0094216235254816
}