{
  "batch_size": 82,
  "beta_1": 0.3191996503929468,
  "beta_2": 0.8022196009129638,
  "block_size": 374,
  "dropout": 0.23022565322899,
  "epsilon": 2.4197506e-09,
  "lr": 5.09935994774e-05,
  "n_embd": 34,
  "n_head": 6,
  "n_layer": 6,
  "seed": 807509586.893877,
  "weight_decay": 1.14205339e-08
}