{
  "batch_size": 94.22689144201377,
  "beta_1": 0.7651726016342022,
  "beta_2": 0.2635092932369939,
  "block_size": 162.3589684607162,
  "dropout": 0.32788810054606216,
  "epsilon": 0.0005793294737293378,
  "lr": 0.005409009430079271,
  "n_embd": 29.451085500412955,
  "n_head": 1.309459507700903,
  "n_layer": 4.959442062415267,
  "seed": 2125332767.2790358,
  "weight_decay": 0.007601491068357923
}