{
  "batch_size": 93,
  "beta_1": 0.7838465305482053,
  "beta_2": 0.2761174304323956,
  "block_size": 119,
  "dropout": 0.4250566382575704,
  "epsilon": 3.2588915407e-06,
  "lr": 0.0004296564987356,
  "n_embd": 3,
  "n_head": 1,
  "n_layer": 1,
  "seed": 653220805.3816695,
  "weight_decay": 6.95908202e-08
}