{
  "batch_size": 50.74386775609047,
  "beta_1": 0.8231232254853214,
  "beta_2": 0.23280738999225695,
  "block_size": 100.02154146408769,
  "dropout": 0.24709582334537541,
  "epsilon": 0.0009413643884369624,
  "lr": 0.09248068333014386,
  "n_embd": 44.08648242354879,
  "n_head": 1.7491833212722296,
  "n_layer": 4.8834894919743235,
  "seed": 1766273060.7457852,
  "weight_decay": 0.0012891424572505658
}