{
  "batch_size": 81,
  "beta_1": 0.7701594779902446,
  "beta_2": 0.8780711639282718,
  "block_size": 382,
  "dropout": 0.20573637965516683,
  "epsilon": 4.842016971702492e-08,
  "lr": 2.0596375065725633e-05,
  "n_embd": 22,
  "n_head": 5,
  "n_layer": 5,
  "seed": 897892441,
  "weight_decay": 0.0003798114120151461
}