{
  "batch_size": 72,
  "beta_1": 0.35596315890473584,
  "beta_2": 0.5124971285905286,
  "block_size": 90,
  "dropout": 0.12054498477865253,
  "epsilon": 1.171749960441187e-06,
  "lr": 2.9137991061902797e-05,
  "n_embd": 19,
  "n_head": 4,
  "n_layer": 5,
  "seed": 419618875,
  "weight_decay": 1.1788123006896902e-07
}