{
  "batch_size": 81.05702693055103,
  "beta_1": 0.10074101564739067,
  "beta_2": 0.306854900349508,
  "block_size": 177.7057857439862,
  "dropout": 0.25554813178355906,
  "epsilon": 0.00020592410294952384,
  "lr": 0.09267489907296399,
  "n_embd": 26.167234286832784,
  "n_head": 5.848928842672071,
  "n_layer": 4.847711145924245,
  "seed": 2096035435.1731265,
  "weight_decay": 0.005518957010093102
}