{
  "batch_size": 58.403382960044084,
  "beta_1": 0.8036039483502412,
  "beta_2": 0.36854583725432,
  "block_size": 351.1833297298071,
  "dropout": 0.40555328104157096,
  "epsilon": 0.0007706195572323962,
  "lr": 0.019872769732917604,
  "n_embd": 3.9733835853470705,
  "n_head": 4.3746804969995745,
  "n_layer": 4.809910008659514,
  "seed": 163958555.68476474,
  "weight_decay": 0.0036838725246489167
}