{
  "batch_size": 81,
  "beta_1": 0.7714453282834295,
  "beta_2": 0.576223419231399,
  "block_size": 193,
  "dropout": 0.2864711329168002,
  "epsilon": 7.3130268413e-06,
  "lr": 0.0071494505088251,
  "n_embd": 43,
  "n_head": 4,
  "n_layer": 4,
  "seed": 188087623.5796779,
  "weight_decay": 8.142870818e-07
}