{
  "batch_size": 39,
  "beta_1": 0.6092340942220947,
  "beta_2": 0.6685694976354383,
  "block_size": 106,
  "dropout": 0.25094276643256497,
  "epsilon": 1.9674390994873794e-06,
  "lr": 0.04626504996685542,
  "n_embd": 15,
  "n_head": 5,
  "n_layer": 5,
  "seed": 952177916,
  "weight_decay": 0.0015153210257275091
}