{
  "batch_size": 74.00230857381388,
  "beta_1": 0.26598256840473417,
  "beta_2": 0.667016383824438,
  "block_size": 384.95254176590566,
  "dropout": 0.16641970518096322,
  "epsilon": 0.00041690759493712804,
  "lr": 0.04058937142514679,
  "n_embd": 50.916214873506306,
  "n_head": 6.145172058112236,
  "n_layer": 3.526059529297724,
  "seed": 685999049.7970734,
  "weight_decay": 0.008148000468897526
}