{
  "batch_size": 20,
  "beta_1": 0.9765709762219746,
  "beta_2": 0.313390471996362,
  "block_size": 90,
  "dropout": 0.2428221228081298,
  "epsilon": 2.907333e-10,
  "lr": 0.0014805487326662,
  "n_embd": 49,
  "n_head": 2,
  "n_layer": 5,
  "seed": 1129527540.3738866,
  "weight_decay": 0.0017004459388468
}