{
  "batch_size": 75,
  "beta_1": 0.4211225974451157,
  "beta_2": 0.6076735042725669,
  "block_size": 311,
  "dropout": 0.2881792996651458,
  "epsilon": 0.0001379778027853,
  "lr": 0.001203929825684,
  "n_embd": 17,
  "n_head": 6,
  "n_layer": 1,
  "seed": 1167305639.008645,
  "weight_decay": 1.84938685e-08
}