{
  "batch_size": 41,
  "beta_1": 0.8234614406197988,
  "beta_2": 0.7760805716318028,
  "block_size": 307,
  "dropout": 0.3634256963860873,
  "epsilon": 2.952674619612253e-08,
  "lr": 1.858078350991115e-05,
  "n_embd": 34,
  "n_head": 6,
  "n_layer": 6,
  "seed": 1837652676,
  "weight_decay": 0.0005661255617066098
}