{
  "batch_size": 72,
  "beta_1": 0.332507841835062,
  "beta_2": 0.5101878153077061,
  "block_size": 264,
  "dropout": 0.4906659362790727,
  "epsilon": 4.928966964e-07,
  "lr": 0.0048567327732174,
  "n_embd": 9,
  "n_head": 4,
  "n_layer": 1,
  "seed": 876768935.6492484,
  "weight_decay": 9.39930155e-08
}