{
  "batch_size": 22,
  "beta_1": 0.4688692509587472,
  "beta_2": 0.6417504248394676,
  "block_size": 305,
  "dropout": 0.15542455493976104,
  "epsilon": 6.770776207410034e-07,
  "lr": 0.001765554517183588,
  "n_embd": 18,
  "n_head": 3,
  "n_layer": 1,
  "seed": 817406424,
  "weight_decay": 5.8887923735768e-05
}