{
  "batch_size": 69.3864150237474,
  "beta_1": 0.7969207575842985,
  "beta_2": 0.4651557167731696,
  "block_size": 351.3336028626777,
  "dropout": 0.20984594214736685,
  "epsilon": 0.0006700679367697351,
  "lr": 0.022127627506316097,
  "n_embd": 25.871591235525614,
  "n_head": 6.751815310103544,
  "n_layer": 4.00691225044622,
  "seed": 920297766.1814831,
  "weight_decay": 0.0009546625348152114
}