{
  "batch_size": 78,
  "beta_1": 0.4334440112483094,
  "beta_2": 0.6332986708368599,
  "block_size": 318,
  "dropout": 0.3537927952347475,
  "epsilon": 2.8171253463e-06,
  "lr": 0.0004406995709964,
  "n_embd": 19,
  "n_head": 6,
  "n_layer": 4,
  "seed": 1460508903.6228738,
  "weight_decay": 3.87320802665e-05
}