{
  "batch_size": 45,
  "beta_1": 0.3707152312931977,
  "beta_2": 0.1564182651194734,
  "block_size": 101,
  "dropout": 0.1842231245421861,
  "epsilon": 1.01388895e-08,
  "lr": 0.0272807830194268,
  "n_embd": 2,
  "n_head": 6,
  "n_layer": 5,
  "seed": 253113314.8036456,
  "weight_decay": 1.53824942e-08
}