{
  "batch_size": 64.93042525721307,
  "beta_1": 0.25867393684137635,
  "beta_2": 0.6127967979945204,
  "block_size": 145.8157478441428,
  "dropout": 0.35678596326817924,
  "epsilon": 0.0008692337821565415,
  "lr": 0.04144913897715774,
  "n_embd": 2.2441477421930927,
  "n_head": 5.327702451457052,
  "n_layer": 4.823052003579685,
  "seed": 1140608146.4144673,
  "weight_decay": 0.0007024064555232579
}