{
  "batch_size": 45,
  "beta_1": 0.914944617954933,
  "beta_2": 0.5242385223133389,
  "block_size": 201,
  "dropout": 0.2682877623218529,
  "epsilon": 1.42996703e-08,
  "lr": 0.0003154355563289,
  "n_embd": 39,
  "n_head": 1,
  "n_layer": 3,
  "seed": 119639462.96822958,
  "weight_decay": 1.2482243843e-05
}