{
  "batch_size": 83,
  "beta_1": 0.5200283697155812,
  "beta_2": 0.8829785615367202,
  "block_size": 102,
  "dropout": 0.4201154742226463,
  "epsilon": 0.0001941547949906,
  "lr": 0.0001721648970787,
  "n_embd": 49,
  "n_head": 2,
  "n_layer": 5,
  "seed": 59139702.13864548,
  "weight_decay": 7.6286405764e-06
}