{
  "batch_size": 74,
  "beta_1": 0.5858749919257811,
  "beta_2": 0.5032015991206349,
  "block_size": 66,
  "dropout": 0.4219098914829576,
  "epsilon": 1.39787e-10,
  "lr": 0.0010628105156672,
  "n_embd": 23,
  "n_head": 4,
  "n_layer": 2,
  "seed": 199085362.35775158,
  "weight_decay": 0.0057298287485996
}