{
  "batch_size": 81,
  "beta_1": 0.6132235273335601,
  "beta_2": 0.23083881752390678,
  "block_size": 339,
  "dropout": 0.4629804164421778,
  "epsilon": 1.2986007626043976e-06,
  "lr": 0.013816249850322914,
  "n_embd": 49,
  "n_head": 6,
  "n_layer": 2,
  "seed": 1643828448,
  "weight_decay": 5.23588323979117e-07
}