{
  "batch_size": 57,
  "beta_1": 0.9432962183114295,
  "beta_2": 0.9361170116513362,
  "block_size": 371,
  "dropout": 0.2405307914416492,
  "epsilon": 1.1367875197344377e-05,
  "lr": 9.824832361241353e-06,
  "n_embd": 36,
  "n_head": 4,
  "n_layer": 5,
  "seed": 896706443,
  "weight_decay": 7.542495563170914e-07
}