{
  "batch_size": 93.5387056480271,
  "beta_1": 0.37745536442255356,
  "beta_2": 0.43463392674058854,
  "block_size": 310.10886093455974,
  "dropout": 0.19930030998552792,
  "epsilon": 0.0005344004835593509,
  "lr": 0.0694599114342575,
  "n_embd": 26.10125945783281,
  "n_head": 3.174616694208834,
  "n_layer": 3.6179903237319486,
  "seed": 1722314461.4892697,
  "weight_decay": 0.0046978892556038395
}