{
  "batch_size": 63,
  "beta_1": 0.23218378737907544,
  "beta_2": 0.6972041715907694,
  "block_size": 155,
  "dropout": 0.32420415710753747,
  "epsilon": 0.0006017669222596263,
  "lr": 2.044500029345375e-06,
  "n_embd": 41,
  "n_head": 5,
  "n_layer": 2,
  "seed": 1678846520,
  "weight_decay": 0.001798171703209022
}