{
  "batch_size": 95.21657172076749,
  "beta_1": 0.703149444179305,
  "beta_2": 0.22759940918402777,
  "block_size": 349.5260231562353,
  "dropout": 0.24461623078727063,
  "epsilon": 6.914905565930828e-05,
  "lr": 0.0017435693840695081,
  "n_embd": 6.540474557988938,
  "n_head": 5.590184005345287,
  "n_layer": 6.504385741591298,
  "seed": 2010330447.7528772,
  "weight_decay": 0.000740083276278891
}