{
  "batch_size": 70,
  "beta_1": 0.3555684459372205,
  "beta_2": 0.4584231572978874,
  "block_size": 374,
  "dropout": 0.29380871973446443,
  "epsilon": 1.048029514828758e-05,
  "lr": 0.0002321582141009039,
  "n_embd": 42,
  "n_head": 1,
  "n_layer": 3,
  "seed": 400826042,
  "weight_decay": 4.576566206018826e-06
}