{
  "batch_size": 59.68571412143499,
  "beta_1": 0.42486505783339756,
  "beta_2": 0.3019234772232293,
  "block_size": 342.65340564957603,
  "dropout": 0.34397046704325007,
  "epsilon": 0.0004191099275665679,
  "lr": 0.054227171057367435,
  "n_embd": 1.5099808137166884,
  "n_head": 2.608786607039958,
  "n_layer": 4.30651686042205,
  "seed": 106852643.95053159,
  "weight_decay": 0.004563460582846555
}