{
  "batch_size": 44,
  "beta_1": 0.5330282663094256,
  "beta_2": 0.5756291866090238,
  "block_size": 294,
  "dropout": 0.1426340209827357,
  "epsilon": 1.8980005e-09,
  "lr": 0.001588574830316,
  "n_embd": 29,
  "n_head": 4,
  "n_layer": 5,
  "seed": 227984103.57783675,
  "weight_decay": 5.5512286e-08
}