{
  "batch_size": 26.29741897648868,
  "beta_1": 0.39256963443053916,
  "beta_2": 0.5751830362653714,
  "block_size": 292.3333249519411,
  "dropout": 0.4266829082709852,
  "epsilon": 0.00028528110088690345,
  "lr": 0.025898075932580547,
  "n_embd": 25.552732721494703,
  "n_head": 1.479099691323877,
  "n_layer": 3.7853743175264767,
  "seed": 459168408.9946806,
  "weight_decay": 0.005604777233934713
}