{
  "batch_size": 63,
  "beta_1": 0.8284655044024657,
  "beta_2": 0.8939799810641991,
  "block_size": 357,
  "dropout": 0.1495770844685094,
  "epsilon": 1.00309525164e-05,
  "lr": 0.0182000507125649,
  "n_embd": 49,
  "n_head": 5,
  "n_layer": 3,
  "seed": 1908547029.5840728,
  "weight_decay": 1.74918052e-08
}