{
  "batch_size": 78.08197965526173,
  "beta_1": 0.6222095865488667,
  "beta_2": 0.12056537883849688,
  "block_size": 350.39175663256464,
  "dropout": 0.45236691029117115,
  "epsilon": 0.00019093061330011847,
  "lr": 0.08533339061062335,
  "n_embd": 46.188559754428326,
  "n_head": 5.9279213821832375,
  "n_layer": 5.8886656300572415,
  "seed": 1894345018.3477461,
  "weight_decay": 0.0003655133279352543
}