{
  "batch_size": 80.50937141507488,
  "beta_1": 0.9011690942138153,
  "beta_2": 0.7316530996554651,
  "block_size": 242.73767702591314,
  "dropout": 0.13154383308226703,
  "epsilon": 0.0008483346413596032,
  "lr": 0.03389660344741047,
  "n_embd": 30.28353547820455,
  "n_head": 2.2493613791409244,
  "n_layer": 6.048050221849248,
  "seed": 1043944703.520953,
  "weight_decay": 0.005628156550634474
}