{
  "batch_size": 34.931024964338434,
  "beta_1": 0.3847078634591651,
  "beta_2": 0.857305482097036,
  "block_size": 313.41100065879124,
  "dropout": 0.41332429324593334,
  "epsilon": 0.0005506635122397431,
  "lr": 0.009895034069910078,
  "n_embd": 6.164337622482546,
  "n_head": 6.772663535661411,
  "n_layer": 3.326104735906688,
  "seed": 1483276198.192511,
  "weight_decay": 0.006369944492110497
}