{
  "batch_size": 49,
  "beta_1": 0.13309263206482014,
  "beta_2": 0.5516907467132852,
  "block_size": 310,
  "dropout": 0.26102384864903816,
  "epsilon": 4.813387900032601e-08,
  "lr": 1.7490461534022914e-06,
  "n_embd": 45,
  "n_head": 1,
  "n_layer": 3,
  "seed": 602643358,
  "weight_decay": 8.351278282864621e-07
}