{
  "batch_size": 20.95849458913985,
  "beta_1": 0.21826949356450326,
  "beta_2": 0.5792538869170798,
  "block_size": 201.07079569373354,
  "dropout": 0.1593534605316571,
  "epsilon": 0.00014068276936250295,
  "lr": 0.011262361771106209,
  "n_embd": 7.406489064810259,
  "n_head": 4.1792122427967495,
  "n_layer": 4.965659787803397,
  "seed": 1812130151.231256,
  "weight_decay": 0.006370837985417417
}