{
  "batch_size": 67.42032341007832,
  "beta_1": 0.26931912741082864,
  "beta_2": 0.6131684677332443,
  "block_size": 193.52538663488812,
  "dropout": 0.35432183983072596,
  "epsilon": 0.0007999443377708645,
  "lr": 0.02371695564656435,
  "n_embd": 23.558139789446482,
  "n_head": 2.121604750299655,
  "n_layer": 2.168681371291594,
  "seed": 1691392037.9091074,
  "weight_decay": 0.007585036361254072
}