{
  "batch_size": 59,
  "beta_1": 0.3053779034567478,
  "beta_2": 0.2551637170735744,
  "block_size": 194,
  "dropout": 0.2795226087226247,
  "epsilon": 1.21733607e-08,
  "lr": 0.0014153075183882,
  "n_embd": 6,
  "n_head": 2,
  "n_layer": 5,
  "seed": 1610834005.225353,
  "weight_decay": 5.21856639e-08
}