{
  "batch_size": 64,
  "beta_1": 0.5519333927933837,
  "beta_2": 0.7300441950588352,
  "block_size": 163,
  "dropout": 0.1998104324002645,
  "epsilon": 0.0001414941807044,
  "lr": 0.0019942049881274,
  "n_embd": 41,
  "n_head": 3,
  "n_layer": 2,
  "seed": 394829991.9570033,
  "weight_decay": 0.0075537453723445
}