{
  "batch_size": 52,
  "beta_1": 0.4135219954981794,
  "beta_2": 0.474834196725282,
  "block_size": 145,
  "dropout": 0.3891260796467385,
  "epsilon": 1.1866347027e-06,
  "lr": 0.0004889907415029,
  "n_embd": 13,
  "n_head": 3,
  "n_layer": 2,
  "seed": 1147386122.2049575,
  "weight_decay": 0.0001625496902685
}