{
  "batch_size": 58.97191729122432,
  "beta_1": 0.8099694397676042,
  "beta_2": 0.995104244113118,
  "block_size": 312.578835914418,
  "dropout": 0.3592311226002244,
  "epsilon": 2.2212618395263623e-05,
  "lr": 0.021289788486060342,
  "n_embd": 25.872963590312192,
  "n_head": 5.8052085552679715,
  "n_layer": 1.614643005820288,
  "seed": 3564849.2676826487,
  "weight_decay": 0.0009887697356759948
}