{
  "batch_size": 75,
  "beta_1": 0.5552614274132129,
  "beta_2": 0.8690333265400882,
  "block_size": 360,
  "dropout": 0.347403506888244,
  "epsilon": 6.319659047140858e-06,
  "lr": 0.000960059835037423,
  "n_embd": 22,
  "n_head": 3,
  "n_layer": 3,
  "seed": 1953498158,
  "weight_decay": 4.019363055215324e-05
}