{
  "batch_size": 88.81109491093335,
  "beta_1": 0.9917719861224611,
  "beta_2": 0.9698624709078973,
  "block_size": 160.93624069388488,
  "dropout": 0.1361084794898545,
  "epsilon": 0.0002244469190406128,
  "lr": 0.009915620979000497,
  "n_embd": 23.241948036877616,
  "n_head": 2.5273722666436447,
  "n_layer": 4.856086179836379,
  "seed": 604564754.0321838,
  "weight_decay": 0.00521783217564198
}