{
  "batch_size": 40,
  "beta_1": 0.3148216530207524,
  "beta_2": 0.7109545300734809,
  "block_size": 155,
  "dropout": 0.41494410414008265,
  "epsilon": 5.240290345930547e-08,
  "lr": 1.8303033786156145e-05,
  "n_embd": 6,
  "n_head": 6,
  "n_layer": 6,
  "seed": 1007928875,
  "weight_decay": 4.7671886898434886e-05
}