{
  "batch_size": 88,
  "beta_1": 0.8395766600540833,
  "beta_2": 0.601768412438558,
  "block_size": 274,
  "dropout": 0.2203067411192138,
  "epsilon": 1.143519e-10,
  "lr": 0.0001589556594455,
  "n_embd": 13,
  "n_head": 3,
  "n_layer": 4,
  "seed": 323824864.476709,
  "weight_decay": 1.064324741e-07
}