{
  "batch_size": 28,
  "beta_1": 0.7355726087170055,
  "beta_2": 0.1653997032149437,
  "block_size": 213,
  "dropout": 0.2201895659269624,
  "epsilon": 0.0004253499981896,
  "lr": 9.8484675546e-05,
  "n_embd": 25,
  "n_head": 2,
  "n_layer": 5,
  "seed": 713419787.2938313,
  "weight_decay": 1.6392340681e-06
}