{
  "batch_size": 31.319697205394792,
  "beta_1": 0.3745465603713065,
  "beta_2": 0.7903875012619289,
  "block_size": 109.05718589811201,
  "dropout": 0.24697588541715754,
  "epsilon": 0.0008259448027756199,
  "lr": 1.3105338809821267e-05,
  "n_embd": 34.35895545599422,
  "n_head": 2.9035513647184192,
  "n_layer": 6.170874469793073,
  "seed": 604570714.6108494,
  "weight_decay": 0.0005355058174158908
}