{
  "batch_size": 42.343049313004016,
  "beta_1": 0.5147836915016388,
  "beta_2": 0.2531776361125756,
  "block_size": 187.47413907169687,
  "dropout": 0.3845588438944424,
  "epsilon": 0.0007766469642370965,
  "lr": 0.027163634830291758,
  "n_embd": 35.63476874722501,
  "n_head": 6.268822310812434,
  "n_layer": 3.0888924663074775,
  "seed": 1053696860.8536981,
  "weight_decay": 0.002306413307165347
}