{
  "batch_size": 88,
  "beta_1": 0.8702502271335901,
  "beta_2": 0.8501443290871903,
  "block_size": 265,
  "dropout": 0.4855885070550139,
  "epsilon": 2.3240830374e-06,
  "lr": 9.81791142023e-05,
  "n_embd": 3,
  "n_head": 5,
  "n_layer": 3,
  "seed": 743319533.5370483,
  "weight_decay": 5.0717268638e-06
}