{
  "batch_size": 18.105799585545853,
  "beta_1": 0.9278405506204406,
  "beta_2": 0.5451744414711022,
  "block_size": 264.72648990577215,
  "dropout": 0.22157893671290343,
  "epsilon": 0.00043610279553595407,
  "lr": 0.08058801189880176,
  "n_embd": 7.986598182034095,
  "n_head": 6.402391293408676,
  "n_layer": 1.746023694699792,
  "seed": 624326713.415081,
  "weight_decay": 0.005618562265055536
}