{
  "batch_size": 39,
  "beta_1": 0.9380603321606867,
  "beta_2": 0.640161772355777,
  "block_size": 157,
  "dropout": 0.4178426940797206,
  "epsilon": 2.376481824843039e-08,
  "lr": 0.00023086451537649336,
  "n_embd": 40,
  "n_head": 1,
  "n_layer": 2,
  "seed": 456197520,
  "weight_decay": 0.0008257208921798992
}