{
  "batch_size": 77,
  "beta_1": 0.745889307316303,
  "beta_2": 0.4703300756740342,
  "block_size": 93,
  "dropout": 0.3822414792718414,
  "epsilon": 1.36546922875e-05,
  "lr": 0.000406912372671,
  "n_embd": 39,
  "n_head": 4,
  "n_layer": 4,
  "seed": 356619647.53219515,
  "weight_decay": 3.71276393e-07
}