{
  "batch_size": 79,
  "beta_1": 0.3828982876384796,
  "beta_2": 0.295204277754782,
  "block_size": 384,
  "dropout": 0.3991565153759955,
  "epsilon": 0.0003246581773138,
  "lr": 0.0138490035319634,
  "n_embd": 12,
  "n_head": 5,
  "n_layer": 1,
  "seed": 1957412257.1407285,
  "weight_decay": 0.0006963406860259
}