{
  "batch_size": 86,
  "beta_1": 0.6013487248540249,
  "beta_2": 0.563043704840893,
  "block_size": 376,
  "dropout": 0.2715641355200255,
  "epsilon": 7.4397977226e-06,
  "lr": 0.0013470672849694,
  "n_embd": 13,
  "n_head": 6,
  "n_layer": 5,
  "seed": 616146754.3891149,
  "weight_decay": 0.0026612626966891
}