{
  "batch_size": 70.37840450715464,
  "beta_1": 0.24762473682949654,
  "beta_2": 0.19279028004231558,
  "block_size": 124.3304572004547,
  "dropout": 0.25900417075891824,
  "epsilon": 0.0009345308290023811,
  "lr": 0.02293112529478741,
  "n_embd": 44.542337287751195,
  "n_head": 6.483353155267265,
  "n_layer": 1.3666584257572025,
  "seed": 1531832537.1587486,
  "weight_decay": 0.006079439470629835
}