{
  "batch_size": 26.406765700505698,
  "beta_1": 0.33217371487603514,
  "beta_2": 0.75894501178038,
  "block_size": 246.6825174441078,
  "dropout": 0.13366593997401544,
  "epsilon": 0.0002640809197750097,
  "lr": 0.06908236940887875,
  "n_embd": 37.30564803993828,
  "n_head": 6.827042964363257,
  "n_layer": 4.705590636188484,
  "seed": 473162752.77026916,
  "weight_decay": 0.0015566338858336239
}