{
  "batch_size": 23,
  "beta_1": 0.4641011744480932,
  "beta_2": 0.5089792150711987,
  "block_size": 163,
  "dropout": 0.234357517873498,
  "epsilon": 2.8245716537579436e-09,
  "lr": 2.163038650848728e-06,
  "n_embd": 42,
  "n_head": 4,
  "n_layer": 4,
  "seed": 1582556712,
  "weight_decay": 0.00023516120607201284
}