{
  "batch_size": 69,
  "beta_1": 0.6408994503427363,
  "beta_2": 0.6160683166152676,
  "block_size": 332,
  "dropout": 0.14861043977965,
  "epsilon": 0.0006813476395215,
  "lr": 0.0042005770135727,
  "n_embd": 31,
  "n_head": 3,
  "n_layer": 3,
  "seed": 412714024.7094542,
  "weight_decay": 0.0050467150592414
}