{
  "batch_size": 61.15875735500118,
  "beta_1": 0.5898614404944739,
  "beta_2": 0.8205099059092528,
  "block_size": 180.90091592860773,
  "dropout": 0.25422439063782076,
  "epsilon": 2.4860817105894047e-05,
  "lr": 0.07249873488472329,
  "n_embd": 25.113862225827983,
  "n_head": 1.2533104607482939,
  "n_layer": 5.383823391089161,
  "seed": 1847895402.1661565,
  "weight_decay": 0.0016710872914930043
}