{
  "batch_size": 89.08247304793578,
  "beta_1": 0.7607137394611921,
  "beta_2": 0.28539264142012233,
  "block_size": 265.48712153158834,
  "dropout": 0.14631237174201536,
  "epsilon": 0.00041012728387642593,
  "lr": 0.0627726096829586,
  "n_embd": 33.552522442139754,
  "n_head": 2.62419298187769,
  "n_layer": 1.7958700564518142,
  "seed": 877870004.2452703,
  "weight_decay": 0.006190684735234625
}