{
  "batch_size": 31,
  "beta_1": 0.6537054196323329,
  "beta_2": 0.1077780408415603,
  "block_size": 192,
  "dropout": 0.1002114868598753,
  "epsilon": 8.54732384139e-05,
  "lr": 0.0004247197801319,
  "n_embd": 31,
  "n_head": 4,
  "n_layer": 5,
  "seed": 1467362802.6760125,
  "weight_decay": 0.0061270634544576
}