{
  "batch_size": 30,
  "beta_1": 0.2838885610258195,
  "beta_2": 0.4573738436323859,
  "block_size": 165,
  "dropout": 0.1172515820714016,
  "epsilon": 4.22493573e-08,
  "lr": 0.0016531497397364,
  "n_embd": 41,
  "n_head": 3,
  "n_layer": 1,
  "seed": 2133302782.8932333,
  "weight_decay": 2.27882421089e-05
}