{
  "batch_size": 88,
  "beta_1": 0.5198371625310662,
  "beta_2": 0.7655144866600051,
  "block_size": 204,
  "dropout": 0.12112921228507381,
  "epsilon": 8.523683196454727e-05,
  "lr": 0.0018209194921116312,
  "n_embd": 15,
  "n_head": 6,
  "n_layer": 2,
  "seed": 899664619,
  "weight_decay": 0.0005540317257170803
}