{
  "batch_size": 81.62123951214883,
  "beta_1": 0.7941649944909958,
  "beta_2": 0.2755780168557854,
  "block_size": 308.2276056377128,
  "dropout": 0.15096867565764402,
  "epsilon": 0.0005254447968750361,
  "lr": 0.06150375264737539,
  "n_embd": 29.006837071780364,
  "n_head": 4.959843899018031,
  "n_layer": 5.357254585349537,
  "seed": 2010337503.7357364,
  "weight_decay": 0.00867954609483801
}