{
  "batch_size": 41.825302826340334,
  "beta_1": 0.11052116410942685,
  "beta_2": 0.5447858788616283,
  "block_size": 116.16168511348165,
  "dropout": 0.21735417991826528,
  "epsilon": 0.0007063856700104455,
  "lr": 0.08792729757611871,
  "n_embd": 39.457291556778195,
  "n_head": 1.6660757657128014,
  "n_layer": 3.4217152009253295,
  "seed": 1546220293.9189348,
  "weight_decay": 0.00043595199593943754
}