{
  "batch_size": 26,
  "beta_1": 0.7968908550977299,
  "beta_2": 0.11931053938354942,
  "block_size": 210,
  "dropout": 0.3112355581967963,
  "epsilon": 1.087377789482215e-05,
  "lr": 0.000377464670541279,
  "n_embd": 25,
  "n_head": 5,
  "n_layer": 5,
  "seed": 1721013600,
  "weight_decay": 1.4522787767015918e-06
}