{
  "batch_size": 21,
  "beta_1": 0.5306139610187014,
  "beta_2": 0.227067084987547,
  "block_size": 136,
  "dropout": 0.2892809140914231,
  "epsilon": 2.87479521e-08,
  "lr": 7.31125820077e-05,
  "n_embd": 51,
  "n_head": 6,
  "n_layer": 6,
  "seed": 793860695.3068697,
  "weight_decay": 1.573006196e-07
}