{
  "batch_size": 41,
  "beta_1": 0.2187088122811025,
  "beta_2": 0.8183218433587184,
  "block_size": 169,
  "dropout": 0.2840088629533115,
  "epsilon": 6.1765279e-09,
  "lr": 1.0254471704e-06,
  "n_embd": 25,
  "n_head": 6,
  "n_layer": 5,
  "seed": 1646079066.4206145,
  "weight_decay": 8.505459378e-07
}