{
  "batch_size": 38,
  "beta_1": 0.970196164823633,
  "beta_2": 0.6816283628605946,
  "block_size": 210,
  "dropout": 0.3952903766128303,
  "epsilon": 9.41191e-09,
  "lr": 0.0007224910651868,
  "n_embd": 37,
  "n_head": 4,
  "n_layer": 3,
  "seed": 191932603.1685528,
  "weight_decay": 0.0019020535634335
}