{
  "batch_size": 89,
  "beta_1": 0.5985577691186035,
  "beta_2": 0.879849150783668,
  "block_size": 118,
  "dropout": 0.3692920696825794,
  "epsilon": 1.5341405e-09,
  "lr": 0.0070931599053674,
  "n_embd": 24,
  "n_head": 2,
  "n_layer": 2,
  "seed": 411844006.0263205,
  "weight_decay": 4.2877339612e-06
}