{
  "batch_size": 55,
  "beta_1": 0.32148840711778415,
  "beta_2": 0.5278305514714108,
  "block_size": 374,
  "dropout": 0.12290375796150065,
  "epsilon": 0.00012056807760073349,
  "lr": 0.00043695465695308886,
  "n_embd": 42,
  "n_head": 1,
  "n_layer": 3,
  "seed": 400826042,
  "weight_decay": 8.365497421237916e-06
}