{
  "batch_size": 56.47480982854993,
  "beta_1": 0.8229594970693547,
  "beta_2": 0.38908530721501655,
  "block_size": 329.4435359655568,
  "dropout": 0.14260747385261255,
  "epsilon": 3.89511970777728e-05,
  "lr": 0.03255447756390984,
  "n_embd": 40.442725656778954,
  "n_head": 4.053628500592453,
  "n_layer": 1.909560868146606,
  "seed": 272311853.9521375,
  "weight_decay": 0.00153584689686609
}