{
  "batch_size": 49.02690101324842,
  "beta_1": 0.6309571031627773,
  "beta_2": 0.6621500775576139,
  "block_size": 84.85793836634727,
  "dropout": 0.3131941695230334,
  "epsilon": 0.0008691061592676055,
  "lr": 0.08487091877270406,
  "n_embd": 37.961664493176826,
  "n_head": 3.8563567145746434,
  "n_layer": 2.8458279319819932,
  "seed": 604432037.4505395,
  "weight_decay": 0.0099127825160733
}