{
  "batch_size": 39.85825583981859,
  "beta_1": 0.8835676554889913,
  "beta_2": 0.10673940684938107,
  "block_size": 307.73985710282864,
  "dropout": 0.40462459870127043,
  "epsilon": 0.000839843389931707,
  "lr": 0.08591295526307358,
  "n_embd": 29.427603638487483,
  "n_head": 3.7524362964464735,
  "n_layer": 6.580119643266852,
  "seed": 1956240263.159016,
  "weight_decay": 0.007272627855620774
}