{
  "batch_size": 46,
  "beta_1": 0.3812663799296202,
  "beta_2": 0.1993931541501918,
  "block_size": 161,
  "dropout": 0.2534233420453536,
  "epsilon": 2.678940687e-07,
  "lr": 0.0038891576645063,
  "n_embd": 26,
  "n_head": 2,
  "n_layer": 2,
  "seed": 555444771.9142915,
  "weight_decay": 6.90444296e-08
}