{
  "batch_size": 50.36384857370128,
  "beta_1": 0.6354251283078629,
  "beta_2": 0.8614794445086618,
  "block_size": 70.75992373014964,
  "dropout": 0.4791628438792399,
  "epsilon": 2.8713117119138624e-05,
  "lr": 0.0210515070496719,
  "n_embd": 27.36385181937705,
  "n_head": 4.103480632226459,
  "n_layer": 1.0744548417726703,
  "seed": 899712648.2520915,
  "weight_decay": 0.00647184888985185
}