{
  "batch_size": 25,
  "beta_1": 0.26788784163813223,
  "beta_2": 0.7992536465130476,
  "block_size": 236,
  "dropout": 0.47107650254316424,
  "epsilon": 6.065626119747727e-10,
  "lr": 0.000411884101328647,
  "n_embd": 27,
  "n_head": 3,
  "n_layer": 3,
  "seed": 2138099072,
  "weight_decay": 0.0003674228870668901
}