{
  "batch_size": 24.737568113874442,
  "beta_1": 0.20576877154484938,
  "beta_2": 0.4684343401264811,
  "block_size": 288.91122575321356,
  "dropout": 0.4326057342862035,
  "epsilon": 0.0005184774185964196,
  "lr": 0.09871204274576147,
  "n_embd": 32.942084290215384,
  "n_head": 1.9752905852894034,
  "n_layer": 4.993687568574465,
  "seed": 1963732811.6691961,
  "weight_decay": 0.007758048442218138
}