{
  "batch_size": 84,
  "beta_1": 0.428826685009151,
  "beta_2": 0.3034606834271472,
  "block_size": 369,
  "dropout": 0.1239209132059334,
  "epsilon": 7.477872e-10,
  "lr": 0.00095800385507,
  "n_embd": 10,
  "n_head": 6,
  "n_layer": 2,
  "seed": 11071961.130184282,
  "weight_decay": 3.656677788e-07
}