{
  "batch_size": 70.65256029533761,
  "beta_1": 0.21643398294549482,
  "beta_2": 0.8614305254123056,
  "block_size": 106.2054985034174,
  "dropout": 0.21226761613758305,
  "epsilon": 0.0006045892994501277,
  "lr": 0.07122899909539905,
  "n_embd": 43.42125064326921,
  "n_head": 6.954613684326378,
  "n_layer": 3.938034039235747,
  "seed": 624392363.6430818,
  "weight_decay": 0.00044340039930404246
}