{
  "batch_size": 20.067121283960823,
  "beta_1": 0.5744437548848588,
  "beta_2": 0.6437245333085583,
  "block_size": 312.99082629050054,
  "dropout": 0.2759848402270948,
  "epsilon": 0.00045865458394348603,
  "lr": 0.02392205582171591,
  "n_embd": 10.195885109940221,
  "n_head": 1.7273124527390378,
  "n_layer": 5.819943007949533,
  "seed": 1139505408.6663318,
  "weight_decay": 0.0063950562388909145
}