{
  "batch_size": 76.98430906992348,
  "beta_1": 0.5581225597997241,
  "beta_2": 0.5316273801358528,
  "block_size": 89.57744751291804,
  "dropout": 0.4743567375762495,
  "epsilon": 0.000742531068456731,
  "lr": 0.09587972621009665,
  "n_embd": 12.946545837662322,
  "n_head": 2.4033665066560306,
  "n_layer": 6.343636462986491,
  "seed": 1005929478.7431741,
  "weight_decay": 0.0047334012658702095
}