{
  "batch_size": 85.09624394383106,
  "beta_1": 0.8111222787448535,
  "beta_2": 0.9339924230325976,
  "block_size": 272.42402793609426,
  "dropout": 0.4633543269725694,
  "epsilon": 0.0007469938771251894,
  "lr": 0.03157205681790417,
  "n_embd": 48.87755749693536,
  "n_head": 2.614127270837588,
  "n_layer": 1.1844105817289032,
  "seed": 1104575432.7604253,
  "weight_decay": 0.00039599138397752355
}