{
  "batch_size": 44.57102449341764,
  "beta_1": 0.9408187289773593,
  "beta_2": 0.8663553134153067,
  "block_size": 297.51935832902325,
  "dropout": 0.18182602998666902,
  "epsilon": 5.272179864132967e-05,
  "lr": 0.040583426337331696,
  "n_embd": 0.2679597193619121,
  "n_head": 3.5613246215102787,
  "n_layer": 5.73701181563533,
  "seed": 965793712.1127629,
  "weight_decay": 0.003454375542074287
}