{
  "batch_size": 40,
  "beta_1": 0.827341090698391,
  "beta_2": 0.5017387249714751,
  "block_size": 242,
  "dropout": 0.4191556053866733,
  "epsilon": 3.22651761e-07,
  "lr": 0.0005089350489336,
  "n_embd": 49,
  "n_head": 2,
  "n_layer": 5,
  "seed": 635870927.9696525,
  "weight_decay": 0.0004450218891509
}