{
  "batch_size": 41.93708519916111,
  "beta_1": 0.6193154889306581,
  "beta_2": 0.58426677249539,
  "block_size": 241.49161713971756,
  "dropout": 0.23600736544522866,
  "epsilon": 0.000534744935797184,
  "lr": 0.0890114561812169,
  "n_embd": 4.471074342810493,
  "n_head": 5.806562875829808,
  "n_layer": 6.71516179421131,
  "seed": 471290430.3878939,
  "weight_decay": 0.003708345500924867
}