{
  "batch_size": 20,
  "beta_1": 0.1304432504232726,
  "beta_2": 0.3954327602130735,
  "block_size": 336,
  "dropout": 0.47944151609722485,
  "epsilon": 2.6629118520742647e-05,
  "lr": 1.2676133468934273e-06,
  "n_embd": 33,
  "n_head": 4,
  "n_layer": 3,
  "seed": 261553267,
  "weight_decay": 5.291166348259956e-08
}