{
  "batch_size": 45,
  "beta_1": 0.8429740111389764,
  "beta_2": 0.9259209257041388,
  "block_size": 262,
  "dropout": 0.2224421236981684,
  "epsilon": 3.764747e-10,
  "lr": 0.0014878534387102,
  "n_embd": 23,
  "n_head": 5,
  "n_layer": 4,
  "seed": 338447032.42900175,
  "weight_decay": 7.28265144971e-05
}