{
  "batch_size": 93.0511730992124,
  "beta_1": 0.37786016285493074,
  "beta_2": 0.5609741142490844,
  "block_size": 249.8553760337285,
  "dropout": 0.25217506351346153,
  "epsilon": 0.0008271428577297104,
  "lr": 0.09383508701435123,
  "n_embd": 9.212073158187476,
  "n_head": 6.087602686654264,
  "n_layer": 5.792289423749871,
  "seed": 2000012697.4763498,
  "weight_decay": 0.008239616491512244
}