{
  "batch_size": 49.741539241125174,
  "beta_1": 0.5285389661044637,
  "beta_2": 0.44717206672821985,
  "block_size": 118.92270449186562,
  "dropout": 0.20329978868994034,
  "epsilon": 7.236152760785144e-06,
  "lr": 0.09816708802063988,
  "n_embd": 20.636321540036764,
  "n_head": 6.528703178533828,
  "n_layer": 4.256687408949674,
  "seed": 702309481.1789689,
  "weight_decay": 0.00467781783234451
}