{
  "batch_size": 88,
  "beta_1": 0.249028164837181,
  "beta_2": 0.3547408933265519,
  "block_size": 119,
  "dropout": 0.2102656037303546,
  "epsilon": 9.744293584e-07,
  "lr": 0.0006787193973024,
  "n_embd": 50,
  "n_head": 4,
  "n_layer": 3,
  "seed": 321411152.35773844,
  "weight_decay": 2.03507357e-08
}