{
  "batch_size": 50,
  "beta_1": 0.9428383788713276,
  "beta_2": 0.9589980659558509,
  "block_size": 259,
  "dropout": 0.23435178434473192,
  "epsilon": 1.4074825381194465e-06,
  "lr": 0.003740628870706464,
  "n_embd": 30,
  "n_head": 5,
  "n_layer": 1,
  "seed": 1974038137,
  "weight_decay": 0.0008155377196173271
}