{
  "batch_size": 77.17350064342311,
  "beta_1": 0.3399279088717193,
  "beta_2": 0.1821533245123888,
  "block_size": 158.20101166618798,
  "dropout": 0.35557127990551096,
  "epsilon": 0.000668050041649079,
  "lr": 0.09045727257020461,
  "n_embd": 33.15004048159983,
  "n_head": 2.5470600244243284,
  "n_layer": 6.132653014040491,
  "seed": 760052903.129238,
  "weight_decay": 0.006937163135840655
}