{
  "batch_size": 33,
  "beta_1": 0.9488046027631594,
  "beta_2": 0.6179962545140627,
  "block_size": 173,
  "dropout": 0.18311299699934636,
  "epsilon": 5.376334309553599e-07,
  "lr": 2.969873538390198e-05,
  "n_embd": 53,
  "n_head": 4,
  "n_layer": 3,
  "seed": 105231616,
  "weight_decay": 5.550898224681007e-06
}