{
  "batch_size": 79.62419078517539,
  "beta_1": 0.6306209665405966,
  "beta_2": 0.9845836104570894,
  "block_size": 362.2621426069409,
  "dropout": 0.3090845576052539,
  "epsilon": 0.000413966174094323,
  "lr": 0.002999603745517742,
  "n_embd": 26.7945838367125,
  "n_head": 6.449650100462707,
  "n_layer": 2.2010560097083545,
  "seed": 1243444591.6161177,
  "weight_decay": 6.261472860886392e-05
}