{
  "batch_size": 71.17178711273242,
  "beta_1": 0.5008904590786558,
  "beta_2": 0.8891113415229274,
  "block_size": 342.36134313153417,
  "dropout": 0.3670239045350461,
  "epsilon": 0.0006814938897534538,
  "lr": 0.09008034803909706,
  "n_embd": 16.552512665468207,
  "n_head": 2.9441576358942143,
  "n_layer": 5.216252300082156,
  "seed": 753383596.9154338,
  "weight_decay": 0.00877628740879763
}