{
  "batch_size": 43.161844207593326,
  "beta_1": 0.5983787633834533,
  "beta_2": 0.2291840954374392,
  "block_size": 157.32570095323538,
  "dropout": 0.22674041290322242,
  "epsilon": 0.0008865184190106347,
  "lr": 0.05872652481129022,
  "n_embd": 35.00166202385437,
  "n_head": 1.2997046411015574,
  "n_layer": 6.375955405581438,
  "seed": 1464263813.3957155,
  "weight_decay": 0.007305428562152884
}