{
  "batch_size": 66.86610390283178,
  "beta_1": 0.923461065424955,
  "beta_2": 0.2584287903049832,
  "block_size": 334.22061065431285,
  "dropout": 0.20452012175967763,
  "epsilon": 9.41309164872831e-05,
  "lr": 0.034991928303967065,
  "n_embd": 19.951012347016707,
  "n_head": 1.3238029486800311,
  "n_layer": 5.328555857612549,
  "seed": 1419589471.8149347,
  "weight_decay": 0.002857059185722451
}