{
  "batch_size": 52,
  "beta_1": 0.8046362337289723,
  "beta_2": 0.9774172288149388,
  "block_size": 355,
  "dropout": 0.3930620995930145,
  "epsilon": 5.522611e-10,
  "lr": 5.23595083342e-05,
  "n_embd": 1,
  "n_head": 2,
  "n_layer": 4,
  "seed": 1177185829.033314,
  "weight_decay": 4.33733005787e-05
}