{
  "batch_size": 53,
  "beta_1": 0.9545678685383262,
  "beta_2": 0.5870774074522201,
  "block_size": 193,
  "dropout": 0.05120741266219696,
  "epsilon": 5.110261741959024e-08,
  "lr": 0.004193433256451209,
  "n_embd": 13,
  "n_head": 5,
  "n_layer": 2,
  "seed": 1699284216,
  "weight_decay": 0.00040906117302232634
}