{
  "batch_size": 66,
  "beta_1": 0.20860076048888004,
  "beta_2": 0.5132379966346075,
  "block_size": 113,
  "dropout": 0.09700921893346022,
  "epsilon": 4.759307187147138e-09,
  "lr": 0.0001520217858954041,
  "n_embd": 28,
  "n_head": 3,
  "n_layer": 3,
  "seed": 293653163,
  "weight_decay": 0.00794583586068762
}