{
  "batch_size": 66.50822052740158,
  "beta_1": 0.15365620031589397,
  "beta_2": 0.4673840164036511,
  "block_size": 167.6241817859047,
  "dropout": 0.29965583645339683,
  "epsilon": 0.00020765094512587823,
  "lr": 0.03556564805193658,
  "n_embd": 0.541853033235412,
  "n_head": 4.818033871818101,
  "n_layer": 1.8326099912289318,
  "seed": 478490606.67820096,
  "weight_decay": 0.005506234941564585
}