{
  "batch_size": 27,
  "beta_1": 0.9010156873327372,
  "beta_2": 0.6380393564462941,
  "block_size": 209,
  "dropout": 0.3954259182636991,
  "epsilon": 4.943163e-10,
  "lr": 0.0773464805363523,
  "n_embd": 21,
  "n_head": 5,
  "n_layer": 5,
  "seed": 2015791316.3182793,
  "weight_decay": 1.276704714e-07
}