{
  "batch_size": 30.099999944156306,
  "beta_1": 0.5416457474628766,
  "beta_2": 0.1929738614233686,
  "block_size": 258.24831663137,
  "dropout": 0.27695016912624215,
  "epsilon": 0.0008495461990795614,
  "lr": 0.09964949236404776,
  "n_embd": 21.50946876225423,
  "n_head": 1.444292616585256,
  "n_layer": 4.206072102330625,
  "seed": 1451842956.0635543,
  "weight_decay": 0.00048632721006601156
}