{
  "batch_size": 84,
  "beta_1": 0.992932417257154,
  "beta_2": 0.8326477813412149,
  "block_size": 327,
  "dropout": 0.179650431036196,
  "epsilon": 3.08079456e-08,
  "lr": 0.000617176780387,
  "n_embd": 49,
  "n_head": 3,
  "n_layer": 2,
  "seed": 2006188009.1155772,
  "weight_decay": 6.9592068e-08
}