{
  "batch_size": 92,
  "beta_1": 0.7938328132337873,
  "beta_2": 0.588175355427802,
  "block_size": 156,
  "dropout": 0.351533521110798,
  "epsilon": 3.11338859096e-05,
  "lr": 1.08343755057e-05,
  "n_embd": 39,
  "n_head": 5,
  "n_layer": 3,
  "seed": 1307155865.4085503,
  "weight_decay": 0.008932771470524
}