{
  "batch_size": 57,
  "beta_1": 0.4858201780025341,
  "beta_2": 0.5928401966385337,
  "block_size": 336,
  "dropout": 0.2620205320731252,
  "epsilon": 9.8728214e-09,
  "lr": 0.0019814234566913,
  "n_embd": 46,
  "n_head": 5,
  "n_layer": 2,
  "seed": 1775803940.3378608,
  "weight_decay": 4.02391865e-08
}