{
  "batch_size": 65,
  "beta_1": 0.4933316388346103,
  "beta_2": 0.7304790302836501,
  "block_size": 218,
  "dropout": 0.2606645956908684,
  "epsilon": 1.4649702674694963e-05,
  "lr": 0.06980459944678263,
  "n_embd": 35,
  "n_head": 5,
  "n_layer": 2,
  "seed": 258226527,
  "weight_decay": 5.163332163717586e-05
}