{
  "batch_size": 25.187867458785867,
  "beta_1": 0.37265184201904955,
  "beta_2": 0.33345170506890953,
  "block_size": 327.37487896283477,
  "dropout": 0.47275783775546487,
  "epsilon": 0.00017720824970999917,
  "lr": 0.04603025795613108,
  "n_embd": 10.819742859540172,
  "n_head": 1.7619107753091305,
  "n_layer": 2.6602550421056996,
  "seed": 1686798021.1640787,
  "weight_decay": 0.004689217298849896
}