{
  "batch_size": 71.5088504711029,
  "beta_1": 0.5606407441361483,
  "beta_2": 0.25725313417257367,
  "block_size": 108.28133887021303,
  "dropout": 0.14340751578764738,
  "epsilon": 0.0003897529639013911,
  "lr": 0.06352095552219825,
  "n_embd": 50.211986452464366,
  "n_head": 6.670253755868218,
  "n_layer": 3.280768048772347,
  "seed": 1531965942.0442693,
  "weight_decay": 0.007145166186062091
}