{
  "batch_size": 43,
  "beta_1": 0.4292100591145773,
  "beta_2": 0.3648173217918417,
  "block_size": 169,
  "dropout": 0.4336525250529146,
  "epsilon": 1.74413984e-08,
  "lr": 2.75864785187e-05,
  "n_embd": 10,
  "n_head": 2,
  "n_layer": 2,
  "seed": 957487015.3457973,
  "weight_decay": 0.0096935651747452
}