{
  "batch_size": 55,
  "beta_1": 0.6035059761585451,
  "beta_2": 0.11803734427074757,
  "block_size": 193,
  "dropout": 0.3291782771595595,
  "epsilon": 6.379424388673507e-06,
  "lr": 0.0021554772403272037,
  "n_embd": 27,
  "n_head": 4,
  "n_layer": 6,
  "seed": 290787391,
  "weight_decay": 0.00039085604587476566
}