{
  "batch_size": 47,
  "beta_1": 0.1342050234462017,
  "beta_2": 0.854603269346153,
  "block_size": 73,
  "dropout": 0.4336597065158422,
  "epsilon": 7.70887354723402e-08,
  "lr": 0.006627817290310622,
  "n_embd": 3,
  "n_head": 4,
  "n_layer": 4,
  "seed": 1175828727,
  "weight_decay": 9.242527819306594e-07
}