{
  "batch_size": 88,
  "beta_1": 0.8733281240925667,
  "beta_2": 0.9856773655638001,
  "block_size": 313,
  "dropout": 0.1588988537380943,
  "epsilon": 4.112117e-10,
  "lr": 0.0023265163165222,
  "n_embd": 48,
  "n_head": 2,
  "n_layer": 2,
  "seed": 1745227189.287801,
  "weight_decay": 0.0001578537817179
}