{
  "batch_size": 40.661923049047715,
  "beta_1": 0.1587724873713232,
  "beta_2": 0.5552840737104531,
  "block_size": 200.66732957960315,
  "dropout": 0.3734341641292932,
  "epsilon": 0.000253878162376054,
  "lr": 0.0050698831624923415,
  "n_embd": 11.6854189189911,
  "n_head": 5.7171858522804095,
  "n_layer": 6.99606851763185,
  "seed": 340238049.663875,
  "weight_decay": 0.00660653064051359
}