{
  "batch_size": 63,
  "beta_1": 0.9418204762666788,
  "beta_2": 0.1992664893856625,
  "block_size": 74,
  "dropout": 0.3921689547772774,
  "epsilon": 4.420833e-10,
  "lr": 0.0004906064503681,
  "n_embd": 24,
  "n_head": 5,
  "n_layer": 2,
  "seed": 613916617.0733418,
  "weight_decay": 2.08344982271e-05
}