{
  "batch_size": 24,
  "beta_1": 0.9326678075987714,
  "beta_2": 0.3247392409286685,
  "block_size": 352,
  "dropout": 0.4667454178410555,
  "epsilon": 1.271805e-10,
  "lr": 0.0001447780646843,
  "n_embd": 50,
  "n_head": 6,
  "n_layer": 3,
  "seed": 750127837.9032202,
  "weight_decay": 0.0095884300621927
}