{
  "batch_size": 56,
  "beta_1": 0.7928067745259114,
  "beta_2": 0.7715982101238836,
  "block_size": 85,
  "dropout": 0.1319818590735353,
  "epsilon": 1.0231616056e-06,
  "lr": 0.0009135975518651,
  "n_embd": 26,
  "n_head": 2,
  "n_layer": 3,
  "seed": 1529022710.6194093,
  "weight_decay": 4.570681067e-07
}