{
  "batch_size": 46,
  "beta_1": 0.6535200311454633,
  "beta_2": 0.906676101432452,
  "block_size": 218,
  "dropout": 0.1160932588985597,
  "epsilon": 4.1278757e-09,
  "lr": 0.0009141403839465,
  "n_embd": 18,
  "n_head": 3,
  "n_layer": 4,
  "seed": 788372233.8216301,
  "weight_decay": 5.85040077e-08
}