{
  "batch_size": 55.75547353670179,
  "beta_1": 0.9423769552309681,
  "beta_2": 0.21763348647393554,
  "block_size": 131.44011274298765,
  "dropout": 0.32003956660266597,
  "epsilon": 0.0003828674572224933,
  "lr": 0.045027736834545196,
  "n_embd": 5.751000651782958,
  "n_head": 3.3788149407687333,
  "n_layer": 3.262132927988054,
  "seed": 215223406.28697962,
  "weight_decay": 0.002598470424128781
}