{
  "batch_size": 16.376652557109793,
  "beta_1": 0.5929466232819771,
  "beta_2": 0.8113958297693535,
  "block_size": 254.613140344783,
  "dropout": 0.3894409330074252,
  "epsilon": 0.00046927713777271325,
  "lr": 0.016432339706427122,
  "n_embd": 46.034577646510584,
  "n_head": 2.944891940764119,
  "n_layer": 4.655693222334062,
  "seed": 223321138.76397607,
  "weight_decay": 0.0069655903450884385
}