{
  "batch_size": 93.40592997956523,
  "beta_1": 0.4215566154495384,
  "beta_2": 0.43929667289691443,
  "block_size": 177.610792945013,
  "dropout": 0.3334936153078826,
  "epsilon": 0.0007605496243369277,
  "lr": 0.02835933676663198,
  "n_embd": 43.26776155680564,
  "n_head": 5.1534931518180125,
  "n_layer": 5.971176139733123,
  "seed": 781628549.6889971,
  "weight_decay": 0.0019138994531567913
}