{
  "batch_size": 55,
  "beta_1": 0.7003944129772022,
  "beta_2": 0.6932689866297639,
  "block_size": 103,
  "dropout": 0.3664327806486105,
  "epsilon": 2.4168435681577737e-09,
  "lr": 3.167681414312264e-05,
  "n_embd": 12,
  "n_head": 4,
  "n_layer": 5,
  "seed": 1659683661,
  "weight_decay": 5.272303019397705e-05
}