{
  "batch_size": 50,
  "beta_1": 0.7130348860838462,
  "beta_2": 0.5895212572082013,
  "block_size": 242,
  "dropout": 0.5008976804519837,
  "epsilon": 4.311629677819981e-06,
  "lr": 2.3148963735924114e-06,
  "n_embd": 29,
  "n_head": 2,
  "n_layer": 2,
  "seed": 1705805858,
  "weight_decay": 1.2817888727018249e-08
}