{
  "batch_size": 27.956166700578102,
  "beta_1": 0.5858478088561354,
  "beta_2": 0.6684019615532883,
  "block_size": 263.2642230649353,
  "dropout": 0.12150160688863361,
  "epsilon": 0.0006828360781152626,
  "lr": 0.0754189993727169,
  "n_embd": 38.66653183138296,
  "n_head": 3.487565621906076,
  "n_layer": 6.111643476384138,
  "seed": 164436167.80155745,
  "weight_decay": 0.001762526797574547
}