{
  "batch_size": 43,
  "beta_1": 0.4688705592177198,
  "beta_2": 0.7232184335871339,
  "block_size": 178,
  "dropout": 0.335370935229687,
  "epsilon": 7.087235e-10,
  "lr": 0.0011171613816744,
  "n_embd": 14,
  "n_head": 2,
  "n_layer": 2,
  "seed": 1647022159.3398066,
  "weight_decay": 0.0088995048397168
}