{
  "batch_size": 40,
  "beta_1": 0.3687572485178351,
  "beta_2": 0.3894609909283345,
  "block_size": 133,
  "dropout": 0.071948569154035,
  "epsilon": 2.7201728981151125e-08,
  "lr": 0.0002546299898130294,
  "n_embd": 27,
  "n_head": 4,
  "n_layer": 3,
  "seed": 46736697,
  "weight_decay": 1.4736875622253565e-06
}