{
  "batch_size": 91,
  "beta_1": 0.560574576593651,
  "beta_2": 0.6663288612832767,
  "block_size": 379,
  "dropout": 0.4638345927609134,
  "epsilon": 2.89355193026e-05,
  "lr": 0.0044244838199121,
  "n_embd": 10,
  "n_head": 4,
  "n_layer": 2,
  "seed": 1675030965.1563,
  "weight_decay": 1.43168541e-08
}