{
  "batch_size": 81,
  "beta_1": 0.6305167462525286,
  "beta_2": 0.6667158162494966,
  "block_size": 154,
  "dropout": 0.2925714342051482,
  "epsilon": 1.4316305470915024e-09,
  "lr": 0.009508867861696475,
  "n_embd": 8,
  "n_head": 3,
  "n_layer": 6,
  "seed": 1102846406,
  "weight_decay": 4.414112308139769e-05
}