{
  "batch_size": 72,
  "beta_1": 0.18818738879579738,
  "beta_2": 0.7511779273140159,
  "block_size": 92,
  "dropout": 0.49353628492303625,
  "epsilon": 0.0001474400692606156,
  "lr": 0.014280926736531831,
  "n_embd": 24,
  "n_head": 6,
  "n_layer": 1,
  "seed": 1513751710,
  "weight_decay": 7.74923990350789e-07
}