{
  "batch_size": 48.00921031704676,
  "beta_1": 0.7294823160264294,
  "beta_2": 0.4457237330167019,
  "block_size": 346.7607999227927,
  "dropout": 0.4609912092683486,
  "epsilon": 0.0008332653537177403,
  "lr": 0.034497117964677644,
  "n_embd": 11.77858944162001,
  "n_head": 6.183338468607885,
  "n_layer": 6.3584897745998505,
  "seed": 1527356305.2231405,
  "weight_decay": 0.00755474732450373
}