{
  "batch_size": 60.00938922489189,
  "beta_1": 0.7483942924776804,
  "beta_2": 0.5482514209503287,
  "block_size": 208.61051556353922,
  "dropout": 0.4459684286166663,
  "epsilon": 1.3617736415992709e-05,
  "lr": 0.034658349621112916,
  "n_embd": 26.291162177525585,
  "n_head": 3.8944806716976554,
  "n_layer": 3.33775102956879,
  "seed": 1054632227.7221338,
  "weight_decay": 0.0010542994262786227
}