{
  "batch_size": 56.27647980289093,
  "beta_1": 0.934729499074022,
  "beta_2": 0.6365907887279019,
  "block_size": 255.76070297121677,
  "dropout": 0.4162913217235742,
  "epsilon": 0.00046430312230320235,
  "lr": 0.09084954307412095,
  "n_embd": 11.812458822319886,
  "n_head": 6.510989022516243,
  "n_layer": 1.7152140397116002,
  "seed": 1608817666.0840862,
  "weight_decay": 0.006990011918156295
}