{
  "batch_size": 63.36840806265492,
  "beta_1": 0.5747154877836868,
  "beta_2": 0.6638511124108134,
  "block_size": 119.17364216257417,
  "dropout": 0.10320027114554482,
  "epsilon": 7.468810478557925e-05,
  "lr": 0.047269080543509034,
  "n_embd": 41.08676282435624,
  "n_head": 4.608669516587202,
  "n_layer": 4.811654103734163,
  "seed": 1347559081.041619,
  "weight_decay": 0.007394832234935486
}