{
  "batch_size": 62,
  "beta_1": 0.23960914842733594,
  "beta_2": 0.9737697243632021,
  "block_size": 229,
  "dropout": 0.24525967505438784,
  "epsilon": 0.00017713873817475713,
  "lr": 1.26828314609404e-05,
  "n_embd": 37,
  "n_head": 5,
  "n_layer": 5,
  "seed": 1159504132,
  "weight_decay": 8.63383451233128e-06
}