{
  "batch_size": 64.23768570893847,
  "beta_1": 0.8134607301507243,
  "beta_2": 0.4608018406812774,
  "block_size": 267.2887169705423,
  "dropout": 0.45810826044919917,
  "epsilon": 0.0004147791043320509,
  "lr": 0.0908379843107338,
  "n_embd": 53.560378250321705,
  "n_head": 6.011999266978176,
  "n_layer": 4.022403644982452,
  "seed": 1611529551.139221,
  "weight_decay": 0.0013525693928911763
}