{
  "batch_size": 74.35201632233529,
  "beta_1": 0.8749720269149597,
  "beta_2": 0.17796755113013493,
  "block_size": 258.34590158432167,
  "dropout": 0.46077948191810436,
  "epsilon": 0.00028798742289765593,
  "lr": 0.021426051336296225,
  "n_embd": 46.48551444458879,
  "n_head": 2.251608445310509,
  "n_layer": 3.691816064054794,
  "seed": 1651501209.8506823,
  "weight_decay": 0.002882902526994702
}