{
  "batch_size": 65.98919858269232,
  "beta_1": 0.48020965659590586,
  "beta_2": 0.901463907564936,
  "block_size": 212.78652971065532,
  "dropout": 0.48430392440580905,
  "epsilon": 0.0008326910037423635,
  "lr": 0.00037090846245640746,
  "n_embd": 24.85273841781766,
  "n_head": 4.790952878795821,
  "n_layer": 4.729099310156521,
  "seed": 702307008.7936012,
  "weight_decay": 0.003956932944706309
}