{
  "batch_size": 94,
  "beta_1": 0.89409461400851,
  "beta_2": 0.5122838053369682,
  "block_size": 229,
  "dropout": 0.2413984390818634,
  "epsilon": 1.58055234437e-05,
  "lr": 1.24780204565e-05,
  "n_embd": 44,
  "n_head": 4,
  "n_layer": 3,
  "seed": 343578583.33084106,
  "weight_decay": 2.6404765e-07
}