{
  "batch_size": 72.77644683892677,
  "beta_1": 0.8153969854745036,
  "beta_2": 0.18380225875179407,
  "block_size": 94.1801477502298,
  "dropout": 0.4991457354835058,
  "epsilon": 0.0007561010330511898,
  "lr": 0.09042222694559778,
  "n_embd": 20.036174075343396,
  "n_head": 1.9553751960605221,
  "n_layer": 5.996060806655794,
  "seed": 1723114173.5689468,
  "weight_decay": 0.0038992360617565924
}