{
  "batch_size": 27,
  "beta_1": 0.4100691742871194,
  "beta_2": 0.371250639182361,
  "block_size": 374,
  "dropout": 0.1335029791755632,
  "epsilon": 3.87729221073e-05,
  "lr": 0.0002718627740737,
  "n_embd": 25,
  "n_head": 6,
  "n_layer": 3,
  "seed": 760431306.6945686,
  "weight_decay": 6.7067853773e-06
}