{
  "batch_size": 42,
  "beta_1": 0.7154120612639183,
  "beta_2": 0.7988088298950657,
  "block_size": 296,
  "dropout": 0.0529807851512404,
  "epsilon": 9.342491781995976e-07,
  "lr": 5.2818174014929624e-05,
  "n_embd": 39,
  "n_head": 6,
  "n_layer": 4,
  "seed": 1878594761,
  "weight_decay": 0.0011686854526337213
}