{
  "batch_size": 21.81335320634354,
  "beta_1": 0.6735975846386556,
  "beta_2": 0.5114341987828116,
  "block_size": 357.44333543591597,
  "dropout": 0.42084077963343514,
  "epsilon": 0.0004859783788887072,
  "lr": 0.04180808817002836,
  "n_embd": 13.230890250081444,
  "n_head": 2.0694027492840763,
  "n_layer": 6.614057374966333,
  "seed": 2130212150.7550676,
  "weight_decay": 0.0012471035929047163
}