{
  "batch_size": 83.4936352341561,
  "beta_1": 0.8519980201991868,
  "beta_2": 0.20440011276505726,
  "block_size": 81.86596997564882,
  "dropout": 0.2783255567132037,
  "epsilon": 0.000847880303613324,
  "lr": 0.08968833922182827,
  "n_embd": 31.838510118053325,
  "n_head": 6.683211906738827,
  "n_layer": 4.425167604745505,
  "seed": 1043975471.7670432,
  "weight_decay": 0.006090720192579492
}