{
  "batch_size": 92,
  "beta_1": 0.2524193564312003,
  "beta_2": 0.6128734762799949,
  "block_size": 331,
  "dropout": 0.29767448530595786,
  "epsilon": 1.8074823678440983e-08,
  "lr": 0.023711087223688736,
  "n_embd": 40,
  "n_head": 2,
  "n_layer": 1,
  "seed": 146530763,
  "weight_decay": 1.2748822891320114e-07
}