{
  "batch_size": 28.797192552984345,
  "beta_1": 0.7291392528028586,
  "beta_2": 0.4910851326961253,
  "block_size": 216.4759122085748,
  "dropout": 0.31570705596692616,
  "epsilon": 0.0008646208060473599,
  "lr": 0.05701347915925083,
  "n_embd": 46.99255598696383,
  "n_head": 2.5123757390748027,
  "n_layer": 2.4829758822899866,
  "seed": 955492423.3730395,
  "weight_decay": 0.00921066676329264
}