{
  "batch_size": 66,
  "beta_1": 0.5491281245013323,
  "beta_2": 0.36480679914174985,
  "block_size": 240,
  "dropout": 0.18148598854407172,
  "epsilon": 7.783162227670131e-09,
  "lr": 1.279517768769616e-06,
  "n_embd": 39,
  "n_head": 2,
  "n_layer": 6,
  "seed": 732127021,
  "weight_decay": 1.1042794333153971e-07
}