{
  "batch_size": 71.19171762428195,
  "beta_1": 0.5341330547126749,
  "beta_2": 0.9975451375005826,
  "block_size": 382.5688828874691,
  "dropout": 0.44599811691631364,
  "epsilon": 9.998291999589551e-05,
  "lr": 0.07555335986237031,
  "n_embd": 9.4892514991695,
  "n_head": 2.465680340543724,
  "n_layer": 1.1107940922603186,
  "seed": 1608834315.826981,
  "weight_decay": 0.005873247371260754
}