{
  "batch_size": 62,
  "beta_1": 0.1016662708926836,
  "beta_2": 0.1972405015417112,
  "block_size": 381,
  "dropout": 0.4155799984904504,
  "epsilon": 2.96424782e-08,
  "lr": 0.0015647862678247,
  "n_embd": 25,
  "n_head": 5,
  "n_layer": 4,
  "seed": 1318802122.472052,
  "weight_decay": 5.945770013e-07
}