{
  "batch_size": 34,
  "beta_1": 0.559024611765125,
  "beta_2": 0.2520752378109072,
  "block_size": 365,
  "dropout": 0.11823862530724494,
  "epsilon": 6.342031136913414e-05,
  "lr": 0.004288147325961193,
  "n_embd": 8,
  "n_head": 3,
  "n_layer": 3,
  "seed": 587485483,
  "weight_decay": 0.0006064780239409097
}