{
  "batch_size": 21.80133464736035,
  "beta_1": 0.9291489476037464,
  "beta_2": 0.26026286480510996,
  "block_size": 222.81327649660375,
  "dropout": 0.15569699917611418,
  "epsilon": 0.0003168850989696175,
  "lr": 0.08902353129450662,
  "n_embd": 13.508801028239981,
  "n_head": 4.702419640400474,
  "n_layer": 6.213057146092024,
  "seed": 2107937851.324491,
  "weight_decay": 0.008527624413482366
}