{
  "batch_size": 96.77838277282525,
  "beta_1": 0.24395711611567042,
  "beta_2": 0.3952709813243229,
  "block_size": 206.69807575174514,
  "dropout": 0.15920873040645886,
  "epsilon": 0.0005258768398057181,
  "lr": 0.0953739175749197,
  "n_embd": 39.96943611256048,
  "n_head": 5.630162249182262,
  "n_layer": 1.6070830572315322,
  "seed": 1553349913.9125457,
  "weight_decay": 0.003839332625032558
}