{
  "batch_size": 22,
  "beta_1": 0.1099363259838919,
  "beta_2": 0.7776282268549536,
  "block_size": 340,
  "dropout": 0.3703681134228766,
  "epsilon": 3.190097e-09,
  "lr": 0.0006540258637375,
  "n_embd": 25,
  "n_head": 6,
  "n_layer": 3,
  "seed": 703809820.1338958,
  "weight_decay": 8.01306624836e-05
}