{
  "batch_size": 95.15586196405117,
  "beta_1": 0.16204599896143343,
  "beta_2": 0.2748307456157004,
  "block_size": 90.65122349966572,
  "dropout": 0.20238218646344858,
  "epsilon": 0.00024668910677256607,
  "lr": 0.056373006221107864,
  "n_embd": 53.246912048794655,
  "n_head": 1.303543800628014,
  "n_layer": 6.667760561250522,
  "seed": 416299141.62840885,
  "weight_decay": 0.0002091312630356689
}