{
  "batch_size": 85,
  "beta_1": 0.2552800715004039,
  "beta_2": 0.5962006746705134,
  "block_size": 231,
  "dropout": 0.35882317045514,
  "epsilon": 0.00014955643933697141,
  "lr": 0.08069910435841175,
  "n_embd": 52,
  "n_head": 6,
  "n_layer": 1,
  "seed": 1167789663,
  "weight_decay": 2.0039760015484604e-05
}