{
  "batch_size": 67,
  "beta_1": 0.1193644681576446,
  "beta_2": 0.719987776438663,
  "block_size": 228,
  "dropout": 0.2533759550073458,
  "epsilon": 0.0001436338301876,
  "lr": 0.0399972479778431,
  "n_embd": 51,
  "n_head": 6,
  "n_layer": 1,
  "seed": 2040708468.6482882,
  "weight_decay": 0.0021836259474975
}