{
  "batch_size": 95.31977312113501,
  "beta_1": 0.1308182763834118,
  "beta_2": 0.31330331439644127,
  "block_size": 281.73878207821906,
  "dropout": 0.4607389074086069,
  "epsilon": 0.0009882069166031707,
  "lr": 0.0755308861218557,
  "n_embd": 40.3336986143049,
  "n_head": 2.6836561914700994,
  "n_layer": 6.087551829787023,
  "seed": 1196303994.4146404,
  "weight_decay": 0.003009364831687579
}