{
  "batch_size": 66.23607352913916,
  "beta_1": 0.8081301520324169,
  "beta_2": 0.919414374357756,
  "block_size": 241.90750228670638,
  "dropout": 0.234714491826822,
  "epsilon": 0.0009954657687128287,
  "lr": 0.05700912746735148,
  "n_embd": 0.8114546309108854,
  "n_head": 5.8875355542454875,
  "n_layer": 5.8675693211099285,
  "seed": 877659778.6162626,
  "weight_decay": 0.0009980340372818944
}