{
  "batch_size": 19.83330954749236,
  "beta_1": 0.47611202015131615,
  "beta_2": 0.5309981977371762,
  "block_size": 218.31325053120196,
  "dropout": 0.497435054019829,
  "epsilon": 0.0003515478330801544,
  "lr": 0.011409384584297657,
  "n_embd": 20.999413964283764,
  "n_head": 3.413971830606734,
  "n_layer": 5.042303718769921,
  "seed": 1486722300.1629264,
  "weight_decay": 0.0044588423729074005
}