{
  "batch_size": 84,
  "beta_1": 0.14647199815628908,
  "beta_2": 0.43935385720841247,
  "block_size": 336,
  "dropout": 0.17133483892513338,
  "epsilon": 6.740846743237358e-07,
  "lr": 7.132427252745333e-06,
  "n_embd": 20,
  "n_head": 3,
  "n_layer": 5,
  "seed": 574278372,
  "weight_decay": 2.1926093314460866e-06
}