{
  "batch_size": 70,
  "beta_1": 0.970145872524303,
  "beta_2": 0.6143661715825499,
  "block_size": 344,
  "dropout": 0.4332663878212407,
  "epsilon": 1.0649803628e-06,
  "lr": 0.0023831919113387,
  "n_embd": 17,
  "n_head": 4,
  "n_layer": 3,
  "seed": 1497152288.9547873,
  "weight_decay": 0.000362183940578
}