{
  "batch_size": 35,
  "beta_1": 0.9886854102456206,
  "beta_2": 0.9558773155229214,
  "block_size": 330,
  "dropout": 0.47386304080912445,
  "epsilon": 3.355704139552501e-07,
  "lr": 7.999609364597231e-05,
  "n_embd": 37,
  "n_head": 2,
  "n_layer": 2,
  "seed": 1116996987,
  "weight_decay": 1.8456850326593837e-07
}