{
  "batch_size": 75,
  "beta_1": 0.7227306604476652,
  "beta_2": 0.9097853743711272,
  "block_size": 366,
  "dropout": 0.1926252316337073,
  "epsilon": 6.937397e-10,
  "lr": 0.0005952739442658,
  "n_embd": 26,
  "n_head": 4,
  "n_layer": 5,
  "seed": 1956427460.3056161,
  "weight_decay": 9.6056054442e-06
}