{
  "batch_size": 21.777884461586314,
  "beta_1": 0.47074792426461853,
  "beta_2": 0.9611505013915527,
  "block_size": 365.40272705097453,
  "dropout": 0.10810963133593146,
  "epsilon": 0.0006032501741317469,
  "lr": 0.09872615678846013,
  "n_embd": 20.823764064771726,
  "n_head": 6.8218183920912665,
  "n_layer": 5.3011361957498835,
  "seed": 593835268.032559,
  "weight_decay": 0.005783967893096838
}