{
  "batch_size": 43,
  "beta_1": 0.8934127777550419,
  "beta_2": 0.565615827913019,
  "block_size": 296,
  "dropout": 0.1059615703024808,
  "epsilon": 6.228327854663984e-07,
  "lr": 3.521211600995308e-05,
  "n_embd": 39,
  "n_head": 6,
  "n_layer": 4,
  "seed": 1878594761,
  "weight_decay": 0.0007791236350891476
}