{
  "batch_size": 77.29688668465207,
  "beta_1": 0.474800556000439,
  "beta_2": 0.3695185110648742,
  "block_size": 382.8971536051331,
  "dropout": 0.11060487233938963,
  "epsilon": 0.0006392228222660447,
  "lr": 0.06325214571223702,
  "n_embd": 15.496275176611217,
  "n_head": 5.789995485350533,
  "n_layer": 3.8639904121662125,
  "seed": 1936956947.1878319,
  "weight_decay": 0.006477632370054923
}