{
  "batch_size": 46.21366106417425,
  "beta_1": 0.312339823749869,
  "beta_2": 0.430529980742103,
  "block_size": 139.6145982900223,
  "dropout": 0.11681625373475622,
  "epsilon": 0.00012105857866799459,
  "lr": 0.07581668976755693,
  "n_embd": 2.3028409633400644,
  "n_head": 6.265177992862351,
  "n_layer": 1.4847797874063777,
  "seed": 1684407747.5332642,
  "weight_decay": 0.008040959806183228
}