{
  "batch_size": 23.97188819476818,
  "beta_1": 0.626001168802184,
  "beta_2": 0.7299108315130829,
  "block_size": 310.2723322579985,
  "dropout": 0.3954700213011023,
  "epsilon": 0.000667302887064304,
  "lr": 0.07275804909682504,
  "n_embd": 40.83458337237962,
  "n_head": 3.1151963400092,
  "n_layer": 3.491917842385139,
  "seed": 1817532116.0625226,
  "weight_decay": 0.007295583212856306
}