{
  "batch_size": 47.35855792993071,
  "beta_1": 0.3390927068545565,
  "beta_2": 0.5733024003377487,
  "block_size": 161.45416457273006,
  "dropout": 0.44798448989958306,
  "epsilon": 0.0008578579832774039,
  "lr": 0.05919209162116102,
  "n_embd": 47.93172959730644,
  "n_head": 3.757837514724252,
  "n_layer": 6.866992017818497,
  "seed": 1382267589.8232481,
  "weight_decay": 0.0009207245276729289
}