{
  "batch_size": 56.878831060924924,
  "beta_1": 0.723936208095452,
  "beta_2": 0.7238153871777812,
  "block_size": 283.2427889298865,
  "dropout": 0.15681072230131418,
  "epsilon": 0.00032047981965739337,
  "lr": 0.0015518166024539167,
  "n_embd": 6.3576976216821075,
  "n_head": 1.516914779964789,
  "n_layer": 6.3255486556128435,
  "seed": 622170855.3355132,
  "weight_decay": 0.003692810924023658
}