{
  "batch_size": 63,
  "beta_1": 0.3494506334722831,
  "beta_2": 0.8596715166355077,
  "block_size": 359,
  "dropout": 0.48815404822152764,
  "epsilon": 3.0310606207390014e-05,
  "lr": 4.7331091618027026e-05,
  "n_embd": 15,
  "n_head": 1,
  "n_layer": 1,
  "seed": 605174510,
  "weight_decay": 0.0003579370713627954
}