{
  "batch_size": 95,
  "beta_1": 0.6716993203796656,
  "beta_2": 0.3739865655568774,
  "block_size": 237,
  "dropout": 0.1998359953575402,
  "epsilon": 0.0008135069224614,
  "lr": 0.0242382637315771,
  "n_embd": 10,
  "n_head": 3,
  "n_layer": 6,
  "seed": 1282081060.7664096,
  "weight_decay": 3.9857930411e-06
}