{
  "batch_size": 94,
  "beta_1": 0.3800305422080744,
  "beta_2": 0.5106424866025692,
  "block_size": 246,
  "dropout": 0.4009290424388202,
  "epsilon": 9.422101738177772e-07,
  "lr": 2.6685476394863566e-06,
  "n_embd": 23,
  "n_head": 3,
  "n_layer": 4,
  "seed": 1429798291,
  "weight_decay": 0.0015739648520820748
}