{
  "batch_size": 60,
  "beta_1": 0.1276425713834039,
  "beta_2": 0.7559994901507402,
  "block_size": 263,
  "dropout": 0.1301675078582801,
  "epsilon": 8.56595e-10,
  "lr": 0.001767131684508,
  "n_embd": 25,
  "n_head": 2,
  "n_layer": 5,
  "seed": 1557275343.705571,
  "weight_decay": 7.78260505706e-05
}