{
  "batch_size": 48.59483838381425,
  "beta_1": 0.48256284353649326,
  "beta_2": 0.5914811845040926,
  "block_size": 70.41348837385559,
  "dropout": 0.4282986067793706,
  "epsilon": 0.000378688120064237,
  "lr": 0.050753622284382946,
  "n_embd": 53.52244561688098,
  "n_head": 2.9267394824953636,
  "n_layer": 4.1160241997174225,
  "seed": 889987687.0769334,
  "weight_decay": 0.008943669148967437
}