{
  "batch_size": 67.78985203231386,
  "beta_1": 0.24364620224219863,
  "beta_2": 0.47197844831390356,
  "block_size": 151.59142934319476,
  "dropout": 0.2829152210526485,
  "epsilon": 0.00015055821710654083,
  "lr": 0.05954432796562333,
  "n_embd": 36.325324208086144,
  "n_head": 4.493605700548033,
  "n_layer": 2.7009968967088716,
  "seed": 1429653100.12945,
  "weight_decay": 0.0031398499744699146
}