{
  "batch_size": 70.92245155216983,
  "beta_1": 0.6858309705564987,
  "beta_2": 0.10357374860259687,
  "block_size": 352.1470737443833,
  "dropout": 0.21043837803534005,
  "epsilon": 0.00026977539095748306,
  "lr": 0.0590384365986597,
  "n_embd": 20.471070619566863,
  "n_head": 1.5109348201249584,
  "n_layer": 4.194743695776614,
  "seed": 877640360.799491,
  "weight_decay": 0.0011526883433960477
}