{
  "batch_size": 42.55207726800148,
  "beta_1": 0.5109523961962982,
  "beta_2": 0.5757625851695104,
  "block_size": 65.61852408819136,
  "dropout": 0.31771219335058515,
  "epsilon": 0.0007941484189623038,
  "lr": 0.03681405605914327,
  "n_embd": 1.1063680296664706,
  "n_head": 2.5656323681181825,
  "n_layer": 3.2012357852418387,
  "seed": 1374878632.0115495,
  "weight_decay": 0.008728459400682845
}