{
  "batch_size": 66.83487337468418,
  "beta_1": 0.2170890085744183,
  "beta_2": 0.7637372449880506,
  "block_size": 258.9407865064059,
  "dropout": 0.33405063241091415,
  "epsilon": 0.0005981458677605266,
  "lr": 0.07135843079147286,
  "n_embd": 35.22464597978251,
  "n_head": 1.399446530599536,
  "n_layer": 6.629700080662777,
  "seed": 1586818106.1467938,
  "weight_decay": 0.0066328615232247755
}