{
  "batch_size": 66,
  "beta_1": 0.7299631537728872,
  "beta_2": 0.231653447201964,
  "block_size": 94,
  "dropout": 0.4553552583129592,
  "epsilon": 1.20725814613e-05,
  "lr": 0.0058970207123609,
  "n_embd": 24,
  "n_head": 3,
  "n_layer": 2,
  "seed": 65420400.657803364,
  "weight_decay": 1.944962502e-07
}