{
  "batch_size": 66,
  "beta_1": 0.13251491788545638,
  "beta_2": 0.660233233806081,
  "block_size": 113,
  "dropout": 0.2328221254403045,
  "epsilon": 3.80744574971771e-09,
  "lr": 8.107828581088219e-05,
  "n_embd": 28,
  "n_head": 3,
  "n_layer": 3,
  "seed": 293653163,
  "weight_decay": 0.006356668688550096
}