{
  "batch_size": 79.61552098049957,
  "beta_1": 0.9241485447097483,
  "beta_2": 0.17074454823039584,
  "block_size": 161.4234374165783,
  "dropout": 0.11267945511345788,
  "epsilon": 2.0861802346436033e-06,
  "lr": 0.040531325984728105,
  "n_embd": 45.024934497059284,
  "n_head": 4.848390324941677,
  "n_layer": 6.6145500388453025,
  "seed": 130906221.48402472,
  "weight_decay": 0.007360376039454578
}