{
  "batch_size": 37.879960195785955,
  "beta_1": 0.7347902712920866,
  "beta_2": 0.8479109547720157,
  "block_size": 99.61286333636842,
  "dropout": 0.47869580183114313,
  "epsilon": 0.0003224032732314874,
  "lr": 0.01595154972238009,
  "n_embd": 42.366718311314486,
  "n_head": 5.534252557125525,
  "n_layer": 1.938286191182589,
  "seed": 746376871.7349685,
  "weight_decay": 0.006007484337594615
}