{
  "batch_size": 93.17621985495704,
  "beta_1": 0.5856199130335634,
  "beta_2": 0.14769197751170737,
  "block_size": 120.16841604274923,
  "dropout": 0.2781053587845962,
  "epsilon": 0.0009816546579081561,
  "lr": 0.07858999120082516,
  "n_embd": 39.04960368327592,
  "n_head": 1.4123649197869128,
  "n_layer": 4.76104535634231,
  "seed": 1272888228.1266294,
  "weight_decay": 0.008037481952222855
}