{
  "batch_size": 41.874732936098475,
  "beta_1": 0.6672275728696183,
  "beta_2": 0.8404503986354973,
  "block_size": 216.27007018325236,
  "dropout": 0.3790017193375139,
  "epsilon": 0.0008868308018198987,
  "lr": 0.03162283345835238,
  "n_embd": 46.54582177897977,
  "n_head": 1.707543321351598,
  "n_layer": 4.371156761053351,
  "seed": 811118977.7711904,
  "weight_decay": 0.008974881374535535
}