{
  "batch_size": 46,
  "beta_1": 0.3050419927272912,
  "beta_2": 0.7273488541158298,
  "block_size": 152,
  "dropout": 0.11678975175184579,
  "epsilon": 6.966440995887478e-07,
  "lr": 5.500064383560424e-05,
  "n_embd": 34,
  "n_head": 5,
  "n_layer": 6,
  "seed": 999858172,
  "weight_decay": 0.0023820125768493107
}