{
  "batch_size": 21.080543756514388,
  "beta_1": 0.761337102756468,
  "beta_2": 0.8345645028952436,
  "block_size": 292.73768781859405,
  "dropout": 0.38157606838783886,
  "epsilon": 0.00020678115223074544,
  "lr": 0.011689420941566253,
  "n_embd": 7.184179917968093,
  "n_head": 2.897293660945998,
  "n_layer": 3.238052331245707,
  "seed": 604557453.8356732,
  "weight_decay": 0.003936846178360935
}