{
  "batch_size": 42.62142185109983,
  "beta_1": 0.97335329771122,
  "beta_2": 0.544365411271364,
  "block_size": 68.11695896821529,
  "dropout": 0.38655593700317836,
  "epsilon": 0.00043288070394339984,
  "lr": 0.06159093961127485,
  "n_embd": 35.98262004813721,
  "n_head": 3.1643528258646487,
  "n_layer": 6.264239582226945,
  "seed": 1651437941.6114495,
  "weight_decay": 0.009424444468643826
}