{
  "batch_size": 55,
  "beta_1": 0.436408116509651,
  "beta_2": 0.1057009486250209,
  "block_size": 207,
  "dropout": 0.1568182976163914,
  "epsilon": 6.96561128e-08,
  "lr": 0.0002185394207058,
  "n_embd": 15,
  "n_head": 4,
  "n_layer": 5,
  "seed": 1996080846.678689,
  "weight_decay": 1.50414936633e-05
}