{
  "batch_size": 25,
  "beta_1": 0.38587176510044163,
  "beta_2": 0.7923593674103037,
  "block_size": 247,
  "dropout": 0.08435783312777487,
  "epsilon": 1.5534788446266917e-07,
  "lr": 0.000323581361723989,
  "n_embd": 41,
  "n_head": 6,
  "n_layer": 2,
  "seed": 8691287,
  "weight_decay": 1.582779716387731e-08
}