{
  "batch_size": 61,
  "beta_1": 0.1406210632363814,
  "beta_2": 0.6702399372857768,
  "block_size": 101,
  "dropout": 0.47487116607042423,
  "epsilon": 0.0001211822789219593,
  "lr": 0.004084638419967651,
  "n_embd": 53,
  "n_head": 4,
  "n_layer": 4,
  "seed": 1615396147,
  "weight_decay": 1.7426577846484974e-07
}