{
  "batch_size": 87.95252279584017,
  "beta_1": 0.8649794712245703,
  "beta_2": 0.6934725658534511,
  "block_size": 248.41657427958378,
  "dropout": 0.3139454893637853,
  "epsilon": 0.0008418784948658864,
  "lr": 0.014358433907057844,
  "n_embd": 6.125833610513151,
  "n_head": 2.676868062271079,
  "n_layer": 5.599425010909439,
  "seed": 329644121.9735927,
  "weight_decay": 0.004834889504725742
}