{
  "batch_size": 42.98428150738267,
  "beta_1": 0.793170794217146,
  "beta_2": 0.18555839730824858,
  "block_size": 375.6946243690963,
  "dropout": 0.35239448334101564,
  "epsilon": 0.0008947391743156271,
  "lr": 0.011098167006595515,
  "n_embd": 17.322518386618267,
  "n_head": 1.993895797668637,
  "n_layer": 1.7614319974438313,
  "seed": 1404943894.797482,
  "weight_decay": 0.0018931675791292845
}