{
  "batch_size": 37,
  "beta_1": 0.3405549425976817,
  "beta_2": 0.39212446579234106,
  "block_size": 153,
  "dropout": 0.1094240001893478,
  "epsilon": 7.771703971013812e-07,
  "lr": 0.0008658871910754173,
  "n_embd": 22,
  "n_head": 1,
  "n_layer": 2,
  "seed": 997570716,
  "weight_decay": 0.00011227875812869315
}