{
  "batch_size": 75.46565823960916,
  "beta_1": 0.7645004103220469,
  "beta_2": 0.391769357275226,
  "block_size": 377.1495702827559,
  "dropout": 0.2570858101994667,
  "epsilon": 0.0007528022142011187,
  "lr": 0.09333002325922196,
  "n_embd": 43.1257563506125,
  "n_head": 5.934839050496487,
  "n_layer": 2.3004000138841167,
  "seed": 603151021.1614953,
  "weight_decay": 0.004264363039958897
}