{
  "batch_size": 80.07526688406269,
  "beta_1": 0.834632624145399,
  "beta_2": 0.8270705075789236,
  "block_size": 126.36178569984918,
  "dropout": 0.30389228503994414,
  "epsilon": 0.0007332103821421848,
  "lr": 0.05207409065820694,
  "n_embd": 39.444720386727404,
  "n_head": 5.0602867441762225,
  "n_layer": 4.677903048837489,
  "seed": 272046015.063551,
  "weight_decay": 0.004296080159920629
}