{
  "batch_size": 44,
  "beta_1": 0.4159201100664318,
  "beta_2": 0.527382693367335,
  "block_size": 319,
  "dropout": 0.3003453883160568,
  "epsilon": 5.551651690439535e-10,
  "lr": 4.020458689819578e-05,
  "n_embd": 18,
  "n_head": 6,
  "n_layer": 2,
  "seed": 1134204555,
  "weight_decay": 7.872628918016212e-08
}