{
  "batch_size": 30.568518511456432,
  "beta_1": 0.3143169655714481,
  "beta_2": 0.9643787700900327,
  "block_size": 332.34731727488787,
  "dropout": 0.2537070210171153,
  "epsilon": 0.0006345869041293872,
  "lr": 0.021500512476518248,
  "n_embd": 45.21183681719147,
  "n_head": 1.3221346284852638,
  "n_layer": 1.2636019672234384,
  "seed": 1139674122.8318536,
  "weight_decay": 0.0022646720475224605
}