{
  "batch_size": 60,
  "beta_1": 0.4204816572423628,
  "beta_2": 0.7616156860663791,
  "block_size": 310,
  "dropout": 0.1182432385692355,
  "epsilon": 3.063124568e-07,
  "lr": 8.87615513718e-05,
  "n_embd": 30,
  "n_head": 2,
  "n_layer": 1,
  "seed": 1282532305.8918955,
  "weight_decay": 2.4913776527e-06
}