{
  "batch_size": 21.06903817334689,
  "beta_1": 0.682950738663731,
  "beta_2": 0.7831660381216924,
  "block_size": 236.16458107117182,
  "dropout": 0.10653621810545047,
  "epsilon": 0.0009107681741103917,
  "lr": 0.040212093056334094,
  "n_embd": 10.070709886761236,
  "n_head": 5.243042761866928,
  "n_layer": 5.536543686230196,
  "seed": 641933568.7087456,
  "weight_decay": 0.0035188297385841754
}