{
  "batch_size": 22.882861195588973,
  "beta_1": 0.7740715213479363,
  "beta_2": 0.3544446348554553,
  "block_size": 304.11245211327395,
  "dropout": 0.29022450749785356,
  "epsilon": 0.0007792340671549025,
  "lr": 0.06848097294263489,
  "n_embd": 14.01885150165654,
  "n_head": 5.255921697149365,
  "n_layer": 1.1499475814305993,
  "seed": 1149379038.560117,
  "weight_decay": 0.0030032846931590594
}