{
  "batch_size": 46,
  "beta_1": 0.3847644045602744,
  "beta_2": 0.6772631499725033,
  "block_size": 201,
  "dropout": 0.4613942469906207,
  "epsilon": 5.151084596954694e-10,
  "lr": 0.030720113185025075,
  "n_embd": 26,
  "n_head": 3,
  "n_layer": 6,
  "seed": 1929209363,
  "weight_decay": 4.6074109700994226e-05
}