{
  "batch_size": 72,
  "beta_1": 0.7985188426034627,
  "beta_2": 0.6427855198990786,
  "block_size": 207,
  "dropout": 0.23766052977701205,
  "epsilon": 5.419344359089037e-09,
  "lr": 0.00028696738646146467,
  "n_embd": 38,
  "n_head": 4,
  "n_layer": 4,
  "seed": 1517098975,
  "weight_decay": 1.749502719688623e-08
}