{
  "batch_size": 87.9858900179304,
  "beta_1": 0.6939079769727033,
  "beta_2": 0.32152408767209845,
  "block_size": 187.99623294429114,
  "dropout": 0.27991719941982796,
  "epsilon": 0.0007629878425513104,
  "lr": 0.018587368884069474,
  "n_embd": 40.510584287351996,
  "n_head": 2.5834816257839437,
  "n_layer": 5.8854514936016775,
  "seed": 1949092474.4419408,
  "weight_decay": 0.0016332781000133294
}