{
  "batch_size": 94,
  "beta_1": 0.8816824173494141,
  "beta_2": 0.5791591107478857,
  "block_size": 351,
  "dropout": 0.13383956973082542,
  "epsilon": 1.0934548166427998e-07,
  "lr": 0.000573760884517349,
  "n_embd": 53,
  "n_head": 2,
  "n_layer": 4,
  "seed": 1056648945,
  "weight_decay": 1.2047803738376742e-06
}