{
  "batch_size": 84,
  "beta_1": 0.9410113080439794,
  "beta_2": 0.5260277886637119,
  "block_size": 182,
  "dropout": 0.2403466622816621,
  "epsilon": 1.4255186377206951e-08,
  "lr": 1.7955120862504456e-05,
  "n_embd": 13,
  "n_head": 3,
  "n_layer": 2,
  "seed": 706454746,
  "weight_decay": 6.804684875870214e-06
}