{
  "batch_size": 63.25313528776025,
  "beta_1": 0.7584173339913823,
  "beta_2": 0.7958950345150799,
  "block_size": 136.76043230797563,
  "dropout": 0.48742813574305344,
  "epsilon": 0.0004963029310575808,
  "lr": 0.043301391915959705,
  "n_embd": 14.355543493493006,
  "n_head": 6.9159816872179825,
  "n_layer": 1.0756307101400946,
  "seed": 1618810943.7679691,
  "weight_decay": 0.0017389037049004854
}