{
  "batch_size": 49,
  "beta_1": 0.3869186315868225,
  "beta_2": 0.9867044350508736,
  "block_size": 154,
  "dropout": 0.409792308946493,
  "epsilon": 7.399746921402898e-07,
  "lr": 0.000619586302664522,
  "n_embd": 1,
  "n_head": 1,
  "n_layer": 5,
  "seed": 758058512,
  "weight_decay": 3.80234124728961e-08
}