{
  "batch_size": 78,
  "beta_1": 0.8139357951060913,
  "beta_2": 0.9169609253580819,
  "block_size": 179,
  "dropout": 0.41177431082094257,
  "epsilon": 3.6901732404028766e-06,
  "lr": 0.0003601576014983206,
  "n_embd": 46,
  "n_head": 2,
  "n_layer": 6,
  "seed": 1221466790,
  "weight_decay": 2.3750172697974238e-07
}