{
  "batch_size": 96,
  "beta_1": 0.7045241083322392,
  "beta_2": 0.9579168345768884,
  "block_size": 275,
  "dropout": 0.2963479848898966,
  "epsilon": 6.259504e-10,
  "lr": 2.16978048638e-05,
  "n_embd": 5,
  "n_head": 3,
  "n_layer": 1,
  "seed": 1543301571.431287,
  "weight_decay": 0.0024732664808588
}