{
  "batch_size": 48.22473567930064,
  "beta_1": 0.5071839131245982,
  "beta_2": 0.8766733899196093,
  "block_size": 327.86124313093455,
  "dropout": 0.4646184137377113,
  "epsilon": 0.0006639430486171364,
  "lr": 0.0010744911099206016,
  "n_embd": 39.35099916720342,
  "n_head": 4.031206307042675,
  "n_layer": 1.3591895645459247,
  "seed": 1480259298.1928432,
  "weight_decay": 0.0057187265244371364
}