{
  "batch_size": 81.74036392737537,
  "beta_1": 0.8796207009242557,
  "beta_2": 0.9478354029121377,
  "block_size": 101.78834683051683,
  "dropout": 0.43665618938631834,
  "epsilon": 0.0006739049929143584,
  "lr": 0.0014300257653310211,
  "n_embd": 21.410483401257736,
  "n_head": 1.6305019290553493,
  "n_layer": 3.408720470864534,
  "seed": 1004716326.6831421,
  "weight_decay": 0.005214683379767846
}