{
  "batch_size": 23,
  "beta_1": 0.950797729445975,
  "beta_2": 0.1871430610037021,
  "block_size": 198,
  "dropout": 0.1165920001371941,
  "epsilon": 2.6730941e-09,
  "lr": 0.0004913802920152,
  "n_embd": 38,
  "n_head": 5,
  "n_layer": 6,
  "seed": 1311192013.5716796,
  "weight_decay": 0.0006949229559502
}