{
  "batch_size": 46,
  "beta_1": 0.9347542221710289,
  "beta_2": 0.5625235467226095,
  "block_size": 362,
  "dropout": 0.20946844304204537,
  "epsilon": 6.450857460595609e-06,
  "lr": 0.0001682939646602165,
  "n_embd": 39,
  "n_head": 2,
  "n_layer": 3,
  "seed": 814430717,
  "weight_decay": 0.0029063646526089407
}