{
  "batch_size": 86,
  "beta_1": 0.709979092116676,
  "beta_2": 0.8448976190131098,
  "block_size": 289,
  "dropout": 0.1938947863910351,
  "epsilon": 5.9017898696e-06,
  "lr": 0.0015468786013002,
  "n_embd": 8,
  "n_head": 6,
  "n_layer": 5,
  "seed": 1894865848.7421591,
  "weight_decay": 1.10865254011e-05
}