{
  "batch_size": 26,
  "beta_1": 0.1459370232029574,
  "beta_2": 0.4639120971089206,
  "block_size": 235,
  "dropout": 0.102290500379039,
  "epsilon": 1.54795127e-08,
  "lr": 0.0002063648879708,
  "n_embd": 30,
  "n_head": 3,
  "n_layer": 1,
  "seed": 186686918.1261671,
  "weight_decay": 1.73343082134e-05
}