{
  "batch_size": 62.134895444227155,
  "beta_1": 0.7060276893409737,
  "beta_2": 0.12240123126220233,
  "block_size": 191.0515050279165,
  "dropout": 0.33219489942067076,
  "epsilon": 0.0006976345635344366,
  "lr": 0.09609853778391125,
  "n_embd": 43.44249047694531,
  "n_head": 6.744570416513685,
  "n_layer": 6.144650624671198,
  "seed": 1856391117.9544601,
  "weight_decay": 0.005432389706129813
}