{
  "batch_size": 34.81048388832207,
  "beta_1": 0.8531348360274764,
  "beta_2": 0.8115174257813975,
  "block_size": 193.88439113262413,
  "dropout": 0.3668429757634263,
  "epsilon": 1.8709958666242954e-05,
  "lr": 0.037849678589965324,
  "n_embd": 6.797363274036805,
  "n_head": 1.4539219585492231,
  "n_layer": 4.475597857046745,
  "seed": 1586762355.5498216,
  "weight_decay": 0.006174183143299398
}