{
  "batch_size": 88,
  "beta_1": 0.7924565620589159,
  "beta_2": 0.6607828951086538,
  "block_size": 336,
  "dropout": 0.42942151159256947,
  "epsilon": 2.2053937896200352e-06,
  "lr": 0.07046228822929713,
  "n_embd": 28,
  "n_head": 3,
  "n_layer": 3,
  "seed": 1306120426,
  "weight_decay": 3.6961141471396136e-05
}