{
  "batch_size": 81.03701568308364,
  "beta_1": 0.47665512139916977,
  "beta_2": 0.6264033436945556,
  "block_size": 131.84722561564797,
  "dropout": 0.11426104282901012,
  "epsilon": 0.00016676824565643308,
  "lr": 0.050807818758435756,
  "n_embd": 12.341218536141763,
  "n_head": 3.9638954950711014,
  "n_layer": 5.982712049052921,
  "seed": 1802123406.6743195,
  "weight_decay": 0.009897668064135135
}