{
  "batch_size": 61.92253688323265,
  "beta_1": 0.22586003049098835,
  "beta_2": 0.2214051128739813,
  "block_size": 275.7579110392904,
  "dropout": 0.15730071130807036,
  "epsilon": 0.00039033243944734333,
  "lr": 0.0003257376006928871,
  "n_embd": 53.53251800852607,
  "n_head": 3.578543267753547,
  "n_layer": 4.9276048282210425,
  "seed": 1748409417.232648,
  "weight_decay": 0.0015783499422177205
}