{
  "batch_size": 62.942053736876886,
  "beta_1": 0.7514212752932388,
  "beta_2": 0.9445836110629259,
  "block_size": 95.49213451055147,
  "dropout": 0.3208266428079788,
  "epsilon": 0.0003221547713788608,
  "lr": 0.0036016942233543505,
  "n_embd": 35.37621262066905,
  "n_head": 1.4261602684706318,
  "n_layer": 2.9761809901030505,
  "seed": 1095592748.4800777,
  "weight_decay": 0.007157991040361534
}