{
  "batch_size": 84.94785434728146,
  "beta_1": 0.7538757156493552,
  "beta_2": 0.8290677633019929,
  "block_size": 323.2420406594865,
  "dropout": 0.10141227937312025,
  "epsilon": 0.0006256306885359849,
  "lr": 0.0480768045671805,
  "n_embd": 41.57828346927539,
  "n_head": 5.78879005341777,
  "n_layer": 6.283930489321536,
  "seed": 1574895499.3961015,
  "weight_decay": 0.0089029523911382
}