{
  "batch_size": 23.408368935242752,
  "beta_1": 0.9737365410953993,
  "beta_2": 0.3689805975717134,
  "block_size": 253.91474613736474,
  "dropout": 0.359679846683184,
  "epsilon": 8.806463130154278e-05,
  "lr": 0.027680903020889287,
  "n_embd": 11.388066496191744,
  "n_head": 5.9607676682140776,
  "n_layer": 2.158874614924273,
  "seed": 1941130164.334652,
  "weight_decay": 0.0007785735581309977
}