{
  "batch_size": 65,
  "beta_1": 0.9457219287103014,
  "beta_2": 0.37452912024475415,
  "block_size": 369,
  "dropout": 0.4183139947177522,
  "epsilon": 1.9647654804051445e-07,
  "lr": 5.372272387443879e-06,
  "n_embd": 12,
  "n_head": 2,
  "n_layer": 1,
  "seed": 1509209194,
  "weight_decay": 0.0031033803863634722
}