{
  "batch_size": 72,
  "beta_1": 0.8329323959817995,
  "beta_2": 0.9052011109173829,
  "block_size": 229,
  "dropout": 0.4144647232843607,
  "epsilon": 1.8716706011665836e-07,
  "lr": 6.4940082715870184e-06,
  "n_embd": 17,
  "n_head": 1,
  "n_layer": 3,
  "seed": 368576515,
  "weight_decay": 7.794133237384201e-06
}