{
  "batch_size": 32,
  "beta_1": 0.2455717446480571,
  "beta_2": 0.8038770502469069,
  "block_size": 371,
  "dropout": 0.3594885611999926,
  "epsilon": 9.600836582e-07,
  "lr": 0.0005443225068612,
  "n_embd": 45,
  "n_head": 3,
  "n_layer": 3,
  "seed": 308099940.4332405,
  "weight_decay": 7.87194432033e-05
}