{
  "batch_size": 85.88291856084844,
  "beta_1": 0.9567772736916815,
  "beta_2": 0.6902484361034293,
  "block_size": 267.45572125738283,
  "dropout": 0.4300567486730985,
  "epsilon": 0.0006802699556533314,
  "lr": 0.06481725394091975,
  "n_embd": 27.644976163097322,
  "n_head": 1.0636614221960683,
  "n_layer": 3.899628964956522,
  "seed": 784618139.6943027,
  "weight_decay": 0.0015104794665543463
}