{
  "batch_size": 84,
  "beta_1": 0.282831089217047,
  "beta_2": 0.8346995999490425,
  "block_size": 235,
  "dropout": 0.4728624071534732,
  "epsilon": 1.18167984e-08,
  "lr": 0.0007967182381079,
  "n_embd": 23,
  "n_head": 1,
  "n_layer": 4,
  "seed": 393685402.9506892,
  "weight_decay": 2.80008285e-08
}