{
  "batch_size": 92,
  "beta_1": 0.30281680623650137,
  "beta_2": 0.85047395568431,
  "block_size": 309,
  "dropout": 0.18355910586200183,
  "epsilon": 1.797133333315338e-05,
  "lr": 3.4336782630201075e-05,
  "n_embd": 14,
  "n_head": 1,
  "n_layer": 3,
  "seed": 2042773109,
  "weight_decay": 8.024770709059642e-08
}