{
  "batch_size": 86.00272747761181,
  "beta_1": 0.7216434947168582,
  "beta_2": 0.36974850969953343,
  "block_size": 106.08966274818223,
  "dropout": 0.46813035727538777,
  "epsilon": 0.0003460426287021407,
  "lr": 0.05212611837179547,
  "n_embd": 19.031580871509085,
  "n_head": 6.24517070605594,
  "n_layer": 6.631190326707138,
  "seed": 2124423738.090337,
  "weight_decay": 0.007914235146060695
}