{
  "batch_size": 56,
  "beta_1": 0.7463836343670314,
  "beta_2": 0.9762065518199962,
  "block_size": 370,
  "dropout": 0.2669685476464086,
  "epsilon": 5.78532541844e-05,
  "lr": 1.61277789081e-05,
  "n_embd": 19,
  "n_head": 2,
  "n_layer": 2,
  "seed": 2011000889.1840217,
  "weight_decay": 1.99877502e-08
}