{
  "batch_size": 17.77791634917891,
  "beta_1": 0.6817975376819541,
  "beta_2": 0.40320557042487937,
  "block_size": 153.94308350244575,
  "dropout": 0.4241769578210144,
  "epsilon": 0.0004744948877094463,
  "lr": 0.06625185048267136,
  "n_embd": 17.03881407671126,
  "n_head": 1.4125791747890541,
  "n_layer": 6.8883837514991955,
  "seed": 1146125581.0363538,
  "weight_decay": 0.0026692948227699273
}