{
  "batch_size": 61,
  "beta_1": 0.8203983750217444,
  "beta_2": 0.7341324280708881,
  "block_size": 373,
  "dropout": 0.1345013768259136,
  "epsilon": 6.6005825287e-05,
  "lr": 0.0021676329896634,
  "n_embd": 51,
  "n_head": 4,
  "n_layer": 1,
  "seed": 1121831338.013712,
  "weight_decay": 9.16045997e-08
}