{
  "batch_size": 81,
  "beta_1": 0.6071687373379879,
  "beta_2": 0.2079440352064194,
  "block_size": 357,
  "dropout": 0.1506205559179847,
  "epsilon": 6.6984554708e-06,
  "lr": 0.0206949126697715,
  "n_embd": 4,
  "n_head": 4,
  "n_layer": 6,
  "seed": 62457226.124030165,
  "weight_decay": 2.7159212412e-06
}