{
  "batch_size": 84,
  "beta_1": 0.4479387315744326,
  "beta_2": 0.7241047063165867,
  "block_size": 81,
  "dropout": 0.1108059290163192,
  "epsilon": 1.0756421924e-06,
  "lr": 0.0001181834305712,
  "n_embd": 18,
  "n_head": 6,
  "n_layer": 3,
  "seed": 1708908347.661225,
  "weight_decay": 0.0025250777382622
}