{
  "batch_size": 59.9152629471713,
  "beta_1": 0.8980440804887577,
  "beta_2": 0.8549047684224111,
  "block_size": 341.74169756092374,
  "dropout": 0.34396893396283806,
  "epsilon": 0.0007644190029504481,
  "lr": 0.06697977010405254,
  "n_embd": 5.7078283239878935,
  "n_head": 4.936049843964321,
  "n_layer": 2.842897804107195,
  "seed": 352417715.0038002,
  "weight_decay": 0.007786063413345352
}