{
  "batch_size": 79,
  "beta_1": 0.5897541636406213,
  "beta_2": 0.5809367787850018,
  "block_size": 280,
  "dropout": 0.1402665175723885,
  "epsilon": 8.568302059090921e-08,
  "lr": 0.0007709884734789388,
  "n_embd": 49,
  "n_head": 4,
  "n_layer": 1,
  "seed": 1739281890,
  "weight_decay": 3.8348445785688633e-07
}