{
  "batch_size": 78.50377964932531,
  "beta_1": 0.4931030252436339,
  "beta_2": 0.8725705379918568,
  "block_size": 157.30528724694386,
  "dropout": 0.4404048381031732,
  "epsilon": 0.000146525442080102,
  "lr": 0.022891678825065966,
  "n_embd": 28.39580668513249,
  "n_head": 6.232201362714139,
  "n_layer": 5.366053239922804,
  "seed": 1964841786.1880684,
  "weight_decay": 0.00733859034780988
}