{
  "batch_size": 18,
  "beta_1": 0.11412261817836218,
  "beta_2": 0.2637955477868591,
  "block_size": 84,
  "dropout": 0.1744779487776561,
  "epsilon": 0.0006273071858815156,
  "lr": 0.0034779073027157072,
  "n_embd": 23,
  "n_head": 6,
  "n_layer": 4,
  "seed": 1822005881,
  "weight_decay": 2.1841942870895283e-06
}