{
  "batch_size": 64,
  "beta_1": 0.3824586669450346,
  "beta_2": 0.5025195667446443,
  "block_size": 149,
  "dropout": 0.158924904088379,
  "epsilon": 2.032241e-10,
  "lr": 0.0007743550518365,
  "n_embd": 48,
  "n_head": 1,
  "n_layer": 3,
  "seed": 425952357.75155956,
  "weight_decay": 4.416700262e-07
}