{
  "batch_size": 17,
  "beta_1": 0.8415048194282464,
  "beta_2": 0.3176430623930815,
  "block_size": 227,
  "dropout": 0.492863629043079,
  "epsilon": 5.022252e-10,
  "lr": 0.0008824243374988,
  "n_embd": 26,
  "n_head": 4,
  "n_layer": 5,
  "seed": 1688550670.352324,
  "weight_decay": 3.5549946372e-06
}