{
  "batch_size": 76,
  "beta_1": 0.6969322860558247,
  "beta_2": 0.949214225577955,
  "block_size": 294,
  "dropout": 0.27356857404465,
  "epsilon": 5.472385e-10,
  "lr": 0.0023443914627881,
  "n_embd": 48,
  "n_head": 1,
  "n_layer": 2,
  "seed": 1709962220.5181985,
  "weight_decay": 2.20152088e-08
}