{
  "batch_size": 91,
  "beta_1": 0.5859358279933652,
  "beta_2": 0.4861512837258257,
  "block_size": 141,
  "dropout": 0.3540116418431175,
  "epsilon": 2.0488326888296018e-05,
  "lr": 0.000902888666712874,
  "n_embd": 42,
  "n_head": 6,
  "n_layer": 3,
  "seed": 409148799,
  "weight_decay": 7.590865437247876e-05
}