{
  "batch_size": 90.67783811727192,
  "beta_1": 0.5003756652629618,
  "beta_2": 0.36904676002527503,
  "block_size": 91.10817982094657,
  "dropout": 0.3008869324819666,
  "epsilon": 0.0009414433494281425,
  "lr": 0.026156715854851555,
  "n_embd": 31.471763041353057,
  "n_head": 4.635143858674072,
  "n_layer": 2.3714079505977024,
  "seed": 1588739928.048035,
  "weight_decay": 0.00011233866211239717
}