{
  "batch_size": 74.4365343388595,
  "beta_1": 0.833653924916358,
  "beta_2": 0.7174155208977974,
  "block_size": 341.0777568431342,
  "dropout": 0.46153982468362653,
  "epsilon": 0.0008581311536595391,
  "lr": 0.04337781938269696,
  "n_embd": 36.77707503461468,
  "n_head": 1.9320512087212827,
  "n_layer": 4.4846408097731665,
  "seed": 504686781.2211608,
  "weight_decay": 0.002319254668184134
}