{
  "batch_size": 87.4374445144435,
  "beta_1": 0.7006687052641846,
  "beta_2": 0.20644541281171547,
  "block_size": 75.94849575633803,
  "dropout": 0.3929643877165704,
  "epsilon": 0.00045795726165895795,
  "lr": 0.043233018793029286,
  "n_embd": 32.257365644364164,
  "n_head": 3.5585407074372792,
  "n_layer": 1.4733591075640018,
  "seed": 141532408.508839,
  "weight_decay": 0.006718664748297486
}