{
  "batch_size": 39,
  "beta_1": 0.8568894976588498,
  "beta_2": 0.8099935866045652,
  "block_size": 323,
  "dropout": 0.1827273669675165,
  "epsilon": 1.065017e-10,
  "lr": 0.0027346803841983,
  "n_embd": 7,
  "n_head": 4,
  "n_layer": 5,
  "seed": 1226678806.6733918,
  "weight_decay": 0.0047804582429782
}