{
  "batch_size": 68,
  "beta_1": 0.7893920278052401,
  "beta_2": 0.5612211535709445,
  "block_size": 211,
  "dropout": 0.2037209183049801,
  "epsilon": 5.6634925830900924e-05,
  "lr": 1.1073095394724864e-05,
  "n_embd": 46,
  "n_head": 6,
  "n_layer": 3,
  "seed": 1272495877,
  "weight_decay": 2.5859472866155514e-06
}