{
  "batch_size": 51,
  "beta_1": 0.15373619086573487,
  "beta_2": 0.6486046003195259,
  "block_size": 152,
  "dropout": 0.19860283108858973,
  "epsilon": 7.054043105185531e-10,
  "lr": 0.0001331015580821623,
  "n_embd": 34,
  "n_head": 5,
  "n_layer": 6,
  "seed": 999858172,
  "weight_decay": 0.004716384902161635
}