{
  "batch_size": 16,
  "beta_1": 0.9752286762481285,
  "beta_2": 0.17146270660380009,
  "block_size": 262,
  "dropout": 0.3253556375486955,
  "epsilon": 1.4565922517047915e-06,
  "lr": 0.00010790631476863574,
  "n_embd": 6,
  "n_head": 6,
  "n_layer": 6,
  "seed": 576345759,
  "weight_decay": 0.00013193758389644998
}