{
  "batch_size": 52.25044064728182,
  "beta_1": 0.11417450715581719,
  "beta_2": 0.7947455899310053,
  "block_size": 371.1035155048986,
  "dropout": 0.4633119568493571,
  "epsilon": 0.00032573811202675496,
  "lr": 0.05763078755599584,
  "n_embd": 16.903992148782905,
  "n_head": 6.01332615858607,
  "n_layer": 1.111398009779848,
  "seed": 1615991317.4433467,
  "weight_decay": 0.00837983564374928
}