{
  "batch_size": 80,
  "beta_1": 0.6848051740648345,
  "beta_2": 0.6224469225510917,
  "block_size": 168,
  "dropout": 0.12521010593479917,
  "epsilon": 1.662516026851312e-07,
  "lr": 1.5178371665024585e-05,
  "n_embd": 31,
  "n_head": 6,
  "n_layer": 4,
  "seed": 1509491243,
  "weight_decay": 7.768384186868358e-05
}