{
  "batch_size": 64,
  "beta_1": 0.5033928630864012,
  "beta_2": 0.6119629135528045,
  "block_size": 322,
  "dropout": 0.1042697707779329,
  "epsilon": 1.50679e-09,
  "lr": 0.0006899477511171,
  "n_embd": 11,
  "n_head": 5,
  "n_layer": 1,
  "seed": 1737337411.2602732,
  "weight_decay": 4.20104241e-08
}