{
  "batch_size": 44,
  "beta_1": 0.7128685807639765,
  "beta_2": 0.12820869588375114,
  "block_size": 177,
  "dropout": 0.13142606217225786,
  "epsilon": 2.942593066026939e-10,
  "lr": 0.025510201664798636,
  "n_embd": 52,
  "n_head": 2,
  "n_layer": 4,
  "seed": 1344813195,
  "weight_decay": 0.001912721943741326
}