{
  "batch_size": 67.18803625388388,
  "beta_1": 0.1848391485000434,
  "beta_2": 0.11657022839394635,
  "block_size": 207.7451928961803,
  "dropout": 0.20205356191460325,
  "epsilon": 0.0005234375417189831,
  "lr": 0.011301640475988405,
  "n_embd": 33.498182873422934,
  "n_head": 4.469465411972,
  "n_layer": 6.298546364018386,
  "seed": 1149429349.896126,
  "weight_decay": 0.009629970207980221
}