{
  "batch_size": 96.5875827555412,
  "beta_1": 0.45568888287939446,
  "beta_2": 0.9104774938078588,
  "block_size": 255.58139546667945,
  "dropout": 0.4612493703200372,
  "epsilon": 0.00013984929413609793,
  "lr": 0.021784730011998668,
  "n_embd": 14.17255360038198,
  "n_head": 5.606826523430806,
  "n_layer": 6.805287616645115,
  "seed": 492145041.0323954,
  "weight_decay": 0.0012845628101638554
}