{
  "batch_size": 87,
  "beta_1": 0.8518916781525604,
  "beta_2": 0.41830527724623523,
  "block_size": 202,
  "dropout": 0.13488230194699333,
  "epsilon": 1.6232079837415084e-05,
  "lr": 0.0006003353959789668,
  "n_embd": 20,
  "n_head": 6,
  "n_layer": 3,
  "seed": 298534386,
  "weight_decay": 1.2798157880772275e-06
}