{
  "batch_size": 55,
  "beta_1": 0.9315942249531212,
  "beta_2": 0.9318000149163742,
  "block_size": 291,
  "dropout": 0.4669436971112684,
  "epsilon": 3.63239054e-08,
  "lr": 0.0011010107223546,
  "n_embd": 6,
  "n_head": 5,
  "n_layer": 3,
  "seed": 1720619691.3564565,
  "weight_decay": 0.0002558073801586
}