{
  "batch_size": 33.79419853514839,
  "beta_1": 0.3535187180910393,
  "beta_2": 0.17514435834869932,
  "block_size": 118.6484852228372,
  "dropout": 0.38528175640834106,
  "epsilon": 0.0007733855623921686,
  "lr": 0.08309019097731483,
  "n_embd": 16.127695344066364,
  "n_head": 2.8514729234486276,
  "n_layer": 4.821362019432748,
  "seed": 1798469845.481138,
  "weight_decay": 0.002620885374787265
}