{
  "batch_size": 76,
  "beta_1": 0.8082942233777272,
  "beta_2": 0.2601427607345117,
  "block_size": 84,
  "dropout": 0.3018611281709085,
  "epsilon": 1.2663814975160173e-07,
  "lr": 4.3956753793322694e-05,
  "n_embd": 49,
  "n_head": 5,
  "n_layer": 3,
  "seed": 438365852,
  "weight_decay": 6.043332279781415e-06
}