{
  "batch_size": 84,
  "beta_1": 0.8456985158280466,
  "beta_2": 0.4339685127084024,
  "block_size": 227,
  "dropout": 0.4011974070031511,
  "epsilon": 2.1820542e-09,
  "lr": 8.05106119774e-05,
  "n_embd": 43,
  "n_head": 1,
  "n_layer": 2,
  "seed": 861878315.513742,
  "weight_decay": 0.0077897033037732
}