{
  "batch_size": 50.06656170176555,
  "beta_1": 0.778948229694916,
  "beta_2": 0.13555304812657923,
  "block_size": 132.77632925868028,
  "dropout": 0.2290896954341809,
  "epsilon": 0.00033831025914736294,
  "lr": 0.02732019568134903,
  "n_embd": 39.560834789341044,
  "n_head": 3.8667551576506325,
  "n_layer": 5.969587451862974,
  "seed": 2002435866.7119198,
  "weight_decay": 0.0052150017647460065
}