{
  "batch_size": 48.66645107737237,
  "beta_1": 0.5596168798750014,
  "beta_2": 0.16981522021419476,
  "block_size": 194.5383559791677,
  "dropout": 0.30672506807221933,
  "epsilon": 0.0007270202291391649,
  "lr": 0.08259219355162228,
  "n_embd": 26.54746877896789,
  "n_head": 6.505622267381501,
  "n_layer": 2.9863235644014012,
  "seed": 1058937357.3555098,
  "weight_decay": 0.002226281219807364
}