{
  "batch_size": 67.23333339897175,
  "beta_1": 0.12301495237722865,
  "beta_2": 0.883625058428419,
  "block_size": 106.9919852270623,
  "dropout": 0.20162043232841675,
  "epsilon": 2.2749412394273023e-05,
  "lr": 0.060176404824175654,
  "n_embd": 11.304952465993255,
  "n_head": 5.689004297933697,
  "n_layer": 5.267557673552259,
  "seed": 1315962626.5131433,
  "weight_decay": 0.003400998873482186
}