{
  "batch_size": 77.04526155044812,
  "beta_1": 0.7163888174092959,
  "beta_2": 0.9537983912498232,
  "block_size": 163.43630274026356,
  "dropout": 0.16168293928176658,
  "epsilon": 0.0007394000308041424,
  "lr": 0.03028959682018609,
  "n_embd": 28.39515976432384,
  "n_head": 2.3617687907064484,
  "n_layer": 6.898272945379765,
  "seed": 1229313369.71591,
  "weight_decay": 0.001481069074216935
}