{
  "batch_size": 93,
  "beta_1": 0.4858751017808758,
  "beta_2": 0.1263855662314253,
  "block_size": 226,
  "dropout": 0.476400231451634,
  "epsilon": 1.452799e-10,
  "lr": 0.0002366978516802,
  "n_embd": 48,
  "n_head": 4,
  "n_layer": 5,
  "seed": 823218528.0758566,
  "weight_decay": 4.24417931e-08
}