{
  "batch_size": 31,
  "beta_1": 0.45900386105534696,
  "beta_2": 0.7131675899328954,
  "block_size": 66,
  "dropout": 0.09823506866743555,
  "epsilon": 0.0005760745671834009,
  "lr": 0.00035630743517446937,
  "n_embd": 52,
  "n_head": 4,
  "n_layer": 6,
  "seed": 1800740359,
  "weight_decay": 1.6302510301850745e-08
}