{
  "batch_size": 71.7622482222429,
  "beta_1": 0.6503050096765717,
  "beta_2": 0.36074514534673363,
  "block_size": 328.53071505944524,
  "dropout": 0.29302724160389615,
  "epsilon": 0.00036684953894279126,
  "lr": 0.007074328185347589,
  "n_embd": 36.09825625232498,
  "n_head": 2.1015641219247128,
  "n_layer": 3.0151979185600943,
  "seed": 1139712877.1133935,
  "weight_decay": 0.0018626183748973073
}