{
  "batch_size": 16.816874880373156,
  "beta_1": 0.7310464049471708,
  "beta_2": 0.7848321535815986,
  "block_size": 128.10671198570788,
  "dropout": 0.47916635326006296,
  "epsilon": 0.0002956531844616886,
  "lr": 0.09070999818410241,
  "n_embd": 22.237384865191085,
  "n_head": 3.800053925877859,
  "n_layer": 3.248830070471469,
  "seed": 163961207.4312938,
  "weight_decay": 0.0017399304652651667
}