{
  "batch_size": 29,
  "beta_1": 0.8907254738342146,
  "beta_2": 0.7099949889031693,
  "block_size": 232,
  "dropout": 0.1360127527854839,
  "epsilon": 1.4255905237e-06,
  "lr": 0.0009606347151079,
  "n_embd": 52,
  "n_head": 4,
  "n_layer": 1,
  "seed": 1212613831.2358408,
  "weight_decay": 3.6601865249e-06
}