{
  "batch_size": 20.933597528623437,
  "beta_1": 0.5322064945782887,
  "beta_2": 0.6254923367398034,
  "block_size": 97.2651664211834,
  "dropout": 0.23175202854313792,
  "epsilon": 0.00010474853838303869,
  "lr": 0.07862475889221979,
  "n_embd": 27.108216291946395,
  "n_head": 2.987915273800425,
  "n_layer": 5.632331347748244,
  "seed": 1971441649.3581414,
  "weight_decay": 0.007355135200198932
}