{
  "batch_size": 65,
  "beta_1": 0.569519315112989,
  "beta_2": 0.8057155859543729,
  "block_size": 279,
  "dropout": 0.144449734079155,
  "epsilon": 1.1790510743e-06,
  "lr": 0.0021411936868008,
  "n_embd": 4,
  "n_head": 3,
  "n_layer": 6,
  "seed": 1603185773.8764453,
  "weight_decay": 0.000706338456954
}