{
  "batch_size": 75.05279691887476,
  "beta_1": 0.62121597220118,
  "beta_2": 0.13534915785136603,
  "block_size": 125.0217992746687,
  "dropout": 0.17132467790009748,
  "epsilon": 0.0008760545412946033,
  "lr": 0.0034446484234516702,
  "n_embd": 31.317432465578346,
  "n_head": 5.778740833173155,
  "n_layer": 5.829289804184023,
  "seed": 352204910.165461,
  "weight_decay": 0.009052689196966354
}