{
  "batch_size": 40.62807142119872,
  "beta_1": 0.6211988726946159,
  "beta_2": 0.8386396985486108,
  "block_size": 142.12457620263035,
  "dropout": 0.40839257443890997,
  "epsilon": 0.0007698441227278119,
  "lr": 0.06927496511310526,
  "n_embd": 30.626274213167505,
  "n_head": 2.415768807254291,
  "n_layer": 3.941112185717575,
  "seed": 1404888422.6217015,
  "weight_decay": 0.003918146519958646
}