{
  "batch_size": 75.62299042094628,
  "beta_1": 0.7648916821683882,
  "beta_2": 0.6531129654857131,
  "block_size": 166.74064535642867,
  "dropout": 0.30038348002661885,
  "epsilon": 0.0004473502376295844,
  "lr": 0.015846367981679755,
  "n_embd": 33.942388348638936,
  "n_head": 3.506467988775157,
  "n_layer": 2.746986971831136,
  "seed": 1427656772.3072672,
  "weight_decay": 0.006666183324914059
}