{
  "batch_size": 60,
  "beta_1": 0.2244116809654751,
  "beta_2": 0.4717921846498331,
  "block_size": 358,
  "dropout": 0.1177394134532646,
  "epsilon": 2.1060188e-09,
  "lr": 0.0009240940984491,
  "n_embd": 41,
  "n_head": 3,
  "n_layer": 2,
  "seed": 1376236418.0922532,
  "weight_decay": 1.2135983437e-06
}