{
  "batch_size": 27.131637969637197,
  "beta_1": 0.23201525983239885,
  "beta_2": 0.6717277045155334,
  "block_size": 366.06360313267453,
  "dropout": 0.11168233790737295,
  "epsilon": 0.0008072525295475391,
  "lr": 0.013258626484588698,
  "n_embd": 46.802704054565694,
  "n_head": 5.3962317120522405,
  "n_layer": 2.587206597130807,
  "seed": 218347645.31782,
  "weight_decay": 0.006585569363582117
}