{
  "batch_size": 23.095998420368392,
  "beta_1": 0.5349870090410956,
  "beta_2": 0.566548148202826,
  "block_size": 64.99048205459398,
  "dropout": 0.1697186441462101,
  "epsilon": 0.0004066810581946535,
  "lr": 0.07331829858190335,
  "n_embd": 27.314614090180548,
  "n_head": 2.393641605155776,
  "n_layer": 2.417901802199916,
  "seed": 1995928563.4702353,
  "weight_decay": 0.006368931688772652
}