{
  "batch_size": 43,
  "beta_1": 0.5931773192436767,
  "beta_2": 0.1629753162028908,
  "block_size": 297,
  "dropout": 0.3256347510268196,
  "epsilon": 1.3267233393999501e-06,
  "lr": 0.00013198974658071725,
  "n_embd": 14,
  "n_head": 6,
  "n_layer": 4,
  "seed": 2025373087,
  "weight_decay": 4.293060036489871e-06
}