{
  "batch_size": 90.41009373588906,
  "beta_1": 0.2827221095176607,
  "beta_2": 0.7302697418336085,
  "block_size": 247.03856133486727,
  "dropout": 0.18353149721271717,
  "epsilon": 0.0008906663229181874,
  "lr": 0.06284174396950638,
  "n_embd": 38.67925699607358,
  "n_head": 6.865617938121691,
  "n_layer": 5.967663273127449,
  "seed": 632100097.6768268,
  "weight_decay": 0.008311626454764057
}