{
  "batch_size": 36,
  "beta_1": 0.8319398985997741,
  "beta_2": 0.3136233151032096,
  "block_size": 119,
  "dropout": 0.4174289970548676,
  "epsilon": 3.087459786787264e-09,
  "lr": 0.0005422387428488237,
  "n_embd": 38,
  "n_head": 6,
  "n_layer": 5,
  "seed": 972264520,
  "weight_decay": 0.0011546424970526015
}