{
  "batch_size": 24,
  "beta_1": 0.4877791771748082,
  "beta_2": 0.659513585875373,
  "block_size": 344,
  "dropout": 0.4321729621389614,
  "epsilon": 4.43093087e-08,
  "lr": 0.0001005519621214,
  "n_embd": 3,
  "n_head": 6,
  "n_layer": 3,
  "seed": 352531585.6164568,
  "weight_decay": 0.0031040333242622
}