{
  "batch_size": 54,
  "beta_1": 0.7045810826731692,
  "beta_2": 0.1912386064819402,
  "block_size": 87,
  "dropout": 0.1903113529993523,
  "epsilon": 3.0326075918919398e-06,
  "lr": 0.00439360019185736,
  "n_embd": 20,
  "n_head": 6,
  "n_layer": 1,
  "seed": 340953751,
  "weight_decay": 2.989294035356939e-06
}