{
  "batch_size": 36.86206955307438,
  "beta_1": 0.5072453740112464,
  "beta_2": 0.7130409321081472,
  "block_size": 317.8354546972913,
  "dropout": 0.17664115119306834,
  "epsilon": 8.872419388951271e-05,
  "lr": 0.02755534952271601,
  "n_embd": 45.81990363576062,
  "n_head": 3.119450978146335,
  "n_layer": 2.5260324869262716,
  "seed": 1292020104.2627208,
  "weight_decay": 0.009863919349605562
}