{
  "batch_size": 84.72014642917713,
  "beta_1": 0.7226995502689386,
  "beta_2": 0.34157161942715436,
  "block_size": 65.2445734950112,
  "dropout": 0.2909955666044133,
  "epsilon": 4.083178947019789e-05,
  "lr": 0.009166546829603899,
  "n_embd": 29.49283912732136,
  "n_head": 5.615109893080455,
  "n_layer": 6.485766466004028,
  "seed": 1136726475.4622257,
  "weight_decay": 0.0013281525987653574
}