{
  "batch_size": 85,
  "beta_1": 0.4302979352216276,
  "beta_2": 0.35231134730613134,
  "block_size": 290,
  "dropout": 0.26104734734543156,
  "epsilon": 1.7309353965231806e-08,
  "lr": 0.09567768510425755,
  "n_embd": 2,
  "n_head": 5,
  "n_layer": 5,
  "seed": 2117090711,
  "weight_decay": 1.3910769660872058e-08
}