{
  "batch_size": 93.02654269425301,
  "beta_1": 0.3662698277161953,
  "beta_2": 0.9186815721119431,
  "block_size": 305.02011643619164,
  "dropout": 0.37529003631082314,
  "epsilon": 0.0005183907833537449,
  "lr": 0.020909219269777332,
  "n_embd": 34.57234921099306,
  "n_head": 4.803168491490302,
  "n_layer": 1.4812888039592629,
  "seed": 572423890.0890042,
  "weight_decay": 0.0021546830837892135
}