{
  "batch_size": 34,
  "beta_1": 0.8822424246814381,
  "beta_2": 0.9148005354161014,
  "block_size": 380,
  "dropout": 0.4317269872324596,
  "epsilon": 0.00023152084863609803,
  "lr": 0.029142616295282878,
  "n_embd": 22,
  "n_head": 4,
  "n_layer": 5,
  "seed": 1199892023,
  "weight_decay": 3.1681454889213635e-05
}