{
  "batch_size": 81.86749988158802,
  "beta_1": 0.76278865638818,
  "beta_2": 0.13033852572824833,
  "block_size": 253.0637647546089,
  "dropout": 0.4988851469475649,
  "epsilon": 0.00023682016925708117,
  "lr": 0.07318969670668904,
  "n_embd": 1.082487029746829,
  "n_head": 5.302189542292413,
  "n_layer": 3.7850216735711926,
  "seed": 1995966583.4249668,
  "weight_decay": 0.0048358797515603725
}