{
  "batch_size": 30.17577896896347,
  "beta_1": 0.6867742005738086,
  "beta_2": 0.1468404456086221,
  "block_size": 350.7646825155611,
  "dropout": 0.39462736096865425,
  "epsilon": 0.00026750034883796405,
  "lr": 0.0029347506503685796,
  "n_embd": 14.79429047843531,
  "n_head": 6.000609194701648,
  "n_layer": 6.11136382686335,
  "seed": 1250460511.9648454,
  "weight_decay": 0.006116667019438633
}