{
  "batch_size": 31.026299901111905,
  "beta_1": 0.5293442561111842,
  "beta_2": 0.3377013064089812,
  "block_size": 222.73951821935302,
  "dropout": 0.4250179782986455,
  "epsilon": 0.0005966664760305905,
  "lr": 0.018749905880508438,
  "n_embd": 1.5694091537743045,
  "n_head": 1.26400328008773,
  "n_layer": 5.964192766812613,
  "seed": 1347550258.9584992,
  "weight_decay": 0.00847260336838738
}