{
  "batch_size": 67.90100324150725,
  "beta_1": 0.6478034987511349,
  "beta_2": 0.9340094223788908,
  "block_size": 346.7199578052597,
  "dropout": 0.3601907067036775,
  "epsilon": 0.0005053230964636229,
  "lr": 0.023777437534739775,
  "n_embd": 33.71665687822376,
  "n_head": 4.482338476257739,
  "n_layer": 1.5907824244844497,
  "seed": 1619088275.100033,
  "weight_decay": 0.0059796806738522616
}