{
  "batch_size": 93.91547505525867,
  "beta_1": 0.753191378860433,
  "beta_2": 0.9712660347194254,
  "block_size": 327.4488246132846,
  "dropout": 0.13104970703187627,
  "epsilon": 0.0007105711677332487,
  "lr": 0.0471350627761155,
  "n_embd": 33.28897710644362,
  "n_head": 1.6881065446172614,
  "n_layer": 3.7274404728354233,
  "seed": 1035481340.7197024,
  "weight_decay": 0.00470515611619119
}