{
  "batch_size": 68.3993890461116,
  "beta_1": 0.3233303544329369,
  "beta_2": 0.8890804769739572,
  "block_size": 261.50957892116804,
  "dropout": 0.4559428384657237,
  "epsilon": 2.872113806992156e-05,
  "lr": 0.022450490166823694,
  "n_embd": 30.839851586755426,
  "n_head": 6.617207781919713,
  "n_layer": 3.470380786979171,
  "seed": 1971223571.766888,
  "weight_decay": 0.009705557730038727
}