{
  "batch_size": 58.88080352282192,
  "beta_1": 0.8849185601847216,
  "beta_2": 0.9640579235705614,
  "block_size": 376.4262527476975,
  "dropout": 0.19975481924072014,
  "epsilon": 0.00017270279363467797,
  "lr": 0.04680629574045589,
  "n_embd": 48.15590362617319,
  "n_head": 1.4116936424650786,
  "n_layer": 1.0727973578034318,
  "seed": 1522451169.2866232,
  "weight_decay": 0.000916423590165841
}