{
  "batch_size": 38,
  "beta_1": 0.4349283046466893,
  "beta_2": 0.6212969841938263,
  "block_size": 266,
  "dropout": 0.246131267074526,
  "epsilon": 3.65446735e-08,
  "lr": 0.0026076932469393,
  "n_embd": 20,
  "n_head": 6,
  "n_layer": 3,
  "seed": 390652348.0436457,
  "weight_decay": 0.0009423864167703
}