{
  "batch_size": 25,
  "beta_1": 0.37782319232813366,
  "beta_2": 0.8019411031783598,
  "block_size": 223,
  "dropout": 0.2085560653901967,
  "epsilon": 4.161175331386164e-08,
  "lr": 0.003742847436645361,
  "n_embd": 23,
  "n_head": 2,
  "n_layer": 4,
  "seed": 2107975612,
  "weight_decay": 6.17226172226913e-07
}