{
  "batch_size": 60.80926354813554,
  "beta_1": 0.44194321629236366,
  "beta_2": 0.9131941717626738,
  "block_size": 151.9487933464847,
  "dropout": 0.4319286691224107,
  "epsilon": 0.0007396596630689513,
  "lr": 0.06305505313317283,
  "n_embd": 35.32674519604745,
  "n_head": 4.375750552434154,
  "n_layer": 1.7751720180772317,
  "seed": 269084968.892866,
  "weight_decay": 0.0013485655354878363
}