{
  "batch_size": 32,
  "beta_1": 0.1046692149238835,
  "beta_2": 0.279894714270518,
  "block_size": 359,
  "dropout": 0.4755139153879203,
  "epsilon": 1.3502424e-09,
  "lr": 0.011345749294635,
  "n_embd": 4,
  "n_head": 6,
  "n_layer": 4,
  "seed": 383674507.0358261,
  "weight_decay": 3.84102879194e-05
}