{
  "batch_size": 95.28998460818516,
  "beta_1": 0.11869378963896617,
  "beta_2": 0.27536575202724145,
  "block_size": 152.85917943027812,
  "dropout": 0.23009313610670046,
  "epsilon": 0.0008749412819864348,
  "lr": 0.095770030994241,
  "n_embd": 44.50309875328121,
  "n_head": 2.9152226795932874,
  "n_layer": 1.02677632267528,
  "seed": 1681771642.846236,
  "weight_decay": 0.0007091176452998224
}