{
  "batch_size": 76,
  "beta_1": 0.170658414136072,
  "beta_2": 0.393546195314061,
  "block_size": 366,
  "dropout": 0.151104798407071,
  "epsilon": 2.6663247359e-06,
  "lr": 0.000392426508166,
  "n_embd": 40,
  "n_head": 2,
  "n_layer": 5,
  "seed": 1281272938.5531535,
  "weight_decay": 0.0045281963003764
}