{
  "batch_size": 24,
  "beta_1": 0.8609051404963882,
  "beta_2": 0.5762670856299928,
  "block_size": 104,
  "dropout": 0.2101621780106586,
  "epsilon": 1.6244549995e-06,
  "lr": 0.0048469883440212,
  "n_embd": 21,
  "n_head": 4,
  "n_layer": 6,
  "seed": 843297650.2100484,
  "weight_decay": 2.029978951e-07
}