{
  "batch_size": 55.886051252156356,
  "beta_1": 0.8900263095935611,
  "beta_2": 0.7929821654841561,
  "block_size": 286.5500775894359,
  "dropout": 0.35181428759794053,
  "epsilon": 0.0004230026354203937,
  "lr": 0.04385901001620095,
  "n_embd": 6.433050006614389,
  "n_head": 3.0901516831454847,
  "n_layer": 1.6307226846589138,
  "seed": 1121128079.417869,
  "weight_decay": 0.00587206966480913
}