{
  "batch_size": 96,
  "beta_1": 0.904330549560679,
  "beta_2": 0.7021169107396786,
  "block_size": 158,
  "dropout": 0.4210560633624768,
  "epsilon": 0.0008299596966932545,
  "lr": 1.4221238329810665e-05,
  "n_embd": 30,
  "n_head": 2,
  "n_layer": 6,
  "seed": 1018612771,
  "weight_decay": 1.0237113799731998e-08
}