{
  "batch_size": 68,
  "beta_1": 0.4941089828974119,
  "beta_2": 0.3592151263316074,
  "block_size": 282,
  "dropout": 0.1093715669997098,
  "epsilon": 7.0257755e-09,
  "lr": 0.0002771126880083,
  "n_embd": 3,
  "n_head": 6,
  "n_layer": 2,
  "seed": 487676743.6164954,
  "weight_decay": 0.0093588841506576
}