{
  "batch_size": 26.65582597460046,
  "beta_1": 0.14674341081045852,
  "beta_2": 0.41268003126778674,
  "block_size": 257.03078155832776,
  "dropout": 0.43893657551574516,
  "epsilon": 0.00022980073875193848,
  "lr": 0.048283306798801655,
  "n_embd": 36.38989668487427,
  "n_head": 5.465043278348315,
  "n_layer": 2.0794831665368,
  "seed": 1043712798.5959352,
  "weight_decay": 0.0009853638748916521
}