{
  "batch_size": 58.51130047574769,
  "beta_1": 0.7965577688318711,
  "beta_2": 0.474959360333563,
  "block_size": 233.15038199550588,
  "dropout": 0.3100717042726956,
  "epsilon": 0.00019198079132578107,
  "lr": 0.09635446186919945,
  "n_embd": 33.856074419688554,
  "n_head": 5.076689997699239,
  "n_layer": 5.353660101583686,
  "seed": 692313732.7660934,
  "weight_decay": 0.0008711998870952453
}