{
  "batch_size": 47,
  "beta_1": 0.2371945062908766,
  "beta_2": 0.3290704864213629,
  "block_size": 309,
  "dropout": 0.1861149166878992,
  "epsilon": 2.226087e-10,
  "lr": 0.0006482247030914,
  "n_embd": 41,
  "n_head": 3,
  "n_layer": 6,
  "seed": 1595634373.6195354,
  "weight_decay": 1.283068581e-07
}