{
  "batch_size": 50.56385762335081,
  "beta_1": 0.6336713468435549,
  "beta_2": 0.6583326165377713,
  "block_size": 236.15473555550915,
  "dropout": 0.45060675384405247,
  "epsilon": 0.00036158863848560253,
  "lr": 0.06052658849226925,
  "n_embd": 24.134872077295064,
  "n_head": 2.6872858710203875,
  "n_layer": 4.118034657152437,
  "seed": 247558725.634814,
  "weight_decay": 0.00225517106782345
}