{
  "batch_size": 46.829606643129054,
  "beta_1": 0.16944857700561095,
  "beta_2": 0.6563734327866735,
  "block_size": 65.94775894200195,
  "dropout": 0.3913448653036873,
  "epsilon": 0.0007419889750762913,
  "lr": 0.06283329832448606,
  "n_embd": 28.162427853175686,
  "n_head": 6.167792192904309,
  "n_layer": 1.8098184841085294,
  "seed": 920413910.1466342,
  "weight_decay": 0.0056026891125532
}