{
  "batch_size": 40,
  "beta_1": 0.6465354983343224,
  "beta_2": 0.3311486311320213,
  "block_size": 258,
  "dropout": 0.1621000443122367,
  "epsilon": 3.059837e-10,
  "lr": 0.0003689862199614,
  "n_embd": 48,
  "n_head": 3,
  "n_layer": 5,
  "seed": 1506317212.755367,
  "weight_decay": 2.10199431429e-05
}