{
  "batch_size": 46.992914327402225,
  "beta_1": 0.11902250646261156,
  "beta_2": 0.6355230070679727,
  "block_size": 138.2636880486664,
  "dropout": 0.3512912637193901,
  "epsilon": 0.0005538324885228476,
  "lr": 0.008388243797510051,
  "n_embd": 44.26899074739706,
  "n_head": 6.679943529713568,
  "n_layer": 3.341071271548774,
  "seed": 548692763.462159,
  "weight_decay": 0.007457332087032544
}