{
  "batch_size": 66,
  "beta_1": 0.6627445660387821,
  "beta_2": 0.778526647611339,
  "block_size": 238,
  "dropout": 0.1479426516755765,
  "epsilon": 7.1311256e-09,
  "lr": 0.0034595157759815,
  "n_embd": 18,
  "n_head": 3,
  "n_layer": 4,
  "seed": 1466402113.1714652,
  "weight_decay": 0.0029241870198101
}