{
  "batch_size": 56.260078389822695,
  "beta_1": 0.91495478469339,
  "beta_2": 0.908242589688975,
  "block_size": 79.76857762091683,
  "dropout": 0.48310429465336246,
  "epsilon": 0.0006092704730339442,
  "lr": 0.012046035976681168,
  "n_embd": 15.815580479008496,
  "n_head": 2.3039255501183167,
  "n_layer": 6.553933940434909,
  "seed": 468019038.0910221,
  "weight_decay": 0.002629250865938268
}