{
  "batch_size": 65.32801910699595,
  "beta_1": 0.39797566694937914,
  "beta_2": 0.5743860348890555,
  "block_size": 89.74662615242426,
  "dropout": 0.4240010856372818,
  "epsilon": 0.0003221808465027303,
  "lr": 0.07931505743151168,
  "n_embd": 36.69275536777024,
  "n_head": 4.69442435640427,
  "n_layer": 3.323182899061524,
  "seed": 415965583.37699896,
  "weight_decay": 0.001416194107946328
}