{
  "batch_size": 61.41574028007095,
  "beta_1": 0.5044194907982369,
  "beta_2": 0.29159884834344885,
  "block_size": 78.83390770585518,
  "dropout": 0.11871358700113316,
  "epsilon": 0.0009134674009756519,
  "lr": 0.029307508117093144,
  "n_embd": 25.728672157920673,
  "n_head": 4.2596194421114895,
  "n_layer": 2.0058800402432886,
  "seed": 1602675834.6996007,
  "weight_decay": 0.0007167605393626418
}