{
  "batch_size": 25,
  "beta_1": 0.3405558864820178,
  "beta_2": 0.375305121309174,
  "block_size": 124,
  "dropout": 0.3792269415529944,
  "epsilon": 0.000710055704353,
  "lr": 0.0007896911329877,
  "n_embd": 29,
  "n_head": 2,
  "n_layer": 6,
  "seed": 1196321141.0239797,
  "weight_decay": 8.68883436222e-05
}