{
  "batch_size": 87,
  "beta_1": 0.5598553904278911,
  "beta_2": 0.8198626110599901,
  "block_size": 294,
  "dropout": 0.1987613270245939,
  "epsilon": 3.7031745e-09,
  "lr": 0.0001021807176867,
  "n_embd": 11,
  "n_head": 2,
  "n_layer": 3,
  "seed": 606368816.0151554,
  "weight_decay": 1.36824596401e-05
}