{
  "batch_size": 25.115025000534548,
  "beta_1": 0.4085840439330619,
  "beta_2": 0.22247719309807812,
  "block_size": 154.0681307256114,
  "dropout": 0.12403790775134423,
  "epsilon": 0.00037848255440058563,
  "lr": 0.01455716328760929,
  "n_embd": 39.295609216422285,
  "n_head": 2.873278242938705,
  "n_layer": 5.370393616513493,
  "seed": 1856534588.8538504,
  "weight_decay": 0.008001982711195078
}