{
  "batch_size": 73,
  "beta_1": 0.1479663403541452,
  "beta_2": 0.2453909742473577,
  "block_size": 323,
  "dropout": 0.13097983574055047,
  "epsilon": 3.6086155827196534e-07,
  "lr": 0.050455272874045574,
  "n_embd": 33,
  "n_head": 1,
  "n_layer": 4,
  "seed": 359495913,
  "weight_decay": 0.00045001657178766964
}