{
  "batch_size": 86,
  "beta_1": 0.5852721762071353,
  "beta_2": 0.4870508531882639,
  "block_size": 106,
  "dropout": 0.1859887798780792,
  "epsilon": 1.090372e-10,
  "lr": 0.0781047895181039,
  "n_embd": 24,
  "n_head": 2,
  "n_layer": 4,
  "seed": 191500014.14272344,
  "weight_decay": 0.005627449197819
}