{
  "batch_size": 35,
  "beta_1": 0.5305213615959148,
  "beta_2": 0.5213401174080072,
  "block_size": 329,
  "dropout": 0.42042263992528284,
  "epsilon": 2.744367149571972e-05,
  "lr": 0.008036061678383876,
  "n_embd": 39,
  "n_head": 1,
  "n_layer": 4,
  "seed": 1950264502,
  "weight_decay": 1.7825625445750403e-05
}