{
  "batch_size": 78.43557293822144,
  "beta_1": 0.25097792463496404,
  "beta_2": 0.3093312181297807,
  "block_size": 268.5756524563524,
  "dropout": 0.11830701968744256,
  "epsilon": 0.00015564713674462972,
  "lr": 0.07050343466735219,
  "n_embd": 22.705940878564164,
  "n_head": 3.0039055289780165,
  "n_layer": 5.75636494856428,
  "seed": 1594013692.0443933,
  "weight_decay": 0.0037676434332085153
}