{
  "batch_size": 57.19456650917929,
  "beta_1": 0.6521948885350133,
  "beta_2": 0.7400060856025242,
  "block_size": 340.58548851942646,
  "dropout": 0.329969874922311,
  "epsilon": 0.00027392898936166984,
  "lr": 0.004776717284143527,
  "n_embd": 29.99760671376746,
  "n_head": 4.659446225619115,
  "n_layer": 4.752498779615477,
  "seed": 676106454.1297239,
  "weight_decay": 0.009855476285307318
}