{
  "batch_size": 77,
  "beta_1": 0.2001855814713232,
  "beta_2": 0.9289711087645809,
  "block_size": 208,
  "dropout": 0.12458555913640522,
  "epsilon": 5.338495580430596e-06,
  "lr": 0.0029262111927177694,
  "n_embd": 1,
  "n_head": 3,
  "n_layer": 2,
  "seed": 904904261,
  "weight_decay": 2.56524562524999e-05
}