{
  "batch_size": 40.9270490340181,
  "beta_1": 0.2781198199371936,
  "beta_2": 0.42164893169358564,
  "block_size": 329.09633685907403,
  "dropout": 0.1856180055566243,
  "epsilon": 0.0004521560287434391,
  "lr": 0.006164138811509382,
  "n_embd": 15.296008365292838,
  "n_head": 4.441751505691629,
  "n_layer": 3.765483871747051,
  "seed": 1586890224.5545073,
  "weight_decay": 0.007457755612836113
}