{
  "batch_size": 30,
  "beta_1": 0.7908494840091789,
  "beta_2": 0.7921521420587994,
  "block_size": 148,
  "dropout": 0.49700975426058835,
  "epsilon": 0.0004055770701697663,
  "lr": 0.04740176776157571,
  "n_embd": 19,
  "n_head": 3,
  "n_layer": 1,
  "seed": 1141815621,
  "weight_decay": 0.0004562609728754627
}