{
  "batch_size": 93,
  "beta_1": 0.29352521436879125,
  "beta_2": 0.2900021753112757,
  "block_size": 312,
  "dropout": 0.43537092427002433,
  "epsilon": 6.696252512402346e-10,
  "lr": 0.0041189242910108816,
  "n_embd": 5,
  "n_head": 6,
  "n_layer": 3,
  "seed": 1714105595,
  "weight_decay": 1.5884202311119423e-06
}