{
  "batch_size": 43,
  "beta_1": 0.18422814807018578,
  "beta_2": 0.6253219321965737,
  "block_size": 308,
  "dropout": 0.3142912447715874,
  "epsilon": 0.0008189536879904337,
  "lr": 0.06252492027358386,
  "n_embd": 32,
  "n_head": 2,
  "n_layer": 5,
  "seed": 107140983,
  "weight_decay": 1.2113502108542983e-06
}