{
  "batch_size": 48,
  "beta_1": 0.7529706077746764,
  "beta_2": 0.669668477365704,
  "block_size": 160,
  "dropout": 0.2888666680466016,
  "epsilon": 1.20532132728e-05,
  "lr": 1.7353010392e-06,
  "n_embd": 3,
  "n_head": 1,
  "n_layer": 4,
  "seed": 868612030.6477861,
  "weight_decay": 3.30115624e-08
}