{
  "batch_size": 69,
  "beta_1": 0.5224554648953695,
  "beta_2": 0.7334047721622992,
  "block_size": 328,
  "dropout": 0.056480066799658134,
  "epsilon": 3.2994838576653813e-09,
  "lr": 0.0005033708358840934,
  "n_embd": 14,
  "n_head": 6,
  "n_layer": 1,
  "seed": 330966587,
  "weight_decay": 0.0025182489844974036
}