{
  "batch_size": 67,
  "beta_1": 0.6908931925669387,
  "beta_2": 0.5649164526075903,
  "block_size": 152,
  "dropout": 0.16249322543611885,
  "epsilon": 1.379355317185721e-06,
  "lr": 0.0001331015580821623,
  "n_embd": 34,
  "n_head": 5,
  "n_layer": 6,
  "seed": 999858172,
  "weight_decay": 0.005764470435975332
}