{
  "batch_size": 27.746796712364215,
  "beta_1": 0.64663010352551,
  "beta_2": 0.5050540357127313,
  "block_size": 196.74812977096627,
  "dropout": 0.43069086954309665,
  "epsilon": 0.0009022270373832973,
  "lr": 0.07648314948974873,
  "n_embd": 12.077756795248177,
  "n_head": 6.534034239869284,
  "n_layer": 2.2566947288910226,
  "seed": 624456026.1448497,
  "weight_decay": 0.002373164325295029
}