{
  "batch_size": 25.668786003391915,
  "beta_1": 0.721154492794603,
  "beta_2": 0.814574878797664,
  "block_size": 128.93482947562802,
  "dropout": 0.4832186099362432,
  "epsilon": 0.0001654350770621335,
  "lr": 0.09503022651131068,
  "n_embd": 9.274267319304393,
  "n_head": 3.7399217954792183,
  "n_layer": 3.052882950294084,
  "seed": 877774752.2865515,
  "weight_decay": 0.002874067151393026
}