{
  "batch_size": 96,
  "beta_1": 0.2967932193172112,
  "beta_2": 0.8544117283051471,
  "block_size": 305,
  "dropout": 0.2350410001751002,
  "epsilon": 0.0001081209784964,
  "lr": 0.0004088147650268,
  "n_embd": 8,
  "n_head": 3,
  "n_layer": 6,
  "seed": 252401424.2482756,
  "weight_decay": 3.87446383411e-05
}