{
  "batch_size": 57.55234288810466,
  "beta_1": 0.6224712596628859,
  "beta_2": 0.13225903675735157,
  "block_size": 187.70343778432436,
  "dropout": 0.22703063143085558,
  "epsilon": 0.000305792946760096,
  "lr": 0.024024541251485797,
  "n_embd": 42.00210107618396,
  "n_head": 5.743477671313551,
  "n_layer": 5.456690800548453,
  "seed": 1531834562.6813257,
  "weight_decay": 0.0003378539265935921
}