{
  "batch_size": 24,
  "beta_1": 0.1222637397236345,
  "beta_2": 0.3686179421293211,
  "block_size": 176,
  "dropout": 0.4756093648153884,
  "epsilon": 6.13898934e-08,
  "lr": 0.0006607459786158,
  "n_embd": 53,
  "n_head": 5,
  "n_layer": 5,
  "seed": 938955873.3144516,
  "weight_decay": 2.819656703e-07
}