{
  "batch_size": 19.7476612871649,
  "beta_1": 0.4216506261129821,
  "beta_2": 0.15889988261049173,
  "block_size": 337.65862274775884,
  "dropout": 0.19900375753804425,
  "epsilon": 0.0009821112274513504,
  "lr": 0.0916848711862074,
  "n_embd": 45.91774449805581,
  "n_head": 6.504634562727686,
  "n_layer": 1.1340636719763317,
  "seed": 1336191747.4470887,
  "weight_decay": 0.001800624825470178
}