{
  "batch_size": 38,
  "beta_1": 0.5546608338799903,
  "beta_2": 0.885982039385705,
  "block_size": 130,
  "dropout": 0.2620825532496608,
  "epsilon": 9.01549989945e-05,
  "lr": 0.0256047860120597,
  "n_embd": 38,
  "n_head": 4,
  "n_layer": 2,
  "seed": 573756347.6385255,
  "weight_decay": 1.8201453231e-06
}