{
  "batch_size": 89.43816247902893,
  "beta_1": 0.8986137504120367,
  "beta_2": 0.6484338668072482,
  "block_size": 283.69723165246666,
  "dropout": 0.12932666748541388,
  "epsilon": 0.00018662943536854555,
  "lr": 0.06684787379460028,
  "n_embd": 28.457521651435073,
  "n_head": 1.0740695842003736,
  "n_layer": 5.504521211679715,
  "seed": 837488933.1779879,
  "weight_decay": 0.008162826005657051
}