{
  "batch_size": 56,
  "beta_1": 0.4445426883923612,
  "beta_2": 0.5073762922403197,
  "block_size": 66,
  "dropout": 0.224977157618674,
  "epsilon": 3.414543e-09,
  "lr": 0.0008058193354954,
  "n_embd": 49,
  "n_head": 3,
  "n_layer": 5,
  "seed": 1700262771.4390948,
  "weight_decay": 0.0001771991750016
}