{
  "batch_size": 88.23383236572235,
  "beta_1": 0.43718799157353505,
  "beta_2": 0.48146796566423633,
  "block_size": 380.5430403539782,
  "dropout": 0.4379449789454556,
  "epsilon": 0.00036090849247095286,
  "lr": 0.042661596301794544,
  "n_embd": 50.884989401288045,
  "n_head": 5.1907585216779655,
  "n_layer": 3.351113416148972,
  "seed": 206664817.02529043,
  "weight_decay": 0.006329466286922953
}