{
  "batch_size": 82.25151463748806,
  "beta_1": 0.7652456296895612,
  "beta_2": 0.6274615913878789,
  "block_size": 156.44334329145548,
  "dropout": 0.23869736869368388,
  "epsilon": 0.00015540693168449677,
  "lr": 0.05854127876352772,
  "n_embd": 12.145482073329706,
  "n_head": 3.894806717821287,
  "n_layer": 3.056918084033869,
  "seed": 1886216077.7256198,
  "weight_decay": 0.009918788753922785
}