{
  "batch_size": 67,
  "beta_1": 0.26320287344003457,
  "beta_2": 0.3287035653957966,
  "block_size": 195,
  "dropout": 0.21960037717685787,
  "epsilon": 8.105978340125298e-10,
  "lr": 2.497538213991578e-06,
  "n_embd": 17,
  "n_head": 6,
  "n_layer": 4,
  "seed": 1422410224,
  "weight_decay": 5.920741978480842e-06
}