{
  "batch_size": 37.55108154367575,
  "beta_1": 0.7021929662036397,
  "beta_2": 0.9650466512199524,
  "block_size": 314.18917109430515,
  "dropout": 0.18247698249411282,
  "epsilon": 0.0002521378617399993,
  "lr": 0.015895424884958476,
  "n_embd": 7.8822979294734195,
  "n_head": 1.457157600144548,
  "n_layer": 5.788974689285067,
  "seed": 1860298441.7840185,
  "weight_decay": 0.003092471824030852
}