{
  "batch_size": 92.1108367920244,
  "beta_1": 0.26863685205169374,
  "beta_2": 0.9116272994295471,
  "block_size": 318.1115245922938,
  "dropout": 0.2766248973952161,
  "epsilon": 0.0005673414637280017,
  "lr": 0.02648596010336692,
  "n_embd": 28.85049440302274,
  "n_head": 5.2473404452655785,
  "n_layer": 6.914206054549499,
  "seed": 1531923770.8293345,
  "weight_decay": 0.0015994422279324082
}