{
  "batch_size": 82,
  "beta_1": 0.6125251199296998,
  "beta_2": 0.7662387124412938,
  "block_size": 353,
  "dropout": 0.2050161882446365,
  "epsilon": 2.69110519e-08,
  "lr": 0.0005542874205366,
  "n_embd": 48,
  "n_head": 2,
  "n_layer": 5,
  "seed": 1316728347.8903506,
  "weight_decay": 0.003745899800203
}