{
  "batch_size": 24.869173622456728,
  "beta_1": 0.776077899031518,
  "beta_2": 0.37768510205971684,
  "block_size": 278.9068062255204,
  "dropout": 0.39540363835048675,
  "epsilon": 0.00036187140703324125,
  "lr": 0.059908322323774445,
  "n_embd": 26.532801825558643,
  "n_head": 3.9184773001026514,
  "n_layer": 3.9783788143717813,
  "seed": 890103309.1189456,
  "weight_decay": 0.008113291674877716
}