{
  "batch_size": 33,
  "beta_1": 0.5868286814448803,
  "beta_2": 0.7909264692386498,
  "block_size": 234,
  "dropout": 0.1604202253942098,
  "epsilon": 8.972430601049458e-10,
  "lr": 0.07396766911920354,
  "n_embd": 50,
  "n_head": 1,
  "n_layer": 1,
  "seed": 743068547,
  "weight_decay": 6.160358399695685e-07
}