{
  "batch_size": 92.08093360582878,
  "beta_1": 0.10826083518318914,
  "beta_2": 0.6641713923620642,
  "block_size": 381.05593422648485,
  "dropout": 0.47891552358452016,
  "epsilon": 0.0005736777828856786,
  "lr": 0.04819876334292004,
  "n_embd": 34.89242873211323,
  "n_head": 2.0547184682051713,
  "n_layer": 6.1141769556827406,
  "seed": 834880718.000914,
  "weight_decay": 0.009096965947482808
}