{
  "batch_size": 50.789544886733296,
  "beta_1": 0.9507600289129206,
  "beta_2": 0.5590879289296378,
  "block_size": 102.99901860650745,
  "dropout": 0.16476490285853265,
  "epsilon": 0.0004713080616072735,
  "lr": 0.07773752073204829,
  "n_embd": 24.55554359938141,
  "n_head": 6.416290763920194,
  "n_layer": 1.9923223009383024,
  "seed": 1429790701.76579,
  "weight_decay": 0.0014195812012777525
}