{
  "batch_size": 69.11338183349534,
  "beta_1": 0.8506279452850743,
  "beta_2": 0.8236399069404827,
  "block_size": 215.22625529975554,
  "dropout": 0.1585868896352058,
  "epsilon": 0.000930203917472205,
  "lr": 0.07635901390668709,
  "n_embd": 0.3747154140121621,
  "n_head": 2.7985236971825693,
  "n_layer": 6.592710744424497,
  "seed": 1963686747.4513311,
  "weight_decay": 0.005609953293393745
}