{
  "batch_size": 68,
  "beta_1": 0.4649473696337256,
  "beta_2": 0.43183484121456295,
  "block_size": 160,
  "dropout": 0.18201903830996669,
  "epsilon": 0.0004907642518215135,
  "lr": 0.010090189405006372,
  "n_embd": 49,
  "n_head": 5,
  "n_layer": 1,
  "seed": 607321830,
  "weight_decay": 1.8408589204055645e-06
}