{
  "batch_size": 47.27020762302607,
  "beta_1": 0.34987471621061794,
  "beta_2": 0.11261617178683134,
  "block_size": 104.24632210344932,
  "dropout": 0.14518751301132526,
  "epsilon": 0.000586218024241386,
  "lr": 0.09995795519939575,
  "n_embd": 4.439660325981707,
  "n_head": 4.015086897943812,
  "n_layer": 6.7255935949568215,
  "seed": 473017058.06100094,
  "weight_decay": 0.0015193164629966017
}