{
  "batch_size": 23,
  "beta_1": 0.7314868914578443,
  "beta_2": 0.5666747653765352,
  "block_size": 255,
  "dropout": 0.3527216878112306,
  "epsilon": 9.853424422e-07,
  "lr": 0.000600020040759,
  "n_embd": 26,
  "n_head": 3,
  "n_layer": 3,
  "seed": 1198892756.7556233,
  "weight_decay": 1.6660771909e-06
}