{
  "batch_size": 18.29561396256372,
  "beta_1": 0.45108281640286063,
  "beta_2": 0.3140342272146147,
  "block_size": 236.61691072305038,
  "dropout": 0.2866401602789883,
  "epsilon": 0.0008213048514381934,
  "lr": 0.09759969515314293,
  "n_embd": 6.202953251499291,
  "n_head": 4.354840904450143,
  "n_layer": 4.377848346831599,
  "seed": 2115123682.249525,
  "weight_decay": 0.0015503143491627652
}