{
  "batch_size": 20.710809903955692,
  "beta_1": 0.4921087193952861,
  "beta_2": 0.6392182457603671,
  "block_size": 140.07188049205865,
  "dropout": 0.1783816510905096,
  "epsilon": 0.0001176957688935821,
  "lr": 0.04608286169036147,
  "n_embd": 14.550044392983773,
  "n_head": 5.517744737118473,
  "n_layer": 6.648528216147317,
  "seed": 1909808636.9556415,
  "weight_decay": 0.008109924151031915
}