{
  "batch_size": 41,
  "beta_1": 0.4899044605364311,
  "beta_2": 0.7230397845092056,
  "block_size": 305,
  "dropout": 0.168030474135285,
  "epsilon": 1.5769253447183297e-07,
  "lr": 1.0424806152967664e-05,
  "n_embd": 4,
  "n_head": 1,
  "n_layer": 2,
  "seed": 2105762491,
  "weight_decay": 8.624965505426874e-07
}