{
  "batch_size": 54,
  "beta_1": 0.23569006305422843,
  "beta_2": 0.1934486113295631,
  "block_size": 181,
  "dropout": 0.19663658902206113,
  "epsilon": 6.019168513579611e-10,
  "lr": 6.466382904560466e-06,
  "n_embd": 52,
  "n_head": 2,
  "n_layer": 3,
  "seed": 91675548,
  "weight_decay": 2.0808891035059057e-08
}