{
  "batch_size": 50.825588073185294,
  "beta_1": 0.9053468868768203,
  "beta_2": 0.7172450244171759,
  "block_size": 143.42161321097015,
  "dropout": 0.43641057931389693,
  "epsilon": 0.000675244156131693,
  "lr": 0.09943807287865476,
  "n_embd": 44.39539986850692,
  "n_head": 1.7078262884837192,
  "n_layer": 6.20625099175124,
  "seed": 1139592627.3605006,
  "weight_decay": 0.0010314216331725127
}