{
  "batch_size": 33.29223711386224,
  "beta_1": 0.24797603200303703,
  "beta_2": 0.7438758677155538,
  "block_size": 235.9505368160448,
  "dropout": 0.334279199368948,
  "epsilon": 0.0008991436913150512,
  "lr": 0.09416067758228444,
  "n_embd": 5.759942280683282,
  "n_head": 4.522317499010363,
  "n_layer": 1.9347889825014604,
  "seed": 1013198252.9602709,
  "weight_decay": 0.00692427456037801
}