{
  "batch_size": 75,
  "beta_1": 0.5041333175291091,
  "beta_2": 0.6726275317124375,
  "block_size": 130,
  "dropout": 0.1116428676662939,
  "epsilon": 9.158993938e-07,
  "lr": 0.0005800864299041,
  "n_embd": 35,
  "n_head": 2,
  "n_layer": 4,
  "seed": 128508125.32392907,
  "weight_decay": 0.0003291457205244
}