{
  "batch_size": 72,
  "beta_1": 0.7563021239814154,
  "beta_2": 0.31003897836664174,
  "block_size": 164,
  "dropout": 0.4554238739510472,
  "epsilon": 0.000562305884479134,
  "lr": 5.994519633637813e-06,
  "n_embd": 47,
  "n_head": 5,
  "n_layer": 6,
  "seed": 2083057661,
  "weight_decay": 0.0005657051983182905
}