{
  "batch_size": 44,
  "beta_1": 0.152343342538184,
  "beta_2": 0.974049970923679,
  "block_size": 256,
  "dropout": 0.3870771985217979,
  "epsilon": 3.287497e-10,
  "lr": 0.0033763351079778,
  "n_embd": 16,
  "n_head": 2,
  "n_layer": 2,
  "seed": 1173412025.7737203,
  "weight_decay": 8.566511141e-07
}