{
  "batch_size": 90,
  "beta_1": 0.31929076917647836,
  "beta_2": 0.34459989955150144,
  "block_size": 370,
  "dropout": 0.3669273006426539,
  "epsilon": 1.2537772268321138e-10,
  "lr": 0.0008704593309873168,
  "n_embd": 32,
  "n_head": 1,
  "n_layer": 4,
  "seed": 197209019,
  "weight_decay": 0.0038819729810614873
}