{
  "batch_size": 36.910910637388376,
  "beta_1": 0.12042962318753443,
  "beta_2": 0.9708980645645074,
  "block_size": 84.8685937317162,
  "dropout": 0.32470505676206585,
  "epsilon": 1.4940952854796824e-05,
  "lr": 0.056665054393149804,
  "n_embd": 47.21564179736093,
  "n_head": 3.6099949056538994,
  "n_layer": 3.0612044701465204,
  "seed": 925708679.4080136,
  "weight_decay": 0.0068109485244742165
}