{
  "batch_size": 40.87299762948399,
  "beta_1": 0.700156559528088,
  "beta_2": 0.9869217942015488,
  "block_size": 289.9468790924484,
  "dropout": 0.46388592648625093,
  "epsilon": 0.0006870530719984748,
  "lr": 0.043772510670711105,
  "n_embd": 11.642643246070167,
  "n_head": 2.8691586452545135,
  "n_layer": 4.841636321213755,
  "seed": 576805165.2442912,
  "weight_decay": 0.0010258670568230465
}