{
  "batch_size": 53,
  "beta_1": 0.5940807409668478,
  "beta_2": 0.8568137227350161,
  "block_size": 330,
  "dropout": 0.06965242762857815,
  "epsilon": 6.028707665317117e-08,
  "lr": 2.4055887358490017e-06,
  "n_embd": 41,
  "n_head": 5,
  "n_layer": 6,
  "seed": 841012874,
  "weight_decay": 0.002223418653320908
}