{
  "batch_size": 67,
  "beta_1": 0.463595291308265,
  "beta_2": 0.7956472263811661,
  "block_size": 184,
  "dropout": 0.358230316463302,
  "epsilon": 6.974915438e-07,
  "lr": 0.0017158859489111,
  "n_embd": 43,
  "n_head": 1,
  "n_layer": 6,
  "seed": 675845719.984682,
  "weight_decay": 6.930377783e-07
}