{
  "batch_size": 39,
  "beta_1": 0.2294787080180234,
  "beta_2": 0.5466559374750197,
  "block_size": 155,
  "dropout": 0.4555592722417088,
  "epsilon": 3.34727224221e-05,
  "lr": 0.0010628817672683,
  "n_embd": 46,
  "n_head": 4,
  "n_layer": 2,
  "seed": 1819591946.6065643,
  "weight_decay": 0.0068941077416653
}