{
  "batch_size": 25.824548906996476,
  "beta_1": 0.5757455727083631,
  "beta_2": 0.3373508696079588,
  "block_size": 224.59836038153716,
  "dropout": 0.34609626299728535,
  "epsilon": 0.0007590116492982768,
  "lr": 0.03483677884139611,
  "n_embd": 28.676815275227963,
  "n_head": 4.107752773142006,
  "n_layer": 3.9556160256869326,
  "seed": 1608813804.5967722,
  "weight_decay": 0.0016790624475770564
}