{
  "batch_size": 26.584910365166884,
  "beta_1": 0.43048200463596875,
  "beta_2": 0.4324238090416992,
  "block_size": 298.82396558332744,
  "dropout": 0.4166775692432959,
  "epsilon": 0.0007855647391607663,
  "lr": 0.03672271796467571,
  "n_embd": 24.56040804090812,
  "n_head": 3.95332238310096,
  "n_layer": 4.423316276960515,
  "seed": 688956128.596435,
  "weight_decay": 0.009120652408983774
}