{
  "batch_size": 46,
  "beta_1": 0.9737050459803174,
  "beta_2": 0.16382478764135244,
  "block_size": 92,
  "dropout": 0.12329576032722991,
  "epsilon": 5.436344391392593e-08,
  "lr": 6.794523823126803e-05,
  "n_embd": 4,
  "n_head": 4,
  "n_layer": 5,
  "seed": 1383947661,
  "weight_decay": 4.259266915656994e-08
}