{
  "batch_size": 41,
  "beta_1": 0.3222302481797698,
  "beta_2": 0.9104896417277007,
  "block_size": 356,
  "dropout": 0.2839881262391938,
  "epsilon": 3.71639746e-08,
  "lr": 0.001775207432078,
  "n_embd": 26,
  "n_head": 2,
  "n_layer": 5,
  "seed": 1375693840.8697114,
  "weight_decay": 9.9562632188e-06
}