{
  "batch_size": 63,
  "beta_1": 0.5743493984922284,
  "beta_2": 0.6784088273751229,
  "block_size": 245,
  "dropout": 0.454794417036974,
  "epsilon": 0.00020930308236113347,
  "lr": 0.003795022142114372,
  "n_embd": 53,
  "n_head": 3,
  "n_layer": 4,
  "seed": 1410512718,
  "weight_decay": 1.2058845052908992e-08
}