{
  "batch_size": 92.0066086880214,
  "beta_1": 0.5420147236602294,
  "beta_2": 0.5069487822247735,
  "block_size": 377.9650631015329,
  "dropout": 0.3478754426659836,
  "epsilon": 0.0005735702581944772,
  "lr": 0.07051898175645334,
  "n_embd": 27.942577189568464,
  "n_head": 5.710219304027828,
  "n_layer": 3.668345345112752,
  "seed": 22427347.936458014,
  "weight_decay": 0.00037474034954654257
}