{
  "batch_size": 73.69067488622072,
  "beta_1": 0.6674091486621149,
  "beta_2": 0.7235894518203285,
  "block_size": 375.77427954962076,
  "dropout": 0.36486002687597174,
  "epsilon": 0.000504983864543711,
  "lr": 0.0017915468841579504,
  "n_embd": 17.261043802923496,
  "n_head": 1.420661943057433,
  "n_layer": 2.9283407861226998,
  "seed": 845494621.677898,
  "weight_decay": 0.003205520525741858
}