{
  "batch_size": 35,
  "beta_1": 0.8136286716534217,
  "beta_2": 0.2108387774607705,
  "block_size": 330,
  "dropout": 0.2035682722922391,
  "epsilon": 2.9419219223639724e-05,
  "lr": 3.0626795467559764e-05,
  "n_embd": 41,
  "n_head": 5,
  "n_layer": 6,
  "seed": 841012874,
  "weight_decay": 9.132089704388176e-06
}