{
  "batch_size": 48.837027187388756,
  "beta_1": 0.4450014350393984,
  "beta_2": 0.9648463441784195,
  "block_size": 244.58830614979564,
  "dropout": 0.39658999214973834,
  "epsilon": 0.0005838112787515469,
  "lr": 0.020925635767975202,
  "n_embd": 9.846574361021585,
  "n_head": 3.263359394610783,
  "n_layer": 4.031115090883704,
  "seed": 451786278.96696687,
  "weight_decay": 0.002704185876197454
}