{
  "batch_size": 75.98573380253498,
  "beta_1": 0.32523050848617896,
  "beta_2": 0.9088461797708048,
  "block_size": 141.3781955465672,
  "dropout": 0.14415498545517164,
  "epsilon": 0.00093631272245148,
  "lr": 0.02665722677230297,
  "n_embd": 49.195430849843206,
  "n_head": 3.7397980143836627,
  "n_layer": 1.9482422532248358,
  "seed": 1136768242.7878575,
  "weight_decay": 0.0008607488902427723
}