{
  "batch_size": 38,
  "beta_1": 0.3352779551695807,
  "beta_2": 0.1468857613488505,
  "block_size": 133,
  "dropout": 0.2865297498985455,
  "epsilon": 6.3155387e-09,
  "lr": 0.001133009695939,
  "n_embd": 31,
  "n_head": 6,
  "n_layer": 2,
  "seed": 1590936254.5996811,
  "weight_decay": 2.36141980552e-05
}