{
  "batch_size": 53.61474618557934,
  "beta_1": 0.20615317702809238,
  "beta_2": 0.32129646806969325,
  "block_size": 199.47243145501074,
  "dropout": 0.28519404655179575,
  "epsilon": 8.202236708452479e-05,
  "lr": 0.06908301825261795,
  "n_embd": 31.297243202108476,
  "n_head": 4.282719956149853,
  "n_layer": 4.120670720176066,
  "seed": 141862509.66718215,
  "weight_decay": 0.005074520805973025
}