{
  "batch_size": 94,
  "beta_1": 0.2911147532466098,
  "beta_2": 0.2938358944710618,
  "block_size": 303,
  "dropout": 0.4441452068301328,
  "epsilon": 2.8825406e-09,
  "lr": 0.000455226671491,
  "n_embd": 32,
  "n_head": 2,
  "n_layer": 6,
  "seed": 977323103.6567429,
  "weight_decay": 8.365308328e-07
}