{
  "batch_size": 63.911398962204736,
  "beta_1": 0.24669571817589628,
  "beta_2": 0.473811468479717,
  "block_size": 69.63336705027807,
  "dropout": 0.3156551401043234,
  "epsilon": 0.00010295188116519743,
  "lr": 0.03872582930991407,
  "n_embd": 16.52763707160601,
  "n_head": 4.251527987137541,
  "n_layer": 5.8387225252603745,
  "seed": 1755823114.856494,
  "weight_decay": 0.004666408474750491
}