{
  "batch_size": 87.69671809601297,
  "beta_1": 0.5930413258902332,
  "beta_2": 0.6543316375019179,
  "block_size": 110.51227169565271,
  "dropout": 0.4896212757147739,
  "epsilon": 0.0004919078741024112,
  "lr": 0.048864496351628935,
  "n_embd": 0.4391182046463201,
  "n_head": 6.107425876043445,
  "n_layer": 5.365628712275814,
  "seed": 1606858495.611236,
  "weight_decay": 0.005821098201804393
}