{
  "batch_size": 60.65600630149947,
  "beta_1": 0.5746808878731362,
  "beta_2": 0.31290818990385194,
  "block_size": 167.4268620048046,
  "dropout": 0.4602835409564585,
  "epsilon": 0.0009459603644958182,
  "lr": 0.07689500589235732,
  "n_embd": 4.9422268970969,
  "n_head": 4.358087973747306,
  "n_layer": 6.6202310962117945,
  "seed": 284427661.73134,
  "weight_decay": 0.007500078709124222
}