{
  "batch_size": 55.29012187579305,
  "beta_1": 0.8016649367038946,
  "beta_2": 0.8812197163661925,
  "block_size": 83.90779760839547,
  "dropout": 0.24588570034991572,
  "epsilon": 0.0006035497276968982,
  "lr": 0.06042900748393809,
  "n_embd": 18.58583793713918,
  "n_head": 4.6235165501988025,
  "n_layer": 5.953305465154145,
  "seed": 1856355957.0076022,
  "weight_decay": 0.004093888722762157
}