{
  "batch_size": 39,
  "beta_1": 0.4352715787474285,
  "beta_2": 0.6367990570285984,
  "block_size": 162,
  "dropout": 0.3297862573183062,
  "epsilon": 2.386186980457773e-09,
  "lr": 3.484788964045475e-05,
  "n_embd": 1,
  "n_head": 5,
  "n_layer": 1,
  "seed": 1912836759,
  "weight_decay": 6.20046159461978e-07
}