{
  "batch_size": 56,
  "beta_1": 0.1311247137665193,
  "beta_2": 0.1397902504710405,
  "block_size": 87,
  "dropout": 0.1799945507437952,
  "epsilon": 7.3240491362596415e-09,
  "lr": 0.0016566457133866165,
  "n_embd": 2,
  "n_head": 4,
  "n_layer": 6,
  "seed": 857751851,
  "weight_decay": 3.5001831232279676e-07
}