{
  "batch_size": 65,
  "beta_1": 0.1367335552200502,
  "beta_2": 0.31185981892156267,
  "block_size": 65,
  "dropout": 0.14954440313812098,
  "epsilon": 0.0007303690297869631,
  "lr": 0.02398584604013582,
  "n_embd": 40,
  "n_head": 2,
  "n_layer": 2,
  "seed": 1581519196,
  "weight_decay": 8.308348390741195e-07
}