{
  "batch_size": 55.30238201069714,
  "beta_1": 0.6906425929637012,
  "beta_2": 0.5574478127185523,
  "block_size": 334.66447195626466,
  "dropout": 0.4500301178532842,
  "epsilon": 0.00028151243997218156,
  "lr": 0.008801000640143568,
  "n_embd": 23.805505770558714,
  "n_head": 4.141507107406334,
  "n_layer": 6.827207520118223,
  "seed": 237684462.7336675,
  "weight_decay": 0.0012191516128504819
}