{
  "batch_size": 72,
  "beta_1": 0.37312301669104153,
  "beta_2": 0.48365600998733904,
  "block_size": 179,
  "dropout": 0.18575596508326994,
  "epsilon": 9.581107525039076e-11,
  "lr": 0.003583938200600629,
  "n_embd": 46,
  "n_head": 2,
  "n_layer": 6,
  "seed": 1221466790,
  "weight_decay": 0.0012966478973779943
}