{
  "batch_size": 56.446765225650815,
  "beta_1": 0.9226767745984897,
  "beta_2": 0.7320262410607924,
  "block_size": 355.92644151077565,
  "dropout": 0.14132667940538932,
  "epsilon": 0.000742724986806781,
  "lr": 0.02528502693830816,
  "n_embd": 27.388215033481025,
  "n_head": 1.570952849357548,
  "n_layer": 5.705569632675354,
  "seed": 706148652.708455,
  "weight_decay": 0.0005340609634119029
}