{
  "batch_size": 58,
  "beta_1": 0.36998048182774124,
  "beta_2": 0.7024923938006817,
  "block_size": 330,
  "dropout": 0.2240239614109496,
  "epsilon": 5.0040635163337076e-05,
  "lr": 0.006330986415745267,
  "n_embd": 36,
  "n_head": 5,
  "n_layer": 2,
  "seed": 666789590,
  "weight_decay": 0.00011629778043531913
}