{
  "batch_size": 31.046319773690435,
  "beta_1": 0.17253066856554244,
  "beta_2": 0.3981117778363925,
  "block_size": 171.98361037927464,
  "dropout": 0.4620178992498426,
  "epsilon": 0.00010115897668985267,
  "lr": 0.09618783196595694,
  "n_embd": 5.089217273610469,
  "n_head": 1.5686537985855,
  "n_layer": 3.027159382308745,
  "seed": 1886201783.9396167,
  "weight_decay": 0.009985437244325527
}