{
  "batch_size": 64,
  "beta_1": 0.7526832445462369,
  "beta_2": 0.218615407959016,
  "block_size": 260,
  "dropout": 0.2740911128946545,
  "epsilon": 0.0009094648135454,
  "lr": 0.0007763093517999,
  "n_embd": 46,
  "n_head": 3,
  "n_layer": 1,
  "seed": 70676458.315372,
  "weight_decay": 3.75071153682e-05
}