{
  "batch_size": 66.01311632958637,
  "beta_1": 0.2556342449477097,
  "beta_2": 0.6808234774478608,
  "block_size": 121.22376969488037,
  "dropout": 0.4447419221027441,
  "epsilon": 0.0008564014591977446,
  "lr": 0.04181525980619734,
  "n_embd": 4.653020426695388,
  "n_head": 5.79114980536328,
  "n_layer": 1.6646902454548078,
  "seed": 204135782.84715396,
  "weight_decay": 0.007161462506461324
}