{
  "batch_size": 67,
  "beta_1": 0.9954261074089292,
  "beta_2": 0.11218918641116506,
  "block_size": 152,
  "dropout": 0.10030446014575237,
  "epsilon": 2.0899322987662435e-06,
  "lr": 0.00016500193150681273,
  "n_embd": 34,
  "n_head": 5,
  "n_layer": 6,
  "seed": 999858172,
  "weight_decay": 0.0023820125768493107
}