{
  "batch_size": 24,
  "beta_1": 0.3746882386583514,
  "beta_2": 0.729168544842788,
  "block_size": 230,
  "dropout": 0.2628502982101486,
  "epsilon": 9.58190670202e-05,
  "lr": 7.065987057e-06,
  "n_embd": 18,
  "n_head": 6,
  "n_layer": 2,
  "seed": 305550338.78614306,
  "weight_decay": 0.0008383319663379
}