{
  "batch_size": 58.63018414931807,
  "beta_1": 0.765408982262067,
  "beta_2": 0.26225412326751496,
  "block_size": 261.16746631748265,
  "dropout": 0.388369095076036,
  "epsilon": 0.0009590884607685407,
  "lr": 0.0547176513005876,
  "n_embd": 39.618725815914615,
  "n_head": 2.8663766636831385,
  "n_layer": 6.394571071910792,
  "seed": 628139450.6130774,
  "weight_decay": 0.007564881438407339
}