{
  "batch_size": 25,
  "beta_1": 0.2814925155083354,
  "beta_2": 0.4572064664901817,
  "block_size": 139,
  "dropout": 0.3498565420134258,
  "epsilon": 3.5180794e-09,
  "lr": 9.6490233575e-06,
  "n_embd": 29,
  "n_head": 6,
  "n_layer": 3,
  "seed": 957087888.4184488,
  "weight_decay": 6.67009007952e-05
}