{
  "batch_size": 41,
  "beta_1": 0.396716594872581,
  "beta_2": 0.9606568962602784,
  "block_size": 250,
  "dropout": 0.362770216605558,
  "epsilon": 2.03809553e-08,
  "lr": 0.0015100865562647,
  "n_embd": 37,
  "n_head": 2,
  "n_layer": 5,
  "seed": 1838957936.2875097,
  "weight_decay": 0.0038991850344987
}