{
  "batch_size": 86.63339649823351,
  "beta_1": 0.7662208378744951,
  "beta_2": 0.7362391275070196,
  "block_size": 85.26258319920173,
  "dropout": 0.40476163461449444,
  "epsilon": 0.00020618501804836917,
  "lr": 0.09106438949747922,
  "n_embd": 14.407767238954946,
  "n_head": 6.652955616958269,
  "n_layer": 5.951952557289093,
  "seed": 1886124036.8814447,
  "weight_decay": 0.00651090905466846
}