{
  "batch_size": 25,
  "beta_1": 0.8588684005932558,
  "beta_2": 0.9173257551448524,
  "block_size": 97,
  "dropout": 0.4982139422170906,
  "epsilon": 5.629255621821937e-10,
  "lr": 0.00023903524156421014,
  "n_embd": 32,
  "n_head": 5,
  "n_layer": 4,
  "seed": 2033618614,
  "weight_decay": 5.44399954954459e-08
}