{
  "batch_size": 77.5291890036152,
  "beta_1": 0.22556677110279308,
  "beta_2": 0.5053277345635252,
  "block_size": 143.53397748646677,
  "dropout": 0.397255682996702,
  "epsilon": 9.06445593876733e-05,
  "lr": 0.08971098252007641,
  "n_embd": 17.85211922379353,
  "n_head": 4.740072677937581,
  "n_layer": 2.2213096281632314,
  "seed": 604322024.9245483,
  "weight_decay": 0.009050495391557502
}