{
  "batch_size": 92,
  "beta_1": 0.9710231488699943,
  "beta_2": 0.9312364747940677,
  "block_size": 195,
  "dropout": 0.23688054745737885,
  "epsilon": 7.923791235020595e-08,
  "lr": 0.0018791368363442588,
  "n_embd": 47,
  "n_head": 2,
  "n_layer": 1,
  "seed": 358145478,
  "weight_decay": 0.0007835917883403191
}