{
  "batch_size": 74.3616418471353,
  "beta_1": 0.49550804446118235,
  "beta_2": 0.4463654483555265,
  "block_size": 159.37054996911394,
  "dropout": 0.3505841667436349,
  "epsilon": 0.0003180366333905725,
  "lr": 0.08713899959430377,
  "n_embd": 18.317786071446076,
  "n_head": 4.473277424668467,
  "n_layer": 5.987418126721541,
  "seed": 1053561254.510371,
  "weight_decay": 0.0023470957587301633
}