{
  "batch_size": 54,
  "beta_1": 0.9689210642706738,
  "beta_2": 0.7504402300239573,
  "block_size": 75,
  "dropout": 0.1061646736910151,
  "epsilon": 2.456571e-10,
  "lr": 0.0008925007753425,
  "n_embd": 31,
  "n_head": 5,
  "n_layer": 5,
  "seed": 1869412763.2057123,
  "weight_decay": 0.0004814135257954
}