{
  "batch_size": 62,
  "beta_1": 0.2187137417118986,
  "beta_2": 0.6597398198769711,
  "block_size": 132,
  "dropout": 0.1992494868549201,
  "epsilon": 2.5553035198e-05,
  "lr": 0.0004573548172348,
  "n_embd": 39,
  "n_head": 2,
  "n_layer": 2,
  "seed": 1139226525.5367327,
  "weight_decay": 0.0003395787885056
}