{
  "batch_size": 78,
  "beta_1": 0.3752758952871913,
  "beta_2": 0.8380842403623103,
  "block_size": 177,
  "dropout": 0.4172923513064689,
  "epsilon": 1.4712965330134695e-10,
  "lr": 0.012755100832399318,
  "n_embd": 52,
  "n_head": 2,
  "n_layer": 4,
  "seed": 1344813195,
  "weight_decay": 0.000956360971870663
}