{
  "batch_size": 29,
  "beta_1": 0.4866141163107015,
  "beta_2": 0.6590594132261111,
  "block_size": 313,
  "dropout": 0.4654040413435584,
  "epsilon": 2.5574921287040688e-09,
  "lr": 0.046824039535330236,
  "n_embd": 14,
  "n_head": 1,
  "n_layer": 4,
  "seed": 537893960,
  "weight_decay": 2.6133653890573327e-06
}