{
  "batch_size": 29,
  "beta_1": 0.796344677548082,
  "beta_2": 0.9824801350328086,
  "block_size": 165,
  "dropout": 0.1782532509763764,
  "epsilon": 1.14022264e-08,
  "lr": 0.0002707197313334,
  "n_embd": 45,
  "n_head": 4,
  "n_layer": 5,
  "seed": 728432356.5119053,
  "weight_decay": 1.51732356076e-05
}