{
  "batch_size": 63.70624026935624,
  "beta_1": 0.9755985136436908,
  "beta_2": 0.7271818527258385,
  "block_size": 313.9352929387031,
  "dropout": 0.4795895835180186,
  "epsilon": 0.00017968384264865821,
  "lr": 0.0804568960857743,
  "n_embd": 4.923281555773642,
  "n_head": 4.438761894236206,
  "n_layer": 2.0986120579451866,
  "seed": 1358842588.3833349,
  "weight_decay": 0.00600671673691177
}