{
  "batch_size": 50,
  "beta_1": 0.2174617047456178,
  "beta_2": 0.4607154326050984,
  "block_size": 257,
  "dropout": 0.2354785261642288,
  "epsilon": 6.76721750152e-05,
  "lr": 4.95633784102e-05,
  "n_embd": 50,
  "n_head": 6,
  "n_layer": 6,
  "seed": 1821148536.075673,
  "weight_decay": 2.187776911e-07
}