{
  "batch_size": 70.35538290157652,
  "beta_1": 0.39893026762378636,
  "beta_2": 0.17620314488173866,
  "block_size": 138.2391978738953,
  "dropout": 0.35464168208013047,
  "epsilon": 0.0006663655489067798,
  "lr": 0.08925273640334871,
  "n_embd": 39.34292508508278,
  "n_head": 4.105530219039485,
  "n_layer": 5.715347615775922,
  "seed": 1860302905.0595794,
  "weight_decay": 0.002771880213300292
}