{
  "batch_size": 41.78950947126067,
  "beta_1": 0.13139260423069893,
  "beta_2": 0.8353858908043004,
  "block_size": 379.130280317384,
  "dropout": 0.4368265605910854,
  "epsilon": 0.0009751148317344912,
  "lr": 0.020345629803894302,
  "n_embd": 37.140842457091146,
  "n_head": 2.840750576116445,
  "n_layer": 1.5307695095431053,
  "seed": 268850345.2844102,
  "weight_decay": 0.003746735060412298
}