{
  "batch_size": 63.23857634023662,
  "beta_1": 0.5007664750811209,
  "beta_2": 0.14195654853094802,
  "block_size": 293.7220655983887,
  "dropout": 0.30919641542727,
  "epsilon": 0.0003640926022362809,
  "lr": 0.004508685543821149,
  "n_embd": 30.852971654199337,
  "n_head": 1.6698893207041152,
  "n_layer": 5.485007946597219,
  "seed": 1381487924.4495392,
  "weight_decay": 0.006845486981622036
}