{
  "batch_size": 24.903888708546578,
  "beta_1": 0.16851251939972162,
  "beta_2": 0.27949136187267354,
  "block_size": 316.16794083097204,
  "dropout": 0.45182289649833696,
  "epsilon": 0.00011289796379048453,
  "lr": 0.02447777594256016,
  "n_embd": 19.76648849239041,
  "n_head": 2.1468064760316787,
  "n_layer": 2.429455009284677,
  "seed": 312361755.59789336,
  "weight_decay": 0.006680193902522728
}