{
  "batch_size": 41,
  "beta_1": 0.2754892548233322,
  "beta_2": 0.4459511689225194,
  "block_size": 256,
  "dropout": 0.2288191571899664,
  "epsilon": 9.53268746267e-05,
  "lr": 0.0319260315242854,
  "n_embd": 44,
  "n_head": 5,
  "n_layer": 4,
  "seed": 266069939.91146612,
  "weight_decay": 0.0045737101382378
}