{
  "batch_size": 87.54745207668076,
  "beta_1": 0.8690020896649895,
  "beta_2": 0.46179496846438617,
  "block_size": 342.2835854399449,
  "dropout": 0.21155819171861592,
  "epsilon": 0.00047846327012634484,
  "lr": 0.0918835824514029,
  "n_embd": 44.9571942466779,
  "n_head": 5.799579378644701,
  "n_layer": 5.785978491868949,
  "seed": 687516814.1116127,
  "weight_decay": 0.0050598312588709116
}