{
  "batch_size": 31.077024620685314,
  "beta_1": 0.6120582630560384,
  "beta_2": 0.7039688921575222,
  "block_size": 308.13972289107755,
  "dropout": 0.495301136251903,
  "epsilon": 0.0001007967915120682,
  "lr": 0.009473790654571521,
  "n_embd": 1.705159472511478,
  "n_head": 5.7732335747386685,
  "n_layer": 6.11908550984632,
  "seed": 1611689968.3256404,
  "weight_decay": 0.0005288079690953397
}