{
  "batch_size": 30.17664898019575,
  "beta_1": 0.31748076762706734,
  "beta_2": 0.7817677751677294,
  "block_size": 290.79293367602503,
  "dropout": 0.43255351303474576,
  "epsilon": 0.0004810717219324653,
  "lr": 0.02234347560696037,
  "n_embd": 4.094978950023573,
  "n_head": 5.221427179459609,
  "n_layer": 2.250903800044525,
  "seed": 206645809.11524197,
  "weight_decay": 0.0035861411444919173
}