{
  "batch_size": 62.05837962473007,
  "beta_1": 0.24456037308608408,
  "beta_2": 0.3624036782281056,
  "block_size": 222.3456803118762,
  "dropout": 0.49495200129885153,
  "epsilon": 0.0008441894247113299,
  "lr": 0.05576797415908983,
  "n_embd": 12.128315779760623,
  "n_head": 5.811075552121775,
  "n_layer": 3.538503498563923,
  "seed": 103835295.33734886,
  "weight_decay": 0.004824208927826026
}