{
  "batch_size": 42.322270440311286,
  "beta_1": 0.8115970346101437,
  "beta_2": 0.21845587008564393,
  "block_size": 204.07837085074806,
  "dropout": 0.488377105443751,
  "epsilon": 0.0008867228209758425,
  "lr": 0.04362390235972465,
  "n_embd": 30.789314046383836,
  "n_head": 4.164293132896115,
  "n_layer": 3.8286869068566154,
  "seed": 1880861090.8560538,
  "weight_decay": 0.0035080109852624166
}