{
  "batch_size": 24.351967622197385,
  "beta_1": 0.550789672091351,
  "beta_2": 0.17420297477633045,
  "block_size": 129.69419422528267,
  "dropout": 0.16468280862174006,
  "epsilon": 0.0008593353952135886,
  "lr": 0.08590757092710723,
  "n_embd": 23.869080623375616,
  "n_head": 2.505722170144561,
  "n_layer": 5.634259285215672,
  "seed": 586485421.2804617,
  "weight_decay": 0.009554651701885278
}