{
  "batch_size": 71,
  "beta_1": 0.14693608242872472,
  "beta_2": 0.8796911199425994,
  "block_size": 198,
  "dropout": 0.1689550097678737,
  "epsilon": 4.853728735423188e-07,
  "lr": 0.004985348456670699,
  "n_embd": 49,
  "n_head": 1,
  "n_layer": 2,
  "seed": 1020951855,
  "weight_decay": 0.00018294869285426249
}