{
  "batch_size": 96.45945070315453,
  "beta_1": 0.9967983829788771,
  "beta_2": 0.4196735502490704,
  "block_size": 105.37933768106942,
  "dropout": 0.3280358607905405,
  "epsilon": 0.0009737636707384336,
  "lr": 0.08375117438228828,
  "n_embd": 6.500434828131515,
  "n_head": 4.625326073497899,
  "n_layer": 5.756901847489135,
  "seed": 2127400523.1772664,
  "weight_decay": 0.003078052488336948
}