{
  "batch_size": 91.1178779353847,
  "beta_1": 0.1630026384324914,
  "beta_2": 0.5226228304362952,
  "block_size": 130.92786485628937,
  "dropout": 0.2542844133295463,
  "epsilon": 0.0009243105618549617,
  "lr": 0.03151919845104887,
  "n_embd": 6.050191689737241,
  "n_head": 6.9719088437522885,
  "n_layer": 6.566459667169078,
  "seed": 1127932695.4360213,
  "weight_decay": 0.004474937442513206
}