{
  "batch_size": 43.03051841950629,
  "beta_1": 0.2841003912172905,
  "beta_2": 0.8112549705215226,
  "block_size": 366.7567401436374,
  "dropout": 0.17464702032227508,
  "epsilon": 0.00023663798303400927,
  "lr": 0.05812413566690937,
  "n_embd": 3.765235265155031,
  "n_head": 3.2586608470933545,
  "n_layer": 3.7496636779932175,
  "seed": 2084942424.1390648,
  "weight_decay": 0.00154654050236545
}