{
  "batch_size": 38.864302667271545,
  "beta_1": 0.7373272828773788,
  "beta_2": 0.9622795293060556,
  "block_size": 157.54440758993144,
  "dropout": 0.48891372307976577,
  "epsilon": 0.00030237303731220973,
  "lr": 0.014285744337862229,
  "n_embd": 6.0027544483778925,
  "n_head": 4.539184573580373,
  "n_layer": 2.586898280901954,
  "seed": 1149357390.6325603,
  "weight_decay": 0.0034775347432159484
}