{
  "batch_size": 65,
  "beta_1": 0.8044903264044189,
  "beta_2": 0.6386021430141638,
  "block_size": 340,
  "dropout": 0.3231284031542858,
  "epsilon": 4.507271068051692e-06,
  "lr": 1.1020250429039286e-06,
  "n_embd": 19,
  "n_head": 5,
  "n_layer": 3,
  "seed": 463294530,
  "weight_decay": 0.006379651872786209
}