{
  "batch_size": 56.54080537152126,
  "beta_1": 0.3290924604630674,
  "beta_2": 0.16487539345167496,
  "block_size": 116.27684283565405,
  "dropout": 0.37580651389468844,
  "epsilon": 0.00020039086447657395,
  "lr": 0.024811946297300585,
  "n_embd": 52.15001104926497,
  "n_head": 4.32947471591151,
  "n_layer": 4.447962319538614,
  "seed": 1425983517.7934096,
  "weight_decay": 0.003980758007848235
}