{
  "batch_size": 41,
  "beta_1": 0.557300681505863,
  "beta_2": 0.3563259060799008,
  "block_size": 183,
  "dropout": 0.4528842968121779,
  "epsilon": 1.74425857e-08,
  "lr": 0.000623421480682,
  "n_embd": 33,
  "n_head": 6,
  "n_layer": 3,
  "seed": 1289651428.6720004,
  "weight_decay": 8.344090054e-07
}