{
  "batch_size": 85.95561375906306,
  "beta_1": 0.6875123703263746,
  "beta_2": 0.8193365174746208,
  "block_size": 260.4694142680702,
  "dropout": 0.2934964312125555,
  "epsilon": 0.00047194269409079356,
  "lr": 0.04240530925921306,
  "n_embd": 53.729031311811525,
  "n_head": 2.647982011335553,
  "n_layer": 4.686930166162812,
  "seed": 920252962.7559986,
  "weight_decay": 0.005003931791659395
}