{
  "batch_size": 24.01899158870576,
  "beta_1": 0.8697089142243616,
  "beta_2": 0.8074434458229407,
  "block_size": 293.29834973566454,
  "dropout": 0.4889807074769099,
  "epsilon": 0.0004596371469163009,
  "lr": 0.005484970356090261,
  "n_embd": 25.42983440689344,
  "n_head": 5.237548450033478,
  "n_layer": 4.191567335507385,
  "seed": 2040767448.7941206,
  "weight_decay": 0.0035420971777450822
}