{
  "batch_size": 58.8129889945094,
  "beta_1": 0.4128416438356979,
  "beta_2": 0.7363977960426468,
  "block_size": 121.90988850381717,
  "dropout": 0.4417095293249379,
  "epsilon": 0.0006593956968232904,
  "lr": 0.04756848549441063,
  "n_embd": 21.433113483862865,
  "n_head": 6.039626132185069,
  "n_layer": 3.864175398473243,
  "seed": 1407165593.8202465,
  "weight_decay": 0.004500811318698424
}