{
  "batch_size": 70,
  "beta_1": 0.2467484977923776,
  "beta_2": 0.1987909803521368,
  "block_size": 374,
  "dropout": 0.3770172196618188,
  "epsilon": 7.5084297e-09,
  "lr": 0.0054470746930967,
  "n_embd": 2,
  "n_head": 1,
  "n_layer": 3,
  "seed": 1576809627.4421506,
  "weight_decay": 1.04413497e-08
}