{
  "batch_size": 82.03625267941803,
  "beta_1": 0.6518376002866176,
  "beta_2": 0.6268755871863136,
  "block_size": 374.04683795578546,
  "dropout": 0.29820489632151825,
  "epsilon": 0.000692611200648903,
  "lr": 0.02291128211127347,
  "n_embd": 18.699446594904423,
  "n_head": 2.7600993793985653,
  "n_layer": 6.010984660114983,
  "seed": 1618641681.6841636,
  "weight_decay": 0.006447428209159487
}