{
  "batch_size": 61,
  "beta_1": 0.4020326641430826,
  "beta_2": 0.36937518786065027,
  "block_size": 78,
  "dropout": 0.31799371273789584,
  "epsilon": 2.34075056602156e-09,
  "lr": 0.007430834988006655,
  "n_embd": 29,
  "n_head": 1,
  "n_layer": 2,
  "seed": 1949707700,
  "weight_decay": 0.000113871589141015
}