{
  "batch_size": 39,
  "beta_1": 0.9641414821591788,
  "beta_2": 0.1651283517869368,
  "block_size": 268,
  "dropout": 0.1657664108249074,
  "epsilon": 2.4186249457406167e-05,
  "lr": 4.069921215145887e-06,
  "n_embd": 9,
  "n_head": 1,
  "n_layer": 5,
  "seed": 772197388,
  "weight_decay": 1.3716026868574108e-07
}