{
  "batch_size": 87.63496436855807,
  "beta_1": 0.4391856437269849,
  "beta_2": 0.8756581459602737,
  "block_size": 332.4611323573394,
  "dropout": 0.185880575991336,
  "epsilon": 0.0008149486340204995,
  "lr": 0.02260258942943394,
  "n_embd": 33.755101159273494,
  "n_head": 2.918673063905149,
  "n_layer": 1.0595697697261548,
  "seed": 1570387799.8523006,
  "weight_decay": 0.003214180916128447
}