{
  "batch_size": 31,
  "beta_1": 0.5732890606866907,
  "beta_2": 0.1985028658584641,
  "block_size": 102,
  "dropout": 0.3412892450241789,
  "epsilon": 1.878528433e-07,
  "lr": 0.0027499429765456,
  "n_embd": 6,
  "n_head": 3,
  "n_layer": 3,
  "seed": 736728964.8174279,
  "weight_decay": 6.91741298e-08
}