{
  "batch_size": 39,
  "beta_1": 0.16016698474068256,
  "beta_2": 0.8611329200960537,
  "block_size": 166,
  "dropout": 0.20203273891789766,
  "epsilon": 3.831230566352771e-06,
  "lr": 0.008089194709696691,
  "n_embd": 27,
  "n_head": 5,
  "n_layer": 4,
  "seed": 619976610,
  "weight_decay": 1.0085625276729381e-05
}