{
  "batch_size": 43,
  "beta_1": 0.3991299471938433,
  "beta_2": 0.1139057868778227,
  "block_size": 152,
  "dropout": 0.19860283108858973,
  "epsilon": 0.0005132003333756358,
  "lr": 0.00010890127479449641,
  "n_embd": 34,
  "n_head": 5,
  "n_layer": 6,
  "seed": 999858172,
  "weight_decay": 0.005764470435975332
}