{
  "batch_size": 93,
  "beta_1": 0.7568513601907481,
  "beta_2": 0.648202838596595,
  "block_size": 88,
  "dropout": 0.337318131926881,
  "epsilon": 1.0110517591e-06,
  "lr": 6.04989772189e-05,
  "n_embd": 43,
  "n_head": 4,
  "n_layer": 1,
  "seed": 1532665157.696647,
  "weight_decay": 2.2141380701e-06
}