{
  "batch_size": 33,
  "beta_1": 0.470279355743256,
  "beta_2": 0.3113444639398306,
  "block_size": 207,
  "dropout": 0.3534201712584887,
  "epsilon": 1.2510371e-09,
  "lr": 0.0003563708097145,
  "n_embd": 47,
  "n_head": 6,
  "n_layer": 4,
  "seed": 498222564.8766121,
  "weight_decay": 5.47490217e-08
}