{
  "batch_size": 79,
  "beta_1": 0.5235172112529236,
  "beta_2": 0.3518437058822802,
  "block_size": 335,
  "dropout": 0.2331975658785416,
  "epsilon": 0.000299708305761,
  "lr": 6.32861775921e-05,
  "n_embd": 9,
  "n_head": 1,
  "n_layer": 3,
  "seed": 750738157.3178252,
  "weight_decay": 1.97083142e-08
}