{
  "batch_size": 17,
  "beta_1": 0.7623000389346513,
  "beta_2": 0.5467967634845071,
  "block_size": 84,
  "dropout": 0.19778620980281764,
  "epsilon": 4.058687265169647e-06,
  "lr": 7.170149052287603e-05,
  "n_embd": 0,
  "n_head": 6,
  "n_layer": 3,
  "seed": 1194742662,
  "weight_decay": 4.7457494365131093e-07
}