{
  "batch_size": 39.226464942338886,
  "beta_1": 0.11505931087586421,
  "beta_2": 0.20792168184538717,
  "block_size": 136.3982006791752,
  "dropout": 0.3867451337920871,
  "epsilon": 0.0004868910668294416,
  "lr": 0.08649786945102067,
  "n_embd": 42.196486183947535,
  "n_head": 5.334614157913798,
  "n_layer": 5.617878455557793,
  "seed": 1798518594.3738787,
  "weight_decay": 0.0059279919947089746
}