{
  "batch_size": 80,
  "beta_1": 0.3283180671752117,
  "beta_2": 0.2678839082508631,
  "block_size": 181,
  "dropout": 0.41696357547372453,
  "epsilon": 6.370513761460684e-07,
  "lr": 2.9608204183730992e-06,
  "n_embd": 15,
  "n_head": 2,
  "n_layer": 4,
  "seed": 1415199983,
  "weight_decay": 1.7207116358836175e-08
}