{
  "batch_size": 88.78727360639378,
  "beta_1": 0.6437975059228507,
  "beta_2": 0.7622038591181792,
  "block_size": 357.27216609804236,
  "dropout": 0.23932358893098482,
  "epsilon": 0.0002455286418093599,
  "lr": 0.05098576867101328,
  "n_embd": 26.55438800017329,
  "n_head": 2.6024779056026413,
  "n_layer": 5.153812816250799,
  "seed": 1681811508.6644669,
  "weight_decay": 0.007998483636251314
}