{
  "batch_size": 36.700922420070924,
  "beta_1": 0.8215789524081419,
  "beta_2": 0.4437963099230756,
  "block_size": 375.91916389685633,
  "dropout": 0.3225118020426855,
  "epsilon": 0.0007648349617279162,
  "lr": 0.061499925847505854,
  "n_embd": 21.005071420550273,
  "n_head": 2.51367069402139,
  "n_layer": 3.0352964254416563,
  "seed": 473167008.30914444,
  "weight_decay": 0.009268443414765635
}