{
  "batch_size": 75.44234005243976,
  "beta_1": 0.11669971327248913,
  "beta_2": 0.2816597348211656,
  "block_size": 142.15122109394753,
  "dropout": 0.2178195847314587,
  "epsilon": 0.00044694967577474804,
  "lr": 0.005928276316499477,
  "n_embd": 45.42586474322581,
  "n_head": 5.436833082955593,
  "n_layer": 4.110319858585813,
  "seed": 1860286924.8761554,
  "weight_decay": 0.0030841647742091967
}