{
  "batch_size": 39.93385953704124,
  "beta_1": 0.3965257890980559,
  "beta_2": 0.17314589020167626,
  "block_size": 345.72157324489103,
  "dropout": 0.18590493168110586,
  "epsilon": 0.00031337857842064456,
  "lr": 0.08847312500140661,
  "n_embd": 35.96161370541347,
  "n_head": 1.7717283642078465,
  "n_layer": 1.6492109503750048,
  "seed": 1641765864.9772825,
  "weight_decay": 0.0035350577559360957
}