{
  "batch_size": 16.54900247112865,
  "beta_1": 0.49840165378928225,
  "beta_2": 0.6157663980682408,
  "block_size": 264.0479823522194,
  "dropout": 0.20969547485455037,
  "epsilon": 0.0007554782345890079,
  "lr": 0.016377695800487556,
  "n_embd": 0.1885426250320167,
  "n_head": 1.111897582175943,
  "n_layer": 5.807119693810651,
  "seed": 272029207.757097,
  "weight_decay": 0.0009947459068772489
}