{
  "batch_size": 79,
  "beta_1": 0.9174870236698844,
  "beta_2": 0.6130600355819312,
  "block_size": 352,
  "dropout": 0.4797446429258351,
  "epsilon": 1.085104e-10,
  "lr": 0.006412485488585,
  "n_embd": 26,
  "n_head": 4,
  "n_layer": 5,
  "seed": 424066864.6353947,
  "weight_decay": 0.0068843288734225
}