{
  "batch_size": 28.028539610036056,
  "beta_1": 0.6174056329887111,
  "beta_2": 0.16136908145128695,
  "block_size": 234.43874220880235,
  "dropout": 0.32165697172695,
  "epsilon": 6.683799938591513e-05,
  "lr": 0.056605102672033544,
  "n_embd": 8.050894349798224,
  "n_head": 5.100081533307917,
  "n_layer": 4.859204387849152,
  "seed": 1531806909.3467643,
  "weight_decay": 0.003605962563994082
}