{
  "batch_size": 75.79715419950956,
  "beta_1": 0.7606995221901118,
  "beta_2": 0.8552116083247666,
  "block_size": 239.7847802850687,
  "dropout": 0.14079907538697511,
  "epsilon": 0.0009862825244323658,
  "lr": 0.07272682596576323,
  "n_embd": 15.863477740744385,
  "n_head": 5.106057746519473,
  "n_layer": 4.5201874186899795,
  "seed": 1243443677.4308014,
  "weight_decay": 0.004231368718800035
}