{
  "batch_size": 29.09163570297185,
  "beta_1": 0.714292708447769,
  "beta_2": 0.4601248091083856,
  "block_size": 347.10667563926114,
  "dropout": 0.3073654908227279,
  "epsilon": 0.0003625331220846987,
  "lr": 0.0614881090317405,
  "n_embd": 15.534906305279206,
  "n_head": 6.600245799136684,
  "n_layer": 1.5504688117909766,
  "seed": 371532177.83916026,
  "weight_decay": 0.004704364909321365
}