{
  "batch_size": 60.94046792705818,
  "beta_1": 0.7772235137040305,
  "beta_2": 0.12151824013574473,
  "block_size": 105.08922954718335,
  "dropout": 0.48270538884818026,
  "epsilon": 0.0004633170473409689,
  "lr": 0.02331876441420279,
  "n_embd": 0.799316372511711,
  "n_head": 3.5212266433652086,
  "n_layer": 5.690341316365135,
  "seed": 416023620.9523801,
  "weight_decay": 0.004644873250310174
}