{
  "batch_size": 78,
  "beta_1": 0.8136479414742519,
  "beta_2": 0.4644812357705389,
  "block_size": 178,
  "dropout": 0.3571930925188903,
  "epsilon": 1.571705e-10,
  "lr": 0.0014697004382434,
  "n_embd": 36,
  "n_head": 2,
  "n_layer": 5,
  "seed": 2037918268.0249023,
  "weight_decay": 2.152375118e-07
}