{
  "batch_size": 18.522891154042235,
  "beta_1": 0.8159341881928979,
  "beta_2": 0.8540852043811656,
  "block_size": 219.9808708874668,
  "dropout": 0.14792263511768572,
  "epsilon": 0.00031587375405830363,
  "lr": 0.019052142787103966,
  "n_embd": 15.212597906205804,
  "n_head": 2.168877182123742,
  "n_layer": 3.438248040140299,
  "seed": 404795371.08784795,
  "weight_decay": 0.0011863384125882846
}