{
  "batch_size": 83,
  "beta_1": 0.6550648615413615,
  "beta_2": 0.5952635211794983,
  "block_size": 102,
  "dropout": 0.42736834695376025,
  "epsilon": 1.5313098110754172e-07,
  "lr": 2.3181238922154038e-05,
  "n_embd": 43,
  "n_head": 5,
  "n_layer": 5,
  "seed": 1761814993,
  "weight_decay": 1.0184858128785364e-05
}