{
  "batch_size": 87,
  "beta_1": 0.47225878008729527,
  "beta_2": 0.5963221239650891,
  "block_size": 176,
  "dropout": 0.21909527089456754,
  "epsilon": 1.750156094350026e-09,
  "lr": 4.00735166938393e-05,
  "n_embd": 38,
  "n_head": 5,
  "n_layer": 4,
  "seed": 832122150,
  "weight_decay": 1.4624741440689438e-05
}