{
  "batch_size": 63.15921070386596,
  "beta_1": 0.950910397402401,
  "beta_2": 0.3777580446141331,
  "block_size": 147.93984696031285,
  "dropout": 0.24378312701900307,
  "epsilon": 0.0003485025433460934,
  "lr": 0.09655466612641192,
  "n_embd": 32.04282725183321,
  "n_head": 1.3632395467112548,
  "n_layer": 4.350653206914865,
  "seed": 1968512521.6440527,
  "weight_decay": 0.005889953660185251
}