{
  "batch_size": 87.13960427473359,
  "beta_1": 0.146650654967034,
  "beta_2": 0.6355601312933628,
  "block_size": 241.8754805484086,
  "dropout": 0.4074009754475555,
  "epsilon": 0.00022246989946542175,
  "lr": 0.06623709181208545,
  "n_embd": 13.273631525867069,
  "n_head": 3.894323618255934,
  "n_layer": 2.259636093533766,
  "seed": 1429640479.9204164,
  "weight_decay": 0.005708736139642117
}