{
  "batch_size": 80.92830169757576,
  "beta_1": 0.15492396434717354,
  "beta_2": 0.31618989434995987,
  "block_size": 233.90863777289056,
  "dropout": 0.2875710810136747,
  "epsilon": 0.0006924290658708223,
  "lr": 0.0514826532287639,
  "n_embd": 37.30324168527875,
  "n_head": 6.78609807183426,
  "n_layer": 2.3488216060657328,
  "seed": 702333553.9198463,
  "weight_decay": 0.007390811803151839
}