{
  "batch_size": 68,
  "beta_1": 0.8654757205238895,
  "beta_2": 0.4430288178349998,
  "block_size": 274,
  "dropout": 0.2421907092502862,
  "epsilon": 4.3529246e-09,
  "lr": 0.0069818975853787,
  "n_embd": 20,
  "n_head": 6,
  "n_layer": 1,
  "seed": 303376909.6711612,
  "weight_decay": 6.26339701e-07
}