{
  "batch_size": 40,
  "beta_1": 0.7209076584149079,
  "beta_2": 0.8651493588984007,
  "block_size": 188,
  "dropout": 0.4637612312651063,
  "epsilon": 2.054724e-10,
  "lr": 0.0006712303973661,
  "n_embd": 42,
  "n_head": 4,
  "n_layer": 1,
  "seed": 1376934468.1557539,
  "weight_decay": 0.0005919048988283
}