{
  "batch_size": 33,
  "beta_1": 0.2528103917641576,
  "beta_2": 0.362130273674938,
  "block_size": 302,
  "dropout": 0.3313837578107316,
  "epsilon": 3.62861357e-08,
  "lr": 0.000639243425558,
  "n_embd": 6,
  "n_head": 3,
  "n_layer": 1,
  "seed": 1533329212.68217,
  "weight_decay": 4.82168076e-08
}