{
  "batch_size": 59,
  "beta_1": 0.9456681570006299,
  "beta_2": 0.6789735655334461,
  "block_size": 368,
  "dropout": 0.1765660880431673,
  "epsilon": 0.00019102004529051144,
  "lr": 0.08489800425942189,
  "n_embd": 26,
  "n_head": 6,
  "n_layer": 1,
  "seed": 1086862038,
  "weight_decay": 1.5046129045771293e-06
}