{
  "batch_size": 39,
  "beta_1": 0.8930690274092985,
  "beta_2": 0.5044648121504556,
  "block_size": 361,
  "dropout": 0.14337819017035083,
  "epsilon": 2.246373453744994e-07,
  "lr": 1.765306286181613e-05,
  "n_embd": 52,
  "n_head": 1,
  "n_layer": 4,
  "seed": 246988184,
  "weight_decay": 5.495527777660011e-05
}