{
  "batch_size": 23.48415194362355,
  "beta_1": 0.5684311961583574,
  "beta_2": 0.6926753851835312,
  "block_size": 360.90603350223586,
  "dropout": 0.1637809610149335,
  "epsilon": 0.0003414018066460749,
  "lr": 0.06213273833055656,
  "n_embd": 30.76208560378651,
  "n_head": 3.9152817331328276,
  "n_layer": 6.959745449779861,
  "seed": 1812154939.4856431,
  "weight_decay": 0.009145816712472138
}