{
  "batch_size": 59,
  "beta_1": 0.2603728824978375,
  "beta_2": 0.994506053542228,
  "block_size": 361,
  "dropout": 0.3290810177522191,
  "epsilon": 6.0931397626e-06,
  "lr": 0.0012901615045841,
  "n_embd": 51,
  "n_head": 3,
  "n_layer": 3,
  "seed": 990129841.8052057,
  "weight_decay": 0.000306082781932
}