{
  "batch_size": 67.202857147651,
  "beta_1": 0.21516142906126634,
  "beta_2": 0.35629700372967754,
  "block_size": 259.3863077055019,
  "dropout": 0.42909622635085387,
  "epsilon": 0.0009251557587760796,
  "lr": 0.07076061668820956,
  "n_embd": 4.935183507152128,
  "n_head": 2.2616201354637404,
  "n_layer": 1.5824326410081213,
  "seed": 1706247646.5744941,
  "weight_decay": 0.002321460488510133
}