{
  "batch_size": 17.27757455873855,
  "beta_1": 0.22116430463645992,
  "beta_2": 0.47819445434585583,
  "block_size": 139.13275490060192,
  "dropout": 0.21033533391948953,
  "epsilon": 0.0009262011015323268,
  "lr": 0.003942980433759784,
  "n_embd": 6.076717716972414,
  "n_head": 5.863350884783361,
  "n_layer": 4.495713806387203,
  "seed": 1140766026.1926544,
  "weight_decay": 0.007526501737438948
}