{
  "batch_size": 26,
  "beta_1": 0.41531411340386515,
  "beta_2": 0.5650109921599289,
  "block_size": 185,
  "dropout": 0.16948082844683715,
  "epsilon": 9.841017802166746e-10,
  "lr": 0.010494889305263192,
  "n_embd": 23,
  "n_head": 6,
  "n_layer": 5,
  "seed": 1674525269,
  "weight_decay": 0.000506005463200327
}