{
  "batch_size": 17,
  "beta_1": 0.44394871939530345,
  "beta_2": 0.8181452136889187,
  "block_size": 271,
  "dropout": 0.16107555590086375,
  "epsilon": 0.0012264865015025861,
  "lr": 0.002594716295825628,
  "n_embd": 7,
  "n_head": 6,
  "n_layer": 6,
  "seed": 2066338461,
  "weight_decay": 3.725409517820401e-06
}