{
  "batch_size": 90,
  "beta_1": 0.3988047535002467,
  "beta_2": 0.3409311466635234,
  "block_size": 348,
  "dropout": 0.37995366165241606,
  "epsilon": 6.396290208894489e-09,
  "lr": 1.9823992469641033e-05,
  "n_embd": 30,
  "n_head": 2,
  "n_layer": 6,
  "seed": 1810798033,
  "weight_decay": 0.000704620278970277
}