{
  "batch_size": 73.3827447426479,
  "beta_1": 0.9887724125148738,
  "beta_2": 0.16674291125226157,
  "block_size": 308.0294692069023,
  "dropout": 0.48960873195112786,
  "epsilon": 0.00024732902080387996,
  "lr": 0.06604474630041184,
  "n_embd": 51.231205134454015,
  "n_head": 5.7130763333201475,
  "n_layer": 3.1377598633447037,
  "seed": 1196315415.8142653,
  "weight_decay": 0.00819647032911833
}