{
  "batch_size": 59.38642804189497,
  "beta_1": 0.8933467050838869,
  "beta_2": 0.37213244858860683,
  "block_size": 269.00106863010205,
  "dropout": 0.11535089525612197,
  "epsilon": 0.00044045257380064055,
  "lr": 0.0076943152957124365,
  "n_embd": 47.291691725901934,
  "n_head": 2.8676877312962037,
  "n_layer": 5.627621253610403,
  "seed": 498472609.1466884,
  "weight_decay": 0.0020189296118538714
}