{
  "batch_size": 68,
  "beta_1": 0.2254185526957571,
  "beta_2": 0.4426759738898088,
  "block_size": 316,
  "dropout": 0.1115158927399592,
  "epsilon": 5.67577282905e-05,
  "lr": 0.0002995407538021,
  "n_embd": 11,
  "n_head": 5,
  "n_layer": 1,
  "seed": 1890372495.2528253,
  "weight_decay": 2.063303281e-07
}