{
  "batch_size": 86,
  "beta_1": 0.635745796464707,
  "beta_2": 0.8853310704748087,
  "block_size": 323,
  "dropout": 0.2164318549782237,
  "epsilon": 1.0464073121e-06,
  "lr": 0.0119847751764837,
  "n_embd": 1,
  "n_head": 6,
  "n_layer": 5,
  "seed": 2053143682.8432655,
  "weight_decay": 8.55894067817e-05
}