{
  "batch_size": 21.01182909123782,
  "beta_1": 0.4886760594962305,
  "beta_2": 0.8077292117937442,
  "block_size": 249.6313770543465,
  "dropout": 0.17254581107594635,
  "epsilon": 0.00025266951106239224,
  "lr": 0.025089112729112684,
  "n_embd": 46.0472961477732,
  "n_head": 1.122277195472239,
  "n_layer": 2.9742744464455186,
  "seed": 542944474.0789322,
  "weight_decay": 0.005215575504270502
}