{
  "batch_size": 67.43714851138799,
  "beta_1": 0.6713673191779655,
  "beta_2": 0.19010471161742143,
  "block_size": 143.23679969853646,
  "dropout": 0.2576608708205489,
  "epsilon": 0.0009690783325855365,
  "lr": 0.017881988664180795,
  "n_embd": 22.273804571954603,
  "n_head": 5.646548585657578,
  "n_layer": 1.935090395729827,
  "seed": 42410504.34939455,
  "weight_decay": 0.00216076610675657
}