{
  "batch_size": 66,
  "beta_1": 0.41469484230835874,
  "beta_2": 0.5190137345363545,
  "block_size": 283,
  "dropout": 0.5056747847271066,
  "epsilon": 1.5084834873758493e-09,
  "lr": 0.00015598135369126854,
  "n_embd": 49,
  "n_head": 5,
  "n_layer": 1,
  "seed": 876935080,
  "weight_decay": 0.0003767761222339006
}