{
  "batch_size": 87,
  "beta_1": 0.6204503222688738,
  "beta_2": 0.23540023686532055,
  "block_size": 90,
  "dropout": 0.16349058854446114,
  "epsilon": 2.1500624559311621e-07,
  "lr": 0.00042379469966307895,
  "n_embd": 7,
  "n_head": 6,
  "n_layer": 1,
  "seed": 1536899045,
  "weight_decay": 4.006620960251973e-07
}