{
  "batch_size": 88.91690793841956,
  "beta_1": 0.5990187328044176,
  "beta_2": 0.41453997392037245,
  "block_size": 117.29069309252196,
  "dropout": 0.3045226582139692,
  "epsilon": 0.00011714215116768559,
  "lr": 0.029105459286619503,
  "n_embd": 27.785238041374317,
  "n_head": 4.980745457112178,
  "n_layer": 2.96891371373386,
  "seed": 888047184.780626,
  "weight_decay": 0.009510022587284795
}