{
  "batch_size": 30,
  "beta_1": 0.253817855412243,
  "beta_2": 0.705653920350394,
  "block_size": 128,
  "dropout": 0.4442734100233586,
  "epsilon": 5.7986685284e-06,
  "lr": 0.0004898597065578,
  "n_embd": 49,
  "n_head": 2,
  "n_layer": 6,
  "seed": 1235801447.601544,
  "weight_decay": 0.0024608866261302
}