{
  "batch_size": 34,
  "beta_1": 0.5141192396352887,
  "beta_2": 0.6331913830769957,
  "block_size": 148,
  "dropout": 0.24715726229846646,
  "epsilon": 1.0344591248598152e-05,
  "lr": 0.0004444836691057755,
  "n_embd": 45,
  "n_head": 1,
  "n_layer": 2,
  "seed": 1192170440,
  "weight_decay": 0.0007532745849545559
}