{
  "batch_size": 81,
  "beta_1": 0.3515572376023731,
  "beta_2": 0.552914151556117,
  "block_size": 66,
  "dropout": 0.23549907216910806,
  "epsilon": 0.0007921025298771762,
  "lr": 0.0004899227233648954,
  "n_embd": 52,
  "n_head": 4,
  "n_layer": 6,
  "seed": 1800740359,
  "weight_decay": 1.494396777669652e-08
}