{
  "batch_size": 52,
  "beta_1": 0.3074474725483329,
  "beta_2": 0.4919718616615665,
  "block_size": 359,
  "dropout": 0.379067178696331,
  "epsilon": 4.871061e-10,
  "lr": 0.003029391556035,
  "n_embd": 5,
  "n_head": 1,
  "n_layer": 6,
  "seed": 1529354671.8832116,
  "weight_decay": 1.2383996e-08
}