{
  "batch_size": 40.80953371440635,
  "beta_1": 0.3406495717663742,
  "beta_2": 0.7410868029967844,
  "block_size": 115.38139767965352,
  "dropout": 0.20345428016919273,
  "epsilon": 1.8377519830341926e-05,
  "lr": 0.033696971475665104,
  "n_embd": 12.946264291952604,
  "n_head": 4.822661729596492,
  "n_layer": 2.1979320295957905,
  "seed": 471305802.6476001,
  "weight_decay": 0.009645333164660562
}