{
  "batch_size": 23.45931570872412,
  "beta_1": 0.150523737922889,
  "beta_2": 0.798730980892139,
  "block_size": 170.04842297532628,
  "dropout": 0.26030392757844983,
  "epsilon": 0.0008254048496996975,
  "lr": 0.08985232320325537,
  "n_embd": 38.25799232149321,
  "n_head": 2.9326148226538566,
  "n_layer": 6.341229884555988,
  "seed": 1354769782.0118217,
  "weight_decay": 0.008801578572077461
}