{
  "batch_size": 89,
  "beta_1": 0.4722518382436571,
  "beta_2": 0.4463925023735058,
  "block_size": 331,
  "dropout": 0.1829889550219394,
  "epsilon": 8.716242e-10,
  "lr": 1.5758088569e-06,
  "n_embd": 20,
  "n_head": 3,
  "n_layer": 4,
  "seed": 1269004266.2783904,
  "weight_decay": 7.46352375231e-05
}