{
  "batch_size": 90,
  "beta_1": 0.3397746582137698,
  "beta_2": 0.4897905682077277,
  "block_size": 373,
  "dropout": 0.412363951303949,
  "epsilon": 1.77337159e-08,
  "lr": 0.0002494962475071,
  "n_embd": 30,
  "n_head": 4,
  "n_layer": 3,
  "seed": 1357584656.6704197,
  "weight_decay": 2.650815579e-07
}