{
  "batch_size": 61,
  "beta_1": 0.9376852554505726,
  "beta_2": 0.13888358719169427,
  "block_size": 223,
  "dropout": 0.3192344874754286,
  "epsilon": 3.917998099866411e-10,
  "lr": 0.0002074063785365346,
  "n_embd": 0,
  "n_head": 1,
  "n_layer": 4,
  "seed": 709464036,
  "weight_decay": 6.080313024806937e-08
}