{
  "batch_size": 80,
  "beta_1": 0.6267883415579817,
  "beta_2": 0.6756638129359076,
  "block_size": 295,
  "dropout": 0.3425011237073138,
  "epsilon": 2.7095881747e-06,
  "lr": 0.0259784807198741,
  "n_embd": 18,
  "n_head": 5,
  "n_layer": 4,
  "seed": 646154400.3699487,
  "weight_decay": 1.2695946e-08
}