{
  "batch_size": 55,
  "beta_1": 0.2344051195428661,
  "beta_2": 0.8883660184284571,
  "block_size": 205,
  "dropout": 0.162372838020975,
  "epsilon": 1.67823291339722e-07,
  "lr": 1.807391978711737e-06,
  "n_embd": 11,
  "n_head": 5,
  "n_layer": 6,
  "seed": 840282044,
  "weight_decay": 0.0022175179797321552
}