{
  "batch_size": 25,
  "beta_1": 0.8649271254094443,
  "beta_2": 0.7941122008910362,
  "block_size": 88,
  "dropout": 0.31452024882897245,
  "epsilon": 6.571199479413155e-10,
  "lr": 0.006018747882803631,
  "n_embd": 8,
  "n_head": 3,
  "n_layer": 6,
  "seed": 736185149,
  "weight_decay": 0.0028511878831088116
}