{
  "batch_size": 76.14972058690313,
  "beta_1": 0.31642632987464914,
  "beta_2": 0.989028638383578,
  "block_size": 283.67235872455166,
  "dropout": 0.3438227493428183,
  "epsilon": 0.0003024704162142874,
  "lr": 0.015904735763674707,
  "n_embd": 2.044294588392825,
  "n_head": 6.29049147274017,
  "n_layer": 1.0094355031416704,
  "seed": 1817443444.82163,
  "weight_decay": 0.008651099726013783
}