{
  "batch_size": 49.63332071302432,
  "beta_1": 0.34212387826934576,
  "beta_2": 0.7710296710863582,
  "block_size": 249.79369741466442,
  "dropout": 0.2592891615739421,
  "epsilon": 0.0006494869317690376,
  "lr": 0.06416763776646504,
  "n_embd": 11.170571664450144,
  "n_head": 4.450165825390314,
  "n_layer": 5.968779456212683,
  "seed": 1686896046.9895911,
  "weight_decay": 0.005739637257455334
}