{
  "batch_size": 74.34598693813301,
  "beta_1": 0.8938410518628869,
  "beta_2": 0.42543313578444597,
  "block_size": 357.6213774683702,
  "dropout": 0.25283925398688756,
  "epsilon": 0.0007245221261246757,
  "lr": 0.08482872008540582,
  "n_embd": 47.65919976104896,
  "n_head": 5.345213301621042,
  "n_layer": 1.6805861110019011,
  "seed": 2145309174.5564759,
  "weight_decay": 0.005532267535237659
}