{
  "batch_size": 53.84820490213614,
  "beta_1": 0.4632301780107775,
  "beta_2": 0.46141209364045266,
  "block_size": 145.09460025990353,
  "dropout": 0.4382595719419883,
  "epsilon": 0.00046930962368565374,
  "lr": 0.042233293990552846,
  "n_embd": 21.799090463714567,
  "n_head": 2.906926405948568,
  "n_layer": 4.4722460963967965,
  "seed": 1922538286.9061646,
  "weight_decay": 0.001517357959271032
}