{
  "batch_size": 56.5886761620875,
  "beta_1": 0.9856089550108765,
  "beta_2": 0.4434892150539538,
  "block_size": 287.2030334907025,
  "dropout": 0.25388433652509207,
  "epsilon": 0.0007794503732635797,
  "lr": 0.0106030085989532,
  "n_embd": 41.699869125761246,
  "n_head": 2.5460549075687577,
  "n_layer": 4.2177514109599095,
  "seed": 1396713888.8953738,
  "weight_decay": 0.0069437959325536
}