{
  "batch_size": 93.8605172773679,
  "beta_1": 0.9320475439492353,
  "beta_2": 0.17364924623184574,
  "block_size": 246.25815410448533,
  "dropout": 0.1670107332184878,
  "epsilon": 0.0008432891491372951,
  "lr": 0.01971691897010536,
  "n_embd": 34.14927511580436,
  "n_head": 4.601667445397849,
  "n_layer": 6.438661337472806,
  "seed": 1798487402.368195,
  "weight_decay": 0.004886967533506061
}