{
  "batch_size": 65.85980300558909,
  "beta_1": 0.7252101626670515,
  "beta_2": 0.5736973860746317,
  "block_size": 227.1514437583725,
  "dropout": 0.24282412730035602,
  "epsilon": 0.00037054676439021196,
  "lr": 0.02722348261002029,
  "n_embd": 6.734922342063117,
  "n_head": 5.601798417556583,
  "n_layer": 2.940660636214984,
  "seed": 478499338.0616088,
  "weight_decay": 0.002954359635625883
}