{
  "batch_size": 94.44954247542518,
  "beta_1": 0.5445531731600936,
  "beta_2": 0.46830307507975655,
  "block_size": 355.33456718334486,
  "dropout": 0.31283382741393073,
  "epsilon": 0.0002414786608311196,
  "lr": 0.030210160616444756,
  "n_embd": 33.634588621810295,
  "n_head": 2.4833671537575484,
  "n_layer": 2.8364989770964297,
  "seed": 448494091.7183933,
  "weight_decay": 0.004170065987326597
}