{
  "batch_size": 89,
  "beta_1": 0.7998531809027524,
  "beta_2": 0.8267187594413629,
  "block_size": 307,
  "dropout": 0.3270831267474786,
  "epsilon": 0.00036636827350545017,
  "lr": 0.0007782705458624661,
  "n_embd": 34,
  "n_head": 6,
  "n_layer": 6,
  "seed": 1837652676,
  "weight_decay": 0.0006227381178772708
}