{
  "batch_size": 75,
  "beta_1": 0.7104076509029269,
  "beta_2": 0.7856661294906633,
  "block_size": 354,
  "dropout": 0.102322341352344,
  "epsilon": 7.897275784e-07,
  "lr": 0.0008696303151055,
  "n_embd": 48,
  "n_head": 5,
  "n_layer": 4,
  "seed": 1733572227.6067224,
  "weight_decay": 4.94405510762e-05
}