{
  "batch_size": 33,
  "beta_1": 0.8766968406592992,
  "beta_2": 0.41877464584665725,
  "block_size": 73,
  "dropout": 0.11039387161706832,
  "epsilon": 0.0003174202601263552,
  "lr": 0.007604158314790742,
  "n_embd": 37,
  "n_head": 4,
  "n_layer": 2,
  "seed": 1823288430,
  "weight_decay": 0.009499081432807593
}