{
  "batch_size": 30.279156189096245,
  "beta_1": 0.43114534395505144,
  "beta_2": 0.15289620596744102,
  "block_size": 316.8126622608623,
  "dropout": 0.11106248003564843,
  "epsilon": 0.0008774509992469481,
  "lr": 0.04468740882320495,
  "n_embd": 39.690874294949445,
  "n_head": 4.8765617827377055,
  "n_layer": 1.665508813481293,
  "seed": 1709912033.9689674,
  "weight_decay": 0.003580203351044045
}