{
  "batch_size": 95.05530804015513,
  "beta_1": 0.8737970528271406,
  "beta_2": 0.9715685719952024,
  "block_size": 248.64237103884062,
  "dropout": 0.41087039239988354,
  "epsilon": 0.0005146930780142071,
  "lr": 0.007196425578743594,
  "n_embd": 44.916143088235955,
  "n_head": 5.024186804460435,
  "n_layer": 4.81830066277102,
  "seed": 237720779.0981442,
  "weight_decay": 0.003821354730242515
}