{
  "batch_size": 32,
  "beta_1": 0.1474520147930662,
  "beta_2": 0.8162007114850722,
  "block_size": 205,
  "dropout": 0.2265455410537696,
  "epsilon": 0.0002527214945088,
  "lr": 0.0009086934124496,
  "n_embd": 43,
  "n_head": 4,
  "n_layer": 3,
  "seed": 1620941011.8372722,
  "weight_decay": 1.49790087232e-05
}