{
  "batch_size": 30.099999942415565,
  "beta_1": 0.5416457474628766,
  "beta_2": 0.1929738614233686,
  "block_size": 258.24831662531864,
  "dropout": 0.27695016912624215,
  "epsilon": 0.0008495461990795614,
  "lr": 0.09964949236404776,
  "n_embd": 21.50946875827099,
  "n_head": 1.4442926158447684,
  "n_layer": 4.206072096987171,
  "seed": 1451842956.0635543,
  "weight_decay": 0.00048632721006601156
}