{
  "batch_size": 22,
  "beta_1": 0.15508076620001338,
  "beta_2": 0.5318606110193995,
  "block_size": 133,
  "dropout": 0.21415901807348134,
  "epsilon": 5.002592755244446e-07,
  "lr": 0.00022633776872269283,
  "n_embd": 27,
  "n_head": 4,
  "n_layer": 3,
  "seed": 46736697,
  "weight_decay": 3.929833499267617e-06
}