{
  "batch_size": 53,
  "beta_1": 0.4138930057413912,
  "beta_2": 0.36425703389134123,
  "block_size": 91,
  "dropout": 0.3055569480816165,
  "epsilon": 2.4620801293906134e-09,
  "lr": 0.06991425578268191,
  "n_embd": 20,
  "n_head": 3,
  "n_layer": 3,
  "seed": 1168358833,
  "weight_decay": 2.9738082141203487e-06
}