{
  "batch_size": 89,
  "beta_1": 0.5644944018281688,
  "beta_2": 0.8799409780037556,
  "block_size": 253,
  "dropout": 0.2573369965547849,
  "epsilon": 4.6309826e-09,
  "lr": 0.0010636123883806,
  "n_embd": 24,
  "n_head": 4,
  "n_layer": 3,
  "seed": 1786158110.2934127,
  "weight_decay": 0.0026098984239201
}