{
  "batch_size": 53.160674389879475,
  "beta_1": 0.24558086380792243,
  "beta_2": 0.2743726033960193,
  "block_size": 181.58827067303088,
  "dropout": 0.4415645183683915,
  "epsilon": 0.00038061719315982904,
  "lr": 0.018357595029563228,
  "n_embd": 12.572155463353733,
  "n_head": 4.024025235287518,
  "n_layer": 6.654569936497148,
  "seed": 1936950541.7537036,
  "weight_decay": 0.006859108218163313
}