{
  "batch_size": 73.97692256806152,
  "beta_1": 0.5501248841145305,
  "beta_2": 0.18719405914848697,
  "block_size": 363.74797763549435,
  "dropout": 0.21728720063343934,
  "epsilon": 0.00038918069753288636,
  "lr": 0.03525591786890222,
  "n_embd": 36.69789839035287,
  "n_head": 2.029790719657667,
  "n_layer": 2.8151994344313214,
  "seed": 1404935188.1059988,
  "weight_decay": 0.00877489943758957
}