{
  "batch_size": 86,
  "beta_1": 0.399168869978817,
  "beta_2": 0.9299324781918143,
  "block_size": 257,
  "dropout": 0.2921401703369231,
  "epsilon": 3.28268515515e-05,
  "lr": 0.0093967523189844,
  "n_embd": 6,
  "n_head": 1,
  "n_layer": 1,
  "seed": 1772113714.7694385,
  "weight_decay": 3.06071160984e-05
}