{
  "batch_size": 74.25018977856861,
  "beta_1": 0.4044581274788227,
  "beta_2": 0.6192038730534909,
  "block_size": 68.8474649303707,
  "dropout": 0.11588973419062475,
  "epsilon": 0.00021832003817415894,
  "lr": 0.04689069995048307,
  "n_embd": 45.50350634776734,
  "n_head": 1.2643944033746626,
  "n_layer": 5.521511334082737,
  "seed": 258243930.40789112,
  "weight_decay": 8.93411614449166e-06
}