{
  "batch_size": 19.9720392426732,
  "beta_1": 0.8365324169245691,
  "beta_2": 0.2545980357970683,
  "block_size": 171.91983995144636,
  "dropout": 0.37204625538235037,
  "epsilon": 0.0008734393717753781,
  "lr": 0.0752015073838973,
  "n_embd": 8.042582438961228,
  "n_head": 4.847084771429359,
  "n_layer": 2.979143732147694,
  "seed": 1480172981.5277028,
  "weight_decay": 0.0010385834715194503
}