{
  "batch_size": 18,
  "beta_1": 0.442138691859177,
  "beta_2": 0.5405225326666995,
  "block_size": 91,
  "dropout": 0.3704994512729033,
  "epsilon": 5.441095774e-07,
  "lr": 0.000824564033046,
  "n_embd": 46,
  "n_head": 3,
  "n_layer": 5,
  "seed": 2086627405.4465597,
  "weight_decay": 0.0033389802679704
}