{
  "batch_size": 65,
  "beta_1": 0.8319507425200021,
  "beta_2": 0.6345279985627308,
  "block_size": 70,
  "dropout": 0.2760815215798784,
  "epsilon": 1.1418674698e-06,
  "lr": 0.0005714451859333,
  "n_embd": 17,
  "n_head": 5,
  "n_layer": 5,
  "seed": 43552246.11038805,
  "weight_decay": 1.1809217321e-06
}