{
  "batch_size": 64,
  "beta_1": 0.247871965979584,
  "beta_2": 0.5643716222850939,
  "block_size": 260,
  "dropout": 0.27190975782557497,
  "epsilon": 5.205023873568983e-07,
  "lr": 0.04334017039173764,
  "n_embd": 52,
  "n_head": 4,
  "n_layer": 4,
  "seed": 144938240,
  "weight_decay": 0.0060221997382023254
}