{
  "batch_size": 40.71156679771393,
  "beta_1": 0.1850121913468773,
  "beta_2": 0.7674611362616309,
  "block_size": 236.99098752786253,
  "dropout": 0.3778203557890455,
  "epsilon": 0.0007326129447259229,
  "lr": 0.06137605061347236,
  "n_embd": 37.30644361778659,
  "n_head": 6.1634999895477565,
  "n_layer": 1.1934549328734119,
  "seed": 1611688436.1251705,
  "weight_decay": 0.00413281544342654
}