{
  "batch_size": 83,
  "beta_1": 0.8431016340299056,
  "beta_2": 0.2190168201320875,
  "block_size": 269,
  "dropout": 0.16493505716754386,
  "epsilon": 0.00033508533511249135,
  "lr": 2.9054744805401577e-06,
  "n_embd": 53,
  "n_head": 3,
  "n_layer": 2,
  "seed": 1919848694,
  "weight_decay": 2.3830607527100606e-06
}