{
  "batch_size": 88.378964210635,
  "beta_1": 0.9616658522440992,
  "beta_2": 0.6867814226383943,
  "block_size": 293.6818722447167,
  "dropout": 0.3746278495733303,
  "epsilon": 0.0004000841375374323,
  "lr": 0.06548304283650774,
  "n_embd": 43.25634674140581,
  "n_head": 4.783536318513799,
  "n_layer": 2.444224717842774,
  "seed": 1480150130.3607001,
  "weight_decay": 0.0009326730553236074
}