{
  "batch_size": 92,
  "beta_1": 0.31544724992699635,
  "beta_2": 0.7989400830196434,
  "block_size": 203,
  "dropout": 0.4280138847079201,
  "epsilon": 2.316086077646539e-10,
  "lr": 0.004371815026091303,
  "n_embd": 15,
  "n_head": 2,
  "n_layer": 3,
  "seed": 1454747436,
  "weight_decay": 0.0006187144483507484
}