{
  "batch_size": 72,
  "beta_1": 0.6253351141003872,
  "beta_2": 0.987612869380526,
  "block_size": 362,
  "dropout": 0.1320868597645354,
  "epsilon": 7.30655957e-08,
  "lr": 0.0005170882006836,
  "n_embd": 41,
  "n_head": 4,
  "n_layer": 5,
  "seed": 1541685239.1010973,
  "weight_decay": 5.07517494706e-05
}