{
  "batch_size": 31.619690976791425,
  "beta_1": 0.3446275143119598,
  "beta_2": 0.9514414977079731,
  "block_size": 298.64236177851774,
  "dropout": 0.23547293179700068,
  "epsilon": 0.0007699237522820696,
  "lr": 0.06182070167926957,
  "n_embd": 5.8102410432425815,
  "n_head": 1.0772620448920784,
  "n_layer": 1.9636528565066733,
  "seed": 2010268734.7276082,
  "weight_decay": 0.0003927913718070986
}