{
  "batch_size": 28,
  "beta_1": 0.1494693179993529,
  "beta_2": 0.6434020796854144,
  "block_size": 75,
  "dropout": 0.2213086276051225,
  "epsilon": 5.983992e-10,
  "lr": 0.0029957417063549,
  "n_embd": 48,
  "n_head": 2,
  "n_layer": 5,
  "seed": 1519902438.661768,
  "weight_decay": 1.688599043e-07
}