{
  "batch_size": 50.88195047801349,
  "beta_1": 0.23051256579036689,
  "beta_2": 0.7065030499222523,
  "block_size": 120.43596787764058,
  "dropout": 0.1384654208792233,
  "epsilon": 0.00021174020998187052,
  "lr": 0.05793547177071851,
  "n_embd": 13.847981137846833,
  "n_head": 5.619548941103633,
  "n_layer": 1.6028775837767293,
  "seed": 1358843016.3857257,
  "weight_decay": 0.0014128542118751197
}