{
  "batch_size": 62,
  "beta_1": 0.2904840007053013,
  "beta_2": 0.6080943778210449,
  "block_size": 83,
  "dropout": 0.32646041109887647,
  "epsilon": 0.0008930764664422251,
  "lr": 0.00705688055031636,
  "n_embd": 14,
  "n_head": 3,
  "n_layer": 2,
  "seed": 2034892829,
  "weight_decay": 9.029364800831905e-07
}