{
  "batch_size": 21,
  "beta_1": 0.2266087134270036,
  "beta_2": 0.4708829772153872,
  "block_size": 170,
  "dropout": 0.3591420087103934,
  "epsilon": 2.12447672417e-05,
  "lr": 0.0003400310970359,
  "n_embd": 5,
  "n_head": 5,
  "n_layer": 1,
  "seed": 1408232390.0350437,
  "weight_decay": 0.0071510413643866
}