{
  "batch_size": 35.27234186714664,
  "beta_1": 0.2309059725793604,
  "beta_2": 0.907763455859599,
  "block_size": 380.4630256112178,
  "dropout": 0.10197467363471678,
  "epsilon": 0.00039961582082780956,
  "lr": 0.04468534380842434,
  "n_embd": 24.201401246189242,
  "n_head": 6.046938572228249,
  "n_layer": 3.9993767221455956,
  "seed": 620142247.0690521,
  "weight_decay": 0.008257847109831545
}