{
  "batch_size": 85,
  "beta_1": 0.2762372506165205,
  "beta_2": 0.3407838942975457,
  "block_size": 221,
  "dropout": 0.309294615703388,
  "epsilon": 2.19589372172e-05,
  "lr": 4.75502346776e-05,
  "n_embd": 22,
  "n_head": 5,
  "n_layer": 3,
  "seed": 2044555924.1970575,
  "weight_decay": 0.0005256242536481
}