{
  "batch_size": 23,
  "beta_1": 0.4476507396526691,
  "beta_2": 0.3411057004609341,
  "block_size": 214,
  "dropout": 0.49997519465542006,
  "epsilon": 4.070029990747809e-05,
  "lr": 0.0036470754440537092,
  "n_embd": 27,
  "n_head": 4,
  "n_layer": 6,
  "seed": 223626316,
  "weight_decay": 0.0002072316276218912
}