{
  "batch_size": 74,
  "beta_1": 0.562402444310603,
  "beta_2": 0.11196336399832027,
  "block_size": 222,
  "dropout": 0.24220511578621792,
  "epsilon": 2.7914500243042923e-05,
  "lr": 2.1239524061303857e-06,
  "n_embd": 0,
  "n_head": 2,
  "n_layer": 1,
  "seed": 1109605612,
  "weight_decay": 2.4843402898289783e-07
}