{
  "batch_size": 38.29363475670279,
  "beta_1": 0.9637075095241674,
  "beta_2": 0.10225730357762994,
  "block_size": 258.24172633620043,
  "dropout": 0.26759920677978705,
  "epsilon": 0.000314856833727279,
  "lr": 0.07755373807892009,
  "n_embd": 24.84695694067083,
  "n_head": 4.179829921452641,
  "n_layer": 3.6490042380808654,
  "seed": 137900880.0695251,
  "weight_decay": 0.009431929378009385
}