{
  "batch_size": 73,
  "beta_1": 0.30234423737329585,
  "beta_2": 0.1732367529274761,
  "block_size": 142,
  "dropout": 0.3961424651895352,
  "epsilon": 1.2072926523735714e-10,
  "lr": 0.05738642055303145,
  "n_embd": 53,
  "n_head": 1,
  "n_layer": 5,
  "seed": 1685976545,
  "weight_decay": 9.822555338788668e-07
}