{
  "batch_size": 78.35549834760366,
  "beta_1": 0.515587587754711,
  "beta_2": 0.9724651611946005,
  "block_size": 226.37240059713773,
  "dropout": 0.3436271208004339,
  "epsilon": 0.0006123940193454138,
  "lr": 0.03896741087787044,
  "n_embd": 41.60816676179716,
  "n_head": 2.4026141091871276,
  "n_layer": 2.213349847174104,
  "seed": 1864627633.741547,
  "weight_decay": 0.0044637695982948705
}