{
  "batch_size": 42,
  "beta_1": 0.3484022523721527,
  "beta_2": 0.713715409434742,
  "block_size": 263,
  "dropout": 0.1207271418995808,
  "epsilon": 2.130150677e-07,
  "lr": 3.9412509498e-05,
  "n_embd": 40,
  "n_head": 1,
  "n_layer": 1,
  "seed": 265459984.1040298,
  "weight_decay": 0.0004253223390309
}