{
  "batch_size": 28.192589034046645,
  "beta_1": 0.8787879182775501,
  "beta_2": 0.6693284530145216,
  "block_size": 365.7308611922028,
  "dropout": 0.15086424332529363,
  "epsilon": 0.00021258760750813836,
  "lr": 0.01313049583869662,
  "n_embd": 18.5606934939322,
  "n_head": 2.080298346267651,
  "n_layer": 6.407990680613535,
  "seed": 1483983705.1652648,
  "weight_decay": 0.004115338857079563
}