{
  "batch_size": 92.32436281418845,
  "beta_1": 0.5284790054115616,
  "beta_2": 0.8890556109517501,
  "block_size": 180.10111487098675,
  "dropout": 0.17292091038385193,
  "epsilon": 0.00014132826847657013,
  "lr": 0.002849442695084888,
  "n_embd": 7.9083399194428825,
  "n_head": 6.320658772975404,
  "n_layer": 5.9959624885182095,
  "seed": 641860850.9595021,
  "weight_decay": 0.008632858938239094
}