{
  "batch_size": 56,
  "beta_1": 0.42095443166620816,
  "beta_2": 0.7630761555566772,
  "block_size": 107,
  "dropout": 0.24046883140069808,
  "epsilon": 0.000251003670750471,
  "lr": 0.00017704805665847746,
  "n_embd": 15,
  "n_head": 4,
  "n_layer": 1,
  "seed": 74849734,
  "weight_decay": 9.282348714633135e-05
}