{
  "batch_size": 89.94807704430964,
  "beta_1": 0.8168005361956656,
  "beta_2": 0.7895346901502043,
  "block_size": 151.56544651458927,
  "dropout": 0.36013626297147583,
  "epsilon": 6.391734297214162e-05,
  "lr": 0.0812767682555734,
  "n_embd": 23.858034202922383,
  "n_head": 1.419431450590279,
  "n_layer": 4.030384291915186,
  "seed": 379123270.68124336,
  "weight_decay": 0.006732724347769715
}