{
  "batch_size": 76,
  "beta_1": 0.4791941951074334,
  "beta_2": 0.899132554534825,
  "block_size": 374,
  "dropout": 0.1229465263037404,
  "epsilon": 3.6554109572e-06,
  "lr": 0.0002643342041877,
  "n_embd": 51,
  "n_head": 3,
  "n_layer": 2,
  "seed": 1598062846.978979,
  "weight_decay": 1.48230896e-08
}