{
  "batch_size": 63.738982503207936,
  "beta_1": 0.8525745314791018,
  "beta_2": 0.14585816363982346,
  "block_size": 160.81475588761793,
  "dropout": 0.29483377680526696,
  "epsilon": 0.0008503427643810602,
  "lr": 0.0429298051536684,
  "n_embd": 41.76564255965215,
  "n_head": 6.126495610639786,
  "n_layer": 5.7417320526018605,
  "seed": 443981993.65779775,
  "weight_decay": 0.001270563804684971
}