{
  "batch_size": 40,
  "beta_1": 0.6722166501843716,
  "beta_2": 0.48712290350366183,
  "block_size": 318,
  "dropout": 0.40483009962056216,
  "epsilon": 1.07889039793235e-05,
  "lr": 0.08378657151716022,
  "n_embd": 35,
  "n_head": 5,
  "n_layer": 1,
  "seed": 1346439369,
  "weight_decay": 0.0015435732053027853
}