{
  "batch_size": 30,
  "beta_1": 0.6879410796990116,
  "beta_2": 0.4611024660351011,
  "block_size": 270,
  "dropout": 0.26228545759035,
  "epsilon": 2.6524190260238163e-05,
  "lr": 0.013720286246493683,
  "n_embd": 11,
  "n_head": 2,
  "n_layer": 5,
  "seed": 1847017243,
  "weight_decay": 3.447499096780923e-05
}