{
  "batch_size": 70.60283752526084,
  "beta_1": 0.973487853199306,
  "beta_2": 0.6363762687638604,
  "block_size": 360.6274857621588,
  "dropout": 0.1192194742793718,
  "epsilon": 0.0006150689711231055,
  "lr": 0.023291434655601247,
  "n_embd": 31.59953773854156,
  "n_head": 4.793758763769283,
  "n_layer": 1.1506891744649628,
  "seed": 1557708184.8205614,
  "weight_decay": 0.0028184427907549012
}