{
  "batch_size": 56,
  "beta_1": 0.9741238181955377,
  "beta_2": 0.5639250791858182,
  "block_size": 335,
  "dropout": 0.4457548668759177,
  "epsilon": 7.014462974837752e-10,
  "lr": 5.476165768129937e-06,
  "n_embd": 49,
  "n_head": 6,
  "n_layer": 5,
  "seed": 2037746195,
  "weight_decay": 1.0825069242482469e-08
}