{
  "batch_size": 94,
  "beta_1": 0.1527232905224344,
  "beta_2": 0.7166036139457288,
  "block_size": 160,
  "dropout": 0.2394018522068984,
  "epsilon": 0.0007586374138796,
  "lr": 0.0003747373568413,
  "n_embd": 43,
  "n_head": 2,
  "n_layer": 4,
  "seed": 1574325385.094363,
  "weight_decay": 0.0006303232300834
}