{
  "batch_size": 84,
  "beta_1": 0.9236396526194097,
  "beta_2": 0.26227543143683063,
  "block_size": 276,
  "dropout": 0.3066456014017055,
  "epsilon": 7.379319736468357e-08,
  "lr": 7.384461061009316e-05,
  "n_embd": 47,
  "n_head": 3,
  "n_layer": 2,
  "seed": 23285323,
  "weight_decay": 2.11379651282677e-06
}