{
  "batch_size": 74.43059766734163,
  "beta_1": 0.5420579079484149,
  "beta_2": 0.3529167329509729,
  "block_size": 94.70847807358146,
  "dropout": 0.39709085579631676,
  "epsilon": 0.0003199442906538761,
  "lr": 0.06249355810333312,
  "n_embd": 29.729123794888825,
  "n_head": 1.5356140684620534,
  "n_layer": 5.053312804879373,
  "seed": 1618813644.4524202,
  "weight_decay": 0.005094958946822782
}