{
  "batch_size": 93,
  "beta_1": 0.9640090583705689,
  "beta_2": 0.45274997633863046,
  "block_size": 74,
  "dropout": 0.23435143491089908,
  "epsilon": 9.65848859042179e-05,
  "lr": 1.7874190620965073e-05,
  "n_embd": 53,
  "n_head": 5,
  "n_layer": 1,
  "seed": 1998017095,
  "weight_decay": 0.00015113136219052544
}