{
  "batch_size": 51,
  "beta_1": 0.7632216393016349,
  "beta_2": 0.7158935424072537,
  "block_size": 356,
  "dropout": 0.4925118200563525,
  "epsilon": 3.877781901855951e-06,
  "lr": 0.07426256847318057,
  "n_embd": 3,
  "n_head": 1,
  "n_layer": 1,
  "seed": 1332054900,
  "weight_decay": 7.539056357720463e-08
}