{
  "batch_size": 35,
  "beta_1": 0.8032920894810041,
  "beta_2": 0.6982147552180253,
  "block_size": 85,
  "dropout": 0.4951271049853283,
  "epsilon": 0.00019049339566031912,
  "lr": 4.9778335959423386e-06,
  "n_embd": 51,
  "n_head": 6,
  "n_layer": 4,
  "seed": 69229360,
  "weight_decay": 1.0077047158021313e-05
}