{
  "batch_size": 62.482141310431665,
  "beta_1": 0.49040687396609906,
  "beta_2": 0.40391631941364914,
  "block_size": 381.27226868917575,
  "dropout": 0.4554436117001982,
  "epsilon": 0.00013347781703788265,
  "lr": 0.021802547832847047,
  "n_embd": 47.31202708583763,
  "n_head": 3.7864519433898582,
  "n_layer": 6.596148119515827,
  "seed": 531788410.84463614,
  "weight_decay": 0.004839251553673586
}