{
  "batch_size": 55.288622914311034,
  "beta_1": 0.8475406929111793,
  "beta_2": 0.16449242564033867,
  "block_size": 244.11350119429025,
  "dropout": 0.37270354119332416,
  "epsilon": 0.00016655958157119663,
  "lr": 0.04338801385956481,
  "n_embd": 31.058584119409268,
  "n_head": 3.3706503751397263,
  "n_layer": 3.8433438386951995,
  "seed": 1043839403.8993521,
  "weight_decay": 0.008118769544262707
}