{
  "batch_size": 55.238618388857134,
  "beta_1": 0.976906069324234,
  "beta_2": 0.8991551971084839,
  "block_size": 221.74095555632712,
  "dropout": 0.2566351961107828,
  "epsilon": 0.0007943718270992899,
  "lr": 0.06754232581729547,
  "n_embd": 11.650773323357354,
  "n_head": 2.552181937585596,
  "n_layer": 5.179519317407524,
  "seed": 687411358.1573585,
  "weight_decay": 0.0043995415763191294
}