{
  "batch_size": 69,
  "beta_1": 0.2970394020395548,
  "beta_2": 0.5502226572512499,
  "block_size": 333,
  "dropout": 0.453020457669831,
  "epsilon": 3.0284642128e-06,
  "lr": 0.0004364998557306,
  "n_embd": 15,
  "n_head": 1,
  "n_layer": 1,
  "seed": 1805143564.864234,
  "weight_decay": 0.0001584840881921
}