{
  "batch_size": 48.77796343270815,
  "beta_1": 0.8556886623826763,
  "beta_2": 0.8155270384551678,
  "block_size": 291.56367324017606,
  "dropout": 0.2848554273278304,
  "epsilon": 0.0008214671411866963,
  "lr": 0.06479118438102512,
  "n_embd": 35.049065664438295,
  "n_head": 4.726090440570088,
  "n_layer": 4.5116222214973245,
  "seed": 1139644756.087694,
  "weight_decay": 0.005299813615264913
}