{
  "batch_size": 54.69411600287144,
  "beta_1": 0.9103066606701046,
  "beta_2": 0.48570297608091173,
  "block_size": 358.4824276659405,
  "dropout": 0.4687287009529443,
  "epsilon": 0.00033847539070949885,
  "lr": 0.08897533420370217,
  "n_embd": 25.393534232935036,
  "n_head": 5.82234124857547,
  "n_layer": 2.2059586694164066,
  "seed": 1963672484.1352658,
  "weight_decay": 0.007192371834169961
}