{
  "batch_size": 44.400210421157425,
  "beta_1": 0.5286473105023732,
  "beta_2": 0.29720329242001964,
  "block_size": 377.0886230979774,
  "dropout": 0.28619082287967534,
  "epsilon": 0.0006640847976145975,
  "lr": 0.040379376648042864,
  "n_embd": 6.271950194556029,
  "n_head": 3.943914239281267,
  "n_layer": 3.4390558657549803,
  "seed": 1833582324.2534473,
  "weight_decay": 0.008654786315637004
}