{
  "batch_size": 45,
  "beta_1": 0.6632698684389418,
  "beta_2": 0.7090742704181149,
  "block_size": 355,
  "dropout": 0.4936272433403361,
  "epsilon": 1.4767244831e-05,
  "lr": 6.44251171431e-05,
  "n_embd": 40,
  "n_head": 2,
  "n_layer": 3,
  "seed": 1877085929.1684768,
  "weight_decay": 3.077652467e-07
}