{
  "batch_size": 55,
  "beta_1": 0.8360778950335574,
  "beta_2": 0.10657580093308791,
  "block_size": 287,
  "dropout": 0.012524505766954226,
  "epsilon": 6.824038664898248e-05,
  "lr": 9.388293009141642e-05,
  "n_embd": 30,
  "n_head": 2,
  "n_layer": 3,
  "seed": 1990916064,
  "weight_decay": 9.126867530315937e-08
}