{
  "batch_size": 25.316021622042335,
  "beta_1": 0.6696383260000471,
  "beta_2": 0.2069543074566722,
  "block_size": 209.1684183423808,
  "dropout": 0.32716331827457656,
  "epsilon": 0.00016157168621384787,
  "lr": 0.09346962013274797,
  "n_embd": 14.221387784759472,
  "n_head": 3.8360804152225785,
  "n_layer": 6.3611183727128315,
  "seed": 105659998.99441381,
  "weight_decay": 0.008819204074953735
}