{
  "batch_size": 53,
  "beta_1": 0.2839674069595682,
  "beta_2": 0.983562251763814,
  "block_size": 335,
  "dropout": 0.2017644589460691,
  "epsilon": 7.9274237353e-06,
  "lr": 0.000644182986918,
  "n_embd": 49,
  "n_head": 3,
  "n_layer": 3,
  "seed": 1355537345.5694554,
  "weight_decay": 2.02442601612e-05
}