{
  "batch_size": 33,
  "beta_1": 0.204632654178594,
  "beta_2": 0.714580096250299,
  "block_size": 77,
  "dropout": 0.4541523759290151,
  "epsilon": 4.6062234e-09,
  "lr": 0.0048041541764363,
  "n_embd": 48,
  "n_head": 5,
  "n_layer": 4,
  "seed": 1006752518.4760908,
  "weight_decay": 0.0011292134969212
}