{
  "batch_size": 84.76006838934019,
  "beta_1": 0.7533185905607068,
  "beta_2": 0.8716795638763737,
  "block_size": 208.49786252295468,
  "dropout": 0.3193156692368873,
  "epsilon": 0.0003530649593333924,
  "lr": 0.04100386634824923,
  "n_embd": 33.29761887867599,
  "n_head": 3.4869356995308896,
  "n_layer": 1.3057956822160242,
  "seed": 960219920.0922867,
  "weight_decay": 0.005807580172194625
}