{
  "batch_size": 31.171252312560608,
  "beta_1": 0.20958923711500255,
  "beta_2": 0.9547436564177038,
  "block_size": 257.9351997954234,
  "dropout": 0.3237011719362055,
  "epsilon": 0.0007968248909904464,
  "lr": 0.022117030195447616,
  "n_embd": 43.98844082369246,
  "n_head": 6.208193149855902,
  "n_layer": 3.351135315778197,
  "seed": 1172028292.9592772,
  "weight_decay": 0.008420185700337096
}