{
  "batch_size": 70,
  "beta_1": 0.1842939782629962,
  "beta_2": 0.5482489958806381,
  "block_size": 366,
  "dropout": 0.2216474063626756,
  "epsilon": 1.3939517e-09,
  "lr": 0.0006224269082442,
  "n_embd": 51,
  "n_head": 2,
  "n_layer": 2,
  "seed": 1669564785.578101,
  "weight_decay": 0.0001625692529108
}