{
  "batch_size": 87,
  "beta_1": 0.9681656432227608,
  "beta_2": 0.6225464245319459,
  "block_size": 67,
  "dropout": 0.237085558251985,
  "epsilon": 7.076285e-10,
  "lr": 0.0005291239674894,
  "n_embd": 40,
  "n_head": 5,
  "n_layer": 2,
  "seed": 1172360899.4337828,
  "weight_decay": 6.07912404e-08
}