{
  "batch_size": 22.693989494534136,
  "beta_1": 0.8017497985940476,
  "beta_2": 0.5142292003212248,
  "block_size": 82.52038558110135,
  "dropout": 0.4460559593486749,
  "epsilon": 0.0006796768441705235,
  "lr": 0.09926438304986482,
  "n_embd": 40.80088021159638,
  "n_head": 6.394287966006993,
  "n_layer": 1.861598225457402,
  "seed": 877642989.113213,
  "weight_decay": 0.009796752067158278
}