{
  "batch_size": 54.1900472576894,
  "beta_1": 0.9811975244791041,
  "beta_2": 0.5519785039642003,
  "block_size": 247.35862668722518,
  "dropout": 0.36106171365938156,
  "epsilon": 0.00035912580907326874,
  "lr": 0.021306165080115277,
  "n_embd": 21.255477299503852,
  "n_head": 4.473703767927621,
  "n_layer": 5.185370640090221,
  "seed": 312181196.3593569,
  "weight_decay": 0.005197140974727888
}