{
  "batch_size": 87.81973688194427,
  "beta_1": 0.2805897332283118,
  "beta_2": 0.42179696287896873,
  "block_size": 265.89481951983396,
  "dropout": 0.18578590489166788,
  "epsilon": 0.0008506809697842695,
  "lr": 0.016923654933562467,
  "n_embd": 28.50102058837981,
  "n_head": 6.183459563854556,
  "n_layer": 2.5790940808820197,
  "seed": 617232510.708276,
  "weight_decay": 0.009229785116785807
}