{
  "batch_size": 36.43558684794739,
  "beta_1": 0.6815329906727402,
  "beta_2": 0.15796014902721928,
  "block_size": 336.9006112972413,
  "dropout": 0.1430081121234893,
  "epsilon": 0.0005723729913289744,
  "lr": 0.0763075007564551,
  "n_embd": 12.845194453296504,
  "n_head": 1.81423321278737,
  "n_layer": 4.719085977395119,
  "seed": 1532030682.2344992,
  "weight_decay": 0.0009685194128468836
}