{
  "batch_size": 74,
  "beta_1": 0.19135229972150358,
  "beta_2": 0.8578627769768502,
  "block_size": 282,
  "dropout": 0.45177748983381594,
  "epsilon": 1.2034836639862355e-06,
  "lr": 8.650067445427376e-05,
  "n_embd": 43,
  "n_head": 5,
  "n_layer": 5,
  "seed": 80591543,
  "weight_decay": 2.0181803061109372e-08
}