{
  "batch_size": 82,
  "beta_1": 0.8893357172785925,
  "beta_2": 0.5665764228050242,
  "block_size": 299,
  "dropout": 0.3982173396147999,
  "epsilon": 2.254504692e-07,
  "lr": 0.0005680486191689,
  "n_embd": 28,
  "n_head": 6,
  "n_layer": 6,
  "seed": 1714159397.237363,
  "weight_decay": 1.896160482e-07
}