{
  "batch_size": 68.15356158143146,
  "beta_1": 0.7704804718204806,
  "beta_2": 0.47173141724599266,
  "block_size": 103.60482400019666,
  "dropout": 0.3509380300436643,
  "epsilon": 0.000632972576367528,
  "lr": 0.07692201824841133,
  "n_embd": 33.99754534347974,
  "n_head": 6.972344736332169,
  "n_layer": 2.4622860960035378,
  "seed": 1527264031.8115618,
  "weight_decay": 0.0017976706769496104
}