{
  "batch_size": 33.07402544881174,
  "beta_1": 0.3601958997497785,
  "beta_2": 0.40603346830006914,
  "block_size": 121.66530254182993,
  "dropout": 0.17413415912954613,
  "epsilon": 0.0004734755457774493,
  "lr": 0.09600292500070527,
  "n_embd": 4.491203545387316,
  "n_head": 5.196398803950139,
  "n_layer": 4.943809615122339,
  "seed": 657469932.3891838,
  "weight_decay": 0.003757852860254336
}