{
  "batch_size": 91.26473623830402,
  "beta_1": 0.8803345725905894,
  "beta_2": 0.4411644883472713,
  "block_size": 300.45707043344066,
  "dropout": 0.43248378812739674,
  "epsilon": 0.000505691804271948,
  "lr": 0.03155261596626808,
  "n_embd": 2.074514995631939,
  "n_head": 5.650042135230236,
  "n_layer": 3.1638903731000836,
  "seed": 624655079.4959694,
  "weight_decay": 0.009909893680853042
}