{
  "batch_size": 60.628497956472074,
  "beta_1": 0.9916380448127531,
  "beta_2": 0.3661586279682594,
  "block_size": 195.14072594171375,
  "dropout": 0.11238429969212192,
  "epsilon": 0.0009870815248428952,
  "lr": 0.05139920829556363,
  "n_embd": 51.90511324440781,
  "n_head": 3.4890727278744103,
  "n_layer": 5.690861287115394,
  "seed": 1250553953.3653524,
  "weight_decay": 0.00885036693712413
}