{
  "batch_size": 86.5434688173601,
  "beta_1": 0.9411034777937798,
  "beta_2": 0.6422168069519327,
  "block_size": 353.32016224229085,
  "dropout": 0.27107861227901653,
  "epsilon": 0.00015485955216168294,
  "lr": 0.08805353822331508,
  "n_embd": 46.09725792899873,
  "n_head": 5.524697695333726,
  "n_layer": 3.8526310293005306,
  "seed": 111447941.50913888,
  "weight_decay": 0.002996201132683284
}