{
  "batch_size": 95,
  "beta_1": 0.946449701208422,
  "beta_2": 0.7323905206388771,
  "block_size": 258,
  "dropout": 0.16347978441497704,
  "epsilon": 0.0008880085305851362,
  "lr": 0.05034226598810147,
  "n_embd": 51,
  "n_head": 2,
  "n_layer": 2,
  "seed": 999639564,
  "weight_decay": 0.0017367488848763586
}