{
  "batch_size": 28.710197140691342,
  "beta_1": 0.6691438425686437,
  "beta_2": 0.7818259460447398,
  "block_size": 296.24384505171486,
  "dropout": 0.4446869621775811,
  "epsilon": 0.0006183165243855483,
  "lr": 0.0777969080259853,
  "n_embd": 3.0664883092095954,
  "n_head": 5.513158588495958,
  "n_layer": 2.7190276607614754,
  "seed": 2139179211.9408107,
  "weight_decay": 0.0010470890732626789
}