{
  "batch_size": 74,
  "beta_1": 0.7427763697988433,
  "beta_2": 0.16881376649903262,
  "block_size": 313,
  "dropout": 0.21486343035569294,
  "epsilon": 2.830289503526564e-10,
  "lr": 2.2191290887130506e-05,
  "n_embd": 40,
  "n_head": 5,
  "n_layer": 4,
  "seed": 2034932461,
  "weight_decay": 4.4701723101915486e-07
}