{
  "batch_size": 19,
  "beta_1": 0.8242909723607572,
  "beta_2": 0.2221475949867634,
  "block_size": 152,
  "dropout": 0.474155167595368,
  "epsilon": 5.688008e-10,
  "lr": 0.0003950361994508,
  "n_embd": 37,
  "n_head": 6,
  "n_layer": 3,
  "seed": 1215139596.1887891,
  "weight_decay": 0.0057175522198032
}