{
  "batch_size": 64,
  "beta_1": 0.7953532183438273,
  "beta_2": 0.4251824290580781,
  "block_size": 229,
  "dropout": 0.11528021478185041,
  "epsilon": 0.0005746080391213331,
  "lr": 0.0002726341727572881,
  "n_embd": 37,
  "n_head": 5,
  "n_layer": 5,
  "seed": 1159504132,
  "weight_decay": 8.841994585034647e-06
}