{
  "batch_size": 42.30698860944494,
  "beta_1": 0.980833115285819,
  "beta_2": 0.3692336345322317,
  "block_size": 87.65716112708765,
  "dropout": 0.45090928647925443,
  "epsilon": 0.000742354895547903,
  "lr": 0.012132083021683915,
  "n_embd": 36.87618826495474,
  "n_head": 6.330938438501675,
  "n_layer": 6.610819527981819,
  "seed": 604576284.9753532,
  "weight_decay": 0.0011909838286014672
}