{
  "batch_size": 27.40474573812201,
  "beta_1": 0.94519358981546,
  "beta_2": 0.5793702452699239,
  "block_size": 274.0704425826866,
  "dropout": 0.25321356465303424,
  "epsilon": 0.0005882269589730351,
  "lr": 0.038799262431779905,
  "n_embd": 42.73053568201632,
  "n_head": 6.316573878949772,
  "n_layer": 3.0300880104532415,
  "seed": 1303583861.6089973,
  "weight_decay": 0.006861053915253844
}