{
  "batch_size": 66,
  "beta_1": 0.7398184382323358,
  "beta_2": 0.8503579816228762,
  "block_size": 258,
  "dropout": 0.3292335799678717,
  "epsilon": 1.360460226849612e-08,
  "lr": 1.110390677121695e-05,
  "n_embd": 28,
  "n_head": 1,
  "n_layer": 3,
  "seed": 1363182981,
  "weight_decay": 0.00023675574207454692
}