{
  "batch_size": 71,
  "beta_1": 0.1771552603058018,
  "beta_2": 0.5963628909676888,
  "block_size": 145,
  "dropout": 0.3087924310428674,
  "epsilon": 0.0002659828438544,
  "lr": 0.0002160144313403,
  "n_embd": 52,
  "n_head": 4,
  "n_layer": 5,
  "seed": 2001334321.6569216,
  "weight_decay": 3.0804447833e-06
}