{
  "batch_size": 19.61156103628774,
  "beta_1": 0.17386760995152778,
  "beta_2": 0.5962096354032879,
  "block_size": 157.85011508506972,
  "dropout": 0.20692256862951963,
  "epsilon": 0.0007718435781295122,
  "lr": 0.04446154388230418,
  "n_embd": 46.227323604048195,
  "n_head": 2.239752415595672,
  "n_layer": 4.942934805176328,
  "seed": 1174535184.0548306,
  "weight_decay": 0.005536440359464676
}