{
  "batch_size": 57.297792022726554,
  "beta_1": 0.7203265812831565,
  "beta_2": 0.5830110061691525,
  "block_size": 382.47475857314856,
  "dropout": 0.4699192397714783,
  "epsilon": 0.00045459351292708166,
  "lr": 0.04536143050209752,
  "n_embd": 0.4351947974937115,
  "n_head": 2.3467026296543514,
  "n_layer": 6.4920427216835925,
  "seed": 312266880.1430275,
  "weight_decay": 0.003199782454952788
}