{
  "batch_size": 90,
  "beta_1": 0.8150793343079407,
  "beta_2": 0.453216174297808,
  "block_size": 359,
  "dropout": 0.26073416765453455,
  "epsilon": 3.3055285246664337e-05,
  "lr": 3.4691747411880874e-06,
  "n_embd": 15,
  "n_head": 5,
  "n_layer": 5,
  "seed": 697027250,
  "weight_decay": 0.00012830750774755643
}