{
  "batch_size": 26,
  "beta_1": 0.40640026096251813,
  "beta_2": 0.9504758104535794,
  "block_size": 290,
  "dropout": 0.3862375715784949,
  "epsilon": 4.252365475269404e-09,
  "lr": 0.0019863276099155638,
  "n_embd": 25,
  "n_head": 3,
  "n_layer": 6,
  "seed": 1078445426,
  "weight_decay": 1.900005855990903e-08
}