{
  "batch_size": 26,
  "beta_1": 0.23480082083812623,
  "beta_2": 0.21776145024143556,
  "block_size": 194,
  "dropout": 0.3566612661788565,
  "epsilon": 2.10739389895462e-07,
  "lr": 0.02090993278075593,
  "n_embd": 14,
  "n_head": 5,
  "n_layer": 6,
  "seed": 2099058367,
  "weight_decay": 0.00010026013086262113
}