{
  "batch_size": 71.52427814144912,
  "beta_1": 0.33939964211390106,
  "beta_2": 0.11588967796071871,
  "block_size": 287.6399850318295,
  "dropout": 0.23944563498754642,
  "epsilon": 0.0003884927511860671,
  "lr": 0.05109564738868563,
  "n_embd": 11.638965791659986,
  "n_head": 2.9444437603193183,
  "n_layer": 2.7757167149197075,
  "seed": 272062507.6092527,
  "weight_decay": 0.003807002355697365
}