{
  "batch_size": 45,
  "beta_1": 0.1762537670044851,
  "beta_2": 0.336760437858005,
  "block_size": 264,
  "dropout": 0.248191135006883,
  "epsilon": 5.694204e-10,
  "lr": 0.0257993166824271,
  "n_embd": 15,
  "n_head": 3,
  "n_layer": 5,
  "seed": 1604226447.0695906,
  "weight_decay": 4.546905e-08
}