{
  "batch_size": 83,
  "beta_1": 0.5340111071537199,
  "beta_2": 0.43988868407115056,
  "block_size": 289,
  "dropout": 0.397409773049893,
  "epsilon": 0.0001467196963851229,
  "lr": 0.02156175996621541,
  "n_embd": 7,
  "n_head": 3,
  "n_layer": 6,
  "seed": 1318554667,
  "weight_decay": 2.6155925729500188e-06
}