{
  "batch_size": 34,
  "beta_1": 0.5784872403988073,
  "beta_2": 0.2784331168437131,
  "block_size": 221,
  "dropout": 0.2284035571852722,
  "epsilon": 1.59789289956e-05,
  "lr": 7.57264461204e-05,
  "n_embd": 18,
  "n_head": 3,
  "n_layer": 1,
  "seed": 241813188.91740385,
  "weight_decay": 0.0001281039341859
}