{
  "batch_size": 92,
  "beta_1": 0.6112363378504599,
  "beta_2": 0.7857884744196606,
  "block_size": 301,
  "dropout": 0.2117229956740027,
  "epsilon": 3.0754393e-09,
  "lr": 0.0010276631304905,
  "n_embd": 22,
  "n_head": 5,
  "n_layer": 6,
  "seed": 1278916436.2817998,
  "weight_decay": 1.473848678e-07
}