{
  "batch_size": 82.60634321863017,
  "beta_1": 0.7284081261653798,
  "beta_2": 0.9578258540577319,
  "block_size": 344.39458661383924,
  "dropout": 0.21783743074562217,
  "epsilon": 0.00043376031739975366,
  "lr": 0.010260003358143959,
  "n_embd": 44.433582613211,
  "n_head": 1.2103737914282937,
  "n_layer": 3.3515123342516597,
  "seed": 1907122706.3014154,
  "weight_decay": 0.0071260960618246836
}