{
  "batch_size": 74.54070752281515,
  "beta_1": 0.8043712096436183,
  "beta_2": 0.6503718713632115,
  "block_size": 133.48868290418488,
  "dropout": 0.24236660894015102,
  "epsilon": 0.0006400452221429395,
  "lr": 0.05012251251673862,
  "n_embd": 47.064942005335325,
  "n_head": 5.782633113981435,
  "n_layer": 5.874608685253895,
  "seed": 82722345.8929746,
  "weight_decay": 0.001651601108480828
}