{
  "batch_size": 25,
  "beta_1": 0.21297302896429846,
  "beta_2": 0.6018550221759976,
  "block_size": 275,
  "dropout": 0.3913719869492489,
  "epsilon": 1.4820251757789429e-08,
  "lr": 1.1784235389642878e-06,
  "n_embd": 10,
  "n_head": 6,
  "n_layer": 6,
  "seed": 1119535801,
  "weight_decay": 4.4769364242325153e-08
}