{
  "batch_size": 56.770142303391,
  "beta_1": 0.7084722034398682,
  "beta_2": 0.8549864339919098,
  "block_size": 76.99863707410681,
  "dropout": 0.2277017323756735,
  "epsilon": 0.00047409280239764796,
  "lr": 0.08919256171762519,
  "n_embd": 13.30303963125805,
  "n_head": 5.669516446077294,
  "n_layer": 6.789516827847857,
  "seed": 14871354.953336569,
  "weight_decay": 0.0077492695185923995
}