{
  "batch_size": 44.66299847557862,
  "beta_1": 0.9055219620621585,
  "beta_2": 0.1585347734321999,
  "block_size": 168.17273699290283,
  "dropout": 0.17120071791626815,
  "epsilon": 0.0006485569981709453,
  "lr": 0.08913785707930132,
  "n_embd": 29.498469141704938,
  "n_head": 3.4143975802493927,
  "n_layer": 5.638277038319038,
  "seed": 1381344744.4126132,
  "weight_decay": 0.005251810838183578
}