{
  "batch_size": 67,
  "beta_1": 0.3638486837979199,
  "beta_2": 0.16073854617878697,
  "block_size": 96,
  "dropout": 0.34915060036027457,
  "epsilon": 0.0008258403215707882,
  "lr": 2.130078622085798e-06,
  "n_embd": 35,
  "n_head": 2,
  "n_layer": 4,
  "seed": 859044847,
  "weight_decay": 8.191617935721028e-05
}