{
  "batch_size": 48.4385038221995,
  "beta_1": 0.8978784257149294,
  "beta_2": 0.28527837757311253,
  "block_size": 240.85640561053467,
  "dropout": 0.4208720572621568,
  "epsilon": 0.0004959428111750069,
  "lr": 0.08823950064488255,
  "n_embd": 40.75615401933574,
  "n_head": 5.142700158949254,
  "n_layer": 4.964596492946596,
  "seed": 1053271719.2550095,
  "weight_decay": 0.0069267621784491
}