{
  "batch_size": 79,
  "beta_1": 0.5686511240606517,
  "beta_2": 0.4121851856591806,
  "block_size": 169,
  "dropout": 0.36835204269423694,
  "epsilon": 3.3213121282257064e-08,
  "lr": 0.00580403198140134,
  "n_embd": 18,
  "n_head": 4,
  "n_layer": 4,
  "seed": 1283249481,
  "weight_decay": 0.00027954936976874826
}