{
  "batch_size": 90.62776090245823,
  "beta_1": 0.8899594539536503,
  "beta_2": 0.5284678188295779,
  "block_size": 276.81447432310506,
  "dropout": 0.22056357154850836,
  "epsilon": 0.0005087987084315063,
  "lr": 0.03191298051234715,
  "n_embd": 9.662849622621547,
  "n_head": 1.7399352734530904,
  "n_layer": 5.79706978533698,
  "seed": 1907119756.886395,
  "weight_decay": 0.006105323449988842
}