{
  "batch_size": 89.28801179486152,
  "beta_1": 0.16429553229329044,
  "beta_2": 0.7159261752720107,
  "block_size": 310.4803322642957,
  "dropout": 0.36094670350213076,
  "epsilon": 0.00040435384387816617,
  "lr": 0.059220705032942744,
  "n_embd": 47.26081427645614,
  "n_head": 4.8858148136003745,
  "n_layer": 5.54656681390164,
  "seed": 1773160377.2763727,
  "weight_decay": 0.004749565849297172
}