{
  "batch_size": 62,
  "beta_1": 0.5976018557424394,
  "beta_2": 0.6729704960867805,
  "block_size": 184,
  "dropout": 0.2096218036052252,
  "epsilon": 2.2087115606329025e-07,
  "lr": 0.003644642923362391,
  "n_embd": 13,
  "n_head": 5,
  "n_layer": 1,
  "seed": 210464270,
  "weight_decay": 1.189799313906495e-08
}