{
  "batch_size": 48.67919421698228,
  "beta_1": 0.9852466864526149,
  "beta_2": 0.24181788251492534,
  "block_size": 72.144205247972,
  "dropout": 0.22133349703151414,
  "epsilon": 0.0005522049023339598,
  "lr": 0.07433784113604552,
  "n_embd": 16.975762993596163,
  "n_head": 3.7595896751056292,
  "n_layer": 6.7732052883834655,
  "seed": 811108337.6572704,
  "weight_decay": 0.0003501601533080083
}