{
  "batch_size": 27.665083395672752,
  "beta_1": 0.35146501007148157,
  "beta_2": 0.5436748791544638,
  "block_size": 374.29016676321385,
  "dropout": 0.18830979060785522,
  "epsilon": 0.0004642060057268998,
  "lr": 0.00560955094767136,
  "n_embd": 16.3430964387517,
  "n_head": 2.710387907085372,
  "n_layer": 2.2547383991006296,
  "seed": 273904596.80374837,
  "weight_decay": 0.00877335467903626
}