{
  "batch_size": 40,
  "beta_1": 0.3902057542326889,
  "beta_2": 0.20832760264598937,
  "block_size": 82,
  "dropout": 0.15589087614182426,
  "epsilon": 1.9354220357428865e-10,
  "lr": 0.007239592293937948,
  "n_embd": 32,
  "n_head": 2,
  "n_layer": 6,
  "seed": 1971086345,
  "weight_decay": 1.1919015756263136e-05
}