{
  "batch_size": 25,
  "beta_1": 0.7515687213160603,
  "beta_2": 0.6273354284985818,
  "block_size": 219,
  "dropout": 0.4276606353164094,
  "epsilon": 3.590835898520171e-05,
  "lr": 7.795338789011698e-05,
  "n_embd": 40,
  "n_head": 6,
  "n_layer": 5,
  "seed": 1740238059,
  "weight_decay": 9.126641393759708e-08
}