{
  "batch_size": 70,
  "beta_1": 0.31970760541334975,
  "beta_2": 0.211876045958168,
  "block_size": 339,
  "dropout": 0.4327436463999266,
  "epsilon": 1.5209264049570074e-08,
  "lr": 0.08717559138662152,
  "n_embd": 27,
  "n_head": 5,
  "n_layer": 6,
  "seed": 660422054,
  "weight_decay": 4.903555660205474e-08
}