{
  "batch_size": 49.58654818971068,
  "beta_1": 0.9680366015534241,
  "beta_2": 0.5581048069381488,
  "block_size": 274.76718441958644,
  "dropout": 0.2177864255349225,
  "epsilon": 0.00034232935078122985,
  "lr": 0.0829013172049461,
  "n_embd": 1.5924742491159773,
  "n_head": 2.0641774384441423,
  "n_layer": 6.669150643931572,
  "seed": 206643719.22883177,
  "weight_decay": 0.009708071351034058
}