{
  "batch_size": 40,
  "beta_1": 0.6308384907518166,
  "beta_2": 0.8160094658670352,
  "block_size": 249,
  "dropout": 0.4436503388530191,
  "epsilon": 3.52740642e-08,
  "lr": 0.0012186024432247,
  "n_embd": 17,
  "n_head": 5,
  "n_layer": 4,
  "seed": 142642732.14850637,
  "weight_decay": 0.0001399531291706
}