{
  "batch_size": 83.98086712801113,
  "beta_1": 0.8308090654306447,
  "beta_2": 0.7474570780464809,
  "block_size": 376.0031097376953,
  "dropout": 0.451590175702431,
  "epsilon": 0.0004138699178767541,
  "lr": 0.0009616669423880138,
  "n_embd": 39.515170662714624,
  "n_head": 2.861249820560687,
  "n_layer": 1.2405547866814797,
  "seed": 206642618.6317661,
  "weight_decay": 0.005760103639825795
}