{
  "batch_size": 31,
  "beta_1": 0.5928582519815508,
  "beta_2": 0.1148169217473674,
  "block_size": 174,
  "dropout": 0.151932229791281,
  "epsilon": 6.8058686e-09,
  "lr": 0.000267182485778,
  "n_embd": 46,
  "n_head": 5,
  "n_layer": 5,
  "seed": 172850594.56761613,
  "weight_decay": 2.71054709e-08
}