{
  "batch_size": 19,
  "beta_1": 0.487719146353785,
  "beta_2": 0.8260439726404692,
  "block_size": 299,
  "dropout": 0.35127648807829126,
  "epsilon": 5.280033747291003e-08,
  "lr": 0.0001299272357806518,
  "n_embd": 27,
  "n_head": 1,
  "n_layer": 5,
  "seed": 1747379551,
  "weight_decay": 3.6688053276696e-05
}