{
  "batch_size": 20,
  "beta_1": 0.6804794112613336,
  "beta_2": 0.6725917141938446,
  "block_size": 182,
  "dropout": 0.4195075654614491,
  "epsilon": 6.393292412280172e-07,
  "lr": 1.7888361134688582e-05,
  "n_embd": 29,
  "n_head": 2,
  "n_layer": 3,
  "seed": 471590884,
  "weight_decay": 0.00015967316561901466
}