{
  "batch_size": 49.43451054953766,
  "beta_1": 0.8840556948435018,
  "beta_2": 0.38982735379190725,
  "block_size": 328.77071876080504,
  "dropout": 0.24425138016934791,
  "epsilon": 0.0002306616916475105,
  "lr": 0.09585322841173413,
  "n_embd": 21.55417171481706,
  "n_head": 5.673363050094957,
  "n_layer": 1.6497111438951908,
  "seed": 1953007078.9417737,
  "weight_decay": 0.00448689140996557
}