{
  "batch_size": 88.54280616471357,
  "beta_1": 0.21100177624846628,
  "beta_2": 0.44735250592115827,
  "block_size": 252.80882790752844,
  "dropout": 0.15274050188599683,
  "epsilon": 0.0006212846986823142,
  "lr": 0.012167059951362108,
  "n_embd": 21.57830000690125,
  "n_head": 5.252407419721049,
  "n_layer": 3.6611781967253494,
  "seed": 312580425.94492275,
  "weight_decay": 0.0001408352886928947
}