{
  "batch_size": 94,
  "beta_1": 0.3061766154727442,
  "beta_2": 0.8378836416827556,
  "block_size": 182,
  "dropout": 0.1678390552775594,
  "epsilon": 5.97033404523e-05,
  "lr": 0.0005632548289873,
  "n_embd": 14,
  "n_head": 4,
  "n_layer": 4,
  "seed": 177822848.61542842,
  "weight_decay": 1.215457979e-07
}