{
  "batch_size": 16.4076694774339,
  "beta_1": 0.7616655765900373,
  "beta_2": 0.11052770285963813,
  "block_size": 165.2265704120089,
  "dropout": 0.4384031278637397,
  "epsilon": 0.0006151574841369271,
  "lr": 0.08393412018275186,
  "n_embd": 1.3922251983463416,
  "n_head": 2.4152414361645276,
  "n_layer": 3.126667720191174,
  "seed": 1145967313.121593,
  "weight_decay": 0.005660496010122547
}