{
  "batch_size": 59,
  "beta_1": 0.6250499967974646,
  "beta_2": 0.84562858148104,
  "block_size": 372,
  "dropout": 0.1299121530051243,
  "epsilon": 0.0003407083358756,
  "lr": 0.0001389371694213,
  "n_embd": 12,
  "n_head": 2,
  "n_layer": 5,
  "seed": 1784599189.0239582,
  "weight_decay": 3.1064966835e-06
}