{
  "batch_size": 52,
  "beta_1": 0.3643444513169552,
  "beta_2": 0.8243773386787722,
  "block_size": 154,
  "dropout": 0.1458281310087964,
  "epsilon": 2.644848306e-07,
  "lr": 0.0020487695828306,
  "n_embd": 2,
  "n_head": 5,
  "n_layer": 3,
  "seed": 572492896.5958457,
  "weight_decay": 9.7736524062e-06
}