{
  "batch_size": 57.05947592253176,
  "beta_1": 0.5715181101762707,
  "beta_2": 0.21236762752880908,
  "block_size": 348.16021024242235,
  "dropout": 0.45145986236500935,
  "epsilon": 0.0005128046352374742,
  "lr": 0.04001064103776604,
  "n_embd": 46.25071670568724,
  "n_head": 4.5754996742626215,
  "n_layer": 1.1504295795019586,
  "seed": 1243468286.2280085,
  "weight_decay": 0.008450166113526905
}