{
  "batch_size": 84.6140334891289,
  "beta_1": 0.7811804263800282,
  "beta_2": 0.7483354146434744,
  "block_size": 367.72949945639533,
  "dropout": 0.3679373857062308,
  "epsilon": 0.0005495022055319751,
  "lr": 0.09333744842331565,
  "n_embd": 0.44131916240227115,
  "n_head": 2.5439427330116597,
  "n_layer": 3.9513009621683355,
  "seed": 473170232.5873641,
  "weight_decay": 0.005568009742862571
}