{
  "batch_size": 45.627340718074734,
  "beta_1": 0.125320651132826,
  "beta_2": 0.4067251831741895,
  "block_size": 355.6746409346287,
  "dropout": 0.11424784968985456,
  "epsilon": 6.497855009530793e-05,
  "lr": 0.07903352862191766,
  "n_embd": 12.410462633572289,
  "n_head": 1.2919070886960147,
  "n_layer": 3.8399421371127267,
  "seed": 163957198.66763857,
  "weight_decay": 0.0034037494087857316
}