{
  "batch_size": 89.84328187711742,
  "beta_1": 0.9768329633793401,
  "beta_2": 0.8064108033398539,
  "block_size": 296.08889245429225,
  "dropout": 0.2491893227935895,
  "epsilon": 0.0007790895486741068,
  "lr": 0.09824927499404541,
  "n_embd": 28.4459925825508,
  "n_head": 1.5748375978408675,
  "n_layer": 2.9481031130986235,
  "seed": 613210043.2704735,
  "weight_decay": 0.006031649542261411
}