{
  "batch_size": 91.18946225145375,
  "beta_1": 0.8144015954366904,
  "beta_2": 0.6926093148059874,
  "block_size": 335.8581663878919,
  "dropout": 0.2805175523061354,
  "epsilon": 4.722191151595997e-05,
  "lr": 0.03018615894847399,
  "n_embd": 0.4215030497789144,
  "n_head": 5.192202817413442,
  "n_layer": 1.3649810729368859,
  "seed": 1053320712.1928787,
  "weight_decay": 0.005444336287727689
}