{
  "batch_size": 25.61124519890059,
  "beta_1": 0.8056815425748087,
  "beta_2": 0.4981639671349054,
  "block_size": 221.01383556600064,
  "dropout": 0.20899692489408406,
  "epsilon": 0.00022613861585031014,
  "lr": 0.05845073209501756,
  "n_embd": 53.86607241549997,
  "n_head": 2.1318772536407318,
  "n_layer": 5.085384649149953,
  "seed": 351980233.5716506,
  "weight_decay": 0.001714756934798588
}