{
  "batch_size": 73,
  "beta_1": 0.9464829551327012,
  "beta_2": 0.4870452535428693,
  "block_size": 254,
  "dropout": 0.41700609223557794,
  "epsilon": 1.9305752940358183e-10,
  "lr": 0.04909753617420002,
  "n_embd": 11,
  "n_head": 4,
  "n_layer": 5,
  "seed": 2119991363,
  "weight_decay": 0.001110040247346617
}