{
  "batch_size": 18,
  "beta_1": 0.6162885189123035,
  "beta_2": 0.4915112854994663,
  "block_size": 113,
  "dropout": 0.2637740701772002,
  "epsilon": 0.0001757872964153,
  "lr": 0.0025976081620494,
  "n_embd": 24,
  "n_head": 4,
  "n_layer": 1,
  "seed": 2077169920.2446342,
  "weight_decay": 4.57430231e-08
}