{
  "batch_size": 27.139706203918166,
  "beta_1": 0.3098557919199645,
  "beta_2": 0.8045571096484523,
  "block_size": 331.716142388375,
  "dropout": 0.15833060100931134,
  "epsilon": 0.0006291978105216263,
  "lr": 0.06570149641076098,
  "n_embd": 17.58506254321179,
  "n_head": 6.9642812163992875,
  "n_layer": 6.977990357644592,
  "seed": 1519544449.3618953,
  "weight_decay": 0.0035149056915430117
}