{
  "batch_size": 23,
  "beta_1": 0.6992764256329012,
  "beta_2": 0.5361301141276318,
  "block_size": 357,
  "dropout": 0.3339376759239616,
  "epsilon": 7.166001244138951e-07,
  "lr": 6.136532221936287e-06,
  "n_embd": 6,
  "n_head": 4,
  "n_layer": 2,
  "seed": 1205753721,
  "weight_decay": 7.217858720259515e-07
}