{
  "batch_size": 68.11905800144605,
  "beta_1": 0.7450625037614222,
  "beta_2": 0.5811434689729914,
  "block_size": 297.8270772180649,
  "dropout": 0.15038089551015577,
  "epsilon": 5.2371695805257125e-05,
  "lr": 0.03739645747001101,
  "n_embd": 41.45609702409112,
  "n_head": 2.121610977690076,
  "n_layer": 2.905813196189224,
  "seed": 955597914.257324,
  "weight_decay": 0.009006693727699164
}