{
  "batch_size": 56.94689443511299,
  "beta_1": 0.5234035265087148,
  "beta_2": 0.44461880810859045,
  "block_size": 278.8914730146696,
  "dropout": 0.1491273459965904,
  "epsilon": 0.0009172659723928009,
  "lr": 0.05367909815727512,
  "n_embd": 8.252817763910988,
  "n_head": 3.7146556436691798,
  "n_layer": 6.294521443040019,
  "seed": 3572553.993831481,
  "weight_decay": 0.0043315042889910185
}