{
  "batch_size": 63,
  "beta_1": 0.17722501973782656,
  "beta_2": 0.5501272266333227,
  "block_size": 245,
  "dropout": 0.3702603458820874,
  "epsilon": 0.00015348892706483122,
  "lr": 0.0027830162375505397,
  "n_embd": 53,
  "n_head": 3,
  "n_layer": 4,
  "seed": 1410512718,
  "weight_decay": 1.1723707658788887e-05
}