{
  "batch_size": 46,
  "beta_1": 0.40536485512434717,
  "beta_2": 0.3779502137097891,
  "block_size": 362,
  "dropout": 0.3271753055116219,
  "epsilon": 7.805537527320688e-06,
  "lr": 0.00013631811137477536,
  "n_embd": 39,
  "n_head": 2,
  "n_layer": 3,
  "seed": 814430717,
  "weight_decay": 8.866090915791838e-06
}