{
  "batch_size": 79,
  "beta_1": 0.5984038864888134,
  "beta_2": 0.8608139078573267,
  "block_size": 201,
  "dropout": 0.09136081790962997,
  "epsilon": 7.115581289059588e-05,
  "lr": 3.6287833162578613e-06,
  "n_embd": 38,
  "n_head": 6,
  "n_layer": 6,
  "seed": 713108275,
  "weight_decay": 2.6494325369621157e-07
}