{
  "batch_size": 79.63291815904549,
  "beta_1": 0.9365483906719436,
  "beta_2": 0.20941072763794313,
  "block_size": 133.9948497973718,
  "dropout": 0.4970915340401304,
  "epsilon": 5.570163391436023e-05,
  "lr": 0.0759309312493441,
  "n_embd": 33.063731022036805,
  "n_head": 2.727963411198777,
  "n_layer": 5.535060682209006,
  "seed": 370575637.7858058,
  "weight_decay": 0.007579542153737957
}