{
  "batch_size": 89,
  "beta_1": 0.4342395000575606,
  "beta_2": 0.8905650250106713,
  "block_size": 172,
  "dropout": 0.4534505274630458,
  "epsilon": 2.91545087e-08,
  "lr": 0.0078711701351712,
  "n_embd": 45,
  "n_head": 4,
  "n_layer": 5,
  "seed": 1141490086.414055,
  "weight_decay": 0.0004807668818998
}