{
  "batch_size": 26.9346574389325,
  "beta_1": 0.2482085952486888,
  "beta_2": 0.5278425944542386,
  "block_size": 357.22408974368125,
  "dropout": 0.3339272980233773,
  "epsilon": 0.00024656721038583603,
  "lr": 0.08080240462585281,
  "n_embd": 29.560859539110695,
  "n_head": 4.396054732234246,
  "n_layer": 6.273693000955147,
  "seed": 1085678164.3217585,
  "weight_decay": 0.004130607959477727
}