{
  "batch_size": 72,
  "beta_1": 0.7158298223995596,
  "beta_2": 0.20745846630479986,
  "block_size": 285,
  "dropout": 0.18970221348124303,
  "epsilon": 1.0165313720346036e-06,
  "lr": 0.0020092016527103514,
  "n_embd": 15,
  "n_head": 6,
  "n_layer": 1,
  "seed": 2115734680,
  "weight_decay": 0.0005081467282114174
}