{
  "batch_size": 71,
  "beta_1": 0.9649714570471588,
  "beta_2": 0.48873784820389865,
  "block_size": 199,
  "dropout": 0.18804198535483888,
  "epsilon": 2.116907036641182e-07,
  "lr": 1.043812687531142e-05,
  "n_embd": 42,
  "n_head": 1,
  "n_layer": 6,
  "seed": 43679748,
  "weight_decay": 1.0576013650965542e-06
}