{
  "batch_size": 92.21387398716614,
  "beta_1": 0.7125302444010456,
  "beta_2": 0.6259532934682038,
  "block_size": 203.07429224778627,
  "dropout": 0.45986688404478204,
  "epsilon": 0.0009277644468197779,
  "lr": 0.08091341748517074,
  "n_embd": 4.216330861148377,
  "n_head": 4.824934404015945,
  "n_layer": 2.348316422120651,
  "seed": 1292003055.453987,
  "weight_decay": 0.0071513167447423654
}