{
  "batch_size": 80,
  "beta_1": 0.2881280466322912,
  "beta_2": 0.65407368434457,
  "block_size": 75,
  "dropout": 0.22387596739148627,
  "epsilon": 1.2112388303649573e-05,
  "lr": 3.596441580557251e-06,
  "n_embd": 1,
  "n_head": 2,
  "n_layer": 5,
  "seed": 548243487,
  "weight_decay": 0.008454644886724838
}