{
  "batch_size": 50,
  "beta_1": 0.16395824497210038,
  "beta_2": 0.7099544063214858,
  "block_size": 195,
  "dropout": 0.10600499112001793,
  "epsilon": 2.701992780041766e-10,
  "lr": 1.785687654077414e-05,
  "n_embd": 17,
  "n_head": 6,
  "n_layer": 4,
  "seed": 1422410224,
  "weight_decay": 1.9735806594936142e-06
}