{
  "batch_size": 26,
  "beta_1": 0.5617002953233061,
  "beta_2": 0.7944122128841643,
  "block_size": 327,
  "dropout": 0.4852033465611673,
  "epsilon": 7.7459372e-09,
  "lr": 0.0013466671155596,
  "n_embd": 30,
  "n_head": 3,
  "n_layer": 6,
  "seed": 394137069.50417876,
  "weight_decay": 3.6018605281e-06
}