{
  "batch_size": 70.9919655370361,
  "beta_1": 0.2783173283021641,
  "beta_2": 0.4281631038255993,
  "block_size": 258.7263155613841,
  "dropout": 0.13885712886660687,
  "epsilon": 0.0009865356695933373,
  "lr": 0.04654783986781683,
  "n_embd": 31.28572669217743,
  "n_head": 2.323420411140757,
  "n_layer": 3.2826980127673187,
  "seed": 14847747.868811248,
  "weight_decay": 0.004195135679948418
}