{
  "batch_size": 76.05287775678617,
  "beta_1": 0.9522040487214132,
  "beta_2": 0.5320414134489515,
  "block_size": 194.62233754670154,
  "dropout": 0.4805420372169924,
  "epsilon": 0.00042106541544905383,
  "lr": 0.0911662793106614,
  "n_embd": 32.725759594077964,
  "n_head": 4.929192158506542,
  "n_layer": 4.543947777573424,
  "seed": 1071993341.1406028,
  "weight_decay": 0.005447199127146332
}