{
  "batch_size": 57,
  "beta_1": 0.13246831949610902,
  "beta_2": 0.23480762537822097,
  "block_size": 251,
  "dropout": 0.31373409927468954,
  "epsilon": 6.507461779126036e-08,
  "lr": 0.0010656166294844272,
  "n_embd": 48,
  "n_head": 1,
  "n_layer": 3,
  "seed": 1898543041,
  "weight_decay": 2.424683627306807e-07
}