{
  "batch_size": 45,
  "beta_1": 0.4764812145035893,
  "beta_2": 0.9897141959436642,
  "block_size": 245,
  "dropout": 0.4633297377605856,
  "epsilon": 0.0002580534769205,
  "lr": 0.0002681403026362,
  "n_embd": 40,
  "n_head": 2,
  "n_layer": 1,
  "seed": 85817137.55846986,
  "weight_decay": 0.006644951955521
}