{
  "batch_size": 53.382176814720324,
  "beta_1": 0.686107697653613,
  "beta_2": 0.10356707019318427,
  "block_size": 288.0876993543776,
  "dropout": 0.4189779498252785,
  "epsilon": 0.0007949692021866959,
  "lr": 0.005333805215671737,
  "n_embd": 13.276523113668452,
  "n_head": 1.4808853506810784,
  "n_layer": 1.0705466888757167,
  "seed": 338963584.5947527,
  "weight_decay": 0.0008041249178733941
}