{
  "batch_size": 17,
  "beta_1": 0.1709586118559508,
  "beta_2": 0.6071702409717711,
  "block_size": 162,
  "dropout": 0.3527686408522254,
  "epsilon": 5.6732698e-09,
  "lr": 1.46738394489e-05,
  "n_embd": 29,
  "n_head": 1,
  "n_layer": 3,
  "seed": 1414692645.2423317,
  "weight_decay": 0.0019386545498566
}