{
  "batch_size": 21,
  "beta_1": 0.8696780685578984,
  "beta_2": 0.654660686514911,
  "block_size": 299,
  "dropout": 0.21076589284697475,
  "epsilon": 7.37205060870756e-08,
  "lr": 7.795634146839109e-05,
  "n_embd": 27,
  "n_head": 1,
  "n_layer": 5,
  "seed": 1747379551,
  "weight_decay": 3.412993423398058e-05
}