{
  "batch_size": 47,
  "beta_1": 0.3602280745176038,
  "beta_2": 0.9059536803084174,
  "block_size": 125,
  "dropout": 0.3236119557382368,
  "epsilon": 2.675162e-10,
  "lr": 0.0027587611418338,
  "n_embd": 13,
  "n_head": 4,
  "n_layer": 5,
  "seed": 1560312102.0938785,
  "weight_decay": 6.889647996e-07
}