{
  "batch_size": 44.13052206397539,
  "beta_1": 0.8625008965158751,
  "beta_2": 0.4371065929592537,
  "block_size": 99.96301464082563,
  "dropout": 0.10205191102349703,
  "epsilon": 0.0009417977300203639,
  "lr": 0.09611273127083265,
  "n_embd": 13.2704825515897,
  "n_head": 5.969022949173262,
  "n_layer": 3.7758823364590506,
  "seed": 1419568480.2423215,
  "weight_decay": 0.00447789874644791
}