{
  "batch_size": 24.364375562739752,
  "beta_1": 0.43246846738946576,
  "beta_2": 0.3101887220748358,
  "block_size": 224.33057297815634,
  "dropout": 0.47087231883514047,
  "epsilon": 0.0008432244811476222,
  "lr": 0.017291411896881187,
  "n_embd": 12.718079180647182,
  "n_head": 5.062507655113368,
  "n_layer": 3.088689560967024,
  "seed": 1053688697.364657,
  "weight_decay": 0.004657120969512768
}