{
  "batch_size": 56.10616507601567,
  "beta_1": 0.3441679161274678,
  "beta_2": 0.9339017491250994,
  "block_size": 191.66261550689717,
  "dropout": 0.33314296873288873,
  "epsilon": 9.473133993260358e-05,
  "lr": 0.026391936150000635,
  "n_embd": 14.396271177160893,
  "n_head": 1.3662803193249677,
  "n_layer": 3.280142327328458,
  "seed": 1054639903.2668601,
  "weight_decay": 0.0021141836359222605
}