{
  "batch_size": 78.72386974387445,
  "beta_1": 0.28117311107991005,
  "beta_2": 0.4068208858164142,
  "block_size": 348.7300481268365,
  "dropout": 0.43711092897239234,
  "epsilon": 1.8206755509170987e-06,
  "lr": 0.05785350062593839,
  "n_embd": 32.34661797434661,
  "n_head": 4.54833184744666,
  "n_layer": 1.5150947308982223,
  "seed": 1350017599.439791,
  "weight_decay": 0.00821933266160102
}