{
  "batch_size": 66,
  "beta_1": 0.9388031608679466,
  "beta_2": 0.2875863334557983,
  "block_size": 175,
  "dropout": 0.5092403198006155,
  "epsilon": 1.3804831320377856e-05,
  "lr": 0.0038875494954821073,
  "n_embd": 32,
  "n_head": 5,
  "n_layer": 5,
  "seed": 688291291,
  "weight_decay": 1.1993487685330473e-06
}