{
  "batch_size": 21.55132278689779,
  "beta_1": 0.33732754499079687,
  "beta_2": 0.4041617783389262,
  "block_size": 266.4576553199337,
  "dropout": 0.21277350057874345,
  "epsilon": 5.57265085645091e-05,
  "lr": 0.031869099069335736,
  "n_embd": 42.874942664572714,
  "n_head": 4.71125763199559,
  "n_layer": 3.308916082278637,
  "seed": 960746584.9989982,
  "weight_decay": 0.00984842359041938
}