{
  "batch_size": 26,
  "beta_1": 0.6538641842821297,
  "beta_2": 0.4328318891194844,
  "block_size": 208,
  "dropout": 0.4345940830668319,
  "epsilon": 6.66824092e-08,
  "lr": 0.0006145006275398,
  "n_embd": 48,
  "n_head": 4,
  "n_layer": 4,
  "seed": 981616527.2828084,
  "weight_decay": 0.008175764222085
}