{
  "batch_size": 96,
  "beta_1": 0.1012666471943926,
  "beta_2": 0.4839356402493386,
  "block_size": 64,
  "dropout": 0.4634182857032968,
  "epsilon": 0.0001200879095067,
  "lr": 0.000859386161333,
  "n_embd": 47,
  "n_head": 4,
  "n_layer": 5,
  "seed": 498518797.3826953,
  "weight_decay": 1.133811954e-07
}