{
  "batch_size": 24,
  "beta_1": 0.560551965776082,
  "beta_2": 0.8971479227925114,
  "block_size": 315,
  "dropout": 0.288725656813525,
  "epsilon": 1.431128e-10,
  "lr": 0.0001573109178858,
  "n_embd": 18,
  "n_head": 4,
  "n_layer": 3,
  "seed": 424437820.88971806,
  "weight_decay": 1.830393416e-07
}