{
  "batch_size": 80.24140559399768,
  "beta_1": 0.628078863297392,
  "beta_2": 0.9700624123293438,
  "block_size": 366.3864347697674,
  "dropout": 0.4603579670730701,
  "epsilon": 0.0007253355026936482,
  "lr": 0.010054233367285899,
  "n_embd": 17.81393245212766,
  "n_head": 3.2948759645522743,
  "n_layer": 6.567709257501893,
  "seed": 329649283.35998863,
  "weight_decay": 0.0012535087774545731
}