{
  "batch_size": 57.46875423060738,
  "beta_1": 0.5239098391940402,
  "beta_2": 0.709229636293725,
  "block_size": 193.37101377571472,
  "dropout": 0.1723494692909605,
  "epsilon": 0.00043284918349556734,
  "lr": 0.009522940644006609,
  "n_embd": 2.3063791553125546,
  "n_head": 3.12279078452311,
  "n_layer": 5.450538480488852,
  "seed": 624659919.4533811,
  "weight_decay": 0.006361086666930704
}