{
  "batch_size": 24,
  "beta_1": 0.5552057921846447,
  "beta_2": 0.4566952165918219,
  "block_size": 92,
  "dropout": 0.3257988079301716,
  "epsilon": 2.836914718609226e-06,
  "lr": 6.0524134823594846e-05,
  "n_embd": 25,
  "n_head": 2,
  "n_layer": 1,
  "seed": 1683626134,
  "weight_decay": 4.654399746442082e-06
}