{
  "batch_size": 70,
  "beta_1": 0.5606437086039611,
  "beta_2": 0.3541312389790302,
  "block_size": 192,
  "dropout": 0.13287474470370797,
  "epsilon": 4.5566313366789993e-10,
  "lr": 1.3884464911299455e-06,
  "n_embd": 38,
  "n_head": 4,
  "n_layer": 4,
  "seed": 843939466,
  "weight_decay": 4.97652363413742e-06
}