{
  "batch_size": 47,
  "beta_1": 0.26506872369896606,
  "beta_2": 0.8875009614007068,
  "block_size": 152,
  "dropout": 0.17518462762776868,
  "epsilon": 1.0449661493831218e-06,
  "lr": 2.750032191780212e-05,
  "n_embd": 34,
  "n_head": 5,
  "n_layer": 6,
  "seed": 999858172,
  "weight_decay": 0.003573018865273966
}