{
  "batch_size": 67,
  "beta_1": 0.2435411093894126,
  "beta_2": 0.4499565252551558,
  "block_size": 308,
  "dropout": 0.3370779677915172,
  "epsilon": 6.148261941e-07,
  "lr": 0.0001992016441094,
  "n_embd": 21,
  "n_head": 1,
  "n_layer": 5,
  "seed": 698799642.7596682,
  "weight_decay": 0.000161395632659
}