{
  "batch_size": 92,
  "beta_1": 0.8162267347132539,
  "beta_2": 0.44458247809687557,
  "block_size": 328,
  "dropout": 0.0847201001994872,
  "epsilon": 5.903256531544881e-06,
  "lr": 0.0007550562538261402,
  "n_embd": 14,
  "n_head": 6,
  "n_layer": 1,
  "seed": 330966587,
  "weight_decay": 0.0012591244922487018
}