{
  "batch_size": 27.094978077001635,
  "beta_1": 0.9253576283579823,
  "beta_2": 0.17003242395100227,
  "block_size": 339.2662796972555,
  "dropout": 0.36300725629401553,
  "epsilon": 0.0006968781264450704,
  "lr": 0.09946931881743815,
  "n_embd": 33.730650381231015,
  "n_head": 1.847661806403139,
  "n_layer": 2.573578452599692,
  "seed": 1989743704.3006482,
  "weight_decay": 0.007328217156560091
}