{
  "batch_size": 28.71266482203536,
  "beta_1": 0.622117025969158,
  "beta_2": 0.8564731364588137,
  "block_size": 88.68927572076254,
  "dropout": 0.2894908453999539,
  "epsilon": 0.0006363157804906787,
  "lr": 0.07201446354429757,
  "n_embd": 38.2901648715082,
  "n_head": 3.493852068888682,
  "n_layer": 1.2400247190488163,
  "seed": 1095599461.263265,
  "weight_decay": 0.0018182939391536465
}