{
  "batch_size": 36.118093134078954,
  "beta_1": 0.45940909821710596,
  "beta_2": 0.6485055956954595,
  "block_size": 219.27302882886056,
  "dropout": 0.18596680845359576,
  "epsilon": 0.000547724221546081,
  "lr": 0.07566887267207537,
  "n_embd": 18.760709102399332,
  "n_head": 1.9733431860064221,
  "n_layer": 6.280819414570315,
  "seed": 1681788829.496222,
  "weight_decay": 0.0016428210374398475
}