{
  "batch_size": 52.00525311836148,
  "beta_1": 0.8876382200288387,
  "beta_2": 0.5359474524383914,
  "block_size": 369.1471399912493,
  "dropout": 0.15705678205558138,
  "epsilon": 0.00016460520554335104,
  "lr": 0.04821535694566705,
  "n_embd": 29.983933451849886,
  "n_head": 5.304905572549422,
  "n_layer": 6.718302040630514,
  "seed": 1939051636.5154974,
  "weight_decay": 0.005901225936233844
}