{
  "batch_size": 31,
  "beta_1": 0.7588021305490499,
  "beta_2": 0.6418152093378402,
  "block_size": 77,
  "dropout": 0.45721411948352453,
  "epsilon": 1.953259550545468e-05,
  "lr": 7.848043609625861e-05,
  "n_embd": 33,
  "n_head": 1,
  "n_layer": 4,
  "seed": 576213064,
  "weight_decay": 0.0013299175820408323
}