{
  "batch_size": 29.62994559127563,
  "beta_1": 0.9088170967351704,
  "beta_2": 0.5908864908798576,
  "block_size": 251.94663706576526,
  "dropout": 0.4001999975493994,
  "epsilon": 0.0006633329717692248,
  "lr": 0.03629784658838992,
  "n_embd": 24.384844748935482,
  "n_head": 3.852805804164699,
  "n_layer": 6.343123059780253,
  "seed": 382919272.9550602,
  "weight_decay": 0.00013890708979500318
}