{
  "batch_size": 88.22875818879893,
  "beta_1": 0.1642200302320316,
  "beta_2": 0.17672153099158736,
  "block_size": 378.5657722466937,
  "dropout": 0.13424505490509034,
  "epsilon": 0.00013465153721147947,
  "lr": 0.004268425950207939,
  "n_embd": 42.65737387637461,
  "n_head": 3.4626659953295644,
  "n_layer": 2.175132590002106,
  "seed": 210388542.81197116,
  "weight_decay": 0.0063228484805123
}