{
  "batch_size": 39,
  "beta_1": 0.4820715645675683,
  "beta_2": 0.7929132825513633,
  "block_size": 378,
  "dropout": 0.4789066863577686,
  "epsilon": 1.06633e-10,
  "lr": 0.0029760681885053,
  "n_embd": 4,
  "n_head": 2,
  "n_layer": 1,
  "seed": 2001807305.0764756,
  "weight_decay": 1.37838254001e-05
}