{
  "batch_size": 21.900649338939235,
  "beta_1": 0.43274967749179494,
  "beta_2": 0.16954847446657467,
  "block_size": 141.38306870902628,
  "dropout": 0.4255500749002489,
  "epsilon": 0.000670651340807936,
  "lr": 0.02646385782975643,
  "n_embd": 50.4288887717395,
  "n_head": 1.9575759973245,
  "n_layer": 6.169540965501218,
  "seed": 189281787.70563745,
  "weight_decay": 0.007565045416740869
}