{
  "batch_size": 58,
  "beta_1": 0.11900618686171731,
  "beta_2": 0.3024847684541352,
  "block_size": 355,
  "dropout": 0.1236029611555334,
  "epsilon": 3.5470000729543317e-07,
  "lr": 2.1527667320628663e-06,
  "n_embd": 47,
  "n_head": 2,
  "n_layer": 2,
  "seed": 468874606,
  "weight_decay": 0.0005338106624713401
}