{
  "batch_size": 42.907648773156055,
  "beta_1": 0.5025155230088977,
  "beta_2": 0.16558324825714843,
  "block_size": 194.82059085436916,
  "dropout": 0.12029353091315849,
  "epsilon": 0.0008055523667921852,
  "lr": 0.007698083585290009,
  "n_embd": 13.140456969284587,
  "n_head": 3.6451074132598844,
  "n_layer": 4.874980519817223,
  "seed": 1856319807.5781975,
  "weight_decay": 0.0006749530720370937
}