{
  "batch_size": 88.59331266397031,
  "beta_1": 0.6845173557405062,
  "beta_2": 0.23891220867238877,
  "block_size": 111.21443063970116,
  "dropout": 0.2545131176117039,
  "epsilon": 0.00045176120794940776,
  "lr": 0.022547857590017845,
  "n_embd": 53.492838059432586,
  "n_head": 6.922015874869268,
  "n_layer": 3.7597619946462517,
  "seed": 1670232037.0587516,
  "weight_decay": 0.008153273370507062
}