{
  "batch_size": 59,
  "beta_1": 0.8565582532169226,
  "beta_2": 0.8169441547102178,
  "block_size": 226,
  "dropout": 0.40916522524205956,
  "epsilon": 7.64177291014361e-09,
  "lr": 0.0011546681994896502,
  "n_embd": 3,
  "n_head": 3,
  "n_layer": 1,
  "seed": 1836874071,
  "weight_decay": 0.002957775049686238
}