{
  "batch_size": 90,
  "beta_1": 0.3435423935504623,
  "beta_2": 0.9589449256628114,
  "block_size": 348,
  "dropout": 0.12665122055080535,
  "epsilon": 6.396290208894489e-09,
  "lr": 3.858915167934964e-06,
  "n_embd": 30,
  "n_head": 2,
  "n_layer": 6,
  "seed": 1810798033,
  "weight_decay": 0.0024782459825019904
}