{
  "batch_size": 21.40042311935032,
  "beta_1": 0.28841883873260904,
  "beta_2": 0.7587886046474445,
  "block_size": 72.68820826481222,
  "dropout": 0.2289326269535768,
  "epsilon": 0.0005644951858513135,
  "lr": 0.0885931031535248,
  "n_embd": 12.071889429819684,
  "n_head": 3.3754767951653815,
  "n_layer": 1.1841711333636091,
  "seed": 10621478.189752083,
  "weight_decay": 0.0034905830364979945
}