{
  "batch_size": 66.67837854718336,
  "beta_1": 0.28440528036628165,
  "beta_2": 0.1489174305054905,
  "block_size": 168.86589561260777,
  "dropout": 0.44815616001035796,
  "epsilon": 0.0005209097538762276,
  "lr": 0.020197204314457855,
  "n_embd": 27.29092656755193,
  "n_head": 3.7901379747668593,
  "n_layer": 6.08612794962606,
  "seed": 1689323306.1815946,
  "weight_decay": 0.002135163643286857
}