{
  "batch_size": 54,
  "beta_1": 0.289861194875801,
  "beta_2": 0.7319950585914741,
  "block_size": 217,
  "dropout": 0.2759219963942188,
  "epsilon": 6.352354e-10,
  "lr": 0.0029232495678975,
  "n_embd": 1,
  "n_head": 4,
  "n_layer": 2,
  "seed": 2142539212.4633696,
  "weight_decay": 7.8770988e-08
}