{
  "batch_size": 38.54451472683124,
  "beta_1": 0.1661023443064286,
  "beta_2": 0.12674756038517374,
  "block_size": 87.40566067547418,
  "dropout": 0.43786741846375576,
  "epsilon": 4.355429118481231e-06,
  "lr": 0.03924668563102672,
  "n_embd": 36.42170577462454,
  "n_head": 2.795940068424816,
  "n_layer": 2.4394038185033358,
  "seed": 188041679.479404,
  "weight_decay": 0.004039127560589741
}