{
  "batch_size": 88.91576920731201,
  "beta_1": 0.9140991471790922,
  "beta_2": 0.9545846558263756,
  "block_size": 264.23192256170904,
  "dropout": 0.4449339951793564,
  "epsilon": 5.171073098280045e-05,
  "lr": 0.02023937443787173,
  "n_embd": 15.121573964688759,
  "n_head": 1.423912745404338,
  "n_layer": 5.206182147404519,
  "seed": 385651706.9016049,
  "weight_decay": 0.003353303292585199
}