{
  "batch_size": 86.79933727420173,
  "beta_1": 0.22749735551093297,
  "beta_2": 0.9669748473826953,
  "block_size": 87.27447414632942,
  "dropout": 0.21451379475270144,
  "epsilon": 0.000547885878868974,
  "lr": 0.08380262773082778,
  "n_embd": 16.87081972848629,
  "n_head": 3.156901814358044,
  "n_layer": 6.071242902907216,
  "seed": 729499134.6393805,
  "weight_decay": 0.009833783168148764
}