{
  "batch_size": 80,
  "beta_1": 0.8764471907864965,
  "beta_2": 0.3372822388429478,
  "block_size": 276,
  "dropout": 0.3795084536194856,
  "epsilon": 1.90273336e-08,
  "lr": 1.79204432861e-05,
  "n_embd": 34,
  "n_head": 6,
  "n_layer": 1,
  "seed": 1595299709.115974,
  "weight_decay": 0.0002368351356777
}