{
  "batch_size": 42.18642926357103,
  "beta_1": 0.870830210419521,
  "beta_2": 0.10073540054639679,
  "block_size": 279.0465162669957,
  "dropout": 0.37666134111859884,
  "epsilon": 0.00024103192335412014,
  "lr": 0.008301433372126073,
  "n_embd": 6.532654885317946,
  "n_head": 4.348635827259822,
  "n_layer": 3.21039510558266,
  "seed": 137892713.88151962,
  "weight_decay": 0.002559813743127554
}