{
  "batch_size": 71.79998985876671,
  "beta_1": 0.5754710747424863,
  "beta_2": 0.4910384886175776,
  "block_size": 132.52741370366638,
  "dropout": 0.23681916847014273,
  "epsilon": 0.0007708549770937994,
  "lr": 0.06918058293649472,
  "n_embd": 19.07685873373685,
  "n_head": 6.303622726620863,
  "n_layer": 4.512147740964513,
  "seed": 1464271096.4704897,
  "weight_decay": 0.00462744638755444
}