{
  "batch_size": 25,
  "beta_1": 0.3857931533873458,
  "beta_2": 0.9641069332470064,
  "block_size": 81,
  "dropout": 0.4111267399713381,
  "epsilon": 2.3037849151e-06,
  "lr": 0.0154614416351832,
  "n_embd": 34,
  "n_head": 4,
  "n_layer": 5,
  "seed": 1577848343.3027813,
  "weight_decay": 3.1987944833e-06
}