{
  "batch_size": 52.00855295709218,
  "beta_1": 0.40362296201226266,
  "beta_2": 0.8940102550888344,
  "block_size": 291.49553917734323,
  "dropout": 0.13024235718096563,
  "epsilon": 0.0009583085409641392,
  "lr": 0.016042762985902344,
  "n_embd": 3.4941163327406484,
  "n_head": 5.5964572693004975,
  "n_layer": 1.644454889406463,
  "seed": 297706971.05048895,
  "weight_decay": 0.008559927341202051
}