{
  "batch_size": 74,
  "beta_1": 0.6267612544181514,
  "beta_2": 0.8747984064392164,
  "block_size": 65,
  "dropout": 0.38424717795267166,
  "epsilon": 0.00011271637429109998,
  "lr": 5.9897787154503655e-06,
  "n_embd": 29,
  "n_head": 3,
  "n_layer": 6,
  "seed": 1054986987,
  "weight_decay": 6.133258099467412e-07
}