{
  "batch_size": 96.09194585009547,
  "beta_1": 0.38329854640216565,
  "beta_2": 0.7978510192318815,
  "block_size": 292.66812675711185,
  "dropout": 0.14670215511111662,
  "epsilon": 0.0006206729069329296,
  "lr": 0.0026918826201291915,
  "n_embd": 23.30527091754972,
  "n_head": 3.5282891665237806,
  "n_layer": 2.8506373014938005,
  "seed": 1798466178.4992013,
  "weight_decay": 0.0036598289263934753
}