{
  "batch_size": 32,
  "beta_1": 0.6734470264539876,
  "beta_2": 0.4065207331843691,
  "block_size": 287,
  "dropout": 0.10229398905792692,
  "epsilon": 0.00016083516348654897,
  "lr": 0.0002306860870578163,
  "n_embd": 48,
  "n_head": 2,
  "n_layer": 1,
  "seed": 921793709,
  "weight_decay": 4.865878430822395e-07
}