{
  "batch_size": 76.5350355224862,
  "beta_1": 0.8124105776695602,
  "beta_2": 0.5230841735802334,
  "block_size": 74.07530617696548,
  "dropout": 0.3014612862350545,
  "epsilon": 0.0007170406396366008,
  "lr": 0.04744887311779201,
  "n_embd": 14.972383982493264,
  "n_head": 2.9298009702325887,
  "n_layer": 4.891172357857161,
  "seed": 443825445.94233596,
  "weight_decay": 0.00027551043534676745
}