{
  "batch_size": 43,
  "beta_1": 0.6912143183735678,
  "beta_2": 0.1655151501509007,
  "block_size": 374,
  "dropout": 0.06896956114562325,
  "epsilon": 0.00024808246419904005,
  "lr": 0.0006018659186681663,
  "n_embd": 42,
  "n_head": 1,
  "n_layer": 3,
  "seed": 400826042,
  "weight_decay": 3.142561014740013e-06
}