{
  "batch_size": 42.95855085099562,
  "beta_1": 0.6908102081043874,
  "beta_2": 0.8286839027334122,
  "block_size": 295.4668299101036,
  "dropout": 0.40181006203338643,
  "epsilon": 0.0005708214038362066,
  "lr": 0.04136172762011358,
  "n_embd": 3.5700865370707517,
  "n_head": 5.080104477206719,
  "n_layer": 2.123289089049374,
  "seed": 329645489.5164047,
  "weight_decay": 0.00927830147487165
}