{
  "batch_size": 87.29467140472916,
  "beta_1": 0.8720926073404176,
  "beta_2": 0.11385319520686003,
  "block_size": 307.3348544745529,
  "dropout": 0.18380026583334397,
  "epsilon": 0.0005163289846003533,
  "lr": 0.023373908757474315,
  "n_embd": 16.22341645179434,
  "n_head": 2.9132813816922463,
  "n_layer": 5.976626742964002,
  "seed": 1451840627.7597535,
  "weight_decay": 0.009283420814225087
}