{
  "batch_size": 87,
  "beta_1": 0.4531446412775345,
  "beta_2": 0.4206466462547521,
  "block_size": 83,
  "dropout": 0.4876692024175988,
  "epsilon": 2.703808136923637e-09,
  "lr": 2.1321838075715852e-05,
  "n_embd": 51,
  "n_head": 4,
  "n_layer": 4,
  "seed": 879675548,
  "weight_decay": 2.280821341800908e-06
}