{
  "batch_size": 23,
  "beta_1": 0.874222032494224,
  "beta_2": 0.678998072855434,
  "block_size": 151,
  "dropout": 0.36837290993092353,
  "epsilon": 2.6849028920175804e-07,
  "lr": 0.0004262561539490639,
  "n_embd": 21,
  "n_head": 5,
  "n_layer": 3,
  "seed": 1681940714,
  "weight_decay": 3.7723538592011908e-06
}