{
  "batch_size": 69.56520784070005,
  "beta_1": 0.10769447428922418,
  "beta_2": 0.175492778677376,
  "block_size": 221.64420455507923,
  "dropout": 0.48987567229887163,
  "epsilon": 0.0006882551877759275,
  "lr": 0.05395763614165802,
  "n_embd": 9.877608771966585,
  "n_head": 6.02919439214493,
  "n_layer": 3.422043256493966,
  "seed": 685223183.606023,
  "weight_decay": 0.0021417038673657686
}