{
  "batch_size": 67.7179536149246,
  "beta_1": 0.20085326215593766,
  "beta_2": 0.12980295306928827,
  "block_size": 80.91855915270243,
  "dropout": 0.26475027792212563,
  "epsilon": 0.0002446810740269198,
  "lr": 0.09497323173418945,
  "n_embd": 14.824574536214216,
  "n_head": 6.210645021144715,
  "n_layer": 6.137341008488213,
  "seed": 1812172651.7613177,
  "weight_decay": 0.007704045194841694
}