{
  "batch_size": 80,
  "beta_1": 0.7261468328178674,
  "beta_2": 0.959577584615163,
  "block_size": 248,
  "dropout": 0.411286781270961,
  "epsilon": 1.341731e-10,
  "lr": 0.000653736919377,
  "n_embd": 23,
  "n_head": 3,
  "n_layer": 4,
  "seed": 921387200.9320122,
  "weight_decay": 4.125858609e-07
}