{
  "batch_size": 94.03266414280944,
  "beta_1": 0.9847347035207059,
  "beta_2": 0.6935630776660393,
  "block_size": 115.52965895982655,
  "dropout": 0.12099228215706073,
  "epsilon": 7.428328759234087e-05,
  "lr": 0.05246170281116057,
  "n_embd": 10.751208020543748,
  "n_head": 1.8170203458868568,
  "n_layer": 6.766742078569764,
  "seed": 2035728142.649161,
  "weight_decay": 0.0060258775077242106
}