{
  "batch_size": 75.89628582081892,
  "beta_1": 0.5546128975317962,
  "beta_2": 0.3534711979623103,
  "block_size": 266.5350889990599,
  "dropout": 0.19224281256436238,
  "epsilon": 6.87885028769264e-05,
  "lr": 0.08044669825071578,
  "n_embd": 0.4696286230717217,
  "n_head": 1.858667337966608,
  "n_layer": 3.9309836597707877,
  "seed": 1565612185.5744448,
  "weight_decay": 0.005374076295494527
}