{
  "batch_size": 92.62031427114597,
  "beta_1": 0.679623026753315,
  "beta_2": 0.4978893136452769,
  "block_size": 226.1505960812508,
  "dropout": 0.20173308119164451,
  "epsilon": 0.0003527574492964825,
  "lr": 0.04767746582276599,
  "n_embd": 6.451771476709469,
  "n_head": 6.659623732685531,
  "n_layer": 2.6280290829742947,
  "seed": 986623112.3447889,
  "weight_decay": 0.008640491439158512
}