{
  "batch_size": 81.33075858221814,
  "beta_1": 0.5599395085320821,
  "beta_2": 0.9431298889743184,
  "block_size": 235.04787175462863,
  "dropout": 0.1544348411420943,
  "epsilon": 0.00014492859497789226,
  "lr": 0.013151079101077911,
  "n_embd": 35.43282040373202,
  "n_head": 2.044832348075021,
  "n_layer": 1.674439832089058,
  "seed": 592671627.4865971,
  "weight_decay": 0.0027033439647910747
}