{
  "batch_size": 40.49954607605713,
  "beta_1": 0.32284691872935367,
  "beta_2": 0.6138828448706919,
  "block_size": 138.88792847731,
  "dropout": 0.39412126217092613,
  "epsilon": 0.0008680740385103562,
  "lr": 0.06513877269589222,
  "n_embd": 35.66245119266162,
  "n_head": 4.067220828122126,
  "n_layer": 3.9317499508513136,
  "seed": 1798520652.6426516,
  "weight_decay": 0.0010241128061699667
}