{
  "batch_size": 42,
  "beta_1": 0.534762027296045,
  "beta_2": 0.8418411161719379,
  "block_size": 200,
  "dropout": 0.21907348707580215,
  "epsilon": 1.372204711331452e-06,
  "lr": 0.001176945628354587,
  "n_embd": 27,
  "n_head": 5,
  "n_layer": 6,
  "seed": 658013567,
  "weight_decay": 3.141482332793625e-07
}