{
  "batch_size": 76,
  "beta_1": 0.6334765679754599,
  "beta_2": 0.8182742041021648,
  "block_size": 308,
  "dropout": 0.18682218758514765,
  "epsilon": 3.2510270185048065e-06,
  "lr": 1.7262141953794953e-05,
  "n_embd": 47,
  "n_head": 6,
  "n_layer": 6,
  "seed": 1371912069,
  "weight_decay": 1.4482407523630706e-05
}