{
  "batch_size": 86.83403356307194,
  "beta_1": 0.13031307312425508,
  "beta_2": 0.44149974100719636,
  "block_size": 232.04516439195586,
  "dropout": 0.19466424630825419,
  "epsilon": 0.000203554874196188,
  "lr": 0.005934015014512077,
  "n_embd": 52.457520331353656,
  "n_head": 5.53199285180907,
  "n_layer": 5.344978246231149,
  "seed": 551334317.1425643,
  "weight_decay": 0.004546040574147434
}