{
  "batch_size": 72.35373826564941,
  "beta_1": 0.23269845628637528,
  "beta_2": 0.20429964325110989,
  "block_size": 351.4594201234839,
  "dropout": 0.1805079500050657,
  "epsilon": 0.00015652117370075098,
  "lr": 0.07833517833096067,
  "n_embd": 11.624739131104931,
  "n_head": 6.891271512407184,
  "n_layer": 2.3786515188213206,
  "seed": 964255581.316219,
  "weight_decay": 0.006072757618328273
}