{
  "batch_size": 27.98254917738227,
  "beta_1": 0.8851195737365326,
  "beta_2": 0.8432004611051857,
  "block_size": 340.49033078225784,
  "dropout": 0.3581406367724924,
  "epsilon": 0.0009156054846124821,
  "lr": 0.0330400960567017,
  "n_embd": 35.04563156665392,
  "n_head": 2.6436115953674015,
  "n_layer": 4.5199581023496265,
  "seed": 1574873832.7417073,
  "weight_decay": 0.00296490891684016
}