{
  "batch_size": 91.56535591854869,
  "beta_1": 0.5914013384751968,
  "beta_2": 0.2944839868413328,
  "block_size": 95.79857582559515,
  "dropout": 0.1698496706481627,
  "epsilon": 0.0004240895864692235,
  "lr": 0.026508521215740485,
  "n_embd": 12.746541224674125,
  "n_head": 1.8063876506872216,
  "n_layer": 5.192436395644816,
  "seed": 1608808928.660407,
  "weight_decay": 0.005358707384716853
}