{
  "batch_size": 89,
  "beta_1": 0.9681006281586937,
  "beta_2": 0.5463269898995218,
  "block_size": 204,
  "dropout": 0.08587098960600778,
  "epsilon": 0.00014071326845164803,
  "lr": 0.00013186323436955113,
  "n_embd": 36,
  "n_head": 4,
  "n_layer": 1,
  "seed": 2009107704,
  "weight_decay": 4.791257366293103e-06
}