{
  "batch_size": 32,
  "beta_1": 0.5308331379063156,
  "beta_2": 0.6850809258616205,
  "block_size": 199,
  "dropout": 0.15189524027091372,
  "epsilon": 3.1699839180741224e-10,
  "lr": 3.5539422382534556e-06,
  "n_embd": 27,
  "n_head": 1,
  "n_layer": 6,
  "seed": 196359754,
  "weight_decay": 5.040277726612359e-06
}