{
  "batch_size": 81,
  "beta_1": 0.6945744121195747,
  "beta_2": 0.4442414764909174,
  "block_size": 155,
  "dropout": 0.1182618722000776,
  "epsilon": 0.0001945290944319,
  "lr": 0.0032009470075774,
  "n_embd": 38,
  "n_head": 4,
  "n_layer": 1,
  "seed": 1285946148.5172594,
  "weight_decay": 1.09302413e-08
}