{
  "batch_size": 89.49812084576149,
  "beta_1": 0.9587012913887669,
  "beta_2": 0.48863217745458254,
  "block_size": 136.81058389206106,
  "dropout": 0.40240796891979114,
  "epsilon": 0.0003801265713346781,
  "lr": 0.04668058702301718,
  "n_embd": 46.018571856819534,
  "n_head": 6.22243390584542,
  "n_layer": 2.447966236628638,
  "seed": 1609094427.1125886,
  "weight_decay": 0.0065252282488780814
}