{
  "batch_size": 39,
  "beta_1": 0.5311594313523769,
  "beta_2": 0.38812189039086054,
  "block_size": 203,
  "dropout": 0.41510810823794264,
  "epsilon": 2.7499453869167177e-06,
  "lr": 1.3009514540724126e-06,
  "n_embd": 33,
  "n_head": 1,
  "n_layer": 3,
  "seed": 864417475,
  "weight_decay": 4.4135771438554745e-08
}