{
  "batch_size": 39,
  "beta_1": 0.599021533833534,
  "beta_2": 0.8401948948731146,
  "block_size": 77,
  "dropout": 0.1595076978877986,
  "epsilon": 3.473502e-10,
  "lr": 0.0001671266266698,
  "n_embd": 30,
  "n_head": 5,
  "n_layer": 2,
  "seed": 258997339.22806343,
  "weight_decay": 5.717943978e-07
}