{
  "batch_size": 49,
  "beta_1": 0.14080733390353944,
  "beta_2": 0.40988014693241204,
  "block_size": 372,
  "dropout": 0.22339998302574401,
  "epsilon": 5.304097724541399e-10,
  "lr": 6.425329202104768e-06,
  "n_embd": 38,
  "n_head": 5,
  "n_layer": 4,
  "seed": 1453087922,
  "weight_decay": 1.3895370692228767e-05
}