{
  "batch_size": 65,
  "beta_1": 0.9427814338642124,
  "beta_2": 0.48697096188005184,
  "block_size": 209,
  "dropout": 0.2946955185957011,
  "epsilon": 4.930116039043245e-08,
  "lr": 3.3418201808450665e-05,
  "n_embd": 37,
  "n_head": 5,
  "n_layer": 2,
  "seed": 720396662,
  "weight_decay": 0.005366903115258219
}