{
  "batch_size": 63.343810288669374,
  "beta_1": 0.6661861361486815,
  "beta_2": 0.1440115017020399,
  "block_size": 302.4174018270862,
  "dropout": 0.42703647656521737,
  "epsilon": 0.0004709951701359169,
  "lr": 0.03033031026534645,
  "n_embd": 23.318735364809765,
  "n_head": 5.96450903071249,
  "n_layer": 3.764191560887514,
  "seed": 1936951156.3861349,
  "weight_decay": 0.004693565745378246
}