{
  "batch_size": 58.81615295038526,
  "beta_1": 0.972869657035216,
  "beta_2": 0.5149039973644758,
  "block_size": 355.4390451023047,
  "dropout": 0.2475457667373343,
  "epsilon": 0.0005806395078598521,
  "lr": 0.04637573498431302,
  "n_embd": 5.981534726138582,
  "n_head": 3.840260265171745,
  "n_layer": 6.662548927334212,
  "seed": 1250910248.5360217,
  "weight_decay": 0.00849369728411863
}