{
  "batch_size": 61.282832541791464,
  "beta_1": 0.40063246948864617,
  "beta_2": 0.5698872351533812,
  "block_size": 76.29645432306155,
  "dropout": 0.26146422862345864,
  "epsilon": 0.00034599363603673105,
  "lr": 0.08462983023668413,
  "n_embd": 28.33054580473704,
  "n_head": 1.4455369893732757,
  "n_layer": 5.960665005818544,
  "seed": 980133824.4457874,
  "weight_decay": 0.0010128828170521587
}