{
  "batch_size": 21,
  "beta_1": 0.3695014844776787,
  "beta_2": 0.8587066201096701,
  "block_size": 133,
  "dropout": 0.16000382546989153,
  "epsilon": 5.447823510461203e-07,
  "lr": 0.00020166695193191936,
  "n_embd": 27,
  "n_head": 4,
  "n_layer": 3,
  "seed": 46736697,
  "weight_decay": 4.854331940604386e-06
}