{
  "batch_size": 84.89071739871241,
  "beta_1": 0.3839764897196529,
  "beta_2": 0.13317598138272638,
  "block_size": 261.08475412218525,
  "dropout": 0.15139540254589978,
  "epsilon": 0.0004069532127298483,
  "lr": 0.007797590865508152,
  "n_embd": 4.281826693732987,
  "n_head": 6.720016756439767,
  "n_layer": 5.112193771876278,
  "seed": 1139489358.9890378,
  "weight_decay": 0.00732054061953999
}