{
  "batch_size": 31.769009968995796,
  "beta_1": 0.4039184983802113,
  "beta_2": 0.7282388739402709,
  "block_size": 305.05854009467043,
  "dropout": 0.1225654910608792,
  "epsilon": 8.416725139407627e-05,
  "lr": 0.008395755368926018,
  "n_embd": 35.781158275030485,
  "n_head": 1.814609507130883,
  "n_layer": 6.0460825094865935,
  "seed": 531834673.00743663,
  "weight_decay": 0.0038116050257971735
}