{
  "batch_size": 36,
  "beta_1": 0.1059575989906557,
  "beta_2": 0.9312537450884368,
  "block_size": 369,
  "dropout": 0.1241147413166368,
  "epsilon": 6.1028955949e-06,
  "lr": 0.0022788350852365,
  "n_embd": 40,
  "n_head": 1,
  "n_layer": 2,
  "seed": 1285368649.3707104,
  "weight_decay": 3.784658995e-07
}