{
  "batch_size": 62.48334570088181,
  "beta_1": 0.9213911794744861,
  "beta_2": 0.3534821732195458,
  "block_size": 240.4813372396513,
  "dropout": 0.3460140352921012,
  "epsilon": 0.0008817280463573007,
  "lr": 0.0009537805321820637,
  "n_embd": 3.9668226573412912,
  "n_head": 3.6897334848311387,
  "n_layer": 6.2676333810790394,
  "seed": 2237806.3552630628,
  "weight_decay": 0.008842543433639197
}