{
  "batch_size": 60,
  "beta_1": 0.4846477858045274,
  "beta_2": 0.7297428325903034,
  "block_size": 319,
  "dropout": 0.4149717694738807,
  "epsilon": 7.256602757530085e-10,
  "lr": 0.05213135767386018,
  "n_embd": 12,
  "n_head": 4,
  "n_layer": 5,
  "seed": 66814684,
  "weight_decay": 1.3352198425590918e-08
}