{
  "batch_size": 29,
  "beta_1": 0.21576364778286033,
  "beta_2": 0.28757753685458387,
  "block_size": 147,
  "dropout": 0.1682363429636191,
  "epsilon": 2.2225077271489854e-05,
  "lr": 3.679454054240527e-05,
  "n_embd": 1,
  "n_head": 1,
  "n_layer": 3,
  "seed": 125653211,
  "weight_decay": 0.00010148278485766092
}