{
  "batch_size": 93.83219266926528,
  "beta_1": 0.9616871725130024,
  "beta_2": 0.8300226996518257,
  "block_size": 310.60823821655197,
  "dropout": 0.24701333015274385,
  "epsilon": 0.0007391854588962699,
  "lr": 0.018007282696697238,
  "n_embd": 52.33494947476451,
  "n_head": 2.6289735259234837,
  "n_layer": 3.1870170019351027,
  "seed": 1150481306.6076875,
  "weight_decay": 0.004645200469512877
}