{
  "batch_size": 39.66070468394522,
  "beta_1": 0.658829224182337,
  "beta_2": 0.6515932676475921,
  "block_size": 307.61008670336673,
  "dropout": 0.43955709897566086,
  "epsilon": 0.00027880174821485175,
  "lr": 0.06561376356269141,
  "n_embd": 36.01712441908727,
  "n_head": 1.5308403881589778,
  "n_layer": 2.9135900089427746,
  "seed": 644382333.8889542,
  "weight_decay": 0.0012791227062648393
}