{
  "batch_size": 60.604401994120806,
  "beta_1": 0.4842653054188554,
  "beta_2": 0.7751179725078189,
  "block_size": 114.79232025330327,
  "dropout": 0.35604227319572446,
  "epsilon": 0.0009982919023016166,
  "lr": 0.0482623522818604,
  "n_embd": 25.62816776312849,
  "n_head": 5.346317068565447,
  "n_layer": 4.749596724140323,
  "seed": 2119324892.0062938,
  "weight_decay": 0.009256370745496909
}