{
  "batch_size": 78.7895606466158,
  "beta_1": 0.3945066595520047,
  "beta_2": 0.11174805995038707,
  "block_size": 354.2508231288109,
  "dropout": 0.10613049577970242,
  "epsilon": 0.000576027341019651,
  "lr": 0.027242788883954303,
  "n_embd": 7.908986478164221,
  "n_head": 2.7149421728369156,
  "n_layer": 3.9461676414944162,
  "seed": 1706257610.2300828,
  "weight_decay": 0.0077270767614281985
}