{
  "batch_size": 70.33407165395411,
  "beta_1": 0.4779556689027622,
  "beta_2": 0.12214765949209988,
  "block_size": 364.5362279746031,
  "dropout": 0.11545402063048643,
  "epsilon": 0.000539800328904846,
  "lr": 0.0403806720774856,
  "n_embd": 19.947617436644848,
  "n_head": 5.310878325912878,
  "n_layer": 6.690960557915313,
  "seed": 2053673562.6089401,
  "weight_decay": 0.007867297421725452
}