{
  "batch_size": 26,
  "beta_1": 0.22882669947276876,
  "beta_2": 0.3066390602523691,
  "block_size": 356,
  "dropout": 0.18323961852364556,
  "epsilon": 7.142948744111681e-09,
  "lr": 0.00021319415430329138,
  "n_embd": 42,
  "n_head": 6,
  "n_layer": 5,
  "seed": 1868902399,
  "weight_decay": 3.648824555261732e-06
}