{
  "batch_size": 49,
  "beta_1": 0.9380066166438312,
  "beta_2": 0.3918065248314755,
  "block_size": 192,
  "dropout": 0.36310015952426833,
  "epsilon": 0.0003581112464407221,
  "lr": 0.007915555970797006,
  "n_embd": 13,
  "n_head": 1,
  "n_layer": 4,
  "seed": 2116691318,
  "weight_decay": 0.00023034353198923797
}