{
  "batch_size": 31,
  "beta_1": 0.3509273555055106,
  "beta_2": 0.6621798206131343,
  "block_size": 307,
  "dropout": 0.385337927384134,
  "epsilon": 2.6574071576510277e-08,
  "lr": 2.0557182617585232e-06,
  "n_embd": 34,
  "n_head": 6,
  "n_layer": 6,
  "seed": 1837652676,
  "weight_decay": 4.4781423238861496e-05
}