{
  "batch_size": 78.48962812040153,
  "beta_1": 0.8312711963153736,
  "beta_2": 0.7023190319097826,
  "block_size": 372.62292969609354,
  "dropout": 0.14128453201446112,
  "epsilon": 0.0006185123780998288,
  "lr": 0.015628189770096456,
  "n_embd": 4.293590141721544,
  "n_head": 4.011852398265084,
  "n_layer": 4.147426820090487,
  "seed": 1300206303.9431734,
  "weight_decay": 0.009844049712631297
}