{
  "batch_size": 16,
  "beta_1": 0.6291747816685822,
  "beta_2": 0.171437892967998,
  "block_size": 268,
  "dropout": 0.48542528533607654,
  "epsilon": 9.64287870227254e-07,
  "lr": 6.995666832435455e-06,
  "n_embd": 52,
  "n_head": 1,
  "n_layer": 6,
  "seed": 853542600,
  "weight_decay": 6.136779346229164e-05
}