{
  "batch_size": 85.3963362541053,
  "beta_1": 0.16771664740882836,
  "beta_2": 0.7866069174805524,
  "block_size": 84.18601520576011,
  "dropout": 0.3731343476786634,
  "epsilon": 0.0003425129467473184,
  "lr": 0.06984946816072772,
  "n_embd": 46.979764208292714,
  "n_head": 1.6655611827779566,
  "n_layer": 2.3294118044990473,
  "seed": 1879607610.3551712,
  "weight_decay": 0.005559781178461957
}