{
  "batch_size": 47.383371746423194,
  "beta_1": 0.36439995198925457,
  "beta_2": 0.39993773140168365,
  "block_size": 138.35002338810114,
  "dropout": 0.31847830642858393,
  "epsilon": 0.0002565403775818605,
  "lr": 0.049325912768445605,
  "n_embd": 36.35375668859461,
  "n_head": 6.3836936075919635,
  "n_layer": 2.861952592385248,
  "seed": 2139168708.9318714,
  "weight_decay": 0.00898984469753351
}