{
  "batch_size": 75,
  "beta_1": 0.5010050471204603,
  "beta_2": 0.16516759593165942,
  "block_size": 118,
  "dropout": 0.21797122688417306,
  "epsilon": 1.0614881057849605e-07,
  "lr": 0.00028660111975532164,
  "n_embd": 49,
  "n_head": 6,
  "n_layer": 5,
  "seed": 1367511175,
  "weight_decay": 3.4704776981774687e-07
}