{
  "batch_size": 73.91713412311596,
  "beta_1": 0.5940521254166449,
  "beta_2": 0.5588837338714591,
  "block_size": 100.13077543401747,
  "dropout": 0.2292765076658658,
  "epsilon": 0.00020297391426055825,
  "lr": 0.06438368339854648,
  "n_embd": 37.00868270908344,
  "n_head": 2.232172213097874,
  "n_layer": 6.116966630741519,
  "seed": 206751767.5368693,
  "weight_decay": 0.00439203709439966
}