{
  "batch_size": 64.53596280089596,
  "beta_1": 0.45212484702546296,
  "beta_2": 0.5760669047031985,
  "block_size": 330.6546986071325,
  "dropout": 0.4751488524591352,
  "epsilon": 0.0008507857488474889,
  "lr": 0.03798556184248511,
  "n_embd": 9.900916832027788,
  "n_head": 3.9697798909299817,
  "n_layer": 2.1317670711044006,
  "seed": 624603848.5898727,
  "weight_decay": 0.009090451490918272
}