{
  "batch_size": 49.868810756345454,
  "beta_1": 0.5332253215511373,
  "beta_2": 0.7912180552769592,
  "block_size": 310.24510790446743,
  "dropout": 0.26213324107383973,
  "epsilon": 0.0006694112970532022,
  "lr": 0.0871032160914455,
  "n_embd": 27.182673413524142,
  "n_head": 6.635604967639569,
  "n_layer": 3.619601331271677,
  "seed": 1860294034.8379374,
  "weight_decay": 0.005490423917784519
}