{
  "batch_size": 40.1075581552046,
  "beta_1": 0.1571120833275802,
  "beta_2": 0.4605489260432478,
  "block_size": 238.32890466588353,
  "dropout": 0.3332231777100815,
  "epsilon": 0.0003393497718099246,
  "lr": 0.09694655097800033,
  "n_embd": 12.243381019104655,
  "n_head": 6.801434120418625,
  "n_layer": 3.822486231919667,
  "seed": 1647414407.3764217,
  "weight_decay": 0.009943307511708407
}