{
  "batch_size": 27.65455263132858,
  "beta_1": 0.6477647340376483,
  "beta_2": 0.2286806348039244,
  "block_size": 333.5123988927475,
  "dropout": 0.18260376431741113,
  "epsilon": 0.0006411486561023959,
  "lr": 0.09545218260858955,
  "n_embd": 3.2186101208945535,
  "n_head": 6.849088742813958,
  "n_layer": 5.349035552530178,
  "seed": 74083972.0787844,
  "weight_decay": 3.729172844654182e-05
}