{
  "batch_size": 65.90115076743771,
  "beta_1": 0.15353353269154718,
  "beta_2": 0.18237822453145053,
  "block_size": 126.15272019230616,
  "dropout": 0.10823096491186926,
  "epsilon": 0.0009750887704586627,
  "lr": 0.05910639331302526,
  "n_embd": 51.88717541218551,
  "n_head": 2.497134619159212,
  "n_layer": 6.0633907595728065,
  "seed": 1174764269.985794,
  "weight_decay": 0.005774015826452399
}