{
  "batch_size": 37,
  "beta_1": 0.7571596592691698,
  "beta_2": 0.580409866341248,
  "block_size": 79,
  "dropout": 0.4036890108885445,
  "epsilon": 8.88650575456088e-05,
  "lr": 0.0005984161119115343,
  "n_embd": 11,
  "n_head": 1,
  "n_layer": 6,
  "seed": 1327106870,
  "weight_decay": 6.060873383442871e-08
}