{
  "batch_size": 85,
  "beta_1": 0.6356478581527025,
  "beta_2": 0.134259211842511,
  "block_size": 283,
  "dropout": 0.2689277844626976,
  "epsilon": 3.6055634e-09,
  "lr": 2.19160837205e-05,
  "n_embd": 43,
  "n_head": 3,
  "n_layer": 5,
  "seed": 769967378.3749914,
  "weight_decay": 0.0008318883516801
}