{
  "batch_size": 55.53663406774136,
  "beta_1": 0.5957077135476299,
  "beta_2": 0.8345870394202657,
  "block_size": 291.8245145188055,
  "dropout": 0.34702498023930173,
  "epsilon": 0.0004216582748996381,
  "lr": 0.052648244330178666,
  "n_embd": 9.667704505634097,
  "n_head": 3.3667281588072124,
  "n_layer": 3.0500905802972884,
  "seed": 1288347368.525798,
  "weight_decay": 0.00019832159758788684
}