{
  "batch_size": 31,
  "beta_1": 0.5589859724356849,
  "beta_2": 0.163997350568236,
  "block_size": 268,
  "dropout": 0.4202670111615735,
  "epsilon": 1.73795615271e-05,
  "lr": 0.0009737332299409,
  "n_embd": 47,
  "n_head": 3,
  "n_layer": 4,
  "seed": 1759018629.5721776,
  "weight_decay": 0.0018444164376717
}