{
  "batch_size": 51.685643418885995,
  "beta_1": 0.8229948441558821,
  "beta_2": 0.38480041088589667,
  "block_size": 155.67505151512583,
  "dropout": 0.17597149458114247,
  "epsilon": 0.00012820179680179258,
  "lr": 0.09188566540563499,
  "n_embd": 29.746142223907224,
  "n_head": 3.0437441626525246,
  "n_layer": 4.959213970852647,
  "seed": 1196222851.9544013,
  "weight_decay": 0.003966323968661184
}