{
  "batch_size": 23.50973666481971,
  "beta_1": 0.8336865503154473,
  "beta_2": 0.630981546928284,
  "block_size": 156.35898803282987,
  "dropout": 0.4149000958563349,
  "epsilon": 0.00015655958033402329,
  "lr": 0.07885752750995643,
  "n_embd": 30.776084693645622,
  "n_head": 3.1557349250790763,
  "n_layer": 4.668102284751642,
  "seed": 1454643997.1854742,
  "weight_decay": 0.009703589272042906
}