{
  "batch_size": 96.42593345852794,
  "beta_1": 0.19486124847814368,
  "beta_2": 0.8090237099809274,
  "block_size": 166.40205943006464,
  "dropout": 0.46576053311716614,
  "epsilon": 0.0009666248357301005,
  "lr": 0.03516227547465538,
  "n_embd": 52.37942710658727,
  "n_head": 1.5974945758207704,
  "n_layer": 4.713420023429091,
  "seed": 1004715872.7494131,
  "weight_decay": 0.0017815436078026132
}