{
  "batch_size": 93.9287058878473,
  "beta_1": 0.8066490657046242,
  "beta_2": 0.5853382743849662,
  "block_size": 373.85377528005375,
  "dropout": 0.399430787735658,
  "epsilon": 0.0008094534991483761,
  "lr": 0.03432496342004796,
  "n_embd": 20.788668782632552,
  "n_head": 6.576540777508481,
  "n_layer": 5.612030483977831,
  "seed": 1657924490.890168,
  "weight_decay": 0.004018867359951208
}