{
  "batch_size": 60,
  "beta_1": 0.8532827198592242,
  "beta_2": 0.18572689506501847,
  "block_size": 143,
  "dropout": 0.3084397679599018,
  "epsilon": 2.9220293199631627e-06,
  "lr": 0.006374140131741499,
  "n_embd": 51,
  "n_head": 5,
  "n_layer": 2,
  "seed": 1596114159,
  "weight_decay": 1.4099939944348959e-07
}