{
  "batch_size": 69.76002904224006,
  "beta_1": 0.6334121324206681,
  "beta_2": 0.1584596936582428,
  "block_size": 154.40763463248663,
  "dropout": 0.16817581717408636,
  "epsilon": 0.0007782299426141563,
  "lr": 0.09606854113884927,
  "n_embd": 34.918712111099374,
  "n_head": 1.4928119504037742,
  "n_layer": 3.20061739467068,
  "seed": 752725638.7483579,
  "weight_decay": 0.004758592411521256
}