{
  "batch_size": 33,
  "beta_1": 0.6942591973588739,
  "beta_2": 0.7425123669861374,
  "block_size": 193,
  "dropout": 0.4339908964488307,
  "epsilon": 8.158829389930219e-05,
  "lr": 0.1071148618222856,
  "n_embd": 44,
  "n_head": 4,
  "n_layer": 2,
  "seed": 1682046141,
  "weight_decay": 0.0006114646868815752
}