{
  "batch_size": 39,
  "beta_1": 0.1705384575351822,
  "beta_2": 0.4786140543359184,
  "block_size": 118,
  "dropout": 0.4654641463751813,
  "epsilon": 3.9847820540030423e-07,
  "lr": 7.071097975140397e-05,
  "n_embd": 38,
  "n_head": 6,
  "n_layer": 1,
  "seed": 846304802,
  "weight_decay": 0.00015655486921035128
}