{
  "batch_size": 18,
  "beta_1": 0.9668833079294337,
  "beta_2": 0.6687028054273073,
  "block_size": 378,
  "dropout": 0.0569967633220233,
  "epsilon": 5.130578923688218e-10,
  "lr": 1.0143740221309333e-06,
  "n_embd": 19,
  "n_head": 1,
  "n_layer": 5,
  "seed": 430859600,
  "weight_decay": 7.996711636784742e-08
}