{
  "batch_size": 84.04793471817702,
  "beta_1": 0.17395396898202137,
  "beta_2": 0.437780592423495,
  "block_size": 258.3586674439928,
  "dropout": 0.26796871612450635,
  "epsilon": 0.0004385172263171678,
  "lr": 0.0598058583975144,
  "n_embd": 41.075650040418495,
  "n_head": 6.964456151534615,
  "n_layer": 5.712841890195361,
  "seed": 641886832.9612234,
  "weight_decay": 0.0071518826395802395
}