{
  "batch_size": 16.813037650787642,
  "beta_1": 0.8334662769872339,
  "beta_2": 0.547682142405954,
  "block_size": 326.4500783689413,
  "dropout": 0.14295247839104938,
  "epsilon": 0.0002667740290904903,
  "lr": 0.09015605890458922,
  "n_embd": 25.87076831412733,
  "n_head": 1.5316976801641395,
  "n_layer": 4.914282335644822,
  "seed": 361313867.5930819,
  "weight_decay": 0.002007296207119332
}