{
  "batch_size": 88,
  "beta_1": 0.6972518808795427,
  "beta_2": 0.7037204995331198,
  "block_size": 204,
  "dropout": 0.21803258211313287,
  "epsilon": 0.00015342629753618508,
  "lr": 0.003277655085800936,
  "n_embd": 15,
  "n_head": 6,
  "n_layer": 2,
  "seed": 899664619,
  "weight_decay": 7.62544526894167e-06
}