{
  "batch_size": 49,
  "beta_1": 0.7979155362763458,
  "beta_2": 0.6045335246244005,
  "block_size": 170,
  "dropout": 0.3409783631964078,
  "epsilon": 2.0638679508e-06,
  "lr": 0.0008551222485751,
  "n_embd": 27,
  "n_head": 4,
  "n_layer": 5,
  "seed": 1686021565.6782126,
  "weight_decay": 7.818550795e-07
}