{
  "batch_size": 35,
  "beta_1": 0.23529057122295918,
  "beta_2": 0.6647585780361723,
  "block_size": 75,
  "dropout": 0.11322863318489418,
  "epsilon": 2.262661435735204e-07,
  "lr": 0.001057236213620819,
  "n_embd": 18,
  "n_head": 5,
  "n_layer": 1,
  "seed": 1001263084,
  "weight_decay": 3.553896351580606e-06
}