{
  "batch_size": 57,
  "beta_1": 0.23777240085331316,
  "beta_2": 0.6007728785023019,
  "block_size": 69,
  "dropout": 0.297109002177825,
  "epsilon": 3.5975821179096293e-05,
  "lr": 0.0004964186633441802,
  "n_embd": 17,
  "n_head": 5,
  "n_layer": 4,
  "seed": 874143798,
  "weight_decay": 5.165797616204097e-07
}