{
  "batch_size": 89.64012537752987,
  "beta_1": 0.7669474621170751,
  "beta_2": 0.40046288858589496,
  "block_size": 100.24537809685323,
  "dropout": 0.4171413856491675,
  "epsilon": 0.0006532273151790439,
  "lr": 0.00588490849137539,
  "n_embd": 44.6901775525293,
  "n_head": 5.889084855419274,
  "n_layer": 6.44932551671582,
  "seed": 1995958028.8438268,
  "weight_decay": 3.703959141669163e-05
}