{
  "batch_size": 67,
  "beta_1": 0.9868227939711423,
  "beta_2": 0.5671801946404819,
  "block_size": 116,
  "dropout": 0.18535150418507684,
  "epsilon": 1.59625767345809e-10,
  "lr": 4.010287311076328e-06,
  "n_embd": 3,
  "n_head": 5,
  "n_layer": 4,
  "seed": 1396965264,
  "weight_decay": 7.619891245188851e-06
}