{
  "batch_size": 53.272459377197116,
  "beta_1": 0.947594096077147,
  "beta_2": 0.36405426737528723,
  "block_size": 360.57662234817326,
  "dropout": 0.27920627651179764,
  "epsilon": 0.0004786170376798765,
  "lr": 0.0263728006964867,
  "n_embd": 34.43555089408069,
  "n_head": 2.579358589510519,
  "n_layer": 1.0793168268378652,
  "seed": 806162869.1940517,
  "weight_decay": 0.008259765239373993
}