{
  "batch_size": 69,
  "beta_1": 0.4049155202728576,
  "beta_2": 0.6229816564400364,
  "block_size": 160,
  "dropout": 0.12134602553997778,
  "epsilon": 0.000327176167881009,
  "lr": 0.020180378810012743,
  "n_embd": 49,
  "n_head": 5,
  "n_layer": 1,
  "seed": 607321830,
  "weight_decay": 0.0016380027280035359
}