{
  "batch_size": 43.51213170919334,
  "beta_1": 0.6872746480163711,
  "beta_2": 0.27016407613592863,
  "block_size": 377.2372422647958,
  "dropout": 0.4763110934606466,
  "epsilon": 7.206854054825912e-05,
  "lr": 0.06393293956484178,
  "n_embd": 42.795058012361,
  "n_head": 4.593317129501926,
  "n_layer": 5.540272391650989,
  "seed": 1860204669.1857574,
  "weight_decay": 0.004393219939911414
}