{
  "batch_size": 48,
  "beta_1": 0.5367450982720884,
  "beta_2": 0.6447669074031132,
  "block_size": 218,
  "dropout": 0.141743073456529,
  "epsilon": 0.0001426422856851,
  "lr": 0.0254847346960796,
  "n_embd": 42,
  "n_head": 2,
  "n_layer": 2,
  "seed": 1887198897.159797,
  "weight_decay": 1.94024114e-08
}