{
  "batch_size": 47.18265925047492,
  "beta_1": 0.10201138482825711,
  "beta_2": 0.8752407040685115,
  "block_size": 306.42845223593247,
  "dropout": 0.11957554375619953,
  "epsilon": 0.00014425252858277736,
  "lr": 0.07057122922055825,
  "n_embd": 40.747513625564686,
  "n_head": 4.313556051030169,
  "n_layer": 2.5235093925703396,
  "seed": 1586815843.0968392,
  "weight_decay": 0.008865035133403225
}