{
  "batch_size": 81.66254863678381,
  "beta_1": 0.16552288718737834,
  "beta_2": 0.38029348715977596,
  "block_size": 324.67418942951844,
  "dropout": 0.3945644044159131,
  "epsilon": 0.00040931730545849126,
  "lr": 0.006686698994244729,
  "n_embd": 42.47637799261006,
  "n_head": 4.138593294954935,
  "n_layer": 2.3136141966397465,
  "seed": 890098984.5131737,
  "weight_decay": 0.006170326916832071
}