{
  "batch_size": 94,
  "beta_1": 0.422514281094087,
  "beta_2": 0.9303673860154534,
  "block_size": 161,
  "dropout": 0.3362883672723178,
  "epsilon": 4.58958892236e-05,
  "lr": 1.7794080751e-06,
  "n_embd": 25,
  "n_head": 2,
  "n_layer": 4,
  "seed": 950761491.7030349,
  "weight_decay": 5.7864383278e-06
}