{
  "batch_size": 59,
  "beta_1": 0.7391513237179188,
  "beta_2": 0.9326300626826514,
  "block_size": 183,
  "dropout": 0.1746158261354492,
  "epsilon": 3.7757173191e-06,
  "lr": 0.0006174699585671,
  "n_embd": 15,
  "n_head": 4,
  "n_layer": 5,
  "seed": 1691303612.2632196,
  "weight_decay": 0.0001367178344117
}