{
  "batch_size": 44.648054280451106,
  "beta_1": 0.22295642145138767,
  "beta_2": 0.5434258172030345,
  "block_size": 73.04779939384483,
  "dropout": 0.1658502283076712,
  "epsilon": 0.0007184925930958429,
  "lr": 0.0135817370389568,
  "n_embd": 0.5194867367240303,
  "n_head": 3.8612623450109957,
  "n_layer": 3.7623569915600097,
  "seed": 28655761.921430282,
  "weight_decay": 0.004398749751442846
}