{
  "batch_size": 42,
  "beta_1": 0.7426159313700419,
  "beta_2": 0.20224213068604724,
  "block_size": 175,
  "dropout": 0.16974677326687182,
  "epsilon": 4.1414493961133566e-05,
  "lr": 0.0038875494954821073,
  "n_embd": 32,
  "n_head": 5,
  "n_layer": 5,
  "seed": 688291291,
  "weight_decay": 1.1993487685330473e-06
}