{
  "batch_size": 20,
  "beta_1": 0.672413054795382,
  "beta_2": 0.5018017896945857,
  "block_size": 80,
  "dropout": 0.3869781961401616,
  "epsilon": 0.0009926988445819495,
  "lr": 0.007206815309661417,
  "n_embd": 1,
  "n_head": 3,
  "n_layer": 1,
  "seed": 1435496290,
  "weight_decay": 0.00044917554630772145
}