{
  "batch_size": 75.62344303841266,
  "beta_1": 0.24330910882818116,
  "beta_2": 0.5060504457566786,
  "block_size": 322.1208507511639,
  "dropout": 0.2330187507166339,
  "epsilon": 0.0006473812631780241,
  "lr": 0.0617967939986124,
  "n_embd": 0.1974998149257237,
  "n_head": 5.309613522429622,
  "n_layer": 5.511298476795884,
  "seed": 460528990.1663216,
  "weight_decay": 0.006008200357491582
}