{
  "batch_size": 85,
  "beta_1": 0.7341171672538328,
  "beta_2": 0.6320231502322305,
  "block_size": 208,
  "dropout": 0.4175682324683737,
  "epsilon": 1.01951430599e-05,
  "lr": 0.0021180404337986,
  "n_embd": 1,
  "n_head": 5,
  "n_layer": 3,
  "seed": 1037278661.9833134,
  "weight_decay": 0.0002475003874997
}