{
  "batch_size": 80.07817855510221,
  "beta_1": 0.35227041838009243,
  "beta_2": 0.232325496908966,
  "block_size": 321.6278532527471,
  "dropout": 0.46041206613261754,
  "epsilon": 0.000767611647332725,
  "lr": 0.009093376433140838,
  "n_embd": 41.08791290921673,
  "n_head": 3.94204189515095,
  "n_layer": 3.734444826078496,
  "seed": 1611607042.879636,
  "weight_decay": 0.009869014495838652
}