{
  "batch_size": 56.61780006419431,
  "beta_1": 0.5831232002482443,
  "beta_2": 0.5912115804645166,
  "block_size": 185.4878121799165,
  "dropout": 0.15299533478209204,
  "epsilon": 0.0009524723607515074,
  "lr": 0.06740339387534994,
  "n_embd": 25.96860212133595,
  "n_head": 6.578064434553259,
  "n_layer": 2.7376914367037832,
  "seed": 905499269.6677085,
  "weight_decay": 0.002622121305698959
}