{
  "batch_size": 17,
  "beta_1": 0.2433225572274781,
  "beta_2": 0.8325063627906619,
  "block_size": 214,
  "dropout": 0.1972077147676656,
  "epsilon": 0.0008144925198574,
  "lr": 0.0016284317608632,
  "n_embd": 53,
  "n_head": 2,
  "n_layer": 2,
  "seed": 1880997482.3769517,
  "weight_decay": 3.0751010401e-06
}