{
  "batch_size": 43,
  "beta_1": 0.14118717113546794,
  "beta_2": 0.45927101559383565,
  "block_size": 70,
  "dropout": 0.49943862036241315,
  "epsilon": 1.5842428133633868e-08,
  "lr": 1.9943804065626346e-06,
  "n_embd": 6,
  "n_head": 3,
  "n_layer": 3,
  "seed": 715067053,
  "weight_decay": 2.6750481509432e-07
}