{
  "batch_size": 21,
  "beta_1": 0.18789288091363188,
  "beta_2": 0.8162254807954066,
  "block_size": 134,
  "dropout": 0.4709109800738319,
  "epsilon": 8.533662874601616e-10,
  "lr": 4.067893407237918e-06,
  "n_embd": 15,
  "n_head": 3,
  "n_layer": 6,
  "seed": 54551964,
  "weight_decay": 4.239376803355354e-07
}