{
  "batch_size": 58.588655432978726,
  "beta_1": 0.14595352813245877,
  "beta_2": 0.10946276570273078,
  "block_size": 233.00402675462755,
  "dropout": 0.11936779238399504,
  "epsilon": 0.0009794186180808147,
  "lr": 0.07465106059894956,
  "n_embd": 10.154553956680024,
  "n_head": 2.647516465016933,
  "n_layer": 6.462694880157758,
  "seed": 141889155.2121758,
  "weight_decay": 6.132926497635719e-05
}