{
  "batch_size": 28,
  "beta_1": 0.2051744536124708,
  "beta_2": 0.3363710690454956,
  "block_size": 98,
  "dropout": 0.4254419514524598,
  "epsilon": 0.0001335026901432,
  "lr": 0.0012916901230627,
  "n_embd": 15,
  "n_head": 4,
  "n_layer": 4,
  "seed": 315177758.6413672,
  "weight_decay": 7.53984509189e-05
}