{
  "batch_size": 32,
  "beta_1": 0.6462611844028594,
  "beta_2": 0.8787346794524346,
  "block_size": 194,
  "dropout": 0.2705265083904456,
  "epsilon": 0.0001544543998272,
  "lr": 0.0017580368938665,
  "n_embd": 8,
  "n_head": 4,
  "n_layer": 4,
  "seed": 154283909.25540477,
  "weight_decay": 0.0060687667182041
}