{
  "batch_size": 65.93220554132313,
  "beta_1": 0.2427122172626394,
  "beta_2": 0.2914265194363947,
  "block_size": 325.0187983676026,
  "dropout": 0.2845282614047242,
  "epsilon": 0.0005257296435609394,
  "lr": 0.01343118969230197,
  "n_embd": 45.961728803981615,
  "n_head": 6.300013180894222,
  "n_layer": 2.462724777224614,
  "seed": 679142942.2584107,
  "weight_decay": 0.0038894163346598295
}