{
  "batch_size": 45,
  "beta_1": 0.3709094950768108,
  "beta_2": 0.7800724028464643,
  "block_size": 127,
  "dropout": 0.14034208854444707,
  "epsilon": 2.526307862475218e-06,
  "lr": 0.0033245054791998935,
  "n_embd": 9,
  "n_head": 2,
  "n_layer": 2,
  "seed": 217289573,
  "weight_decay": 1.4827952984064824e-07
}