{
  "batch_size": 48.608009905683915,
  "beta_1": 0.13456143195853454,
  "beta_2": 0.2903110314623534,
  "block_size": 294.1101001973776,
  "dropout": 0.15984549814604743,
  "epsilon": 7.739330038057632e-05,
  "lr": 0.07899717750131931,
  "n_embd": 10.379004884761798,
  "n_head": 2.547260963007559,
  "n_layer": 6.544867546706529,
  "seed": 1547380740.8947709,
  "weight_decay": 0.001038041845516541
}