{
  "batch_size": 32,
  "beta_1": 0.8008340862477563,
  "beta_2": 0.9076252862382386,
  "block_size": 272,
  "dropout": 0.1798832207447603,
  "epsilon": 1.064886e-10,
  "lr": 0.0071761758789064,
  "n_embd": 11,
  "n_head": 4,
  "n_layer": 2,
  "seed": 102131771.96103689,
  "weight_decay": 0.0010576921469925
}