{
  "batch_size": 66,
  "beta_1": 0.46454101210142595,
  "beta_2": 0.34494205847619974,
  "block_size": 307,
  "dropout": 0.3270831267474786,
  "epsilon": 0.0004477834453955502,
  "lr": 0.0007782705458624661,
  "n_embd": 34,
  "n_head": 6,
  "n_layer": 6,
  "seed": 1837652676,
  "weight_decay": 7.445982673256599e-05
}