{
  "batch_size": 36,
  "beta_1": 0.3527095101154283,
  "beta_2": 0.4007031678167481,
  "block_size": 111,
  "dropout": 0.4813111430314889,
  "epsilon": 1.8217030511666548e-06,
  "lr": 1.6040581366495061e-06,
  "n_embd": 32,
  "n_head": 3,
  "n_layer": 4,
  "seed": 513101028,
  "weight_decay": 7.228625928959528e-05
}