{
  "batch_size": 47,
  "beta_1": 0.4687625743634656,
  "beta_2": 0.7473169797491828,
  "block_size": 75,
  "dropout": 0.3221662032016477,
  "epsilon": 6.42654310342e-05,
  "lr": 0.0026440405536613,
  "n_embd": 40,
  "n_head": 3,
  "n_layer": 5,
  "seed": 1090858324.8437674,
  "weight_decay": 0.0007804708592598
}