{
  "batch_size": 69.180198757097,
  "beta_1": 0.5081827271581284,
  "beta_2": 0.7263817101457358,
  "block_size": 373.939519815066,
  "dropout": 0.35484465495369943,
  "epsilon": 0.00033035113882804617,
  "lr": 0.08364018753335327,
  "n_embd": 39.486198970332126,
  "n_head": 4.621328412457824,
  "n_layer": 3.1538982316337485,
  "seed": 628159741.0779775,
  "weight_decay": 0.002478000208073147
}