{
  "batch_size": 79,
  "beta_1": 0.6761471733592233,
  "beta_2": 0.5651184861844385,
  "block_size": 187,
  "dropout": 0.1602543738733209,
  "epsilon": 2.325878e-10,
  "lr": 0.0019495625379903,
  "n_embd": 43,
  "n_head": 1,
  "n_layer": 4,
  "seed": 703564895.7505009,
  "weight_decay": 1.6841075563e-06
}