{
  "batch_size": 48.97440577675078,
  "beta_1": 0.8918385785045795,
  "beta_2": 0.37669746446494545,
  "block_size": 186.76483015990948,
  "dropout": 0.41215579026848814,
  "epsilon": 0.00039015335738702076,
  "lr": 0.06931487486599022,
  "n_embd": 51.55775441360887,
  "n_head": 2.2346460052319412,
  "n_layer": 5.149100617950104,
  "seed": 141921345.90285346,
  "weight_decay": 0.005392465607769317
}