{
  "batch_size": 57.673737956599524,
  "beta_1": 0.29358545925192125,
  "beta_2": 0.7253389442039241,
  "block_size": 237.76593809399446,
  "dropout": 0.45655637228718904,
  "epsilon": 0.0005732330549701111,
  "lr": 0.0368302819426645,
  "n_embd": 32.638077508678954,
  "n_head": 5.993289086638089,
  "n_layer": 4.948322486204157,
  "seed": 641537890.7183789,
  "weight_decay": 0.007120414871695854
}