{
  "batch_size": 82.82418820879273,
  "beta_1": 0.5290438350035941,
  "beta_2": 0.23998719312218247,
  "block_size": 191.3983218925059,
  "dropout": 0.3483764530665848,
  "epsilon": 4.452201210635899e-05,
  "lr": 0.01456659932828273,
  "n_embd": 21.994997578957648,
  "n_head": 3.606628074792309,
  "n_layer": 3.5586667321630765,
  "seed": 1421988674.7538624,
  "weight_decay": 0.004690555834463082
}