{
  "batch_size": 61,
  "beta_1": 0.9963569661874306,
  "beta_2": 0.32999540157242546,
  "block_size": 176,
  "dropout": 0.32381491029792686,
  "epsilon": 2.257846928234433e-09,
  "lr": 6.570491120997993e-05,
  "n_embd": 10,
  "n_head": 1,
  "n_layer": 6,
  "seed": 302671739,
  "weight_decay": 1.9770380917718793e-08
}