{
  "batch_size": 20,
  "beta_1": 0.4554396989756011,
  "beta_2": 0.3062787679866921,
  "block_size": 281,
  "dropout": 0.4654150657119601,
  "epsilon": 3.182061663159495e-06,
  "lr": 0.0006979305019261813,
  "n_embd": 37,
  "n_head": 5,
  "n_layer": 4,
  "seed": 1392100587,
  "weight_decay": 3.7606834963138296e-06
}