{
  "batch_size": 44.10688981731356,
  "beta_1": 0.5853088933584006,
  "beta_2": 0.5310017093648833,
  "block_size": 83.76098142155335,
  "dropout": 0.16473236470235159,
  "epsilon": 0.00023370269433468406,
  "lr": 0.008469203298625147,
  "n_embd": 1.2508621299704767,
  "n_head": 5.36520261609359,
  "n_layer": 2.341315694191393,
  "seed": 877797319.6403139,
  "weight_decay": 0.0046138268773421726
}