{
  "batch_size": 43,
  "beta_1": 0.8458865623729056,
  "beta_2": 0.2767135251729603,
  "block_size": 247,
  "dropout": 0.21595605280710367,
  "epsilon": 1.1554879262343527e-08,
  "lr": 0.001057594542211775,
  "n_embd": 41,
  "n_head": 6,
  "n_layer": 2,
  "seed": 8691287,
  "weight_decay": 2.219030748354085e-07
}