{
  "batch_size": 46.17263949411648,
  "beta_1": 0.880213236282761,
  "beta_2": 0.24625504348490945,
  "block_size": 236.40434690273034,
  "dropout": 0.24083835010199964,
  "epsilon": 0.0008091499963641406,
  "lr": 0.0507672861861875,
  "n_embd": 11.36766274195761,
  "n_head": 1.8535989912446795,
  "n_layer": 2.775630492087434,
  "seed": 312228587.9044825,
  "weight_decay": 0.001819827310105428
}