{
  "batch_size": 83,
  "beta_1": 0.22081721092745132,
  "beta_2": 0.48324001171814923,
  "block_size": 186,
  "dropout": 0.15452704229405365,
  "epsilon": 1.929320319875476e-10,
  "lr": 0.00731055626480325,
  "n_embd": 50,
  "n_head": 5,
  "n_layer": 6,
  "seed": 1029900422,
  "weight_decay": 1.9353751412816906e-05
}