{
  "batch_size": 73.34668255053481,
  "beta_1": 0.6017102151111051,
  "beta_2": 0.11183156065154344,
  "block_size": 158.0678341222555,
  "dropout": 0.4680899205313037,
  "epsilon": 0.0007675672869733159,
  "lr": 0.046813245452706986,
  "n_embd": 31.026101623912883,
  "n_head": 2.798981455496311,
  "n_layer": 4.683242503356024,
  "seed": 558208536.9357591,
  "weight_decay": 0.007787658495770373
}