{
  "batch_size": 72,
  "beta_1": 0.45668485257172986,
  "beta_2": 0.45657795317470784,
  "block_size": 321,
  "dropout": 0.410897982622516,
  "epsilon": 1.0081444731626278e-10,
  "lr": 9.497017604307754e-06,
  "n_embd": 40,
  "n_head": 1,
  "n_layer": 5,
  "seed": 1968529506,
  "weight_decay": 0.0013907018238771486
}