{
  "batch_size": 31,
  "beta_1": 0.3987570436344009,
  "beta_2": 0.5452378213553336,
  "block_size": 285,
  "dropout": 0.4010327600750218,
  "epsilon": 1.83186358294e-05,
  "lr": 2.90447322147e-05,
  "n_embd": 2,
  "n_head": 1,
  "n_layer": 1,
  "seed": 130395532.63990407,
  "weight_decay": 1.34727748268e-05
}