{
  "batch_size": 36.39552514174052,
  "beta_1": 0.1671750584508404,
  "beta_2": 0.9882840904468394,
  "block_size": 68.41376791928575,
  "dropout": 0.19457643382250672,
  "epsilon": 0.00040555850268175135,
  "lr": 0.005096804943502932,
  "n_embd": 42.29642368594486,
  "n_head": 6.971083190508043,
  "n_layer": 4.089412194214864,
  "seed": 559595483.3690135,
  "weight_decay": 0.008239891030315685
}