{
  "batch_size": 87.11356112519894,
  "beta_1": 0.42411139069454984,
  "beta_2": 0.9466781835520834,
  "block_size": 170.7070219984505,
  "dropout": 0.3775219445057417,
  "epsilon": 2.0745461883218218e-05,
  "lr": 0.059267852734165655,
  "n_embd": 3.882516316764581,
  "n_head": 5.635963254642669,
  "n_layer": 1.3999206768889054,
  "seed": 1347533060.8146627,
  "weight_decay": 0.00536536134869128
}