{
  "batch_size": 38,
  "beta_1": 0.4380355802375836,
  "beta_2": 0.6934977597964825,
  "block_size": 227,
  "dropout": 0.2959605261564141,
  "epsilon": 9.187572916633611e-07,
  "lr": 1.9783527493559087e-05,
  "n_embd": 27,
  "n_head": 4,
  "n_layer": 1,
  "seed": 1860352897,
  "weight_decay": 1.3670653683803196e-05
}