{
  "batch_size": 17.88630411314347,
  "beta_1": 0.8779667653057108,
  "beta_2": 0.4099037601234953,
  "block_size": 265.24793112604357,
  "dropout": 0.10854232967872379,
  "epsilon": 0.0005791396935482514,
  "lr": 0.07752718766060264,
  "n_embd": 28.343711274977615,
  "n_head": 2.615587388558353,
  "n_layer": 1.2801636395217006,
  "seed": 890057812.1359553,
  "weight_decay": 0.0020228322888752497
}