{
  "batch_size": 91,
  "beta_1": 0.2203280927407395,
  "beta_2": 0.9714193600900287,
  "block_size": 172,
  "dropout": 0.32930544980002197,
  "epsilon": 1.1544574043060923e-08,
  "lr": 3.3218421307970024e-05,
  "n_embd": 12,
  "n_head": 2,
  "n_layer": 3,
  "seed": 917288358,
  "weight_decay": 1.1676457373185443e-07
}