{
  "batch_size": 62.042676952531735,
  "beta_1": 0.9319596153526942,
  "beta_2": 0.7515352276401084,
  "block_size": 380.83689930878796,
  "dropout": 0.26504461003680024,
  "epsilon": 0.0001405964466664119,
  "lr": 0.03444011948388526,
  "n_embd": 37.43947877061552,
  "n_head": 4.966982628262729,
  "n_layer": 4.961034667767599,
  "seed": 1834121512.709666,
  "weight_decay": 0.00893809902084899
}