{
  "batch_size": 67,
  "beta_1": 0.5410520151147918,
  "beta_2": 0.6331167467410539,
  "block_size": 160,
  "dropout": 0.22847409674315017,
  "epsilon": 0.0007197875693382199,
  "lr": 0.04439683338202804,
  "n_embd": 49,
  "n_head": 5,
  "n_layer": 1,
  "seed": 607321830,
  "weight_decay": 0.001442393998745453
}