{
  "batch_size": 48,
  "beta_1": 0.5245811649257567,
  "beta_2": 0.9238775989813461,
  "block_size": 79,
  "dropout": 0.19216744257794308,
  "epsilon": 2.2964021150875362e-07,
  "lr": 0.004004939004726122,
  "n_embd": 24,
  "n_head": 4,
  "n_layer": 2,
  "seed": 1216313088,
  "weight_decay": 3.3193224294551695e-07
}