{
  "batch_size": 86,
  "beta_1": 0.8053852342935606,
  "beta_2": 0.248715194662642,
  "block_size": 152,
  "dropout": 0.3451731313348056,
  "epsilon": 9.671017706e-07,
  "lr": 3.4695400533e-06,
  "n_embd": 36,
  "n_head": 4,
  "n_layer": 6,
  "seed": 1620730024.018171,
  "weight_decay": 0.0055044567920566
}