{
  "batch_size": 36.274917287306955,
  "beta_1": 0.36639049690401315,
  "beta_2": 0.6793142488021543,
  "block_size": 102.50380682319907,
  "dropout": 0.3413064307804124,
  "epsilon": 0.0008743469215687711,
  "lr": 0.0589498791340915,
  "n_embd": 31.813244576853897,
  "n_head": 4.900850267387923,
  "n_layer": 3.8702598491765605,
  "seed": 641931544.5239865,
  "weight_decay": 0.008106811541383598
}