{
  "batch_size": 37.03273473611098,
  "beta_1": 0.11570537428716882,
  "beta_2": 0.5215950730575848,
  "block_size": 379.00185041320276,
  "dropout": 0.1246157679022081,
  "epsilon": 0.0007542300852095694,
  "lr": 0.05989466492218637,
  "n_embd": 28.95662856487467,
  "n_head": 4.2433775168158405,
  "n_layer": 2.493281869703384,
  "seed": 454487266.75676763,
  "weight_decay": 0.009053506428927945
}