{
  "batch_size": 35.38553956427978,
  "beta_1": 0.3679965789538939,
  "beta_2": 0.7944434597168115,
  "block_size": 209.64460267147842,
  "dropout": 0.4286748707605734,
  "epsilon": 0.0008421776152245973,
  "lr": 0.002803296467669334,
  "n_embd": 14.155169132908853,
  "n_head": 5.548300993177541,
  "n_layer": 4.544993834680065,
  "seed": 1053437942.8236241,
  "weight_decay": 0.000666503729343342
}