{
  "batch_size": 22.18877409709047,
  "beta_1": 0.1420711322389764,
  "beta_2": 0.350419703344127,
  "block_size": 358.66903531083534,
  "dropout": 0.3578449082061703,
  "epsilon": 0.000724380457064309,
  "lr": 0.023501392378123768,
  "n_embd": 31.101629158446077,
  "n_head": 6.065385183170581,
  "n_layer": 2.71575996160019,
  "seed": 1802173165.129279,
  "weight_decay": 0.005824890999730126
}