{
  "batch_size": 34,
  "beta_1": 0.8628467140264967,
  "beta_2": 0.4523403368358633,
  "block_size": 145,
  "dropout": 0.4702589292325854,
  "epsilon": 2.2098083948904872e-10,
  "lr": 4.239501493501646e-06,
  "n_embd": 14,
  "n_head": 6,
  "n_layer": 3,
  "seed": 1550676895,
  "weight_decay": 0.00010521077331033023
}