{
  "batch_size": 95,
  "beta_1": 0.6907608346834473,
  "beta_2": 0.734437158432714,
  "block_size": 236,
  "dropout": 0.3094058958193658,
  "epsilon": 0.0004043501926174,
  "lr": 0.0015269330498876,
  "n_embd": 33,
  "n_head": 4,
  "n_layer": 6,
  "seed": 842323278.3266877,
  "weight_decay": 4.84652329e-08
}