{
  "batch_size": 28,
  "beta_1": 0.8748610757948605,
  "beta_2": 0.7252757452189525,
  "block_size": 281,
  "dropout": 0.3986479062236693,
  "epsilon": 7.3505354e-08,
  "lr": 0.0009066017074567,
  "n_embd": 15,
  "n_head": 3,
  "n_layer": 3,
  "seed": 1561686343.2189522,
  "weight_decay": 7.083556882e-07
}