{
  "batch_size": 33,
  "beta_1": 0.1388165919406073,
  "beta_2": 0.9769661907007716,
  "block_size": 348,
  "dropout": 0.1451982429135536,
  "epsilon": 3.2288721e-09,
  "lr": 0.0010748358899685,
  "n_embd": 40,
  "n_head": 2,
  "n_layer": 5,
  "seed": 1600628108.5807283,
  "weight_decay": 0.0068607570816352
}