{
  "batch_size": 77,
  "beta_1": 0.29472345568544167,
  "beta_2": 0.40009543684875537,
  "block_size": 105,
  "dropout": 0.20521119869950397,
  "epsilon": 2.439385010572776e-08,
  "lr": 0.00011354192464192854,
  "n_embd": 14,
  "n_head": 2,
  "n_layer": 6,
  "seed": 612347404,
  "weight_decay": 5.19424525212521e-08
}