{
  "batch_size": 24.03247517502414,
  "beta_1": 0.5700236181845616,
  "beta_2": 0.4089980558450521,
  "block_size": 104.2130445241367,
  "dropout": 0.2102561077876568,
  "epsilon": 0.0009812746482018033,
  "lr": 0.04814890828333679,
  "n_embd": 33.70816371805636,
  "n_head": 6.823236842565323,
  "n_layer": 4.860176969423352,
  "seed": 531749061.4494287,
  "weight_decay": 0.003612563249231438
}