{
  "batch_size": 62,
  "beta_1": 0.7720161389790574,
  "beta_2": 0.171538079752346,
  "block_size": 244,
  "dropout": 0.3382843825264372,
  "epsilon": 2.19996993e-08,
  "lr": 0.0001657585421382,
  "n_embd": 52,
  "n_head": 2,
  "n_layer": 3,
  "seed": 1938336841.5909479,
  "weight_decay": 0.0015043068493628
}