{
  "batch_size": 30.1491293632965,
  "beta_1": 0.33549340939582956,
  "beta_2": 0.4554255232053809,
  "block_size": 341.4818860907993,
  "dropout": 0.31317785759998806,
  "epsilon": 0.0004878259420959298,
  "lr": 0.02930955606512238,
  "n_embd": 52.481698953043114,
  "n_head": 4.812867802856967,
  "n_layer": 3.857351544155387,
  "seed": 1004682893.7373124,
  "weight_decay": 0.009159542331931145
}