{
  "batch_size": 56,
  "beta_1": 0.10493921587311801,
  "beta_2": 0.7661415888776574,
  "block_size": 201,
  "dropout": 0.1542466573843468,
  "epsilon": 0.00017397503838345366,
  "lr": 0.0021998106428652575,
  "n_embd": 38,
  "n_head": 6,
  "n_layer": 6,
  "seed": 713108275,
  "weight_decay": 4.405244112615018e-05
}