{
  "batch_size": 61,
  "beta_1": 0.786239864077745,
  "beta_2": 0.9005611937582266,
  "block_size": 342,
  "dropout": 0.3658284540181636,
  "epsilon": 1.4543162554e-05,
  "lr": 0.0001620438643403,
  "n_embd": 21,
  "n_head": 1,
  "n_layer": 3,
  "seed": 1466428815.2262027,
  "weight_decay": 0.0016574068977966
}