{
  "batch_size": 17.9852610736899,
  "beta_1": 0.5776544052706779,
  "beta_2": 0.2537044967036377,
  "block_size": 345.2243005887204,
  "dropout": 0.28661075727580543,
  "epsilon": 0.0006685193839385931,
  "lr": 0.04343462216859793,
  "n_embd": 1.256630834466329,
  "n_head": 1.5018715176862545,
  "n_layer": 1.8793751066094002,
  "seed": 1004758340.3705648,
  "weight_decay": 0.0011717767021431342
}