{
  "batch_size": 82,
  "beta_1": 0.7028815087744995,
  "beta_2": 0.18279528966308092,
  "block_size": 283,
  "dropout": 0.13812406671895877,
  "epsilon": 6.512496096857966e-07,
  "lr": 0.0001966518809569312,
  "n_embd": 21,
  "n_head": 3,
  "n_layer": 6,
  "seed": 403831920,
  "weight_decay": 1.5468997299740658e-08
}