{
  "batch_size": 64,
  "beta_1": 0.6620979556886187,
  "beta_2": 0.6842177174564651,
  "block_size": 175,
  "dropout": 0.30248874996156566,
  "epsilon": 7.759735750725912e-08,
  "lr": 2.8269354924082707e-06,
  "n_embd": 32,
  "n_head": 5,
  "n_layer": 5,
  "seed": 688291291,
  "weight_decay": 2.6781978445663044e-08
}