{
  "batch_size": 93.61525470567443,
  "beta_1": 0.9272389663643159,
  "beta_2": 0.300066881413833,
  "block_size": 114.31577584801474,
  "dropout": 0.1937812584100975,
  "epsilon": 0.0005550412959882819,
  "lr": 0.005606610202364586,
  "n_embd": 11.927659029701394,
  "n_head": 4.526030164159707,
  "n_layer": 6.945276166275127,
  "seed": 137999296.2346342,
  "weight_decay": 0.009957815365028762
}