{
  "batch_size": 96,
  "beta_1": 0.765695708324361,
  "beta_2": 0.4960439200007776,
  "block_size": 85,
  "dropout": 0.2761854453580259,
  "epsilon": 1.70123476694e-05,
  "lr": 1.8078655191e-06,
  "n_embd": 42,
  "n_head": 4,
  "n_layer": 2,
  "seed": 185616352.89850855,
  "weight_decay": 4.2035288754e-06
}