{
  "batch_size": 65,
  "beta_1": 0.7809338845899786,
  "beta_2": 0.974747027829224,
  "block_size": 95,
  "dropout": 0.2077081542462011,
  "epsilon": 2.896608e-08,
  "lr": 7.75553478024e-05,
  "n_embd": 43,
  "n_head": 4,
  "n_layer": 5,
  "seed": 1718337827.5808537,
  "weight_decay": 0.0003058877512118
}