{
  "batch_size": 44,
  "beta_1": 0.3224023033756332,
  "beta_2": 0.4433682583263712,
  "block_size": 330,
  "dropout": 0.4775358471686237,
  "epsilon": 9.593055905e-07,
  "lr": 0.0026080079536122,
  "n_embd": 51,
  "n_head": 4,
  "n_layer": 4,
  "seed": 1277440324.634498,
  "weight_decay": 1.29467433782e-05
}