{
  "batch_size": 72,
  "beta_1": 0.4443453429381508,
  "beta_2": 0.7080094262294347,
  "block_size": 149,
  "dropout": 0.4528515667956221,
  "epsilon": 4.1290851485e-06,
  "lr": 0.000827530872011,
  "n_embd": 7,
  "n_head": 5,
  "n_layer": 3,
  "seed": 2102671586.4642684,
  "weight_decay": 3.6171794325e-06
}