{
  "batch_size": 44,
  "beta_1": 0.2994666823796699,
  "beta_2": 0.6664296524878449,
  "block_size": 177,
  "dropout": 0.23420124279096352,
  "epsilon": 5.243700843660006e-10,
  "lr": 2.787092016606513e-05,
  "n_embd": 52,
  "n_head": 2,
  "n_layer": 4,
  "seed": 1344813195,
  "weight_decay": 0.000142450039903593
}