{
  "batch_size": 26,
  "beta_1": 0.3732324606658357,
  "beta_2": 0.66894923319597,
  "block_size": 164,
  "dropout": 0.3258563861285805,
  "epsilon": 8.480073461636098e-05,
  "lr": 1.3564045103071076e-05,
  "n_embd": 6,
  "n_head": 2,
  "n_layer": 6,
  "seed": 1820346124,
  "weight_decay": 0.0011389982069537022
}