{
  "batch_size": 18.703151454547406,
  "beta_1": 0.7562719133989741,
  "beta_2": 0.339677382430406,
  "block_size": 152.2343926915315,
  "dropout": 0.346126618862141,
  "epsilon": 0.00036108261890594167,
  "lr": 0.06321595362368124,
  "n_embd": 34.41528865595446,
  "n_head": 4.780616540225728,
  "n_layer": 3.9107819466212095,
  "seed": 1662881382.9217777,
  "weight_decay": 0.006465521329759331
}