{
  "batch_size": 60,
  "beta_1": 0.8801559602295419,
  "beta_2": 0.36919673432819144,
  "block_size": 129,
  "dropout": 0.06413424182737554,
  "epsilon": 6.8865026003898e-05,
  "lr": 0.0076413097636517805,
  "n_embd": 14,
  "n_head": 1,
  "n_layer": 3,
  "seed": 1605705199,
  "weight_decay": 1.74381036215934e-05
}