{
  "batch_size": 31,
  "beta_1": 0.624463966024922,
  "beta_2": 0.656265658376008,
  "block_size": 110,
  "dropout": 0.1417225288271465,
  "epsilon": 9.838388e-10,
  "lr": 0.0008755038365046,
  "n_embd": 4,
  "n_head": 6,
  "n_layer": 4,
  "seed": 594737518.7251167,
  "weight_decay": 5.6868974001e-05
}