{
  "batch_size": 65,
  "beta_1": 0.8621680569552096,
  "beta_2": 0.27860531496490193,
  "block_size": 279,
  "dropout": 0.4176092458025855,
  "epsilon": 6.099732159059513e-07,
  "lr": 0.03900708047613161,
  "n_embd": 50,
  "n_head": 5,
  "n_layer": 4,
  "seed": 1972069525,
  "weight_decay": 2.1526189882059058e-05
}