{
  "batch_size": 78,
  "beta_1": 0.10399354071078898,
  "beta_2": 0.9094045538585855,
  "block_size": 370,
  "dropout": 0.27189858508949705,
  "epsilon": 0.0005306430571203415,
  "lr": 0.08953591363861042,
  "n_embd": 15,
  "n_head": 5,
  "n_layer": 6,
  "seed": 1387178172,
  "weight_decay": 9.229028753073664e-08
}