{
  "batch_size": 84.29077303296846,
  "beta_1": 0.4417450357320848,
  "beta_2": 0.10178957826892546,
  "block_size": 108.0783839968058,
  "dropout": 0.12434572941043812,
  "epsilon": 0.00013323445994894254,
  "lr": 0.051956322663935066,
  "n_embd": 16.35643262836801,
  "n_head": 2.9909285139937225,
  "n_layer": 1.7295615677328744,
  "seed": 1175260795.1623137,
  "weight_decay": 0.0034853141810434834
}