{
  "batch_size": 83,
  "beta_1": 0.9478090704178183,
  "beta_2": 0.6005774610755786,
  "block_size": 229,
  "dropout": 0.30596315798670554,
  "epsilon": 1.4099782830841948e-07,
  "lr": 2.0551422715670878e-05,
  "n_embd": 49,
  "n_head": 1,
  "n_layer": 6,
  "seed": 1594860975,
  "weight_decay": 5.807931115001624e-05
}