{
  "batch_size": 62.8920902178167,
  "beta_1": 0.8795701311768523,
  "beta_2": 0.8581256251809177,
  "block_size": 154.18393224685497,
  "dropout": 0.3663931665243635,
  "epsilon": 0.00018359726843858416,
  "lr": 0.025165893935476923,
  "n_embd": 39.408183231357924,
  "n_head": 5.973207131832468,
  "n_layer": 1.8429058478058518,
  "seed": 1907148727.0406494,
  "weight_decay": 0.008455569923396924
}