{
  "batch_size": 59,
  "beta_1": 0.18513765534950982,
  "beta_2": 0.4837463669706541,
  "block_size": 201,
  "dropout": 0.11317732891575401,
  "epsilon": 0.00019137254222179905,
  "lr": 2.0392547974138705e-05,
  "n_embd": 38,
  "n_head": 6,
  "n_layer": 6,
  "seed": 713108275,
  "weight_decay": 6.3670831033789e-07
}