{
  "batch_size": 17.889326187185134,
  "beta_1": 0.33376267451584096,
  "beta_2": 0.6854219429339379,
  "block_size": 316.8557791501268,
  "dropout": 0.4437210086713915,
  "epsilon": 0.00032724072385284015,
  "lr": 0.08064330136787042,
  "n_embd": 6.463099766777142,
  "n_head": 1.8453606750336968,
  "n_layer": 3.685921799591496,
  "seed": 206634622.76831716,
  "weight_decay": 0.007989122135302335
}