{
  "batch_size": 83,
  "beta_1": 0.8638351734642602,
  "beta_2": 0.11658742506058356,
  "block_size": 172,
  "dropout": 0.31212431861689194,
  "epsilon": 2.914862118798176e-07,
  "lr": 9.451305483794067e-05,
  "n_embd": 26,
  "n_head": 5,
  "n_layer": 6,
  "seed": 212070312,
  "weight_decay": 0.0005808017706903648
}