{
  "batch_size": 33.99623460104364,
  "beta_1": 0.6972095024104815,
  "beta_2": 0.7978008112493057,
  "block_size": 182.07936370890266,
  "dropout": 0.43774387600321185,
  "epsilon": 0.0004952975912725288,
  "lr": 0.06461115490451153,
  "n_embd": 38.15481295153981,
  "n_head": 1.4637908937956499,
  "n_layer": 4.573174986565311,
  "seed": 1256246090.7835736,
  "weight_decay": 0.009675333300887263
}