{
  "batch_size": 24,
  "beta_1": 0.4114083709075434,
  "beta_2": 0.8822226010837626,
  "block_size": 216,
  "dropout": 0.3942308063731402,
  "epsilon": 3.4603053491e-05,
  "lr": 5.2559002654e-06,
  "n_embd": 0,
  "n_head": 2,
  "n_layer": 2,
  "seed": 1601487677.798476,
  "weight_decay": 6.95126082321e-05
}