{
  "batch_size": 72,
  "beta_1": 0.26011820769381133,
  "beta_2": 0.39338148663241446,
  "block_size": 285,
  "dropout": 0.1255577222215698,
  "epsilon": 0.0005239705243500546,
  "lr": 0.0016256770900809655,
  "n_embd": 15,
  "n_head": 6,
  "n_layer": 1,
  "seed": 2115734680,
  "weight_decay": 0.0005093535766909196
}