{
  "batch_size": 79,
  "beta_1": 0.3176210689477868,
  "beta_2": 0.8250321540215292,
  "block_size": 127,
  "dropout": 0.1740960518178628,
  "epsilon": 2.56612623e-08,
  "lr": 0.00038181529814,
  "n_embd": 6,
  "n_head": 2,
  "n_layer": 4,
  "seed": 248407147.31775066,
  "weight_decay": 7.933063785e-07
}