{
  "batch_size": 58,
  "beta_1": 0.3660353419174883,
  "beta_2": 0.6871009035655465,
  "block_size": 69,
  "dropout": 0.39700241680910386,
  "epsilon": 1.2595983363401927e-05,
  "lr": 1.250109139973176e-06,
  "n_embd": 19,
  "n_head": 1,
  "n_layer": 4,
  "seed": 1061711829,
  "weight_decay": 2.151787011285639e-07
}