{
  "batch_size": 90.48377936732727,
  "beta_1": 0.8693948686412862,
  "beta_2": 0.6002202622634409,
  "block_size": 198.4586985304254,
  "dropout": 0.15804279369632812,
  "epsilon": 0.00011311878420509485,
  "lr": 0.09947981793969651,
  "n_embd": 40.45236579849961,
  "n_head": 4.57622771486033,
  "n_layer": 1.0979344767218653,
  "seed": 14850873.54289851,
  "weight_decay": 0.0028530373236607437
}