{
  "batch_size": 84.6007882854873,
  "beta_1": 0.4485741359153662,
  "beta_2": 0.5323938082028993,
  "block_size": 276.4094598384765,
  "dropout": 0.3281415968474029,
  "epsilon": 0.0005103644396693059,
  "lr": 0.07282260018876897,
  "n_embd": 41.789981401380835,
  "n_head": 1.2075653591649331,
  "n_layer": 3.5357777490955224,
  "seed": 1020583872.2647526,
  "weight_decay": 0.001203380579249759
}