{
  "batch_size": 85.57236255640156,
  "beta_1": 0.943090348074094,
  "beta_2": 0.9554163992548614,
  "block_size": 105.25750170509217,
  "dropout": 0.12565678841900377,
  "epsilon": 0.0005461976029021198,
  "lr": 0.09442687980225381,
  "n_embd": 51.13157943257127,
  "n_head": 3.1237365547466798,
  "n_layer": 2.3139708769630625,
  "seed": 1532072307.1524796,
  "weight_decay": 0.0031316363422667875
}