{
  "batch_size": 93.6181777202327,
  "beta_1": 0.34723463685771955,
  "beta_2": 0.8307821376003202,
  "block_size": 332.72708451843863,
  "dropout": 0.20730268509659258,
  "epsilon": 0.0006133535289449331,
  "lr": 0.0070252331785689015,
  "n_embd": 25.876687711241726,
  "n_head": 1.9778462801880075,
  "n_layer": 1.9077829197634184,
  "seed": 1163494912.683106,
  "weight_decay": 0.009898489300150467
}