{
  "batch_size": 79,
  "beta_1": 0.5478886098645149,
  "beta_2": 0.6708146378905229,
  "block_size": 263,
  "dropout": 0.1589292019623483,
  "epsilon": 8.061699e-10,
  "lr": 0.0025478115114561,
  "n_embd": 2,
  "n_head": 6,
  "n_layer": 5,
  "seed": 1523010790.9277613,
  "weight_decay": 0.0017531219816673
}