{
  "batch_size": 73.05692749126571,
  "beta_1": 0.6000469314528792,
  "beta_2": 0.2750753125600207,
  "block_size": 240.74776312834095,
  "dropout": 0.23529926753490976,
  "epsilon": 0.0007299649157373601,
  "lr": 0.01556433748713985,
  "n_embd": 8.149185739011491,
  "n_head": 5.716802611580533,
  "n_layer": 6.779922788824341,
  "seed": 1810691374.2873669,
  "weight_decay": 0.002079859392454509
}