{
  "batch_size": 33,
  "beta_1": 0.1757964634428397,
  "beta_2": 0.6727642200874362,
  "block_size": 165,
  "dropout": 0.2065265847808496,
  "epsilon": 0.000230832625114,
  "lr": 0.0063816545947268,
  "n_embd": 13,
  "n_head": 6,
  "n_layer": 4,
  "seed": 1994115250.721843,
  "weight_decay": 0.0002039912647944
}