{
  "batch_size": 95,
  "beta_1": 0.6849694362687948,
  "beta_2": 0.7825440212988569,
  "block_size": 339,
  "dropout": 0.19287752888971355,
  "epsilon": 1.2236268551963078e-05,
  "lr": 3.339831343203078e-06,
  "n_embd": 7,
  "n_head": 6,
  "n_layer": 1,
  "seed": 1168993278,
  "weight_decay": 4.2444858670046154e-05
}