{
  "batch_size": 33,
  "beta_1": 0.3534688229150632,
  "beta_2": 0.5860922172827967,
  "block_size": 373,
  "dropout": 0.3774101256444074,
  "epsilon": 4.2888058448e-06,
  "lr": 0.0016400319805087,
  "n_embd": 11,
  "n_head": 4,
  "n_layer": 6,
  "seed": 1452921877.7741733,
  "weight_decay": 2.7809070843e-06
}