{
  "batch_size": 55,
  "beta_1": 0.448629011839409,
  "beta_2": 0.6603773976832589,
  "block_size": 303,
  "dropout": 0.377451856802468,
  "epsilon": 6.674932726e-07,
  "lr": 5.98368787344e-05,
  "n_embd": 40,
  "n_head": 1,
  "n_layer": 3,
  "seed": 352346870.6473361,
  "weight_decay": 0.0033958015999922
}