{
  "batch_size": 64.04921375890052,
  "beta_1": 0.7501308030316765,
  "beta_2": 0.8492043517217468,
  "block_size": 362.3672612269509,
  "dropout": 0.20460324859777634,
  "epsilon": 0.0006926312699919757,
  "lr": 0.03408917423108671,
  "n_embd": 13.764832343150148,
  "n_head": 6.5002051225996595,
  "n_layer": 2.1006396480472764,
  "seed": 1421972336.2805889,
  "weight_decay": 0.009087142643762628
}