{
  "batch_size": 35,
  "beta_1": 0.6329744526635033,
  "beta_2": 0.156914521755615,
  "block_size": 212,
  "dropout": 0.1643441072720956,
  "epsilon": 2.8096343607e-06,
  "lr": 1.32299793887e-05,
  "n_embd": 39,
  "n_head": 3,
  "n_layer": 2,
  "seed": 595140330.7081078,
  "weight_decay": 0.0005713420060443
}