{
  "batch_size": 95,
  "beta_1": 0.8843224792577992,
  "beta_2": 0.9710507919263782,
  "block_size": 267,
  "dropout": 0.26247060550036766,
  "epsilon": 8.217119540578375e-05,
  "lr": 0.00016246153348726625,
  "n_embd": 53,
  "n_head": 3,
  "n_layer": 5,
  "seed": 497226649,
  "weight_decay": 0.0013987448595982701
}