{
  "batch_size": 71,
  "beta_1": 0.2318621548314716,
  "beta_2": 0.9811534159860246,
  "block_size": 96,
  "dropout": 0.3323093199025822,
  "epsilon": 1.5516260403e-06,
  "lr": 0.000490026394942,
  "n_embd": 38,
  "n_head": 5,
  "n_layer": 1,
  "seed": 126150166.92822503,
  "weight_decay": 1.938749315e-07
}