{
  "batch_size": 39,
  "beta_1": 0.533931462811794,
  "beta_2": 0.855108036820475,
  "block_size": 119,
  "dropout": 0.1152574147254152,
  "epsilon": 5.3258318704e-06,
  "lr": 3.8725949812e-06,
  "n_embd": 21,
  "n_head": 2,
  "n_layer": 1,
  "seed": 1444027113.86006,
  "weight_decay": 6.41200451574e-05
}