{
  "batch_size": 65.3126353064479,
  "beta_1": 0.631115091125458,
  "beta_2": 0.9345574378298444,
  "block_size": 310.18175645125166,
  "dropout": 0.3858523723773808,
  "epsilon": 0.00020423277748241243,
  "lr": 0.005335633523831027,
  "n_embd": 10.062645626969331,
  "n_head": 4.040092207644715,
  "n_layer": 3.844157876708258,
  "seed": 434170052.80010116,
  "weight_decay": 0.0061346451394801525
}