{
  "batch_size": 51,
  "beta_1": 0.8358101859359,
  "beta_2": 0.5910453167779757,
  "block_size": 290,
  "dropout": 0.2506893738596807,
  "epsilon": 0.0006784493172326234,
  "lr": 0.003396705881714145,
  "n_embd": 49,
  "n_head": 2,
  "n_layer": 6,
  "seed": 1807541858,
  "weight_decay": 9.916441322971458e-05
}