{
  "batch_size": 67.15426032974975,
  "beta_1": 0.6263630866378936,
  "beta_2": 0.7654053357372655,
  "block_size": 349.3232256774246,
  "dropout": 0.2884816688087293,
  "epsilon": 0.00013323699698783204,
  "lr": 0.016154134029610582,
  "n_embd": 52.39252917178758,
  "n_head": 1.409654078751814,
  "n_layer": 2.247636951345271,
  "seed": 1609054785.7340615,
  "weight_decay": 0.008532773317775565
}