{
  "batch_size": 36,
  "beta_1": 0.43228814965585327,
  "beta_2": 0.2977002919513636,
  "block_size": 134,
  "dropout": 0.2042977829149598,
  "epsilon": 0.0001319574684438307,
  "lr": 1.3598088319037052e-06,
  "n_embd": 0,
  "n_head": 1,
  "n_layer": 6,
  "seed": 1847145667,
  "weight_decay": 0.0008279307625202341
}