{
  "batch_size": 43,
  "beta_1": 0.167055692717655,
  "beta_2": 0.6497362878205343,
  "block_size": 308,
  "dropout": 0.3094053230742946,
  "epsilon": 1.1446249e-09,
  "lr": 0.0004653061987019,
  "n_embd": 44,
  "n_head": 2,
  "n_layer": 4,
  "seed": 1344794548.2288628,
  "weight_decay": 4.059385367e-07
}