{
  "batch_size": 51.531821889110084,
  "beta_1": 0.8118321715413835,
  "beta_2": 0.35424927147390994,
  "block_size": 152.46395189868798,
  "dropout": 0.17006849609089453,
  "epsilon": 0.00015363003428608288,
  "lr": 0.03250993888970325,
  "n_embd": 13.53844477799306,
  "n_head": 2.3281855609352484,
  "n_layer": 5.068990884549018,
  "seed": 920234951.529489,
  "weight_decay": 0.005798436321670198
}