{
  "batch_size": 39.86590861525355,
  "beta_1": 0.7697370960267284,
  "beta_2": 0.27684395445987875,
  "block_size": 352.77124625869726,
  "dropout": 0.16738254288067905,
  "epsilon": 0.0009008103728090642,
  "lr": 0.03932535174697608,
  "n_embd": 29.572401850641565,
  "n_head": 2.1846048040410526,
  "n_layer": 5.566952626758852,
  "seed": 1611676054.5178761,
  "weight_decay": 0.0011174705910237813
}