{
  "batch_size": 61,
  "beta_1": 0.5598275461853903,
  "beta_2": 0.2478497302514406,
  "block_size": 356,
  "dropout": 0.112433343003283,
  "epsilon": 0.000119555164784,
  "lr": 0.0038325882936403,
  "n_embd": 48,
  "n_head": 3,
  "n_layer": 6,
  "seed": 294160217.318796,
  "weight_decay": 6.687494935e-07
}