{
  "batch_size": 83.42219435174283,
  "beta_1": 0.29931438236779645,
  "beta_2": 0.7764580424854995,
  "block_size": 270.2937294741819,
  "dropout": 0.15384823906632122,
  "epsilon": 0.00015969042930647433,
  "lr": 0.04748737409896505,
  "n_embd": 6.543695095171105,
  "n_head": 2.7532985503377985,
  "n_layer": 1.0941945739090093,
  "seed": 976749278.9666222,
  "weight_decay": 0.005324859397391332
}