{
  "batch_size": 27.219114957867333,
  "beta_1": 0.7780740900184824,
  "beta_2": 0.8510289794270912,
  "block_size": 375.01563977291903,
  "dropout": 0.23457613890954265,
  "epsilon": 0.00021274058969963352,
  "lr": 0.061631463620965415,
  "n_embd": 5.608211959161852,
  "n_head": 6.2646386070070195,
  "n_layer": 4.101535050143564,
  "seed": 1419706658.784047,
  "weight_decay": 0.009130186909193446
}