{
  "batch_size": 69,
  "beta_1": 0.1019260111706619,
  "beta_2": 0.5071445324100871,
  "block_size": 207,
  "dropout": 0.2777165296958548,
  "epsilon": 1.66125856812e-05,
  "lr": 0.0725250571940985,
  "n_embd": 15,
  "n_head": 3,
  "n_layer": 1,
  "seed": 1875170654.6720815,
  "weight_decay": 5.77130169576e-05
}