{
  "batch_size": 84,
  "beta_1": 0.9901928030507486,
  "beta_2": 0.6709527690257755,
  "block_size": 99,
  "dropout": 0.4535588775764524,
  "epsilon": 1.044914745459653e-08,
  "lr": 9.695503619240133e-06,
  "n_embd": 18,
  "n_head": 3,
  "n_layer": 6,
  "seed": 1109937292,
  "weight_decay": 4.424323384122997e-06
}