{
  "batch_size": 49.29836470316991,
  "beta_1": 0.1556865928691774,
  "beta_2": 0.3259424171757448,
  "block_size": 241.23120685568475,
  "dropout": 0.17570459735539476,
  "epsilon": 0.0002758680194590411,
  "lr": 0.09279846083200016,
  "n_embd": 44.41224875192444,
  "n_head": 5.403226519393345,
  "n_layer": 3.967587208032163,
  "seed": 352008456.76658475,
  "weight_decay": 0.0007906401761493002
}