{
  "batch_size": 47.58772147030527,
  "beta_1": 0.144354303321288,
  "beta_2": 0.21786958704200837,
  "block_size": 209.92801857805563,
  "dropout": 0.46283158257803336,
  "epsilon": 0.0003780045452749289,
  "lr": 0.06252411002323033,
  "n_embd": 43.697199764125244,
  "n_head": 4.588390154129776,
  "n_layer": 4.861222593337612,
  "seed": 586543863.9280401,
  "weight_decay": 0.0014157469120614314
}