{
  "batch_size": 29.075293166280556,
  "beta_1": 0.6664253129145827,
  "beta_2": 0.5738143032687367,
  "block_size": 320.2777859894446,
  "dropout": 0.13387833114793277,
  "epsilon": 0.00020894200207981765,
  "lr": 0.09207083637781671,
  "n_embd": 21.711365382196206,
  "n_head": 1.777691302575119,
  "n_layer": 1.8345626067687149,
  "seed": 318353354.9847691,
  "weight_decay": 0.007881153061712432
}