{
  "batch_size": 44,
  "beta_1": 0.917872109884531,
  "beta_2": 0.3179384862519496,
  "block_size": 80,
  "dropout": 0.4492229179500114,
  "epsilon": 4.95879244e-08,
  "lr": 0.0139353507065135,
  "n_embd": 4,
  "n_head": 3,
  "n_layer": 3,
  "seed": 1979962114.3253288,
  "weight_decay": 0.0001168146443047
}