{
  "batch_size": 50.038638486360554,
  "beta_1": 0.6261461089315876,
  "beta_2": 0.7182146821844002,
  "block_size": 378.4248687238515,
  "dropout": 0.31186399060216163,
  "epsilon": 0.000705524750031381,
  "lr": 0.08964316622500662,
  "n_embd": 36.17259119677572,
  "n_head": 1.6724542227417236,
  "n_layer": 6.056123057955477,
  "seed": 1583157185.8894875,
  "weight_decay": 0.006404224624673716
}