{
  "batch_size": 20,
  "beta_1": 0.199326121494803,
  "beta_2": 0.722095881437657,
  "block_size": 160,
  "dropout": 0.2513215064174652,
  "epsilon": 4.3731132373031904e-10,
  "lr": 0.03269221367222065,
  "n_embd": 49,
  "n_head": 5,
  "n_layer": 1,
  "seed": 607321830,
  "weight_decay": 0.001062126489985288
}