{
  "batch_size": 19,
  "beta_1": 0.1368498331284949,
  "beta_2": 0.5554838866248754,
  "block_size": 313,
  "dropout": 0.42614547245008266,
  "epsilon": 5.063834414834057e-09,
  "lr": 1.2333871682126412e-06,
  "n_embd": 14,
  "n_head": 1,
  "n_layer": 4,
  "seed": 537893960,
  "weight_decay": 0.0027090627543372796
}