{
  "batch_size": 68,
  "beta_1": 0.9839674758520136,
  "beta_2": 0.34662656381156587,
  "block_size": 345,
  "dropout": 0.40557230665418365,
  "epsilon": 1.8270179695663179e-06,
  "lr": 6.0987962594293195e-06,
  "n_embd": 35,
  "n_head": 6,
  "n_layer": 2,
  "seed": 1585901525,
  "weight_decay": 2.1077380868052255e-08
}