{
  "batch_size": 47,
  "beta_1": 0.9420645296512868,
  "beta_2": 0.7888866368487532,
  "block_size": 185,
  "dropout": 0.1179948274687151,
  "epsilon": 2.2776302e-09,
  "lr": 0.0092117549723025,
  "n_embd": 8,
  "n_head": 6,
  "n_layer": 5,
  "seed": 923530006.7971386,
  "weight_decay": 9.1684758137e-06
}