{
  "batch_size": 21.01471860423653,
  "beta_1": 0.921536092173774,
  "beta_2": 0.4993426499363577,
  "block_size": 372.9173440543757,
  "dropout": 0.18131373032310824,
  "epsilon": 0.00018518439526093758,
  "lr": 0.09342576350607784,
  "n_embd": 32.52181905752193,
  "n_head": 3.7039695778913315,
  "n_layer": 6.135324672448827,
  "seed": 604557143.5019728,
  "weight_decay": 0.003858353052871069
}