{
  "batch_size": 90,
  "beta_1": 0.1775256723928481,
  "beta_2": 0.7475012119101054,
  "block_size": 141,
  "dropout": 0.3186104776588058,
  "epsilon": 9.718551305383032e-07,
  "lr": 0.0009931775333841615,
  "n_embd": 42,
  "n_head": 6,
  "n_layer": 3,
  "seed": 409148799,
  "weight_decay": 8.349951980972664e-05
}