{
  "batch_size": 64,
  "beta_1": 0.9820120044180997,
  "beta_2": 0.14308320997814028,
  "block_size": 242,
  "dropout": 0.41396502516692857,
  "epsilon": 7.854837762600687e-09,
  "lr": 5.614767911456395e-05,
  "n_embd": 29,
  "n_head": 2,
  "n_layer": 2,
  "seed": 1705805858,
  "weight_decay": 1.059329646861012e-08
}