{
  "batch_size": 90.77509156497953,
  "beta_1": 0.27965822121177764,
  "beta_2": 0.42463015514994074,
  "block_size": 268.7257505565112,
  "dropout": 0.2561048535262582,
  "epsilon": 0.0003075475535786072,
  "lr": 0.007550132631318986,
  "n_embd": 37.15354325309702,
  "n_head": 6.079565460762352,
  "n_layer": 6.711799019403237,
  "seed": 624684220.4584223,
  "weight_decay": 0.009458550800059992
}