{
  "batch_size": 81,
  "beta_1": 0.2808769839823515,
  "beta_2": 0.5842634210739392,
  "block_size": 298,
  "dropout": 0.4524392197545183,
  "epsilon": 1.0106065236124518e-08,
  "lr": 0.0006029086659440882,
  "n_embd": 17,
  "n_head": 4,
  "n_layer": 5,
  "seed": 1855187109,
  "weight_decay": 1.0209677919997206e-07
}