{
  "batch_size": 47.2876023378099,
  "beta_1": 0.6258898282633034,
  "beta_2": 0.5147304178479001,
  "block_size": 373.66181344495686,
  "dropout": 0.16852540302815638,
  "epsilon": 0.00025958268078296744,
  "lr": 0.013002520140972524,
  "n_embd": 48.98745929479384,
  "n_head": 5.144515027757388,
  "n_layer": 3.8615909892775355,
  "seed": 905548328.7323682,
  "weight_decay": 0.00969952646897219
}