{
  "batch_size": 49,
  "beta_1": 0.5942588447143416,
  "beta_2": 0.626221413463281,
  "block_size": 230,
  "dropout": 0.2730020599597909,
  "epsilon": 0.0007437715359167,
  "lr": 0.0014680251105966,
  "n_embd": 26,
  "n_head": 3,
  "n_layer": 1,
  "seed": 1191779016.4343345,
  "weight_decay": 0.0009804959795822
}