{
  "batch_size": 71,
  "beta_1": 0.39457630703363467,
  "beta_2": 0.5549666199134221,
  "block_size": 98,
  "dropout": 0.33718613872422487,
  "epsilon": 6.125312521064737e-10,
  "lr": 1.256867758577361e-05,
  "n_embd": 26,
  "n_head": 4,
  "n_layer": 1,
  "seed": 1963669163,
  "weight_decay": 2.1396695795579698e-07
}