{
  "batch_size": 56,
  "beta_1": 0.5044514336641321,
  "beta_2": 0.21443973119529258,
  "block_size": 127,
  "dropout": 0.07017104427222354,
  "epsilon": 1.4874303819134891e-05,
  "lr": 0.00498675821879984,
  "n_embd": 9,
  "n_head": 2,
  "n_layer": 2,
  "seed": 217289573,
  "weight_decay": 1.4710250878759588e-05
}