{
  "batch_size": 29,
  "beta_1": 0.8809058306088204,
  "beta_2": 0.68198171667661,
  "block_size": 351,
  "dropout": 0.4881003872993886,
  "epsilon": 0.0001135070982513,
  "lr": 1.5165438683e-06,
  "n_embd": 3,
  "n_head": 4,
  "n_layer": 4,
  "seed": 1080817526.0024579,
  "weight_decay": 8.44694541e-08
}