{
  "batch_size": 39.977130326121376,
  "beta_1": 0.24007689613030847,
  "beta_2": 0.5711566651647142,
  "block_size": 146.17018935478796,
  "dropout": 0.10555946252609721,
  "epsilon": 0.0008046094349813745,
  "lr": 0.019027929075975183,
  "n_embd": 4.216082769357123,
  "n_head": 2.9341142112160083,
  "n_layer": 5.14588289892582,
  "seed": 1535637089.5116367,
  "weight_decay": 0.0019134790507340043
}