{
  "batch_size": 85,
  "beta_1": 0.8142608032403862,
  "beta_2": 0.6140433882882597,
  "block_size": 384,
  "dropout": 0.4542530225940493,
  "epsilon": 1.20815441117206e-08,
  "lr": 0.000324437318163835,
  "n_embd": 22,
  "n_head": 2,
  "n_layer": 2,
  "seed": 759118860,
  "weight_decay": 2.383582485344484e-06
}