{
  "batch_size": 53,
  "beta_1": 0.37613251664708736,
  "beta_2": 0.2137902631734836,
  "block_size": 383,
  "dropout": 0.220080850403757,
  "epsilon": 1.6799911243044027e-06,
  "lr": 0.09034789845073624,
  "n_embd": 45,
  "n_head": 3,
  "n_layer": 2,
  "seed": 69013991,
  "weight_decay": 5.637720028341959e-07
}