{
  "batch_size": 60,
  "beta_1": 0.5190573454127827,
  "beta_2": 0.7804394461448296,
  "block_size": 116,
  "dropout": 0.4707458297718429,
  "epsilon": 1.39354958812e-05,
  "lr": 1.01832643921e-05,
  "n_embd": 11,
  "n_head": 5,
  "n_layer": 5,
  "seed": 839942304.3898572,
  "weight_decay": 7.5757447774e-06
}