{
  "batch_size": 96.99787229181055,
  "beta_1": 0.22580744867858812,
  "beta_2": 0.9396886837462907,
  "block_size": 255.3764829365737,
  "dropout": 0.14759851220520104,
  "epsilon": 0.0009318676918632081,
  "lr": 0.06391297356293923,
  "n_embd": 14.663157675400116,
  "n_head": 5.44219440194969,
  "n_layer": 1.0459642209340034,
  "seed": 1910142397.5949059,
  "weight_decay": 0.005194526500313836
}