{
  "batch_size": 43,
  "beta_1": 0.6066811167457079,
  "beta_2": 0.6039988031748799,
  "block_size": 194,
  "dropout": 0.1857612673316837,
  "epsilon": 0.0008098880121179,
  "lr": 0.0002299409292595,
  "n_embd": 37,
  "n_head": 4,
  "n_layer": 6,
  "seed": 1510487969.2746038,
  "weight_decay": 0.005547634461947
}