{
  "batch_size": 86.27276530288783,
  "beta_1": 0.2775760543255851,
  "beta_2": 0.4480912436220026,
  "block_size": 192.19535539335968,
  "dropout": 0.3989743517950778,
  "epsilon": 1.020738010920574e-05,
  "lr": 0.033107639994599834,
  "n_embd": 35.899428153440425,
  "n_head": 3.6530826089236643,
  "n_layer": 2.180077491959045,
  "seed": 1586804658.925673,
  "weight_decay": 0.001775448097917555
}