{
  "batch_size": 56,
  "beta_1": 0.7153106598233754,
  "beta_2": 0.3323456411863162,
  "block_size": 183,
  "dropout": 0.3318322006777052,
  "epsilon": 6.084705927e-07,
  "lr": 0.0002877181702407,
  "n_embd": 18,
  "n_head": 5,
  "n_layer": 5,
  "seed": 959060566.3274641,
  "weight_decay": 0.0007584398961108
}