{
  "batch_size": 88,
  "beta_1": 0.7124369512365073,
  "beta_2": 0.5831071700791579,
  "block_size": 231,
  "dropout": 0.4619738135987802,
  "epsilon": 2.302590872383008e-06,
  "lr": 2.6091045247837236e-06,
  "n_embd": 46,
  "n_head": 1,
  "n_layer": 2,
  "seed": 112939585,
  "weight_decay": 0.000149919828176467
}