{
  "batch_size": 78.41964331692036,
  "beta_1": 0.5363691527436564,
  "beta_2": 0.13405616634837939,
  "block_size": 176.00732327858583,
  "dropout": 0.229094363266844,
  "epsilon": 0.0001690284118123335,
  "lr": 0.08405577140520507,
  "n_embd": 40.22281266719209,
  "n_head": 1.9921957123228657,
  "n_layer": 1.9721782484624057,
  "seed": 1574643852.475609,
  "weight_decay": 0.0020709828020623027
}