{
  "batch_size": 90,
  "beta_1": 0.1806363578317216,
  "beta_2": 0.3371079642143624,
  "block_size": 89,
  "dropout": 0.4006790374680512,
  "epsilon": 7.784716e-10,
  "lr": 0.000303059458157,
  "n_embd": 50,
  "n_head": 2,
  "n_layer": 4,
  "seed": 378103356.8776763,
  "weight_decay": 2.753698531e-07
}