{
  "batch_size": 42,
  "beta_1": 0.7768953937344766,
  "beta_2": 0.2318833027684981,
  "block_size": 201,
  "dropout": 0.12344508464961379,
  "epsilon": 5.99736900085856e-10,
  "lr": 0.00041611780517493305,
  "n_embd": 19,
  "n_head": 3,
  "n_layer": 1,
  "seed": 2117779137,
  "weight_decay": 7.4484679622578465e-06
}