{
  "batch_size": 39.51382749548607,
  "beta_1": 0.1948229213270952,
  "beta_2": 0.2851340980254654,
  "block_size": 357.39779609643995,
  "dropout": 0.15606655141655199,
  "epsilon": 0.0004736614014140595,
  "lr": 0.05285735611467468,
  "n_embd": 50.1312781475537,
  "n_head": 5.759624009480258,
  "n_layer": 2.3583276648188316,
  "seed": 343403361.3556376,
  "weight_decay": 0.002285061811572703
}