{
  "batch_size": 63.66711790696904,
  "beta_1": 0.19511945831458516,
  "beta_2": 0.22998988615143107,
  "block_size": 240.68262435486787,
  "dropout": 0.2969525313819774,
  "epsilon": 0.000614373922031993,
  "lr": 0.001528841564495782,
  "n_embd": 51.04228664179378,
  "n_head": 1.0285760401264474,
  "n_layer": 3.464730249120767,
  "seed": 312305588.2811542,
  "weight_decay": 0.0035079327625407797
}