{
  "batch_size": 94,
  "beta_1": 0.6674954203627225,
  "beta_2": 0.6156884249228171,
  "block_size": 129,
  "dropout": 0.33900248587512666,
  "epsilon": 0.0004510083779414422,
  "lr": 0.002427913738139693,
  "n_embd": 0,
  "n_head": 6,
  "n_layer": 4,
  "seed": 944889452,
  "weight_decay": 2.0750545862351516e-06
}