{
  "batch_size": 38,
  "beta_1": 0.700125106932705,
  "beta_2": 0.6578704159164034,
  "block_size": 157,
  "dropout": 0.4642696600885784,
  "epsilon": 1.0497995588267173e-05,
  "lr": 0.0002098768321604485,
  "n_embd": 40,
  "n_head": 1,
  "n_layer": 2,
  "seed": 456197520,
  "weight_decay": 0.0009174676579776658
}