{
  "batch_size": 93,
  "beta_1": 0.13734274945177935,
  "beta_2": 0.6878519171619685,
  "block_size": 328,
  "dropout": 0.34627730051073813,
  "epsilon": 2.554503900645578e-09,
  "lr": 0.00046582633520381536,
  "n_embd": 14,
  "n_head": 6,
  "n_layer": 1,
  "seed": 330966587,
  "weight_decay": 0.009537921467001944
}