{
  "batch_size": 38,
  "beta_1": 0.6225036729971762,
  "beta_2": 0.7235029726308077,
  "block_size": 170,
  "dropout": 0.3502589919705448,
  "epsilon": 0.0003113849380584955,
  "lr": 3.810467130115429e-05,
  "n_embd": 13,
  "n_head": 3,
  "n_layer": 4,
  "seed": 1726897908,
  "weight_decay": 2.1572356479460288e-06
}