{
  "batch_size": 76.07885190748104,
  "beta_1": 0.47289531273801966,
  "beta_2": 0.7186528773789459,
  "block_size": 206.11819233868258,
  "dropout": 0.25307591711396676,
  "epsilon": 7.802107746099478e-05,
  "lr": 0.01669264014772081,
  "n_embd": 19.14636945948402,
  "n_head": 2.2620542446959098,
  "n_layer": 5.000246314146513,
  "seed": 1706999397.7258897,
  "weight_decay": 0.0030819858690957565
}