{
  "batch_size": 89.57809626237614,
  "beta_1": 0.260786445756657,
  "beta_2": 0.6681560823299195,
  "block_size": 102.85262755873016,
  "dropout": 0.10412267253678396,
  "epsilon": 0.0005592808897667605,
  "lr": 0.05976432693400161,
  "n_embd": 33.53304462525172,
  "n_head": 6.255740732231602,
  "n_layer": 3.5197984136287923,
  "seed": 685194738.6335118,
  "weight_decay": 0.007020985030942002
}