{
  "batch_size": 69.07642296225495,
  "beta_1": 0.13820446553188928,
  "beta_2": 0.5210149165034379,
  "block_size": 179.77384228275858,
  "dropout": 0.3069412004969425,
  "epsilon": 0.00011619382003920743,
  "lr": 0.07807170819858934,
  "n_embd": 26.53736522479976,
  "n_head": 6.3080396128146745,
  "n_layer": 4.339619403670447,
  "seed": 1856381181.0608432,
  "weight_decay": 0.00946334800005287
}