{
  "batch_size": 50.716071395169955,
  "beta_1": 0.8585560573416215,
  "beta_2": 0.7418133065779541,
  "block_size": 220.5149060593258,
  "dropout": 0.369399476799971,
  "epsilon": 0.0005597629013743845,
  "lr": 0.0529100472909487,
  "n_embd": 29.222343077901453,
  "n_head": 6.017660412089485,
  "n_layer": 1.4636573547975904,
  "seed": 586489935.3538156,
  "weight_decay": 0.007070952626256357
}