{
  "batch_size": 21,
  "beta_1": 0.5038375227667854,
  "beta_2": 0.41463698855703557,
  "block_size": 102,
  "dropout": 0.486227107849143,
  "epsilon": 7.50186541349595e-07,
  "lr": 1.949953473390943e-05,
  "n_embd": 27,
  "n_head": 4,
  "n_layer": 5,
  "seed": 1498685626,
  "weight_decay": 4.377390842916753e-08
}