{
  "batch_size": 21.19080489030136,
  "beta_1": 0.1485564489024629,
  "beta_2": 0.9173340245323366,
  "block_size": 244.1066205048913,
  "dropout": 0.1486277065375874,
  "epsilon": 5.049207007082017e-05,
  "lr": 0.046338562886230956,
  "n_embd": 21.128759880329493,
  "n_head": 6.429299540537103,
  "n_layer": 3.3823464382151274,
  "seed": 1229160173.1965227,
  "weight_decay": 0.008014533140632578
}