{
  "batch_size": 66.485954410938,
  "beta_1": 0.6713383284642096,
  "beta_2": 0.19505589284179792,
  "block_size": 236.48112953993936,
  "dropout": 0.18585488341049494,
  "epsilon": 0.0007751304070921584,
  "lr": 0.024855569562503125,
  "n_embd": 45.178636682479,
  "n_head": 4.1169479602746595,
  "n_layer": 3.665265188785758,
  "seed": 1964851570.6957588,
  "weight_decay": 0.00028858802267803767
}