{
  "batch_size": 51,
  "beta_1": 0.823929501481791,
  "beta_2": 0.2505548733229655,
  "block_size": 309,
  "dropout": 0.418404749609388,
  "epsilon": 9.03404168e-08,
  "lr": 0.0035984969178966,
  "n_embd": 53,
  "n_head": 3,
  "n_layer": 2,
  "seed": 1766368196.2166524,
  "weight_decay": 0.0004051074633134
}