{
  "batch_size": 72,
  "beta_1": 0.5604770411486624,
  "beta_2": 0.5864204908701205,
  "block_size": 344,
  "dropout": 0.26339836670218,
  "epsilon": 5.8538575412e-06,
  "lr": 0.0008101587283271,
  "n_embd": 44,
  "n_head": 2,
  "n_layer": 3,
  "seed": 616577769.1836017,
  "weight_decay": 4.347210079e-07
}