{
  "batch_size": 81.57439038886437,
  "beta_1": 0.9522141358584922,
  "beta_2": 0.5660418233583123,
  "block_size": 271.6592007129454,
  "dropout": 0.13035538208789352,
  "epsilon": 0.00071185951664429,
  "lr": 0.061781576102819404,
  "n_embd": 30.31138093518327,
  "n_head": 4.391933519803695,
  "n_layer": 4.353287078683598,
  "seed": 1347543105.864513,
  "weight_decay": 0.006366018901953129
}