{
  "batch_size": 48,
  "beta_1": 0.1840044887124344,
  "beta_2": 0.202482991166771,
  "block_size": 234,
  "dropout": 0.4247778593960888,
  "epsilon": 6.6614467146e-06,
  "lr": 0.0003465524618442,
  "n_embd": 39,
  "n_head": 3,
  "n_layer": 3,
  "seed": 683858781.1361878,
  "weight_decay": 2.68908751e-08
}