{
  "batch_size": 20.004649565510746,
  "beta_1": 0.9649934770377513,
  "beta_2": 0.9137049086362339,
  "block_size": 152.4827884341836,
  "dropout": 0.4924229341490983,
  "epsilon": 4.46476852951336e-05,
  "lr": 0.08090189328881714,
  "n_embd": 7.375698643544915,
  "n_head": 4.573196498101128,
  "n_layer": 4.835705677811717,
  "seed": 141831432.0901171,
  "weight_decay": 0.008687041534663402
}