{
  "batch_size": 62,
  "beta_1": 0.8911833926236024,
  "beta_2": 0.1127092664043246,
  "block_size": 72,
  "dropout": 0.2073905409021773,
  "epsilon": 9.784898027e-07,
  "lr": 0.0007958521593044,
  "n_embd": 10,
  "n_head": 3,
  "n_layer": 6,
  "seed": 215977193.6078745,
  "weight_decay": 9.80258996999e-05
}