{
  "batch_size": 93.37788323599405,
  "beta_1": 0.2614957482344068,
  "beta_2": 0.22166359208540132,
  "block_size": 184.7952677503412,
  "dropout": 0.348201630107172,
  "epsilon": 0.000945157744641588,
  "lr": 0.03952765684226101,
  "n_embd": 43.88379705775244,
  "n_head": 6.508975588317992,
  "n_layer": 6.276902090217489,
  "seed": 1681706040.1660635,
  "weight_decay": 0.00960080822793672
}