{
  "batch_size": 22.04362326102924,
  "beta_1": 0.27125016751240916,
  "beta_2": 0.9199035629446536,
  "block_size": 334.92404661489377,
  "dropout": 0.4224370664006878,
  "epsilon": 0.0003069109701250265,
  "lr": 0.01151985198191411,
  "n_embd": 31.734576065676052,
  "n_head": 1.3994860586101627,
  "n_layer": 2.174226371437646,
  "seed": 379074003.2027285,
  "weight_decay": 0.006992946114471336
}