{
  "batch_size": 60.81496450568076,
  "beta_1": 0.7620248452285183,
  "beta_2": 0.6774751560169217,
  "block_size": 248.05349335309418,
  "dropout": 0.31628718782724363,
  "epsilon": 0.0007149135635443883,
  "lr": 0.009953196679237306,
  "n_embd": 31.735414078597856,
  "n_head": 5.66820486051076,
  "n_layer": 3.4671283849777486,
  "seed": 1139694963.298469,
  "weight_decay": 0.007123527491682621
}