{
  "batch_size": 52,
  "beta_1": 0.2848708562902214,
  "beta_2": 0.7501291718845915,
  "block_size": 293,
  "dropout": 0.4167912958065772,
  "epsilon": 0.0001046303229063,
  "lr": 0.0017098797510266,
  "n_embd": 37,
  "n_head": 4,
  "n_layer": 2,
  "seed": 421820593.9359685,
  "weight_decay": 0.0040893639008758
}