{
  "batch_size": 62.42182736662206,
  "beta_1": 0.8280495206795648,
  "beta_2": 0.5530997009264497,
  "block_size": 225.86350168059872,
  "dropout": 0.2002679323068021,
  "epsilon": 0.00019594195500764543,
  "lr": 0.06185911101866206,
  "n_embd": 15.730457630588216,
  "n_head": 5.9342292349297185,
  "n_layer": 4.499969944903004,
  "seed": 1020613948.1772207,
  "weight_decay": 0.009572714987229633
}