{
  "batch_size": 51,
  "beta_1": 0.3116677803877794,
  "beta_2": 0.5786564188421864,
  "block_size": 192,
  "dropout": 0.1688316475015739,
  "epsilon": 2.0407465070552226e-10,
  "lr": 0.007675690638348611,
  "n_embd": 13,
  "n_head": 1,
  "n_layer": 4,
  "seed": 2116691318,
  "weight_decay": 8.253669496735903e-08
}