{
  "batch_size": 50,
  "beta_1": 0.6423343588844695,
  "beta_2": 0.5706661795960077,
  "block_size": 227,
  "dropout": 0.31069349135699975,
  "epsilon": 3.0467739777883876e-09,
  "lr": 1.4305945762641967e-06,
  "n_embd": 53,
  "n_head": 3,
  "n_layer": 1,
  "seed": 864850264,
  "weight_decay": 0.00016825388307331588
}