{
  "batch_size": 18,
  "beta_1": 0.4232528553908706,
  "beta_2": 0.5421988249569432,
  "block_size": 236,
  "dropout": 0.1330998688698413,
  "epsilon": 5.22536164461e-05,
  "lr": 0.0002026660012586,
  "n_embd": 28,
  "n_head": 3,
  "n_layer": 5,
  "seed": 592274836.8127127,
  "weight_decay": 1.58743407254e-05
}