{
  "batch_size": 64,
  "beta_1": 0.9626853603252782,
  "beta_2": 0.7669912561348072,
  "block_size": 211,
  "dropout": 0.13846675128554434,
  "epsilon": 2.978747683270418e-08,
  "lr": 0.0008165280070426607,
  "n_embd": 34,
  "n_head": 2,
  "n_layer": 4,
  "seed": 1253347021,
  "weight_decay": 4.43305258257032e-06
}