{
  "batch_size": 86.5363139667964,
  "beta_1": 0.16821057525636152,
  "beta_2": 0.8775860903052587,
  "block_size": 225.72855990788094,
  "dropout": 0.4329222250041622,
  "epsilon": 0.0008746931475087988,
  "lr": 0.08671629200596769,
  "n_embd": 30.637861726528254,
  "n_head": 2.4261435607973425,
  "n_layer": 3.5277760643624645,
  "seed": 141925175.66318163,
  "weight_decay": 0.0052012564512198935
}