{
  "batch_size": 44,
  "beta_1": 0.8558087574705844,
  "beta_2": 0.9289334032664353,
  "block_size": 152,
  "dropout": 0.10030446014575237,
  "epsilon": 6.764509351439656e-08,
  "lr": 0.00016500193150681273,
  "n_embd": 34,
  "n_head": 5,
  "n_layer": 6,
  "seed": 999858172,
  "weight_decay": 0.007146037730547932
}