{
  "batch_size": 91,
  "beta_1": 0.324274308797504,
  "beta_2": 0.6043868867002289,
  "block_size": 71,
  "dropout": 0.3537461141709542,
  "epsilon": 2.368597e-10,
  "lr": 0.0013354376593832,
  "n_embd": 51,
  "n_head": 1,
  "n_layer": 6,
  "seed": 1621249501.332422,
  "weight_decay": 1.83758517e-07
}