{
  "batch_size": 88,
  "beta_1": 0.368181486862615,
  "beta_2": 0.6478561013649984,
  "block_size": 201,
  "dropout": 0.1437279480338058,
  "epsilon": 0.0008858416141614,
  "lr": 0.000496734277471,
  "n_embd": 19,
  "n_head": 3,
  "n_layer": 2,
  "seed": 316001653.07549167,
  "weight_decay": 7.89046238e-08
}