{
  "batch_size": 60,
  "beta_1": 0.8804287657701445,
  "beta_2": 0.7638260233417477,
  "block_size": 199,
  "dropout": 0.09493452516932106,
  "epsilon": 4.033073573141427e-09,
  "lr": 7.769394789567412e-05,
  "n_embd": 27,
  "n_head": 1,
  "n_layer": 6,
  "seed": 196359754,
  "weight_decay": 9.450520737398171e-06
}