{
  "batch_size": 21.562451589204507,
  "beta_1": 0.27061831683210724,
  "beta_2": 0.6996436311331353,
  "block_size": 337.16517196869137,
  "dropout": 0.302018760661638,
  "epsilon": 0.000777636346741207,
  "lr": 0.09162355428536026,
  "n_embd": 50.31315950094633,
  "n_head": 6.829805126287302,
  "n_layer": 2.058724400551662,
  "seed": 104506543.36002629,
  "weight_decay": 0.002397192061113899
}