{
  "batch_size": 36,
  "beta_1": 0.2243462505534532,
  "beta_2": 0.1852284101211764,
  "block_size": 180,
  "dropout": 0.1393347275803137,
  "epsilon": 4.4764614548e-06,
  "lr": 0.0145947321402844,
  "n_embd": 2,
  "n_head": 4,
  "n_layer": 4,
  "seed": 1848978633.77494,
  "weight_decay": 6.263996082e-07
}