{
  "batch_size": 90,
  "beta_1": 0.6040902270759602,
  "beta_2": 0.6588814755763732,
  "block_size": 89,
  "dropout": 0.11947748814139408,
  "epsilon": 2.562272015894113e-08,
  "lr": 1.1382588078159307e-06,
  "n_embd": 30,
  "n_head": 2,
  "n_layer": 4,
  "seed": 1130044279,
  "weight_decay": 4.35323149104606e-06
}