{
  "batch_size": 64,
  "beta_1": 0.5109805018493265,
  "beta_2": 0.4063833851173988,
  "block_size": 334,
  "dropout": 0.1387523857402475,
  "epsilon": 2.4561715161692148e-08,
  "lr": 0.00022839062576048613,
  "n_embd": 46,
  "n_head": 2,
  "n_layer": 4,
  "seed": 948826412,
  "weight_decay": 0.0004943981524887806
}