{
  "batch_size": 23,
  "beta_1": 0.439592522304434,
  "beta_2": 0.5081448184364489,
  "block_size": 154,
  "dropout": 0.4849110091863735,
  "epsilon": 6.5041939167e-05,
  "lr": 0.0016589513401818,
  "n_embd": 9,
  "n_head": 1,
  "n_layer": 6,
  "seed": 350057574.8738906,
  "weight_decay": 0.0003389851089097
}