{
  "batch_size": 58.48450143484675,
  "beta_1": 0.11102661927751001,
  "beta_2": 0.4596157540863063,
  "block_size": 341.18978987711023,
  "dropout": 0.4691279446900555,
  "epsilon": 0.0008154013271818405,
  "lr": 0.028492646069832966,
  "n_embd": 16.049913146932823,
  "n_head": 3.0146086521128943,
  "n_layer": 1.6289174401696163,
  "seed": 1347597406.6601171,
  "weight_decay": 0.0035238909943629093
}