{
  "batch_size": 30,
  "beta_1": 0.9272563874234774,
  "beta_2": 0.7607364041392011,
  "block_size": 152,
  "dropout": 0.4734363446216044,
  "epsilon": 5.59834859e-08,
  "lr": 0.0015611616763325,
  "n_embd": 44,
  "n_head": 5,
  "n_layer": 3,
  "seed": 818172251.002071,
  "weight_decay": 4.141896954e-07
}