{
  "batch_size": 80,
  "beta_1": 0.6093067447860357,
  "beta_2": 0.3692831651665812,
  "block_size": 89,
  "dropout": 0.2509804072372223,
  "epsilon": 1.0068387336549554e-07,
  "lr": 0.005042906702886382,
  "n_embd": 9,
  "n_head": 6,
  "n_layer": 1,
  "seed": 34348625,
  "weight_decay": 5.220359654813107e-08
}