{
  "batch_size": 43,
  "beta_1": 0.3059871890084984,
  "beta_2": 0.9055395188985949,
  "block_size": 353,
  "dropout": 0.1326813669183424,
  "epsilon": 4.323568e-09,
  "lr": 0.0010518259357529,
  "n_embd": 44,
  "n_head": 6,
  "n_layer": 1,
  "seed": 1722673952.0253186,
  "weight_decay": 0.0019820984816709
}