{
  "batch_size": 53.53526849103953,
  "beta_1": 0.5197427328440974,
  "beta_2": 0.8088368938534002,
  "block_size": 273.71569106280083,
  "dropout": 0.4425460352359204,
  "epsilon": 0.0009242281185216831,
  "lr": 0.07842159463910904,
  "n_embd": 25.46553175479691,
  "n_head": 5.191176247913572,
  "n_layer": 5.816407837070646,
  "seed": 399261472.96854055,
  "weight_decay": 0.009910045473780554
}