{
  "batch_size": 19.405958365224468,
  "beta_1": 0.8847074449577589,
  "beta_2": 0.8048339921689043,
  "block_size": 228.55848500856456,
  "dropout": 0.22405026142941054,
  "epsilon": 3.5372102770866286e-05,
  "lr": 0.049074300295556386,
  "n_embd": 25.18073107299619,
  "n_head": 3.355709987657768,
  "n_layer": 1.388867337212988,
  "seed": 1758318852.635255,
  "weight_decay": 0.004222230335551959
}