{
  "batch_size": 75,
  "beta_1": 0.779702811079431,
  "beta_2": 0.4436193449257385,
  "block_size": 263,
  "dropout": 0.3704016966982404,
  "epsilon": 1.2326194796356415e-05,
  "lr": 0.00520065929005682,
  "n_embd": 53,
  "n_head": 6,
  "n_layer": 4,
  "seed": 821239696,
  "weight_decay": 0.0023352617843996437
}