{
  "batch_size": 27.497413767593244,
  "beta_1": 0.8422333858643347,
  "beta_2": 0.11559648213171657,
  "block_size": 115.70414395165986,
  "dropout": 0.12963190650851955,
  "epsilon": 3.967192670932331e-07,
  "lr": 0.09738403003811058,
  "n_embd": 32.03851673733088,
  "n_head": 5.315869011329026,
  "n_layer": 4.059800100311615,
  "seed": 1084922621.3562336,
  "weight_decay": 0.007769165760459438
}