{
  "batch_size": 58.89446570566417,
  "beta_1": 0.11086631052889098,
  "beta_2": 0.4743117274116555,
  "block_size": 292.023036943316,
  "dropout": 0.4681891950351117,
  "epsilon": 0.0001346849291380341,
  "lr": 0.07716976449849688,
  "n_embd": 48.26548592924705,
  "n_head": 5.890390071892244,
  "n_layer": 4.865135512568304,
  "seed": 2139445894.0278997,
  "weight_decay": 0.007106607431395669
}