{
  "batch_size": 35,
  "beta_1": 0.5326303749781557,
  "beta_2": 0.2272088539346817,
  "block_size": 284,
  "dropout": 0.4154200472839523,
  "epsilon": 2.3259665677878e-09,
  "lr": 0.007371091353698279,
  "n_embd": 47,
  "n_head": 1,
  "n_layer": 3,
  "seed": 650250579,
  "weight_decay": 3.3589672660528833e-07
}