{
  "batch_size": 54.47264518275949,
  "beta_1": 0.8306002623551703,
  "beta_2": 0.2811453315829396,
  "block_size": 322.79267665331525,
  "dropout": 0.2884070538909238,
  "epsilon": 0.0006415740744236915,
  "lr": 0.03298901393371167,
  "n_embd": 30.750751685620028,
  "n_head": 4.657371484503965,
  "n_layer": 2.5705551489288236,
  "seed": 385425968.29803085,
  "weight_decay": 0.00848452677408908
}