{
  "batch_size": 22,
  "beta_1": 0.1288088931801058,
  "beta_2": 0.5579000375536989,
  "block_size": 113,
  "dropout": 0.3730331939500493,
  "epsilon": 3.7802091558e-06,
  "lr": 0.0003638896346992,
  "n_embd": 6,
  "n_head": 2,
  "n_layer": 1,
  "seed": 1442798703.3189213,
  "weight_decay": 5.621391854e-07
}