{
  "batch_size": 81,
  "beta_1": 0.6477606936019945,
  "beta_2": 0.9183609595887302,
  "block_size": 330,
  "dropout": 0.1896244907631205,
  "epsilon": 2.0225713216252313e-05,
  "lr": 3.876203801363032e-05,
  "n_embd": 41,
  "n_head": 5,
  "n_layer": 6,
  "seed": 841012874,
  "weight_decay": 3.539282865364315e-07
}