{
  "batch_size": 32.4886965658502,
  "beta_1": 0.6473700555261777,
  "beta_2": 0.4876190984546027,
  "block_size": 252.56631628398972,
  "dropout": 0.18985852560712507,
  "epsilon": 0.0006384471201283128,
  "lr": 0.022027369701416718,
  "n_embd": 3.33541534970716,
  "n_head": 3.7566682513731364,
  "n_layer": 3.404527505321855,
  "seed": 1250396228.7345376,
  "weight_decay": 0.004021975721287373
}