{
  "batch_size": 38,
  "beta_1": 0.8307803762803241,
  "beta_2": 0.660662804815477,
  "block_size": 352,
  "dropout": 0.35643659419980256,
  "epsilon": 3.537294445617166e-07,
  "lr": 0.0009264244092377175,
  "n_embd": 38,
  "n_head": 4,
  "n_layer": 1,
  "seed": 985292575,
  "weight_decay": 1.0497752747424214e-05
}