{
  "batch_size": 51,
  "beta_1": 0.8735034247410471,
  "beta_2": 0.6256426352534002,
  "block_size": 372,
  "dropout": 0.1867614648963148,
  "epsilon": 2.344573e-10,
  "lr": 0.0015112952781015,
  "n_embd": 8,
  "n_head": 5,
  "n_layer": 4,
  "seed": 1537544217.951735,
  "weight_decay": 0.0002020450919094
}