{
  "batch_size": 45.83865328527756,
  "beta_1": 0.5868781315080502,
  "beta_2": 0.3734021633186153,
  "block_size": 382.7841953980275,
  "dropout": 0.29542047265915494,
  "epsilon": 0.00042859732427513036,
  "lr": 0.09327711802095268,
  "n_embd": 12.141118611158042,
  "n_head": 6.430571283052203,
  "n_layer": 5.817746802510025,
  "seed": 690396768.7998006,
  "weight_decay": 0.005302186516863334
}