{
  "batch_size": 34.11201247976206,
  "beta_1": 0.20718270174147707,
  "beta_2": 0.74476850434988,
  "block_size": 146.36033344226973,
  "dropout": 0.2964402008467616,
  "epsilon": 0.00036217207497098126,
  "lr": 8.538410998454406e-05,
  "n_embd": 18.856242105900375,
  "n_head": 5.640971413734249,
  "n_layer": 5.181294818060936,
  "seed": 1758329941.6323452,
  "weight_decay": 0.007359945631190355
}