{
  "batch_size": 46.560053877291836,
  "beta_1": 0.7327577973355676,
  "beta_2": 0.9472033428010451,
  "block_size": 241.65013945787499,
  "dropout": 0.25726672901252623,
  "epsilon": 0.0006429601296670257,
  "lr": 0.07362496020527429,
  "n_embd": 52.70442673324162,
  "n_head": 6.590017821775679,
  "n_layer": 6.517657883155529,
  "seed": 1136597346.9154837,
  "weight_decay": 0.001446375924322139
}