{
  "batch_size": 28.16078944734624,
  "beta_1": 0.6910771461997911,
  "beta_2": 0.3754044595111017,
  "block_size": 67.56074525257868,
  "dropout": 0.20717091266861987,
  "epsilon": 0.00024115421428195737,
  "lr": 0.005458517042928799,
  "n_embd": 25.443426656078238,
  "n_head": 3.2393106177219715,
  "n_layer": 4.869825170181138,
  "seed": 246584430.31210726,
  "weight_decay": 0.0057985621978661845
}