{
  "batch_size": 78,
  "beta_1": 0.7885379973846314,
  "beta_2": 0.7673488519419991,
  "block_size": 161,
  "dropout": 0.30037365930092974,
  "epsilon": 2.9530946887152874e-05,
  "lr": 9.006288295924017e-05,
  "n_embd": 26,
  "n_head": 2,
  "n_layer": 2,
  "seed": 1521220362,
  "weight_decay": 2.7860661620081347e-06
}