{
  "batch_size": 75,
  "beta_1": 0.8656290187788649,
  "beta_2": 0.1264893755829759,
  "block_size": 70,
  "dropout": 0.1944248199083183,
  "epsilon": 1.3040524215056361e-06,
  "lr": 0.019237276131770717,
  "n_embd": 26,
  "n_head": 1,
  "n_layer": 3,
  "seed": 1533722535,
  "weight_decay": 4.494092084735591e-07
}