{
  "batch_size": 75,
  "beta_1": 0.49642220921449154,
  "beta_2": 0.9395077921505217,
  "block_size": 199,
  "dropout": 0.12339958938536655,
  "epsilon": 2.3285977403053001e-07,
  "lr": 9.394314187780278e-06,
  "n_embd": 42,
  "n_head": 1,
  "n_layer": 6,
  "seed": 43679748,
  "weight_decay": 1.1633615016062096e-06
}