{
  "batch_size": 53,
  "beta_1": 0.320168970159362,
  "beta_2": 0.5232775259387161,
  "block_size": 135,
  "dropout": 0.2524250449136924,
  "epsilon": 4.4283464623e-05,
  "lr": 0.0005488646113482,
  "n_embd": 53,
  "n_head": 4,
  "n_layer": 6,
  "seed": 736820224.4556456,
  "weight_decay": 0.000319189505997
}