{
  "batch_size": 89,
  "beta_1": 0.2247737050692144,
  "beta_2": 0.7662771845752185,
  "block_size": 193,
  "dropout": 0.3686933711678181,
  "epsilon": 1.3856035085869481e-05,
  "lr": 0.0002083419470959782,
  "n_embd": 13,
  "n_head": 5,
  "n_layer": 2,
  "seed": 1699284216,
  "weight_decay": 5.3457690553259304e-08
}