{
  "batch_size": 83.77451087017988,
  "beta_1": 0.7656660915766519,
  "beta_2": 0.40785562622000504,
  "block_size": 366.31935756153786,
  "dropout": 0.3251631548323988,
  "epsilon": 0.0008687398700517057,
  "lr": 0.0474972278037006,
  "n_embd": 29.293769517206677,
  "n_head": 5.612055816925153,
  "n_layer": 6.281654677005591,
  "seed": 2038192691.7146766,
  "weight_decay": 0.008997722459644385
}