{
  "batch_size": 56.24918695769857,
  "beta_1": 0.6319924102438415,
  "beta_2": 0.47829036221297727,
  "block_size": 352.4501299724737,
  "dropout": 0.39177406360454337,
  "epsilon": 0.00022031516944890202,
  "lr": 0.006501247256454895,
  "n_embd": 2.111934595732649,
  "n_head": 2.1582945662798747,
  "n_layer": 3.40957475702219,
  "seed": 272002952.8288806,
  "weight_decay": 0.00015898338972503568
}