{
  "batch_size": 68.32189970826127,
  "beta_1": 0.4989071330472078,
  "beta_2": 0.6815986126955849,
  "block_size": 159.24069868566386,
  "dropout": 0.3645704530697299,
  "epsilon": 0.0004597422780070688,
  "lr": 0.06359495760085487,
  "n_embd": 25.13103182844671,
  "n_head": 4.954059265373374,
  "n_layer": 2.247253895540198,
  "seed": 312295368.89931417,
  "weight_decay": 0.007317783336732986
}