{
  "batch_size": 75.66419792537694,
  "beta_1": 0.10369393171893085,
  "beta_2": 0.7831827994088025,
  "block_size": 199.4160802195513,
  "dropout": 0.16473269287178863,
  "epsilon": 0.00023876802253012437,
  "lr": 0.04101502220591485,
  "n_embd": 26.54543713594348,
  "n_head": 6.192137917975427,
  "n_layer": 4.814635891274099,
  "seed": 1533975560.9257948,
  "weight_decay": 0.0020472569358747595
}