{
  "batch_size": 16,
  "beta_1": 0.8036456713442218,
  "beta_2": 0.4503055141198813,
  "block_size": 271,
  "dropout": 0.16213709479005886,
  "epsilon": 0.0008176576676683907,
  "lr": 0.0017298108638837519,
  "n_embd": 7,
  "n_head": 6,
  "n_layer": 6,
  "seed": 2066338461,
  "weight_decay": 0.0004903380478618629
}