{
  "batch_size": 51,
  "beta_1": 0.6856085292798036,
  "beta_2": 0.7461374285992849,
  "block_size": 377,
  "dropout": 0.31007307004718776,
  "epsilon": 3.920043657873586e-09,
  "lr": 1.4443781087655542e-05,
  "n_embd": 52,
  "n_head": 2,
  "n_layer": 4,
  "seed": 1708645772,
  "weight_decay": 1.8766722936969456e-07
}