{
  "batch_size": 68.82432184749155,
  "beta_1": 0.6843682448950138,
  "beta_2": 0.7696518329834567,
  "block_size": 84.4108093083104,
  "dropout": 0.26096138293663074,
  "epsilon": 0.000704124173276501,
  "lr": 0.01977040629146019,
  "n_embd": 18.88391276183635,
  "n_head": 1.5500021279557368,
  "n_layer": 5.831450209075641,
  "seed": 1860302993.9731107,
  "weight_decay": 0.0009815970744310389
}