{
  "batch_size": 89.57837267251865,
  "beta_1": 0.41769284903431836,
  "beta_2": 0.35780551587294385,
  "block_size": 361.73882492399946,
  "dropout": 0.12418322980394506,
  "epsilon": 0.000693743829868713,
  "lr": 0.039819814975102535,
  "n_embd": 7.99590848418826,
  "n_head": 5.918796372943592,
  "n_layer": 6.318630024787438,
  "seed": 1000522183.0674865,
  "weight_decay": 0.001659347224338964
}