{
  "batch_size": 91.085677975834,
  "beta_1": 0.1424586254546809,
  "beta_2": 0.7695840903255627,
  "block_size": 285.14393767331,
  "dropout": 0.37041272489971677,
  "epsilon": 0.0009891435817552471,
  "lr": 0.06858465106982531,
  "n_embd": 48.8501428867114,
  "n_head": 5.389091045519735,
  "n_layer": 3.075774644485532,
  "seed": 1618804048.7947795,
  "weight_decay": 0.008844638812556857
}