{
  "batch_size": 18,
  "beta_1": 0.5892162594723308,
  "beta_2": 0.8881507255546026,
  "block_size": 265,
  "dropout": 0.4731083504130732,
  "epsilon": 0.0001850581810069425,
  "lr": 0.07897856580058171,
  "n_embd": 52,
  "n_head": 3,
  "n_layer": 4,
  "seed": 938038572,
  "weight_decay": 0.009100755299800088
}