{
  "batch_size": 24.09609340809614,
  "beta_1": 0.7540066571486097,
  "beta_2": 0.2844869943356665,
  "block_size": 125.45386727844831,
  "dropout": 0.2133788464539147,
  "epsilon": 0.00012061502653867261,
  "lr": 0.03631038915242021,
  "n_embd": 41.822414802674196,
  "n_head": 5.205788465549972,
  "n_layer": 1.0952338349245063,
  "seed": 2002557805.5000083,
  "weight_decay": 0.00012396186085514318
}