{
  "batch_size": 63.07124076896194,
  "beta_1": 0.9811011888036076,
  "beta_2": 0.4931125324801552,
  "block_size": 205.64215121185322,
  "dropout": 0.4479842341245236,
  "epsilon": 0.0008125959894524094,
  "lr": 0.07444450515218373,
  "n_embd": 50.21224072219516,
  "n_head": 1.6778526892106211,
  "n_layer": 3.413081811601937,
  "seed": 1366393250.8153129,
  "weight_decay": 0.006730258864706561
}