{
  "batch_size": 53,
  "beta_1": 0.27157445843856276,
  "beta_2": 0.9762177473017082,
  "block_size": 330,
  "dropout": 0.2786097105143126,
  "epsilon": 8.038276887089489e-08,
  "lr": 7.178155187709319e-05,
  "n_embd": 41,
  "n_head": 5,
  "n_layer": 6,
  "seed": 841012874,
  "weight_decay": 4.7562967210355084e-06
}