{
  "batch_size": 52.24227934860176,
  "beta_1": 0.7328567796838895,
  "beta_2": 0.2297853388061515,
  "block_size": 81.6471668314374,
  "dropout": 0.4405689261320872,
  "epsilon": 0.0002870494672839504,
  "lr": 0.07379948635656844,
  "n_embd": 48.793091793205534,
  "n_head": 3.760309248024266,
  "n_layer": 4.45628210878874,
  "seed": 531808158.89319736,
  "weight_decay": 0.006187447408302828
}