{
  "batch_size": 93,
  "beta_1": 0.3558968889982822,
  "beta_2": 0.4407369000334628,
  "block_size": 345,
  "dropout": 0.3157257418105998,
  "epsilon": 2.631540184e-07,
  "lr": 0.0281829029640876,
  "n_embd": 20,
  "n_head": 2,
  "n_layer": 3,
  "seed": 1176387303.1129508,
  "weight_decay": 0.0013916556685319
}