{
  "batch_size": 95.33439809764012,
  "beta_1": 0.41824912159696626,
  "beta_2": 0.6134488391283759,
  "block_size": 170.29918257893013,
  "dropout": 0.4301931702967654,
  "epsilon": 7.41439295876627e-05,
  "lr": 0.012495437043751473,
  "n_embd": 26.597028141222413,
  "n_head": 4.111527304723121,
  "n_layer": 2.3579199583250094,
  "seed": 315018203.8943057,
  "weight_decay": 0.0013083797635740438
}