{
  "batch_size": 35,
  "beta_1": 0.5188780319679727,
  "beta_2": 0.39677257540953226,
  "block_size": 135,
  "dropout": 0.1251289698775,
  "epsilon": 7.197573477526123e-06,
  "lr": 3.6633617579104826e-05,
  "n_embd": 41,
  "n_head": 6,
  "n_layer": 2,
  "seed": 769794225,
  "weight_decay": 1.0434849733597588e-07
}