{
  "batch_size": 76.40697078693589,
  "beta_1": 0.16079848363451427,
  "beta_2": 0.7641554501356609,
  "block_size": 295.20859203751337,
  "dropout": 0.4244621592947806,
  "epsilon": 0.0005667471919430241,
  "lr": 0.06905772195634866,
  "n_embd": 35.04713233149705,
  "n_head": 2.895401349799014,
  "n_layer": 6.6919337678937865,
  "seed": 467567419.88998854,
  "weight_decay": 0.003330854653064645
}