{
  "batch_size": 27,
  "beta_1": 0.31654439266703793,
  "beta_2": 0.13469275248707563,
  "block_size": 292,
  "dropout": 0.23359134995495845,
  "epsilon": 2.3581438462769225e-06,
  "lr": 3.857818169151819e-05,
  "n_embd": 51,
  "n_head": 3,
  "n_layer": 4,
  "seed": 339760155,
  "weight_decay": 4.450281732699635e-08
}