{
  "batch_size": 64,
  "beta_1": 0.4632764695205218,
  "beta_2": 0.3442294192518571,
  "block_size": 233,
  "dropout": 0.21027597542828136,
  "epsilon": 0.0006338961013027443,
  "lr": 1.2283234937648078e-06,
  "n_embd": 8,
  "n_head": 3,
  "n_layer": 5,
  "seed": 1553835667,
  "weight_decay": 3.131510223540225e-05
}