{
  "batch_size": 91,
  "beta_1": 0.4223147800529413,
  "beta_2": 0.790709487370618,
  "block_size": 79,
  "dropout": 0.4154173137689528,
  "epsilon": 9.9724923e-09,
  "lr": 0.0043787181662726,
  "n_embd": 38,
  "n_head": 4,
  "n_layer": 6,
  "seed": 378848401.9158668,
  "weight_decay": 3.9449654046e-06
}