{
  "batch_size": 60,
  "beta_1": 0.9311789637090704,
  "beta_2": 0.4730018167364698,
  "block_size": 140,
  "dropout": 0.2231661732475422,
  "epsilon": 1.1744709e-09,
  "lr": 0.0443092500742116,
  "n_embd": 8,
  "n_head": 5,
  "n_layer": 5,
  "seed": 379153495.0889731,
  "weight_decay": 0.0085407051416894
}