{
  "batch_size": 45,
  "beta_1": 0.3774758156908768,
  "beta_2": 0.4648374559779933,
  "block_size": 65,
  "dropout": 0.3331350651069649,
  "epsilon": 9.7457283e-09,
  "lr": 0.0010076004815458,
  "n_embd": 38,
  "n_head": 6,
  "n_layer": 3,
  "seed": 1931614016.1881583,
  "weight_decay": 1.564670351e-07
}