{
  "batch_size": 60,
  "beta_1": 0.1514245128983139,
  "beta_2": 0.4478120096159095,
  "block_size": 333,
  "dropout": 0.1341170770469521,
  "epsilon": 1.0704703e-09,
  "lr": 0.0003275145701849,
  "n_embd": 9,
  "n_head": 6,
  "n_layer": 5,
  "seed": 407843079.55928504,
  "weight_decay": 1.826471349e-07
}