{
  "batch_size": 42.638006516758,
  "beta_1": 0.820804776460631,
  "beta_2": 0.6727948766744755,
  "block_size": 291.0547393152483,
  "dropout": 0.21229087426571472,
  "epsilon": 0.0006394400577425279,
  "lr": 0.0826279318050592,
  "n_embd": 19.64672744744544,
  "n_head": 5.834848421246082,
  "n_layer": 3.1980350165181775,
  "seed": 753426075.0604662,
  "weight_decay": 0.0003970713792517579
}