{
  "batch_size": 94.75869719771646,
  "beta_1": 0.39314881293383097,
  "beta_2": 0.9129872915140832,
  "block_size": 295.00093667081404,
  "dropout": 0.4782078712193256,
  "epsilon": 0.00044708835338216034,
  "lr": 0.014060168015824659,
  "n_embd": 2.5371751080677662,
  "n_head": 1.1943853946512613,
  "n_layer": 3.0888145598453893,
  "seed": 2124667659.4501579,
  "weight_decay": 0.003306137169392056
}