{
  "batch_size": 80,
  "beta_1": 0.7507873739565329,
  "beta_2": 0.2430850779191152,
  "block_size": 360,
  "dropout": 0.2107555095800725,
  "epsilon": 3.772927187e-07,
  "lr": 0.0910860317378574,
  "n_embd": 43,
  "n_head": 1,
  "n_layer": 6,
  "seed": 992215997.5349859,
  "weight_decay": 0.0071158200631291
}