{
  "batch_size": 17,
  "beta_1": 0.57699231495846,
  "beta_2": 0.46362958100115836,
  "block_size": 173,
  "dropout": 0.21950801396342023,
  "epsilon": 1.534452091685945e-05,
  "lr": 2.699939344165231e-05,
  "n_embd": 46,
  "n_head": 2,
  "n_layer": 5,
  "seed": 1584199687,
  "weight_decay": 0.00021643554359269414
}