{
  "batch_size": 42,
  "beta_1": 0.8576697877164076,
  "beta_2": 0.7708464379059621,
  "block_size": 177,
  "dropout": 0.13142606217225786,
  "epsilon": 8.827779198080817e-10,
  "lr": 1.2796565732812272e-05,
  "n_embd": 52,
  "n_head": 2,
  "n_layer": 4,
  "seed": 1344813195,
  "weight_decay": 0.001912721943741326
}