{
  "batch_size": 89.4804590170991,
  "beta_1": 0.5375477520349355,
  "beta_2": 0.17663280887855531,
  "block_size": 268.7974707647371,
  "dropout": 0.2939875112840482,
  "epsilon": 0.00013349650120821521,
  "lr": 0.020824535518038135,
  "n_embd": 35.77400260161145,
  "n_head": 3.962979385379838,
  "n_layer": 2.551051684621509,
  "seed": 1817428013.0707672,
  "weight_decay": 0.006666368827359277
}