{
  "batch_size": 47,
  "beta_1": 0.9430252880661683,
  "beta_2": 0.9246704291263198,
  "block_size": 188,
  "dropout": 0.11445162079180303,
  "epsilon": 2.054649233276305e-07,
  "lr": 3.8048858811921495e-06,
  "n_embd": 27,
  "n_head": 2,
  "n_layer": 6,
  "seed": 2019249369,
  "weight_decay": 2.4642228473201908e-06
}