{
  "batch_size": 22.118333986025494,
  "beta_1": 0.95835884768799,
  "beta_2": 0.6726178625238471,
  "block_size": 369.6858045007163,
  "dropout": 0.3600343534778844,
  "epsilon": 0.0006170533294379922,
  "lr": 0.09929075761212398,
  "n_embd": 27.61958354683576,
  "n_head": 5.378564398157281,
  "n_layer": 5.926508597181321,
  "seed": 1856335316.4149003,
  "weight_decay": 0.009797028129411281
}