{
  "batch_size": 27,
  "beta_1": 0.2054782117473891,
  "beta_2": 0.6708857006638113,
  "block_size": 294,
  "dropout": 0.198773439333782,
  "epsilon": 2.5467258e-09,
  "lr": 9.35239565638e-05,
  "n_embd": 36,
  "n_head": 1,
  "n_layer": 3,
  "seed": 62499736.863986924,
  "weight_decay": 0.0049030570047758
}