{
  "batch_size": 18.792173728681973,
  "beta_1": 0.3085179051522404,
  "beta_2": 0.9606560960661039,
  "block_size": 119.903079915154,
  "dropout": 0.27927937846398365,
  "epsilon": 0.0006062479095864258,
  "lr": 0.04425360499048247,
  "n_embd": 12.364335126672747,
  "n_head": 4.3675817179368295,
  "n_layer": 3.2095925077478284,
  "seed": 1614089438.548568,
  "weight_decay": 0.006526681839962679
}