{
  "batch_size": 68,
  "beta_1": 0.17702328633676065,
  "beta_2": 0.8220442930483283,
  "block_size": 98,
  "dropout": 0.17731996941812841,
  "epsilon": 6.778383897043235e-10,
  "lr": 0.0002731569537144932,
  "n_embd": 26,
  "n_head": 4,
  "n_layer": 1,
  "seed": 1963669163,
  "weight_decay": 4.2365457675247807e-07
}