{
  "batch_size": 19,
  "beta_1": 0.96778142216209,
  "beta_2": 0.8753528532635898,
  "block_size": 249,
  "dropout": 0.2109294382018634,
  "epsilon": 2.914316e-10,
  "lr": 0.0003018458563028,
  "n_embd": 19,
  "n_head": 3,
  "n_layer": 5,
  "seed": 1192125861.7908225,
  "weight_decay": 4.09609204237e-05
}