{
  "batch_size": 44,
  "beta_1": 0.8704420005112875,
  "beta_2": 0.405716015820703,
  "block_size": 242,
  "dropout": 0.1587170433737515,
  "epsilon": 1.013659017e-07,
  "lr": 0.0002078524829548,
  "n_embd": 42,
  "n_head": 1,
  "n_layer": 6,
  "seed": 1768874793.8701477,
  "weight_decay": 0.0086082061626701
}