{
  "batch_size": 64,
  "beta_1": 0.6916886516900201,
  "beta_2": 0.5151625211980968,
  "block_size": 77,
  "dropout": 0.344182150428593,
  "epsilon": 2.15680429887e-05,
  "lr": 0.00083752191101,
  "n_embd": 23,
  "n_head": 1,
  "n_layer": 2,
  "seed": 1599104470.373925,
  "weight_decay": 1.31093524e-08
}