{
  "batch_size": 65,
  "beta_1": 0.5591875662905252,
  "beta_2": 0.3397630094215628,
  "block_size": 375,
  "dropout": 0.2520379045578579,
  "epsilon": 3.8406902314e-05,
  "lr": 0.0005490720028067,
  "n_embd": 27,
  "n_head": 1,
  "n_layer": 4,
  "seed": 512088435.8045969,
  "weight_decay": 0.0008779987132504
}