{
  "batch_size": 70.97925851951643,
  "beta_1": 0.7878712087309703,
  "beta_2": 0.40797783209584904,
  "block_size": 73.15517181574843,
  "dropout": 0.46137370535316147,
  "epsilon": 0.0003736895750617629,
  "lr": 0.03934072875920063,
  "n_embd": 49.76573488502515,
  "n_head": 3.3115604532643275,
  "n_layer": 4.847161829606869,
  "seed": 925721737.7010812,
  "weight_decay": 0.002256062132241298
}