{
  "batch_size": 72.15228516175894,
  "beta_1": 0.2085943215559114,
  "beta_2": 0.8084814468478172,
  "block_size": 356.6694262365947,
  "dropout": 0.10891637155219872,
  "epsilon": 0.0009582197369013868,
  "lr": 0.06185202115913458,
  "n_embd": 6.038200588281109,
  "n_head": 3.2418631866676004,
  "n_layer": 6.1121971751569815,
  "seed": 1618711832.6826096,
  "weight_decay": 0.0014703308717426615
}