{
  "batch_size": 41,
  "beta_1": 0.9922334267417188,
  "beta_2": 0.5018055851443434,
  "block_size": 147,
  "dropout": 0.37987510177175066,
  "epsilon": 1.257505554258861e-05,
  "lr": 0.03133075561167665,
  "n_embd": 3,
  "n_head": 5,
  "n_layer": 1,
  "seed": 354930617,
  "weight_decay": 4.4935461479560973e-07
}