{
  "batch_size": 44,
  "beta_1": 0.4266402232788214,
  "beta_2": 0.403640243672721,
  "block_size": 178,
  "dropout": 0.4728262310869237,
  "epsilon": 6.2647158505e-06,
  "lr": 0.004799759106765,
  "n_embd": 43,
  "n_head": 5,
  "n_layer": 4,
  "seed": 2013867611.5280278,
  "weight_decay": 7.960494651e-07
}