{
  "batch_size": 81.64601672632764,
  "beta_1": 0.4512533318054104,
  "beta_2": 0.665821749243864,
  "block_size": 187.13718053911182,
  "dropout": 0.19559813922394237,
  "epsilon": 0.0009145098316320286,
  "lr": 0.03743804203957167,
  "n_embd": 20.35982052177982,
  "n_head": 2.2070772229882465,
  "n_layer": 1.4855096190710195,
  "seed": 1404905287.6074765,
  "weight_decay": 0.004862321295434935
}