{
  "batch_size": 42,
  "beta_1": 0.6732377716440422,
  "beta_2": 0.12574937368720435,
  "block_size": 123,
  "dropout": 0.4658293538205175,
  "epsilon": 3.846532943725248e-10,
  "lr": 0.04172777203243968,
  "n_embd": 43,
  "n_head": 4,
  "n_layer": 1,
  "seed": 2047406506,
  "weight_decay": 0.007136978896188108
}