{
  "batch_size": 72.49437435367287,
  "beta_1": 0.4133656111790356,
  "beta_2": 0.4604899045747104,
  "block_size": 304.546392472757,
  "dropout": 0.4472971421212627,
  "epsilon": 0.00023833638271987282,
  "lr": 0.056968857911977956,
  "n_embd": 35.63914922189213,
  "n_head": 1.8351306552982825,
  "n_layer": 6.220610169958631,
  "seed": 273992416.50853145,
  "weight_decay": 6.3265323132796e-05
}