{
  "batch_size": 86.33234926469117,
  "beta_1": 0.9349922311501339,
  "beta_2": 0.7669630127111272,
  "block_size": 141.85465873483844,
  "dropout": 0.3921654466663622,
  "epsilon": 0.00015607746378948307,
  "lr": 0.06710306597484152,
  "n_embd": 0.1155582191343719,
  "n_head": 4.8457115002179965,
  "n_layer": 2.4402420105663936,
  "seed": 245784978.75837737,
  "weight_decay": 0.00951641162595666
}