{
  "batch_size": 85,
  "beta_1": 0.9181043235173766,
  "beta_2": 0.83037997127227,
  "block_size": 327,
  "dropout": 0.1565347421743238,
  "epsilon": 3.79256674e-08,
  "lr": 0.0011514062201201,
  "n_embd": 25,
  "n_head": 5,
  "n_layer": 3,
  "seed": 2055822455.769163,
  "weight_decay": 1.9595126958e-06
}