{
  "batch_size": 42.43361812183416,
  "beta_1": 0.611523328877274,
  "beta_2": 0.3714197922831418,
  "block_size": 222.23746714372402,
  "dropout": 0.3245661954814447,
  "epsilon": 0.0006137655820278229,
  "lr": 0.025931855525562923,
  "n_embd": 49.24145494079421,
  "n_head": 6.9889379772406075,
  "n_layer": 4.5987264965788075,
  "seed": 1140611065.9851298,
  "weight_decay": 0.002545294788352287
}