{
  "batch_size": 71,
  "beta_1": 0.8288894688825063,
  "beta_2": 0.49729475906868525,
  "block_size": 144,
  "dropout": 0.16553384560782033,
  "epsilon": 1.1322563498702193e-08,
  "lr": 0.00367431292389097,
  "n_embd": 9,
  "n_head": 2,
  "n_layer": 5,
  "seed": 1984635409,
  "weight_decay": 1.343174294734193e-05
}