{
  "batch_size": 53,
  "beta_1": 0.7746690029822882,
  "beta_2": 0.5074723524124274,
  "block_size": 302,
  "dropout": 0.17600952193360572,
  "epsilon": 3.1969358237048094e-08,
  "lr": 5.940365563393051e-06,
  "n_embd": 1,
  "n_head": 4,
  "n_layer": 5,
  "seed": 946922026,
  "weight_decay": 0.001547489192906086
}