{
  "batch_size": 37,
  "beta_1": 0.8661661170337067,
  "beta_2": 0.6100427865073459,
  "block_size": 133,
  "dropout": 0.1002700547478419,
  "epsilon": 2.1033005912e-05,
  "lr": 0.0004894157307388,
  "n_embd": 11,
  "n_head": 4,
  "n_layer": 2,
  "seed": 258998977.87060812,
  "weight_decay": 9.27131606229e-05
}