{
  "batch_size": 32.36651405854609,
  "beta_1": 0.2888812439788042,
  "beta_2": 0.3385769371053512,
  "block_size": 104.07268506406507,
  "dropout": 0.18302081910060042,
  "epsilon": 0.0004512340489815987,
  "lr": 0.05073532625456849,
  "n_embd": 45.58091396375905,
  "n_head": 4.2281082780775385,
  "n_layer": 3.7022501407459467,
  "seed": 265560236.47191897,
  "weight_decay": 0.0054164463339502235
}