{
  "batch_size": 30.88057388311875,
  "beta_1": 0.36431964961139107,
  "beta_2": 0.28984876326771325,
  "block_size": 347.3080595113122,
  "dropout": 0.33418007101005776,
  "epsilon": 0.0006032581890033467,
  "lr": 0.050961507235560345,
  "n_embd": 23.75142567383523,
  "n_head": 4.0393213559699905,
  "n_layer": 5.622142304574333,
  "seed": 1681915153.134366,
  "weight_decay": 0.0030181654925136438
}