{
  "batch_size": 21,
  "beta_1": 0.16148018527099364,
  "beta_2": 0.33108304078562556,
  "block_size": 105,
  "dropout": 0.14371798373892403,
  "epsilon": 1.4155100819144987e-09,
  "lr": 0.0002432436293603882,
  "n_embd": 29,
  "n_head": 2,
  "n_layer": 1,
  "seed": 821730783,
  "weight_decay": 0.002654727352806572
}