{
  "batch_size": 67,
  "beta_1": 0.5178549300430186,
  "beta_2": 0.4735764265497255,
  "block_size": 142,
  "dropout": 0.3162002058334564,
  "epsilon": 1.0529240914e-06,
  "lr": 0.0047042450297712,
  "n_embd": 51,
  "n_head": 5,
  "n_layer": 2,
  "seed": 758634630.9235156,
  "weight_decay": 5.0742685175e-06
}