{
  "batch_size": 72.11850368772679,
  "beta_1": 0.5559521073087683,
  "beta_2": 0.18041820881633125,
  "block_size": 328.8494905203722,
  "dropout": 0.2763416898964376,
  "epsilon": 0.00012064251723327684,
  "lr": 0.08439151957246319,
  "n_embd": 6.810407816068243,
  "n_head": 2.507222109042017,
  "n_layer": 5.783074608929635,
  "seed": 1960817871.7027755,
  "weight_decay": 0.004008929916070346
}