{
  "batch_size": 64,
  "beta_1": 0.632612738544897,
  "beta_2": 0.6619492600353748,
  "block_size": 305,
  "dropout": 0.1405919204628199,
  "epsilon": 7.82066768763e-05,
  "lr": 0.0008825016968791,
  "n_embd": 44,
  "n_head": 5,
  "n_layer": 5,
  "seed": 1582982155.9920485,
  "weight_decay": 2.79000992313e-05
}