{
  "batch_size": 20.499668458753206,
  "beta_1": 0.9333355585676574,
  "beta_2": 0.8670945876393769,
  "block_size": 349.45621162516255,
  "dropout": 0.2069165827564545,
  "epsilon": 0.0007006397983339399,
  "lr": 0.030909089094078215,
  "n_embd": 51.604112821600346,
  "n_head": 5.294750235625747,
  "n_layer": 3.317496403698794,
  "seed": 1681798302.6328232,
  "weight_decay": 0.003692867686058718
}