{
  "batch_size": 73,
  "beta_1": 0.5289310236432931,
  "beta_2": 0.18339546811048102,
  "block_size": 155,
  "dropout": 0.41652500550903837,
  "epsilon": 4.599951972808113e-06,
  "lr": 0.0001920106855794335,
  "n_embd": 50,
  "n_head": 4,
  "n_layer": 6,
  "seed": 346236386,
  "weight_decay": 0.0018559378458533182
}