{
  "batch_size": 61,
  "beta_1": 0.8738449379626295,
  "beta_2": 0.3342518535541192,
  "block_size": 86,
  "dropout": 0.1001736759963067,
  "epsilon": 0.0009610908393254,
  "lr": 0.0006418358515671,
  "n_embd": 18,
  "n_head": 3,
  "n_layer": 5,
  "seed": 859473798.2518648,
  "weight_decay": 8.38612739e-08
}