{
  "batch_size": 82,
  "beta_1": 0.705341902800209,
  "beta_2": 0.921969515221645,
  "block_size": 346,
  "dropout": 0.2734236404886848,
  "epsilon": 1.60807041419e-05,
  "lr": 0.0019431914994723,
  "n_embd": 52,
  "n_head": 5,
  "n_layer": 1,
  "seed": 1258523518.772425,
  "weight_decay": 1.24326341e-08
}