{
  "batch_size": 80,
  "beta_1": 0.5430757522067148,
  "beta_2": 0.8135868990797388,
  "block_size": 324,
  "dropout": 0.13702399065940726,
  "epsilon": 1.7782747310647102e-10,
  "lr": 9.411302992066714e-06,
  "n_embd": 34,
  "n_head": 4,
  "n_layer": 6,
  "seed": 445015460,
  "weight_decay": 0.0015782499904456347
}