{
  "batch_size": 20.95472490726405,
  "beta_1": 0.12556429687575832,
  "beta_2": 0.275420946032072,
  "block_size": 137.1742860100762,
  "dropout": 0.3465045930542031,
  "epsilon": 0.0004565563176545757,
  "lr": 0.07248172265614708,
  "n_embd": 10.78291134872411,
  "n_head": 3.3224100964104166,
  "n_layer": 4.610581935133267,
  "seed": 887897124.1792848,
  "weight_decay": 0.0011169917949681002
}