{
  "batch_size": 46,
  "beta_1": 0.6868793223890731,
  "beta_2": 0.1347929929391968,
  "block_size": 186,
  "dropout": 0.4749387346616444,
  "epsilon": 1.21978313555e-05,
  "lr": 0.0040313612593125,
  "n_embd": 33,
  "n_head": 3,
  "n_layer": 1,
  "seed": 1672902456.5208275,
  "weight_decay": 0.000683745451557
}