{
  "batch_size": 93.24733800356834,
  "beta_1": 0.3844696181433068,
  "beta_2": 0.29673569919149684,
  "block_size": 203.47156151038408,
  "dropout": 0.47005046566438613,
  "epsilon": 0.0006466031783336888,
  "lr": 0.00012385295609875088,
  "n_embd": 47.012887146727365,
  "n_head": 5.011622148841329,
  "n_layer": 3.487278295053927,
  "seed": 1168624882.331304,
  "weight_decay": 0.0024503053017652446
}