{
  "batch_size": 47.84711692258135,
  "beta_1": 0.2798394286248994,
  "beta_2": 0.9466509884567619,
  "block_size": 110.73949491972621,
  "dropout": 0.10166975667986074,
  "epsilon": 0.00027835481440915196,
  "lr": 0.06614438338437129,
  "n_embd": 35.35934444699378,
  "n_head": 5.102886800752362,
  "n_layer": 3.29805911031543,
  "seed": 1486722056.1797206,
  "weight_decay": 0.008458922261283476
}