{
  "batch_size": 75.13111816018794,
  "beta_1": 0.7539123776909962,
  "beta_2": 0.5995987801547236,
  "block_size": 202.16004001375214,
  "dropout": 0.29292821075676967,
  "epsilon": 0.0009281554857275354,
  "lr": 0.018999126784015694,
  "n_embd": 44.02554246355477,
  "n_head": 3.2241624051740145,
  "n_layer": 1.6981283488585004,
  "seed": 305677710.9930747,
  "weight_decay": 0.002003971167051851
}