{
  "batch_size": 30,
  "beta_1": 0.5857994713802777,
  "beta_2": 0.2981240695210764,
  "block_size": 140,
  "dropout": 0.3588109125653192,
  "epsilon": 5.38092927e-08,
  "lr": 0.0003331051662521,
  "n_embd": 49,
  "n_head": 4,
  "n_layer": 6,
  "seed": 519493110.9079442,
  "weight_decay": 0.000388722352468
}