{
  "batch_size": 91,
  "beta_1": 0.5765707859510678,
  "beta_2": 0.4037728728883794,
  "block_size": 129,
  "dropout": 0.04810068137053165,
  "epsilon": 1.9509323182511e-09,
  "lr": 0.005730982322738836,
  "n_embd": 14,
  "n_head": 1,
  "n_layer": 3,
  "seed": 1605705199,
  "weight_decay": 1.307857771619505e-05
}