{
  "batch_size": 94,
  "beta_1": 0.5332923512993171,
  "beta_2": 0.6365939178266178,
  "block_size": 308,
  "dropout": 0.32705328717026,
  "epsilon": 3.553264e-10,
  "lr": 0.0015065960499778,
  "n_embd": 3,
  "n_head": 4,
  "n_layer": 5,
  "seed": 1512195427.8492174,
  "weight_decay": 0.0001390913705582
}