{
  "batch_size": 69,
  "beta_1": 0.17275195468106558,
  "beta_2": 0.7311141371974151,
  "block_size": 296,
  "dropout": 0.3026303579160433,
  "epsilon": 1.6245761144538912e-08,
  "lr": 0.003084758516236516,
  "n_embd": 45,
  "n_head": 1,
  "n_layer": 4,
  "seed": 1955743088,
  "weight_decay": 2.1411604318985328e-05
}