{
  "batch_size": 88.6885563245313,
  "beta_1": 0.3680260298593331,
  "beta_2": 0.7079226911691587,
  "block_size": 311.9156466610269,
  "dropout": 0.4936764390060988,
  "epsilon": 0.0007017810991664149,
  "lr": 0.04660675801967584,
  "n_embd": 35.78942585439909,
  "n_head": 5.638869740405472,
  "n_layer": 5.877121564815676,
  "seed": 537090991.0932181,
  "weight_decay": 0.002687781282673139
}