{
  "batch_size": 73.35030595498333,
  "beta_1": 0.6656079163450511,
  "beta_2": 0.5602194466468043,
  "block_size": 315.6209740530961,
  "dropout": 0.1460002750989003,
  "epsilon": 0.00037438744578313947,
  "lr": 0.00435618670402484,
  "n_embd": 51.6662551707269,
  "n_head": 1.8519438517348055,
  "n_layer": 3.4467928842110216,
  "seed": 163951205.0535447,
  "weight_decay": 0.00803715628019296
}