{
  "batch_size": 34,
  "beta_1": 0.9724360524772164,
  "beta_2": 0.159042831020949,
  "block_size": 109,
  "dropout": 0.438425431950695,
  "epsilon": 1.173007428e-07,
  "lr": 1.4773872893e-06,
  "n_embd": 27,
  "n_head": 2,
  "n_layer": 5,
  "seed": 1787924635.1543875,
  "weight_decay": 1.31470084396e-05
}