{
  "batch_size": 38.00219422889551,
  "beta_1": 0.19915444603811314,
  "beta_2": 0.5331222820699291,
  "block_size": 364.6836450418549,
  "dropout": 0.38317334572799566,
  "epsilon": 1.2089228134906293e-05,
  "lr": 0.07323147092419356,
  "n_embd": 11.133713823989346,
  "n_head": 1.5998891308880552,
  "n_layer": 6.019495800474409,
  "seed": 1229314119.0919156,
  "weight_decay": 0.008896605748610474
}