{
  "batch_size": 74,
  "beta_1": 0.39804928775927806,
  "beta_2": 0.7169241697162902,
  "block_size": 265,
  "dropout": 0.41188594803288436,
  "epsilon": 0.00020314307807541495,
  "lr": 1.306213347244039e-06,
  "n_embd": 24,
  "n_head": 5,
  "n_layer": 1,
  "seed": 1111546491,
  "weight_decay": 9.727571771064758e-05
}