{
  "batch_size": 45.34546255819352,
  "beta_1": 0.2093873727884734,
  "beta_2": 0.34049504283132825,
  "block_size": 145.1143628965522,
  "dropout": 0.43193221902612255,
  "epsilon": 0.0004894255738619415,
  "lr": 0.09874086276693407,
  "n_embd": 40.56631565758097,
  "n_head": 5.367471220747977,
  "n_layer": 4.247209895453171,
  "seed": 137857788.91142356,
  "weight_decay": 0.002034766292539334
}