{
  "batch_size": 27,
  "beta_1": 0.26040392595764894,
  "beta_2": 0.2844287910510126,
  "block_size": 169,
  "dropout": 0.3180329140746061,
  "epsilon": 6.900776784592351e-07,
  "lr": 0.00019150084616643176,
  "n_embd": 45,
  "n_head": 1,
  "n_layer": 2,
  "seed": 1314421692,
  "weight_decay": 7.914560221919628e-08
}