{
  "batch_size": 46,
  "beta_1": 0.9749999583860934,
  "beta_2": 0.19030715886447652,
  "block_size": 283,
  "dropout": 0.1703432215160922,
  "epsilon": 6.521098346021179e-07,
  "lr": 1.4481125505938549e-05,
  "n_embd": 45,
  "n_head": 2,
  "n_layer": 4,
  "seed": 1439355366,
  "weight_decay": 8.66033655106903e-07
}