{
  "batch_size": 50,
  "beta_1": 0.206579143206569,
  "beta_2": 0.8686037911461841,
  "block_size": 210,
  "dropout": 0.2054028465009835,
  "epsilon": 1.79296759e-08,
  "lr": 0.0012789320264101,
  "n_embd": 51,
  "n_head": 2,
  "n_layer": 4,
  "seed": 1698304355.450323,
  "weight_decay": 0.00999436684697
}