{
  "batch_size": 92,
  "beta_1": 0.9979019900067474,
  "beta_2": 0.4009634600862986,
  "block_size": 271,
  "dropout": 0.404471446849631,
  "epsilon": 3.6931005377e-06,
  "lr": 0.0003955274272439,
  "n_embd": 33,
  "n_head": 4,
  "n_layer": 6,
  "seed": 96618356.59700066,
  "weight_decay": 6.8620258796e-06
}