{
  "batch_size": 67.02505962240966,
  "beta_1": 0.3215951371283441,
  "beta_2": 0.9300119330625733,
  "block_size": 87.88944890218106,
  "dropout": 0.1424059728600069,
  "epsilon": 0.0007170521121541698,
  "lr": 0.06180684775902722,
  "n_embd": 13.589330409686188,
  "n_head": 6.67247640661165,
  "n_layer": 2.5478079518387955,
  "seed": 1778857899.788948,
  "weight_decay": 0.0014701559969092035
}