{
  "batch_size": 20.462536797362752,
  "beta_1": 0.3794190752258906,
  "beta_2": 0.34776768401276614,
  "block_size": 290.4289487689148,
  "dropout": 0.1897507034626198,
  "epsilon": 0.0009714003129961533,
  "lr": 0.09217314561965255,
  "n_embd": 19.015453755801417,
  "n_head": 6.304654459515725,
  "n_layer": 5.066567453942703,
  "seed": 1631676671.538116,
  "weight_decay": 0.000155701468128877
}