{
  "batch_size": 67,
  "beta_1": 0.3305003365633684,
  "beta_2": 0.3778988083085786,
  "block_size": 304,
  "dropout": 0.30074115402619683,
  "epsilon": 2.28128811822198e-08,
  "lr": 0.0011239196657463258,
  "n_embd": 36,
  "n_head": 1,
  "n_layer": 5,
  "seed": 935985239,
  "weight_decay": 4.790889606072172e-05
}