{
  "batch_size": 88.70429905138484,
  "beta_1": 0.7518958012088963,
  "beta_2": 0.8580124617672903,
  "block_size": 163.77898995372993,
  "dropout": 0.4761962624037763,
  "epsilon": 0.0009034428331417202,
  "lr": 0.019633004060760118,
  "n_embd": 17.214006082824017,
  "n_head": 6.842010421942933,
  "n_layer": 2.7517706939270346,
  "seed": 622732422.8134626,
  "weight_decay": 0.0023158925087617102
}