{
  "batch_size": 23,
  "beta_1": 0.27182929179294624,
  "beta_2": 0.8413733034359264,
  "block_size": 75,
  "dropout": 0.17831855341960068,
  "epsilon": 2.1445033489500112e-10,
  "lr": 0.0005004339208163124,
  "n_embd": 14,
  "n_head": 1,
  "n_layer": 1,
  "seed": 340438411,
  "weight_decay": 2.6230745817503413e-08
}