{
  "batch_size": 23,
  "beta_1": 0.238936574177197,
  "beta_2": 0.2490815343425407,
  "block_size": 109,
  "dropout": 0.14106851408571278,
  "epsilon": 1.3893226134325577e-10,
  "lr": 0.0005866599830926743,
  "n_embd": 37,
  "n_head": 4,
  "n_layer": 4,
  "seed": 1957076977,
  "weight_decay": 7.7418521474729e-06
}