{
  "batch_size": 25,
  "beta_1": 0.5295032937181625,
  "beta_2": 0.985663381990426,
  "block_size": 227,
  "dropout": 0.3700407416593551,
  "epsilon": 1.727034e-08,
  "lr": 0.0023219153291989,
  "n_embd": 2,
  "n_head": 6,
  "n_layer": 6,
  "seed": 1910577554.8062181,
  "weight_decay": 2.0881061703e-06
}