{
  "batch_size": 77.09104827815466,
  "beta_1": 0.44624661276529487,
  "beta_2": 0.4703457748910749,
  "block_size": 111.39223370927122,
  "dropout": 0.15355169749868597,
  "epsilon": 0.0007887950135095343,
  "lr": 0.06122513022415398,
  "n_embd": 1.5551878809684,
  "n_head": 1.3904432484329572,
  "n_layer": 2.0720354178663625,
  "seed": 593835228.9668068,
  "weight_decay": 0.004366605239373967
}