{
  "batch_size": 47,
  "beta_1": 0.5278605921549644,
  "beta_2": 0.19215674941106825,
  "block_size": 82,
  "dropout": 0.30727273487566975,
  "epsilon": 1.6817751388351114e-05,
  "lr": 7.061587047308139e-05,
  "n_embd": 8,
  "n_head": 4,
  "n_layer": 2,
  "seed": 297964405,
  "weight_decay": 0.00010141144739286715
}