{
  "batch_size": 82,
  "beta_1": 0.715176680895145,
  "beta_2": 0.5271910844474282,
  "block_size": 179,
  "dropout": 0.2088763336590621,
  "epsilon": 1.1177546911e-06,
  "lr": 0.000195063731067,
  "n_embd": 45,
  "n_head": 1,
  "n_layer": 5,
  "seed": 2000850385.5761657,
  "weight_decay": 0.0070619438819967
}