{
  "batch_size": 18.331088130197212,
  "beta_1": 0.919338351526294,
  "beta_2": 0.4944017359099323,
  "block_size": 156.44531454945837,
  "dropout": 0.4919193279012979,
  "epsilon": 0.0009253910681036187,
  "lr": 0.06916174490100024,
  "n_embd": 4.18990247665222,
  "n_head": 6.321897272330839,
  "n_layer": 6.343395287319064,
  "seed": 604547183.4540238,
  "weight_decay": 0.008816120468609636
}