{
  "batch_size": 37,
  "beta_1": 0.8818755646236315,
  "beta_2": 0.6991699552302457,
  "block_size": 125,
  "dropout": 0.1550189559882505,
  "epsilon": 0.0002174314432682,
  "lr": 0.0007250101620453,
  "n_embd": 22,
  "n_head": 4,
  "n_layer": 3,
  "seed": 1692834423.7754145,
  "weight_decay": 0.0033650354733376
}