{
  "batch_size": 37.66135065995162,
  "beta_1": 0.1592678357494718,
  "beta_2": 0.17965527735085043,
  "block_size": 192.5059228965153,
  "dropout": 0.3299098297994737,
  "epsilon": 0.000359644188392993,
  "lr": 0.006629867939158331,
  "n_embd": 34.542925019809935,
  "n_head": 2.4481185475817675,
  "n_layer": 1.5291849140650275,
  "seed": 1886153874.974229,
  "weight_decay": 0.004975203567859324
}