{
  "batch_size": 95,
  "beta_1": 0.3402869207595466,
  "beta_2": 0.6146261347976554,
  "block_size": 282,
  "dropout": 0.262136017570036,
  "epsilon": 6.30859845e-08,
  "lr": 0.0030953336757182,
  "n_embd": 52,
  "n_head": 5,
  "n_layer": 6,
  "seed": 1626045543.9559298,
  "weight_decay": 0.0005740949427281
}