{
  "batch_size": 61.747804152262276,
  "beta_1": 0.579977937625209,
  "beta_2": 0.8465304759634903,
  "block_size": 197.45614546265614,
  "dropout": 0.3835723261655102,
  "epsilon": 0.0009654549616590736,
  "lr": 0.09758573749286338,
  "n_embd": 17.218432967766738,
  "n_head": 2.803415891413663,
  "n_layer": 2.595368221518282,
  "seed": 1502980868.1169336,
  "weight_decay": 0.006642933473857181
}