{
  "batch_size": 63.38563434491566,
  "beta_1": 0.5053367426272525,
  "beta_2": 0.30685756415913146,
  "block_size": 334.94763208643957,
  "dropout": 0.3088717514599998,
  "epsilon": 0.00040046320765661764,
  "lr": 0.05513428412600859,
  "n_embd": 52.1864417636914,
  "n_head": 5.692090705543041,
  "n_layer": 4.9202444768513125,
  "seed": 315043199.34232455,
  "weight_decay": 0.005348818538046096
}