{
  "batch_size": 54.725139892198555,
  "beta_1": 0.6462734085118672,
  "beta_2": 0.49857382535409067,
  "block_size": 176.14809739488814,
  "dropout": 0.14898734647438958,
  "epsilon": 0.0005107544840625233,
  "lr": 0.0017997743593801618,
  "n_embd": 13.573233823426323,
  "n_head": 4.1136458063943495,
  "n_layer": 5.5684507573479,
  "seed": 1336178960.053637,
  "weight_decay": 0.006166459195938484
}