{
  "batch_size": 31.38087216185769,
  "beta_1": 0.3479615826065685,
  "beta_2": 0.6842302185957355,
  "block_size": 345.3239159973965,
  "dropout": 0.1401857692005642,
  "epsilon": 0.00012778531997224287,
  "lr": 0.06132806850647366,
  "n_embd": 35.595078758527585,
  "n_head": 4.9916403967702045,
  "n_layer": 1.511015807471202,
  "seed": 1686852424.6294045,
  "weight_decay": 0.008701419814944537
}