{
  "batch_size": 90.75246819877967,
  "beta_1": 0.9094713841052217,
  "beta_2": 0.8992617243302266,
  "block_size": 356.8848919249658,
  "dropout": 0.4893740046443792,
  "epsilon": 0.0005429339010422607,
  "lr": 0.09461512515840632,
  "n_embd": 31.25895692070671,
  "n_head": 3.9374049360215753,
  "n_layer": 2.6311252413703663,
  "seed": 1403974395.5001352,
  "weight_decay": 0.0002332119589496069
}