{
  "batch_size": 47.60297698010443,
  "beta_1": 0.3137381087359685,
  "beta_2": 0.18360586486762392,
  "block_size": 229.3074513485863,
  "dropout": 0.2977609046345905,
  "epsilon": 0.0003552148028171664,
  "lr": 0.08685509543668864,
  "n_embd": 47.152385489527425,
  "n_head": 2.003095044361925,
  "n_layer": 2.8676333125738536,
  "seed": 1875170654.6720815,
  "weight_decay": 0.0029384352643349186
}