{
  "batch_size": 50,
  "beta_1": 0.5721400311979217,
  "beta_2": 0.2401256453991024,
  "block_size": 71,
  "dropout": 0.339126942960321,
  "epsilon": 3.074110832e-07,
  "lr": 0.0268416329158243,
  "n_embd": 26,
  "n_head": 3,
  "n_layer": 1,
  "seed": 1957927188.5054867,
  "weight_decay": 4.125598163e-07
}