{
  "batch_size": 79.19672767725018,
  "beta_1": 0.9731210774886978,
  "beta_2": 0.5054356575955793,
  "block_size": 190.00716530792374,
  "dropout": 0.18630548058094784,
  "epsilon": 0.0007195582797134044,
  "lr": 0.08042117630562329,
  "n_embd": 53.9523369036627,
  "n_head": 5.215061190509337,
  "n_layer": 4.325929302373649,
  "seed": 1219650884.6917667,
  "weight_decay": 0.007099775078049471
}