{
  "batch_size": 77,
  "beta_1": 0.5270607496152497,
  "beta_2": 0.2745200329983226,
  "block_size": 80,
  "dropout": 0.4339957026427911,
  "epsilon": 1.00372870206e-05,
  "lr": 0.0173179800540039,
  "n_embd": 2,
  "n_head": 4,
  "n_layer": 2,
  "seed": 1529666261.4869478,
  "weight_decay": 1.11069626546e-05
}