{
  "batch_size": 60,
  "beta_1": 0.8408451338683833,
  "beta_2": 0.2231684420690307,
  "block_size": 127,
  "dropout": 0.2694568100053384,
  "epsilon": 1.625071418409625e-09,
  "lr": 0.002127683506687932,
  "n_embd": 9,
  "n_head": 2,
  "n_layer": 2,
  "seed": 217289573,
  "weight_decay": 0.00016221182266446763
}