{
  "batch_size": 22,
  "beta_1": 0.5343223090369467,
  "beta_2": 0.37461104491585795,
  "block_size": 382,
  "dropout": 0.32017526910325234,
  "epsilon": 2.1657244304494108e-05,
  "lr": 6.452727185125547e-05,
  "n_embd": 12,
  "n_head": 1,
  "n_layer": 6,
  "seed": 1436558302,
  "weight_decay": 0.0005929750384616321
}