{
  "batch_size": 70,
  "beta_1": 0.6857227940321702,
  "beta_2": 0.7751350803584541,
  "block_size": 345,
  "dropout": 0.3709271463200071,
  "epsilon": 1.06262967e-08,
  "lr": 0.0055280287747066,
  "n_embd": 25,
  "n_head": 5,
  "n_layer": 4,
  "seed": 655313376.0438539,
  "weight_decay": 1.63825614e-08
}