{
  "batch_size": 38,
  "beta_1": 0.9610204414608665,
  "beta_2": 0.4586112214215706,
  "block_size": 70,
  "dropout": 0.39800637436608355,
  "epsilon": 0.0005191004353017163,
  "lr": 0.00745062703896302,
  "n_embd": 11,
  "n_head": 6,
  "n_layer": 5,
  "seed": 371520343,
  "weight_decay": 3.615740797959624e-08
}