{
  "batch_size": 53.44174254079991,
  "beta_1": 0.7043777773810508,
  "beta_2": 0.8928144931630052,
  "block_size": 281.32346490081875,
  "dropout": 0.11901578441484828,
  "epsilon": 0.0007525470007902821,
  "lr": 0.06934260500051098,
  "n_embd": 48.02281629420003,
  "n_head": 1.030869710220444,
  "n_layer": 1.084519775900946,
  "seed": 1935284337.1572292,
  "weight_decay": 0.00888580428649769
}