{
  "batch_size": 68.8660658622616,
  "beta_1": 0.960268943084115,
  "beta_2": 0.9768008394545342,
  "block_size": 347.72646571333775,
  "dropout": 0.10492088210996027,
  "epsilon": 0.0004318026804702533,
  "lr": 0.03888309709893665,
  "n_embd": 8.56409415140391,
  "n_head": 2.1283798270799164,
  "n_layer": 5.793143456203366,
  "seed": 1611603601.3986251,
  "weight_decay": 0.0016246511071585016
}