{
  "batch_size": 29.180323156240124,
  "beta_1": 0.772470562790251,
  "beta_2": 0.14762534722922227,
  "block_size": 360.0940324932138,
  "dropout": 0.14225046117928086,
  "epsilon": 0.0005631722002146617,
  "lr": 0.08579294597562277,
  "n_embd": 38.836260274773494,
  "n_head": 4.7318850401115675,
  "n_layer": 3.476145795689748,
  "seed": 214309200.51548824,
  "weight_decay": 0.0038648897343454038
}