{
  "batch_size": 75,
  "beta_1": 0.3838209249399003,
  "beta_2": 0.199079582959029,
  "block_size": 164,
  "dropout": 0.3383196350416654,
  "epsilon": 5.043604843e-07,
  "lr": 0.0013591237287117,
  "n_embd": 51,
  "n_head": 1,
  "n_layer": 6,
  "seed": 2072385277.4958556,
  "weight_decay": 0.0009060889475333
}