{
  "batch_size": 53.01197914390943,
  "beta_1": 0.37147388341036147,
  "beta_2": 0.3093944257354025,
  "block_size": 190.74230482707958,
  "dropout": 0.15349412421446998,
  "epsilon": 0.0005217440772359934,
  "lr": 0.09973656365664706,
  "n_embd": 16.694094024067677,
  "n_head": 5.410157650169425,
  "n_layer": 4.864395779745983,
  "seed": 1235566257.6237733,
  "weight_decay": 0.00039777011336104764
}