{
  "batch_size": 58,
  "beta_1": 0.4569340656411915,
  "beta_2": 0.4668281691370738,
  "block_size": 322,
  "dropout": 0.4708432220548671,
  "epsilon": 3.95806e-10,
  "lr": 0.0009718588963588,
  "n_embd": 16,
  "n_head": 5,
  "n_layer": 3,
  "seed": 981031886.587261,
  "weight_decay": 1.89513983e-07
}