{
  "batch_size": 64,
  "beta_1": 0.787870149339344,
  "beta_2": 0.7490107202816652,
  "block_size": 155,
  "dropout": 0.3682026478735834,
  "epsilon": 3.1756162553e-06,
  "lr": 0.0017659730782403,
  "n_embd": 29,
  "n_head": 4,
  "n_layer": 5,
  "seed": 513774739.69467133,
  "weight_decay": 0.0068310241727691
}