{
  "batch_size": 86,
  "beta_1": 0.1320748676841722,
  "beta_2": 0.47307991618104,
  "block_size": 175,
  "dropout": 0.4308637486367936,
  "epsilon": 0.0001415176853572,
  "lr": 0.0001353232907092,
  "n_embd": 18,
  "n_head": 5,
  "n_layer": 5,
  "seed": 1066705363.8636153,
  "weight_decay": 0.000390175303094
}