{
  "batch_size": 55,
  "beta_1": 0.2546495361430758,
  "beta_2": 0.5840137566167389,
  "block_size": 195,
  "dropout": 0.1369130480069875,
  "epsilon": 3.687820592e-07,
  "lr": 0.0344038038557659,
  "n_embd": 14,
  "n_head": 3,
  "n_layer": 4,
  "seed": 1233803160.6929982,
  "weight_decay": 3.837987818e-07
}