{
  "batch_size": 77,
  "beta_1": 0.4222200358585192,
  "beta_2": 0.7331104375549696,
  "block_size": 343,
  "dropout": 0.260387669632583,
  "epsilon": 2.70783038e-08,
  "lr": 0.0025850372275405,
  "n_embd": 4,
  "n_head": 5,
  "n_layer": 5,
  "seed": 1808533568.62745,
  "weight_decay": 2.256200773e-07
}