{
  "batch_size": 66,
  "beta_1": 0.8236038908803717,
  "beta_2": 0.5834027657504979,
  "block_size": 82,
  "dropout": 0.3040057141361632,
  "epsilon": 4.5161222e-09,
  "lr": 0.0004551933701133,
  "n_embd": 35,
  "n_head": 4,
  "n_layer": 3,
  "seed": 463846794.93853503,
  "weight_decay": 1.26002784e-07
}