{
  "batch_size": 84,
  "beta_1": 0.9338603089848718,
  "beta_2": 0.7024502717614708,
  "block_size": 332,
  "dropout": 0.1517791356579018,
  "epsilon": 3.6346204818e-06,
  "lr": 0.0013691494054379,
  "n_embd": 3,
  "n_head": 5,
  "n_layer": 2,
  "seed": 641564722.5383517,
  "weight_decay": 3.1383520929e-06
}