{
  "batch_size": 58.42715692796079,
  "beta_1": 0.47789254938013426,
  "beta_2": 0.12583931418798425,
  "block_size": 141.4948054680104,
  "dropout": 0.3962396757380624,
  "epsilon": 0.0001968990308018988,
  "lr": 0.019797090899873655,
  "n_embd": 34.04761475422673,
  "n_head": 3.747234969956469,
  "n_layer": 5.216078110212335,
  "seed": 1707019917.6956134,
  "weight_decay": 0.002906256299911652
}