{
  "batch_size": 79,
  "beta_1": 0.1580368683446851,
  "beta_2": 0.12087573412229087,
  "block_size": 296,
  "dropout": 0.4819747055486304,
  "epsilon": 0.00017444813744644396,
  "lr": 0.0021844245761865463,
  "n_embd": 44,
  "n_head": 2,
  "n_layer": 4,
  "seed": 1905412138,
  "weight_decay": 2.780367804569174e-05
}