{
  "batch_size": 75.78540210287892,
  "beta_1": 0.3944654278470344,
  "beta_2": 0.3980575573666568,
  "block_size": 256.5055299743116,
  "dropout": 0.23992131124241875,
  "epsilon": 0.000950246182668595,
  "lr": 0.032695287862071556,
  "n_embd": 26.22010625534557,
  "n_head": 1.5096253177241858,
  "n_layer": 4.5667769395557904,
  "seed": 832858131.2506564,
  "weight_decay": 0.007027678126458004
}