{
  "batch_size": 53.39197993869757,
  "beta_1": 0.434238901814914,
  "beta_2": 0.7166018068437687,
  "block_size": 245.65031231869798,
  "dropout": 0.12902949344113257,
  "epsilon": 0.0008674906123865552,
  "lr": 0.06255830437262352,
  "n_embd": 16.902665421379297,
  "n_head": 1.0198257833813305,
  "n_layer": 6.189325549473239,
  "seed": 890158135.7758412,
  "weight_decay": 0.0008395216072041049
}