{
  "batch_size": 24,
  "beta_1": 0.3014893899263061,
  "beta_2": 0.7588069479482953,
  "block_size": 284,
  "dropout": 0.4014941691210372,
  "epsilon": 7.67425067e-08,
  "lr": 2.0587330412e-06,
  "n_embd": 5,
  "n_head": 4,
  "n_layer": 4,
  "seed": 339917518.91670954,
  "weight_decay": 7.56823287854e-05
}