{
  "batch_size": 29,
  "beta_1": 0.4995202501824675,
  "beta_2": 0.9552879968724388,
  "block_size": 347,
  "dropout": 0.1220175196068389,
  "epsilon": 5.9456586263e-06,
  "lr": 0.0011929483082723,
  "n_embd": 44,
  "n_head": 4,
  "n_layer": 2,
  "seed": 1479094769.052745,
  "weight_decay": 4.55050919108e-05
}