{
  "batch_size": 29.151345931816444,
  "beta_1": 0.94301967336841,
  "beta_2": 0.9667183943741077,
  "block_size": 126.39627048784007,
  "dropout": 0.17564090686175649,
  "epsilon": 0.00017739721746745275,
  "lr": 0.06971471385583732,
  "n_embd": 16.333766668729837,
  "n_head": 3.3001586264472356,
  "n_layer": 6.671213036868364,
  "seed": 385646840.5287496,
  "weight_decay": 0.003637100763795257
}