{
  "batch_size": 42,
  "beta_1": 0.3365456618281698,
  "beta_2": 0.5365488070039511,
  "block_size": 361,
  "dropout": 0.146567462038663,
  "epsilon": 2.0421576852227216e-07,
  "lr": 1.961451429090681e-05,
  "n_embd": 52,
  "n_head": 1,
  "n_layer": 4,
  "seed": 246988184,
  "weight_decay": 1.6753071349375246e-06
}