{
  "batch_size": 53,
  "beta_1": 0.8025122825602686,
  "beta_2": 0.9399945201540554,
  "block_size": 126,
  "dropout": 0.3749048982963482,
  "epsilon": 2.0824821e-09,
  "lr": 2.0147259447e-05,
  "n_embd": 2,
  "n_head": 4,
  "n_layer": 4,
  "seed": 106589144.45444563,
  "weight_decay": 0.0003189082772473
}