{
  "batch_size": 55.75382277219531,
  "beta_1": 0.4541521066020676,
  "beta_2": 0.6264277838793495,
  "block_size": 148.4170470899007,
  "dropout": 0.22201396331401987,
  "epsilon": 0.00031519748368313047,
  "lr": 0.06120994838712647,
  "n_embd": 36.76486679113059,
  "n_head": 5.025233427730978,
  "n_layer": 1.3039250921747576,
  "seed": 1968545738.7252204,
  "weight_decay": 0.002482716951551395
}