{
  "batch_size": 83,
  "beta_1": 0.9792378912857546,
  "beta_2": 0.8464231086559326,
  "block_size": 375,
  "dropout": 0.48436307067997786,
  "epsilon": 5.469272437424989e-10,
  "lr": 1.2972356284142578e-05,
  "n_embd": 0,
  "n_head": 2,
  "n_layer": 3,
  "seed": 1079922710,
  "weight_decay": 0.00011175785477860882
}