{
  "batch_size": 63.41476740217805,
  "beta_1": 0.9519851165863749,
  "beta_2": 0.5823943249825786,
  "block_size": 271.24036958258546,
  "dropout": 0.39219781823662236,
  "epsilon": 0.00028332192234806355,
  "lr": 0.07499718687514773,
  "n_embd": 17.246160035566128,
  "n_head": 1.1785930189908997,
  "n_layer": 1.383633978586051,
  "seed": 1907221563.317902,
  "weight_decay": 0.0017183458217092814
}