{
  "batch_size": 37.24735228266681,
  "beta_1": 0.13654683781557397,
  "beta_2": 0.1867962263558125,
  "block_size": 161.7120126091702,
  "dropout": 0.2514318915616476,
  "epsilon": 0.00014687145839870002,
  "lr": 0.020164826073498943,
  "n_embd": 11.543867037960391,
  "n_head": 3.371940101952106,
  "n_layer": 3.9241819168961425,
  "seed": 1467849266.1299865,
  "weight_decay": 0.008872464891513086
}