{
  "batch_size": 52.27633733756122,
  "beta_1": 0.20092215063713004,
  "beta_2": 0.49226242754310967,
  "block_size": 172.63952486974563,
  "dropout": 0.10422166378395636,
  "epsilon": 0.00018426801831902066,
  "lr": 0.028726656971283314,
  "n_embd": 35.356432753576954,
  "n_head": 6.915963057854878,
  "n_layer": 5.451163072895034,
  "seed": 1429625811.5841265,
  "weight_decay": 0.005587607251074663
}