{
  "batch_size": 52,
  "beta_1": 0.29709087679274715,
  "beta_2": 0.5457822627278232,
  "block_size": 105,
  "dropout": 0.1286825989328913,
  "epsilon": 0.0003126857985971257,
  "lr": 3.07296637394493e-05,
  "n_embd": 25,
  "n_head": 3,
  "n_layer": 4,
  "seed": 1691974472,
  "weight_decay": 0.00025445917550984983
}