{
  "batch_size": 64.61948331540708,
  "beta_1": 0.6786183149992534,
  "beta_2": 0.16133515255093445,
  "block_size": 167.2045387849608,
  "dropout": 0.3719466909517237,
  "epsilon": 0.0007168498350429895,
  "lr": 0.014366876082957414,
  "n_embd": 53.93796073682804,
  "n_head": 5.089331421736292,
  "n_layer": 6.9786892744290645,
  "seed": 2038179374.6455913,
  "weight_decay": 0.0033679347340791485
}