{
  "batch_size": 46,
  "beta_1": 0.40391277524677627,
  "beta_2": 0.7826200604539134,
  "block_size": 190,
  "dropout": 0.484530367693081,
  "epsilon": 2.5631145666718565e-05,
  "lr": 6.673229989402422e-05,
  "n_embd": 13,
  "n_head": 1,
  "n_layer": 3,
  "seed": 6003015,
  "weight_decay": 2.657810212466062e-06
}