{
  "batch_size": 57.23377871619756,
  "beta_1": 0.18045392225203277,
  "beta_2": 0.1704258456620682,
  "block_size": 173.64452163297392,
  "dropout": 0.28731325776451505,
  "epsilon": 0.0005777173770335012,
  "lr": 0.09603399742963892,
  "n_embd": 11.571216645255287,
  "n_head": 4.084016941711978,
  "n_layer": 1.2647836244200041,
  "seed": 1316384500.9367805,
  "weight_decay": 0.0079331458241155
}