{
  "batch_size": 30.394173787768416,
  "beta_1": 0.5845218899920538,
  "beta_2": 0.7601005909500734,
  "block_size": 356.2390342121193,
  "dropout": 0.1557910052156967,
  "epsilon": 7.591964009163378e-05,
  "lr": 0.03211516639003295,
  "n_embd": 30.07251070109368,
  "n_head": 4.659183965031115,
  "n_layer": 4.798224676215469,
  "seed": 169628034.7426198,
  "weight_decay": 0.006836999008996808
}