{
  "batch_size": 72.94377873404824,
  "beta_1": 0.9875707934834578,
  "beta_2": 0.8075481235076202,
  "block_size": 110.2340713887225,
  "dropout": 0.4951762321917852,
  "epsilon": 0.0006829671273054001,
  "lr": 0.02150298653568099,
  "n_embd": 19.70694827618581,
  "n_head": 3.748855735836976,
  "n_layer": 3.342702374774812,
  "seed": 1531869377.534725,
  "weight_decay": 0.001642381815472114
}