{
  "batch_size": 29,
  "beta_1": 0.6167135609321776,
  "beta_2": 0.2947169585250602,
  "block_size": 152,
  "dropout": 0.22066981232065522,
  "epsilon": 6.084812033442616e-10,
  "lr": 0.00012100141643832934,
  "n_embd": 34,
  "n_head": 5,
  "n_layer": 6,
  "seed": 999858172,
  "weight_decay": 0.0052404276690684835
}