{
  "batch_size": 58.17231298593491,
  "beta_1": 0.49881332032743775,
  "beta_2": 0.5361140567392565,
  "block_size": 381.43193801207383,
  "dropout": 0.13637290356530302,
  "epsilon": 0.0006768075990886882,
  "lr": 0.0294195170897112,
  "n_embd": 36.285320823896555,
  "n_head": 4.281072581232277,
  "n_layer": 2.7146783692164798,
  "seed": 1421996484.1855738,
  "weight_decay": 0.004934800598783911
}