{
  "batch_size": 55,
  "beta_1": 0.7488598680806021,
  "beta_2": 0.9530109658210008,
  "block_size": 382,
  "dropout": 0.4188236330906096,
  "epsilon": 6.66567922805e-05,
  "lr": 0.0478438493012486,
  "n_embd": 2,
  "n_head": 2,
  "n_layer": 2,
  "seed": 110587660.99696028,
  "weight_decay": 1.0390365e-08
}