{
  "batch_size": 30.551204155945253,
  "beta_1": 0.24690128718476367,
  "beta_2": 0.7553731358399495,
  "block_size": 77.46044350195591,
  "dropout": 0.41124549414284195,
  "epsilon": 0.0006617248364593101,
  "lr": 0.03306055997740543,
  "n_embd": 9.807431111723877,
  "n_head": 1.1012963023792117,
  "n_layer": 3.834633114515495,
  "seed": 1336190998.7459552,
  "weight_decay": 0.003570009249038582
}