{
  "batch_size": 39.526658163343555,
  "beta_1": 0.10267677736649732,
  "beta_2": 0.3617489907646352,
  "block_size": 359.54364233562643,
  "dropout": 0.10681606481435205,
  "epsilon": 0.000634214328483338,
  "lr": 0.02531240916471301,
  "n_embd": 36.960669465373265,
  "n_head": 4.693168336963019,
  "n_layer": 4.670743957635292,
  "seed": 624515891.5950211,
  "weight_decay": 0.0048943660536839425
}