{
  "batch_size": 79,
  "beta_1": 0.47838079140534007,
  "beta_2": 0.14870507359366425,
  "block_size": 169,
  "dropout": 0.20229909882779423,
  "epsilon": 3.3213121282257064e-08,
  "lr": 0.02331459217177618,
  "n_embd": 18,
  "n_head": 4,
  "n_layer": 4,
  "seed": 1283249481,
  "weight_decay": 0.00027954936976874826
}