{
  "batch_size": 53.23821722044997,
  "beta_1": 0.33803506877668266,
  "beta_2": 0.7635821525630658,
  "block_size": 344.0289443915777,
  "dropout": 0.40338152309977104,
  "epsilon": 0.00020918071336739199,
  "lr": 0.05451907957903892,
  "n_embd": 19.240325663013156,
  "n_head": 5.799636859734644,
  "n_layer": 5.282596578191777,
  "seed": 1586976282.7142088,
  "weight_decay": 0.0021877754192331897
}