{
  "batch_size": 72,
  "beta_1": 0.35240986954318165,
  "beta_2": 0.7541325758272838,
  "block_size": 147,
  "dropout": 0.11662329589562517,
  "epsilon": 9.04029397472379e-09,
  "lr": 0.0005499811655591633,
  "n_embd": 23,
  "n_head": 3,
  "n_layer": 6,
  "seed": 565363728,
  "weight_decay": 9.942239098137197e-07
}