{
  "batch_size": 72.99982895040083,
  "beta_1": 0.6816232910220992,
  "beta_2": 0.8592580418254363,
  "block_size": 355.78737588573796,
  "dropout": 0.3323364294726454,
  "epsilon": 0.000436704362667003,
  "lr": 0.046956418121540916,
  "n_embd": 12.68920686786872,
  "n_head": 1.52156635001952,
  "n_layer": 3.6213041187449027,
  "seed": 1665310239.110106,
  "weight_decay": 0.0030209946949289637
}