{
  "batch_size": 57,
  "beta_1": 0.335916404928807,
  "beta_2": 0.29023275620089,
  "block_size": 100,
  "dropout": 0.2039652349696239,
  "epsilon": 4.77504857e-07,
  "lr": 0.0001383570669755,
  "n_embd": 42,
  "n_head": 3,
  "n_layer": 5,
  "seed": 268013094.65031147,
  "weight_decay": 1.90143060162e-05
}