{
  "batch_size": 18,
  "beta_1": 0.6337991423395377,
  "beta_2": 0.7159840023679583,
  "block_size": 207,
  "dropout": 0.234919335193757,
  "epsilon": 2.4418829001e-05,
  "lr": 0.0007187493338347,
  "n_embd": 18,
  "n_head": 3,
  "n_layer": 6,
  "seed": 282671428.0336498,
  "weight_decay": 0.0014882818147908
}