{
  "batch_size": 78.57025798260402,
  "beta_1": 0.37803550868830216,
  "beta_2": 0.7879787569335972,
  "block_size": 333.19201865976487,
  "dropout": 0.11580398019784216,
  "epsilon": 0.00026012994830390784,
  "lr": 0.09270557016730031,
  "n_embd": 34.51697782794633,
  "n_head": 1.1344244931740761,
  "n_layer": 5.734964011126075,
  "seed": 1140565611.628047,
  "weight_decay": 0.00889167191531939
}