{
  "batch_size": 31.28543089476475,
  "beta_1": 0.181922946613704,
  "beta_2": 0.39207401691226607,
  "block_size": 113.60284860979314,
  "dropout": 0.41782272211957805,
  "epsilon": 0.0008634078949144605,
  "lr": 0.07646471018785485,
  "n_embd": 17.674084406815187,
  "n_head": 2.4735855637328394,
  "n_layer": 3.2140718758101268,
  "seed": 1429746564.7074387,
  "weight_decay": 0.0004093743661491974
}