{
  "batch_size": 69,
  "beta_1": 0.9201730644344894,
  "beta_2": 0.3940675857022184,
  "block_size": 198,
  "dropout": 0.1697921380422464,
  "epsilon": 2.23020816e-08,
  "lr": 0.0007521988055089,
  "n_embd": 36,
  "n_head": 2,
  "n_layer": 6,
  "seed": 1994510744.2535577,
  "weight_decay": 0.0002446848977461
}