{
  "batch_size": 81,
  "beta_1": 0.2084726752090307,
  "beta_2": 0.4504344016197677,
  "block_size": 339,
  "dropout": 0.1205003059021666,
  "epsilon": 3.0105269e-09,
  "lr": 8.97156598378e-05,
  "n_embd": 16,
  "n_head": 6,
  "n_layer": 1,
  "seed": 25161330.669038005,
  "weight_decay": 4.260315383e-07
}