{
  "batch_size": 48,
  "beta_1": 0.49108953916164144,
  "beta_2": 0.1805755233700521,
  "block_size": 378,
  "dropout": 0.32346515703900947,
  "epsilon": 1.152017949673608e-08,
  "lr": 0.024151322101528552,
  "n_embd": 1,
  "n_head": 3,
  "n_layer": 2,
  "seed": 760499718,
  "weight_decay": 1.3082166050673978e-07
}