{
  "batch_size": 57,
  "beta_1": 0.3856463285685862,
  "beta_2": 0.7036704291552281,
  "block_size": 326,
  "dropout": 0.3517767267684984,
  "epsilon": 1.15235242062e-05,
  "lr": 0.0930709836156663,
  "n_embd": 38,
  "n_head": 6,
  "n_layer": 4,
  "seed": 1052056114.1294441,
  "weight_decay": 9.92521788e-08
}