{
  "batch_size": 37.69892428128534,
  "beta_1": 0.9440254019980447,
  "beta_2": 0.8211141257483203,
  "block_size": 382.77387887603794,
  "dropout": 0.1469549296927587,
  "epsilon": 0.0006651608386627538,
  "lr": 0.030230250803849012,
  "n_embd": 15.66164112938199,
  "n_head": 1.5495606831755389,
  "n_layer": 3.653360960725115,
  "seed": 537075199.1442618,
  "weight_decay": 0.005458840849349205
}