{
  "batch_size": 60.243192206004736,
  "beta_1": 0.35681339620379804,
  "beta_2": 0.8306834889416495,
  "block_size": 352.8418022635435,
  "dropout": 0.4017879329291886,
  "epsilon": 0.00038467481460710475,
  "lr": 0.017570828839077995,
  "n_embd": 51.20975219467028,
  "n_head": 3.1998696920639045,
  "n_layer": 1.795046962533245,
  "seed": 1149313053.7529907,
  "weight_decay": 0.005575472481901055
}