{
  "batch_size": 24,
  "beta_1": 0.5368171509015909,
  "beta_2": 0.9869035841316484,
  "block_size": 373,
  "dropout": 0.3635305457480364,
  "epsilon": 4.0842650938e-05,
  "lr": 0.0001134067410564,
  "n_embd": 47,
  "n_head": 3,
  "n_layer": 2,
  "seed": 1167583360.107808,
  "weight_decay": 9.5180805e-08
}