{
  "batch_size": 32,
  "beta_1": 0.46856367645167074,
  "beta_2": 0.7604215791099762,
  "block_size": 173,
  "dropout": 0.35367117164800277,
  "epsilon": 3.5842228730357326e-07,
  "lr": 1.979915692260132e-05,
  "n_embd": 53,
  "n_head": 4,
  "n_layer": 3,
  "seed": 105231616,
  "weight_decay": 2.8430223249420076e-07
}