{
  "batch_size": 22,
  "beta_1": 0.5041000659710458,
  "beta_2": 0.7341293545997446,
  "block_size": 203,
  "dropout": 0.3632522997352686,
  "epsilon": 1.737831116441424e-09,
  "lr": 1.1048888080718573e-05,
  "n_embd": 22,
  "n_head": 3,
  "n_layer": 2,
  "seed": 852078141,
  "weight_decay": 4.6399297791848474e-07
}