{
  "batch_size": 22,
  "beta_1": 0.4755807827349861,
  "beta_2": 0.2076847804062809,
  "block_size": 214,
  "dropout": 0.445164386299938,
  "epsilon": 1.48788044514e-05,
  "lr": 0.0006750485333138,
  "n_embd": 40,
  "n_head": 1,
  "n_layer": 5,
  "seed": 837779230.6382976,
  "weight_decay": 4.840032159e-06
}