{
  "batch_size": 33.383875376009506,
  "beta_1": 0.2530736203520746,
  "beta_2": 0.5403163220252872,
  "block_size": 345.5420939365586,
  "dropout": 0.37765178967425894,
  "epsilon": 0.00029147319819005545,
  "lr": 0.03026688436948059,
  "n_embd": 52.46342467761695,
  "n_head": 6.934112830967148,
  "n_layer": 4.715705193961562,
  "seed": 628137330.8857881,
  "weight_decay": 0.0012504240408352915
}