{
  "batch_size": 75,
  "beta_1": 0.30800052886980883,
  "beta_2": 0.5865627749278743,
  "block_size": 179,
  "dropout": 0.15381245401020915,
  "epsilon": 7.2332461969588374e-09,
  "lr": 7.1428981002499706e-06,
  "n_embd": 46,
  "n_head": 2,
  "n_layer": 6,
  "seed": 1221466790,
  "weight_decay": 2.455704139746131e-08
}