{
  "batch_size": 93.4552870780987,
  "beta_1": 0.5088969156521984,
  "beta_2": 0.4027361578740223,
  "block_size": 295.32697004569576,
  "dropout": 0.27599513332262393,
  "epsilon": 0.0007909237253970054,
  "lr": 0.08797464408670358,
  "n_embd": 34.81486648911782,
  "n_head": 6.009458535023241,
  "n_layer": 4.075129277571886,
  "seed": 1044203628.8805187,
  "weight_decay": 0.008794501919643698
}