{
  "batch_size": 96,
  "beta_1": 0.20219622863160688,
  "beta_2": 0.4961723002565519,
  "block_size": 228,
  "dropout": 0.27147897165401447,
  "epsilon": 1.576946708360623e-05,
  "lr": 0.0019537747882134803,
  "n_embd": 41,
  "n_head": 3,
  "n_layer": 5,
  "seed": 803477420,
  "weight_decay": 4.548855840225753e-06
}