{
  "batch_size": 63.735557721352734,
  "beta_1": 0.8810286166802616,
  "beta_2": 0.9359586508204211,
  "block_size": 325.1078574483834,
  "dropout": 0.19280537277881657,
  "epsilon": 0.0008197163237255957,
  "lr": 0.05477879045872632,
  "n_embd": 19.394627194624206,
  "n_head": 1.6335360384366098,
  "n_layer": 2.9328514542634623,
  "seed": 1064619533.5308332,
  "weight_decay": 0.00833251719616361
}