{
  "batch_size": 79,
  "beta_1": 0.6150847370699337,
  "beta_2": 0.3343211904795208,
  "block_size": 86,
  "dropout": 0.33348083105404147,
  "epsilon": 1.9138978008188917e-10,
  "lr": 0.0033209899795738043,
  "n_embd": 8,
  "n_head": 3,
  "n_layer": 6,
  "seed": 376364348,
  "weight_decay": 3.5663608585556394e-05
}