{
  "batch_size": 70,
  "beta_1": 0.5482845996046104,
  "beta_2": 0.6860253067292771,
  "block_size": 188,
  "dropout": 0.26538660321508234,
  "epsilon": 2.797452757922664e-07,
  "lr": 0.0001688322730769033,
  "n_embd": 19,
  "n_head": 3,
  "n_layer": 3,
  "seed": 642273374,
  "weight_decay": 1.6818723280558164e-05
}