{
  "batch_size": 96.23539548427038,
  "beta_1": 0.5859470186012045,
  "beta_2": 0.3020838142620444,
  "block_size": 278.46358738173,
  "dropout": 0.3474245626264637,
  "epsilon": 0.0006218868675038952,
  "lr": 0.07608956749761688,
  "n_embd": 38.85782072751118,
  "n_head": 1.5221237695213725,
  "n_layer": 4.752548446643841,
  "seed": 1722318899.2959042,
  "weight_decay": 0.0008963475006756845
}