{
  "batch_size": 85,
  "beta_1": 0.9414764062094014,
  "beta_2": 0.6424052406286237,
  "block_size": 292,
  "dropout": 0.2348777339145814,
  "epsilon": 2.9381561076e-06,
  "lr": 0.0006608966551858,
  "n_embd": 52,
  "n_head": 4,
  "n_layer": 5,
  "seed": 912096435.3778135,
  "weight_decay": 9.185650884e-07
}