{
  "batch_size": 67.59995275980907,
  "beta_1": 0.627848005643453,
  "beta_2": 0.11520324461552277,
  "block_size": 291.76305464491475,
  "dropout": 0.2904064085604179,
  "epsilon": 3.611650571839641e-05,
  "lr": 0.07950252495679384,
  "n_embd": 10.108289265003517,
  "n_head": 2.818069301956384,
  "n_layer": 1.204431549656311,
  "seed": 1773171951.386009,
  "weight_decay": 0.0014585236562434758
}