{
  "batch_size": 68,
  "beta_1": 0.7587380268641101,
  "beta_2": 0.9522313253142488,
  "block_size": 250,
  "dropout": 0.30247495929982426,
  "epsilon": 5.5564697081193694e-08,
  "lr": 0.03189038909379804,
  "n_embd": 32,
  "n_head": 1,
  "n_layer": 6,
  "seed": 1011974013,
  "weight_decay": 1.0147281148033706e-06
}