{
  "batch_size": 41.84589246464195,
  "beta_1": 0.23661422399687537,
  "beta_2": 0.6765518115988681,
  "block_size": 68.74966469811486,
  "dropout": 0.10054621990202972,
  "epsilon": 0.00028748100418870355,
  "lr": 0.029429746092375288,
  "n_embd": 24.35623349653215,
  "n_head": 5.629628244764196,
  "n_layer": 1.683787979514081,
  "seed": 1613829465.5717397,
  "weight_decay": 0.0021548242229817278
}