{
  "batch_size": 92.31449758636701,
  "beta_1": 0.9493630212346238,
  "beta_2": 0.9678364029563188,
  "block_size": 121.56419097393024,
  "dropout": 0.18348584891387035,
  "epsilon": 0.0009891160227852938,
  "lr": 0.04651174602988939,
  "n_embd": 5.227779050327801,
  "n_head": 2.670254934272932,
  "n_layer": 6.69949096533217,
  "seed": 305561690.2806744,
  "weight_decay": 0.009267525692453345
}