{
  "batch_size": 28,
  "beta_1": 0.42586426232719776,
  "beta_2": 0.33344136664422375,
  "block_size": 308,
  "dropout": 0.05869159392829512,
  "epsilon": 5.198161091338927e-10,
  "lr": 0.00017105261038750767,
  "n_embd": 34,
  "n_head": 6,
  "n_layer": 6,
  "seed": 383685559,
  "weight_decay": 4.227487071764935e-06
}