{
  "batch_size": 86.34929256094634,
  "beta_1": 0.3878447432085246,
  "beta_2": 0.6558534465963238,
  "block_size": 330.6497523742418,
  "dropout": 0.13929520539627274,
  "epsilon": 0.000672289982623462,
  "lr": 0.04026585385059234,
  "n_embd": 23.942476161806994,
  "n_head": 2.0979550400870015,
  "n_layer": 3.528595453190387,
  "seed": 297726841.63504344,
  "weight_decay": 0.0025181477293146222
}