{
  "batch_size": 74,
  "beta_1": 0.58016628732964,
  "beta_2": 0.4290111746279127,
  "block_size": 220,
  "dropout": 0.3981439347122867,
  "epsilon": 1.179853246557688e-10,
  "lr": 0.08934193505765319,
  "n_embd": 24,
  "n_head": 5,
  "n_layer": 6,
  "seed": 793999735,
  "weight_decay": 6.157057472642241e-07
}