{
  "batch_size": 63,
  "beta_1": 0.9223442504938989,
  "beta_2": 0.9409402865722762,
  "block_size": 165,
  "dropout": 0.39322384219425477,
  "epsilon": 1.1174311380158542e-05,
  "lr": 0.010556673055386103,
  "n_embd": 40,
  "n_head": 1,
  "n_layer": 3,
  "seed": 1845670175,
  "weight_decay": 1.3723228330340104e-06
}